sql,latency_seconds,sql_safe,sql_executed,execution_correct,execution_error,extra,question_id,intent_id,template_family,language,split,question,gold_sql,experiment
"SELECT ROUND(AVG(tax_amount), 2) AS average_tax_amount FROM build4all_research.orders WHERE status = 'cancelled';",5.245,True,True,True,,"{'shot_ids': ['B4A-FT-002-ENGLISH', 'B4A-FT-001-ENGLISH', 'B4A-FT-004-ENGLISH'], 'shot_families': ['orders_total_amount_by_status', 'orders_count_by_status', 'orders_discount_amount_by_status']}",B4A-FT-005-ENGLISH,B4A-FT-005,orders_average_tax_by_status,english,validation,What is the average tax amount for orders whose status is 'cancelled'?,"SELECT ROUND(AVG(tax_amount), 2) AS average_tax_amount FROM build4all_research.orders WHERE status = 'cancelled';",B3_original_fewshot3
"SELECT ROUND(AVG(tax_amount), 2) AS average_tax_amount FROM build4all_research.orders WHERE status = 'cancelled';",4.8121,True,True,True,,"{'shot_ids': ['B4A-FT-002-ARABIC', 'B4A-FT-004-ARABIC', 'B4A-FT-001-ARABIC'], 'shot_families': ['orders_total_amount_by_status', 'orders_discount_amount_by_status', 'orders_count_by_status']}",B4A-FT-005-ARABIC,B4A-FT-005,orders_average_tax_by_status,arabic,validation,ما متوسط مبلغ الضريبة للطلبات التي حالتها 'cancelled'؟,"SELECT ROUND(AVG(tax_amount), 2) AS average_tax_amount FROM build4all_research.orders WHERE status = 'cancelled';",B3_original_fewshot3
"SELECT ROUND(AVG(tax_amount), 2) AS average_tax_amount FROM build4all_research.orders WHERE status = 'cancelled';",5.591,True,True,True,,"{'shot_ids': ['B4A-FT-004-FRENCH', 'B4A-FT-002-FRENCH', 'B4A-FT-033-FRENCH'], 'shot_families': ['orders_discount_amount_by_status', 'orders_total_amount_by_status', 'payments_average_by_status']}",B4A-FT-005-FRENCH,B4A-FT-005,orders_average_tax_by_status,french,validation,Quel est le montant moyen de la taxe dont le statut est 'cancelled' ?,"SELECT ROUND(AVG(tax_amount), 2) AS average_tax_amount FROM build4all_research.orders WHERE status = 'cancelled';",B3_original_fewshot3
"SELECT ROUND(AVG(tax_amount), 2) AS average_tax_amount FROM build4all_research.orders WHERE status = 'cancelled';",5.1275,True,True,True,,"{'shot_ids': ['B4A-FT-001-LEBANESE_ARABIZI', 'B4A-FT-002-LEBANESE_ARABIZI', 'B4A-FT-004-LEBANESE_ARABIZI'], 'shot_families': ['orders_count_by_status', 'orders_total_amount_by_status', 'orders_discount_amount_by_status']}",B4A-FT-005-LEBANESE_ARABIZI,B4A-FT-005,orders_average_tax_by_status,lebanese_arabizi,validation,Adde moutawassit el tax lal orders yalli status taba3a 'cancelled'?,"SELECT ROUND(AVG(tax_amount), 2) AS average_tax_amount FROM build4all_research.orders WHERE status = 'cancelled';",B3_original_fewshot3
"SELECT ROUND(AVG(tax_amount), 2) AS average_tax_amount FROM build4all_research.orders WHERE status = 'completed';",5.7103,True,True,True,,"{'shot_ids': ['B4A-FT-007-ENGLISH', 'B4A-FT-006-ENGLISH', 'B4A-FT-009-ENGLISH'], 'shot_families': ['orders_total_amount_by_status', 'orders_count_by_status', 'orders_discount_amount_by_status']}",B4A-FT-010-ENGLISH,B4A-FT-010,orders_average_tax_by_status,english,validation,What is the average tax amount for orders whose status is 'completed'?,"SELECT ROUND(AVG(tax_amount), 2) AS average_tax_amount FROM build4all_research.orders WHERE status = 'completed';",B3_original_fewshot3
"SELECT ROUND(AVG(tax_amount), 2) AS average_tax_amount FROM build4all_research.orders WHERE status = 'completed';",5.0898,True,True,True,,"{'shot_ids': ['B4A-FT-007-ARABIC', 'B4A-FT-009-ARABIC', 'B4A-FT-006-ARABIC'], 'shot_families': ['orders_total_amount_by_status', 'orders_discount_amount_by_status', 'orders_count_by_status']}",B4A-FT-010-ARABIC,B4A-FT-010,orders_average_tax_by_status,arabic,validation,ما متوسط مبلغ الضريبة للطلبات التي حالتها 'completed'؟,"SELECT ROUND(AVG(tax_amount), 2) AS average_tax_amount FROM build4all_research.orders WHERE status = 'completed';",B3_original_fewshot3
"SELECT ROUND(AVG(tax_amount), 2) AS average_tax_amount FROM build4all_research.orders WHERE status = 'completed';",5.6886,True,True,True,,"{'shot_ids': ['B4A-FT-009-FRENCH', 'B4A-FT-007-FRENCH', 'B4A-FT-037-FRENCH'], 'shot_families': ['orders_discount_amount_by_status', 'orders_total_amount_by_status', 'payments_total_by_status']}",B4A-FT-010-FRENCH,B4A-FT-010,orders_average_tax_by_status,french,validation,Quel est le montant moyen de la taxe dont le statut est 'completed' ?,"SELECT ROUND(AVG(tax_amount), 2) AS average_tax_amount FROM build4all_research.orders WHERE status = 'completed';",B3_original_fewshot3
"SELECT ROUND(AVG(tax_amount), 2) AS average_tax_amount FROM build4all_research.orders WHERE status = 'completed';",4.8356,True,True,True,,"{'shot_ids': ['B4A-FT-006-LEBANESE_ARABIZI', 'B4A-FT-007-LEBANESE_ARABIZI', 'B4A-FT-009-LEBANESE_ARABIZI'], 'shot_families': ['orders_count_by_status', 'orders_total_amount_by_status', 'orders_discount_amount_by_status']}",B4A-FT-010-LEBANESE_ARABIZI,B4A-FT-010,orders_average_tax_by_status,lebanese_arabizi,validation,Adde moutawassit el tax lal orders yalli status taba3a 'completed'?,"SELECT ROUND(AVG(tax_amount), 2) AS average_tax_amount FROM build4all_research.orders WHERE status = 'completed';",B3_original_fewshot3
"SELECT ROUND(AVG(tax_amount), 2) AS average_tax_amount FROM build4all_research.orders WHERE status = 'pending';",5.4496,True,True,True,,"{'shot_ids': ['B4A-FT-012-ENGLISH', 'B4A-FT-011-ENGLISH', 'B4A-FT-014-ENGLISH'], 'shot_families': ['orders_total_amount_by_status', 'orders_count_by_status', 'orders_discount_amount_by_status']}",B4A-FT-015-ENGLISH,B4A-FT-015,orders_average_tax_by_status,english,validation,What is the average tax amount for orders whose status is 'pending'?,"SELECT ROUND(AVG(tax_amount), 2) AS average_tax_amount FROM build4all_research.orders WHERE status = 'pending';",B3_original_fewshot3
"SELECT ROUND(AVG(tax_amount), 2) AS average_tax_amount FROM build4all_research.orders WHERE status = 'pending';",4.681,True,True,True,,"{'shot_ids': ['B4A-FT-012-ARABIC', 'B4A-FT-014-ARABIC', 'B4A-FT-011-ARABIC'], 'shot_families': ['orders_total_amount_by_status', 'orders_discount_amount_by_status', 'orders_count_by_status']}",B4A-FT-015-ARABIC,B4A-FT-015,orders_average_tax_by_status,arabic,validation,ما متوسط مبلغ الضريبة للطلبات التي حالتها 'pending'؟,"SELECT ROUND(AVG(tax_amount), 2) AS average_tax_amount FROM build4all_research.orders WHERE status = 'pending';",B3_original_fewshot3
"SELECT ROUND(AVG(tax_amount), 2) AS average_tax_amount FROM build4all_research.orders WHERE status = 'pending';",5.1953,True,True,True,,"{'shot_ids': ['B4A-FT-043-FRENCH', 'B4A-FT-042-FRENCH', 'B4A-FT-014-FRENCH'], 'shot_families': ['payments_average_by_status', 'payments_total_by_status', 'orders_discount_amount_by_status']}",B4A-FT-015-FRENCH,B4A-FT-015,orders_average_tax_by_status,french,validation,Quel est le montant moyen de la taxe dont le statut est 'pending' ?,"SELECT ROUND(AVG(tax_amount), 2) AS average_tax_amount FROM build4all_research.orders WHERE status = 'pending';",B3_original_fewshot3
"SELECT ROUND(AVG(tax_amount), 2) AS average_tax_amount FROM build4all_research.orders WHERE status = 'pending';",4.6863,True,True,True,,"{'shot_ids': ['B4A-FT-011-LEBANESE_ARABIZI', 'B4A-FT-012-LEBANESE_ARABIZI', 'B4A-FT-014-LEBANESE_ARABIZI'], 'shot_families': ['orders_count_by_status', 'orders_total_amount_by_status', 'orders_discount_amount_by_status']}",B4A-FT-015-LEBANESE_ARABIZI,B4A-FT-015,orders_average_tax_by_status,lebanese_arabizi,validation,Adde moutawassit el tax lal orders yalli status taba3a 'pending'?,"SELECT ROUND(AVG(tax_amount), 2) AS average_tax_amount FROM build4all_research.orders WHERE status = 'pending';",B3_original_fewshot3
"SELECT ROUND(AVG(tax_amount), 2) AS average_tax_amount FROM build4all_research.orders WHERE status = 'processing';",4.9695,True,True,True,,"{'shot_ids': ['B4A-FT-017-ENGLISH', 'B4A-FT-016-ENGLISH', 'B4A-FT-019-ENGLISH'], 'shot_families': ['orders_total_amount_by_status', 'orders_count_by_status', 'orders_discount_amount_by_status']}",B4A-FT-020-ENGLISH,B4A-FT-020,orders_average_tax_by_status,english,validation,What is the average tax amount for orders whose status is 'processing'?,"SELECT ROUND(AVG(tax_amount), 2) AS average_tax_amount FROM build4all_research.orders WHERE status = 'processing';",B3_original_fewshot3
"SELECT ROUND(AVG(tax_amount), 2) AS average_tax_amount FROM build4all_research.orders WHERE status = 'processing';",4.7392,True,True,True,,"{'shot_ids': ['B4A-FT-017-ARABIC', 'B4A-FT-019-ARABIC', 'B4A-FT-016-ARABIC'], 'shot_families': ['orders_total_amount_by_status', 'orders_discount_amount_by_status', 'orders_count_by_status']}",B4A-FT-020-ARABIC,B4A-FT-020,orders_average_tax_by_status,arabic,validation,ما متوسط مبلغ الضريبة للطلبات التي حالتها 'processing'؟,"SELECT ROUND(AVG(tax_amount), 2) AS average_tax_amount FROM build4all_research.orders WHERE status = 'processing';",B3_original_fewshot3
"SELECT ROUND(AVG(tax_amount), 2) AS average_tax_amount FROM build4all_research.orders WHERE status = 'processing';",4.9355,True,True,True,,"{'shot_ids': ['B4A-FT-019-FRENCH', 'B4A-FT-017-FRENCH', 'B4A-FT-043-FRENCH'], 'shot_families': ['orders_discount_amount_by_status', 'orders_total_amount_by_status', 'payments_average_by_status']}",B4A-FT-020-FRENCH,B4A-FT-020,orders_average_tax_by_status,french,validation,Quel est le montant moyen de la taxe dont le statut est 'processing' ?,"SELECT ROUND(AVG(tax_amount), 2) AS average_tax_amount FROM build4all_research.orders WHERE status = 'processing';",B3_original_fewshot3
"SELECT ROUND(AVG(tax_amount), 2) AS average_tax_amount FROM build4all_research.orders WHERE status = 'processing';",4.7848,True,True,True,,"{'shot_ids': ['B4A-FT-016-LEBANESE_ARABIZI', 'B4A-FT-017-LEBANESE_ARABIZI', 'B4A-FT-019-LEBANESE_ARABIZI'], 'shot_families': ['orders_count_by_status', 'orders_total_amount_by_status', 'orders_discount_amount_by_status']}",B4A-FT-020-LEBANESE_ARABIZI,B4A-FT-020,orders_average_tax_by_status,lebanese_arabizi,validation,Adde moutawassit el tax lal orders yalli status taba3a 'processing'?,"SELECT ROUND(AVG(tax_amount), 2) AS average_tax_amount FROM build4all_research.orders WHERE status = 'processing';",B3_original_fewshot3
"SELECT ROUND(AVG(tax_amount), 2) AS average_tax_amount FROM build4all_research.orders WHERE status = 'refunded';",5.017,True,True,True,,"{'shot_ids': ['B4A-FT-022-ENGLISH', 'B4A-FT-021-ENGLISH', 'B4A-FT-024-ENGLISH'], 'shot_families': ['orders_total_amount_by_status', 'orders_count_by_status', 'orders_discount_amount_by_status']}",B4A-FT-025-ENGLISH,B4A-FT-025,orders_average_tax_by_status,english,validation,What is the average tax amount for orders whose status is 'refunded'?,"SELECT ROUND(AVG(tax_amount), 2) AS average_tax_amount FROM build4all_research.orders WHERE status = 'refunded';",B3_original_fewshot3
"SELECT ROUND(AVG(tax_amount), 2) AS average_tax_amount FROM build4all_research.orders WHERE status = 'refunded';",4.8761,True,True,True,,"{'shot_ids': ['B4A-FT-022-ARABIC', 'B4A-FT-024-ARABIC', 'B4A-FT-021-ARABIC'], 'shot_families': ['orders_total_amount_by_status', 'orders_discount_amount_by_status', 'orders_count_by_status']}",B4A-FT-025-ARABIC,B4A-FT-025,orders_average_tax_by_status,arabic,validation,ما متوسط مبلغ الضريبة للطلبات التي حالتها 'refunded'؟,"SELECT ROUND(AVG(tax_amount), 2) AS average_tax_amount FROM build4all_research.orders WHERE status = 'refunded';",B3_original_fewshot3
"SELECT ROUND(AVG(tax_amount), 2) AS average_tax_amount FROM build4all_research.orders WHERE status = 'refunded';",5.041,True,True,True,,"{'shot_ids': ['B4A-FT-048-FRENCH', 'B4A-FT-024-FRENCH', 'B4A-FT-047-FRENCH'], 'shot_families': ['payments_average_by_status', 'orders_discount_amount_by_status', 'payments_total_by_status']}",B4A-FT-025-FRENCH,B4A-FT-025,orders_average_tax_by_status,french,validation,Quel est le montant moyen de la taxe dont le statut est 'refunded' ?,"SELECT ROUND(AVG(tax_amount), 2) AS average_tax_amount FROM build4all_research.orders WHERE status = 'refunded';",B3_original_fewshot3
"SELECT ROUND(AVG(tax_amount), 2) AS average_tax_amount FROM build4all_research.orders WHERE status = 'refunded';",4.9643,True,True,True,,"{'shot_ids': ['B4A-FT-021-LEBANESE_ARABIZI', 'B4A-FT-022-LEBANESE_ARABIZI', 'B4A-FT-024-LEBANESE_ARABIZI'], 'shot_families': ['orders_count_by_status', 'orders_total_amount_by_status', 'orders_discount_amount_by_status']}",B4A-FT-025-LEBANESE_ARABIZI,B4A-FT-025,orders_average_tax_by_status,lebanese_arabizi,validation,Adde moutawassit el tax lal orders yalli status taba3a 'refunded'?,"SELECT ROUND(AVG(tax_amount), 2) AS average_tax_amount FROM build4all_research.orders WHERE status = 'refunded';",B3_original_fewshot3
"SELECT ROUND(AVG(tax_amount), 2) AS average_tax_amount FROM build4all_research.orders WHERE status = 'shipped';",4.9494,True,True,True,,"{'shot_ids': ['B4A-FT-027-ENGLISH', 'B4A-FT-026-ENGLISH', 'B4A-FT-029-ENGLISH'], 'shot_families': ['orders_total_amount_by_status', 'orders_count_by_status', 'orders_discount_amount_by_status']}",B4A-FT-030-ENGLISH,B4A-FT-030,orders_average_tax_by_status,english,validation,What is the average tax amount for orders whose status is 'shipped'?,"SELECT ROUND(AVG(tax_amount), 2) AS average_tax_amount FROM build4all_research.orders WHERE status = 'shipped';",B3_original_fewshot3
"SELECT ROUND(AVG(tax_amount), 2) AS average_tax_amount FROM build4all_research.orders WHERE status = 'shipped';",4.8379,True,True,True,,"{'shot_ids': ['B4A-FT-027-ARABIC', 'B4A-FT-029-ARABIC', 'B4A-FT-026-ARABIC'], 'shot_families': ['orders_total_amount_by_status', 'orders_discount_amount_by_status', 'orders_count_by_status']}",B4A-FT-030-ARABIC,B4A-FT-030,orders_average_tax_by_status,arabic,validation,ما متوسط مبلغ الضريبة للطلبات التي حالتها 'shipped'؟,"SELECT ROUND(AVG(tax_amount), 2) AS average_tax_amount FROM build4all_research.orders WHERE status = 'shipped';",B3_original_fewshot3
"SELECT ROUND(AVG(tax_amount), 2) AS average_tax_amount FROM build4all_research.orders WHERE status = 'shipped';",4.9289,True,True,True,,"{'shot_ids': ['B4A-FT-029-FRENCH', 'B4A-FT-027-FRENCH', 'B4A-FT-026-FRENCH'], 'shot_families': ['orders_discount_amount_by_status', 'orders_total_amount_by_status', 'orders_count_by_status']}",B4A-FT-030-FRENCH,B4A-FT-030,orders_average_tax_by_status,french,validation,Quel est le montant moyen de la taxe dont le statut est 'shipped' ?,"SELECT ROUND(AVG(tax_amount), 2) AS average_tax_amount FROM build4all_research.orders WHERE status = 'shipped';",B3_original_fewshot3
"SELECT ROUND(AVG(tax_amount), 2) AS average_tax_amount FROM build4all_research.orders WHERE status = 'shipped';",5.093,True,True,True,,"{'shot_ids': ['B4A-FT-026-LEBANESE_ARABIZI', 'B4A-FT-027-LEBANESE_ARABIZI', 'B4A-FT-029-LEBANESE_ARABIZI'], 'shot_families': ['orders_count_by_status', 'orders_total_amount_by_status', 'orders_discount_amount_by_status']}",B4A-FT-030-LEBANESE_ARABIZI,B4A-FT-030,orders_average_tax_by_status,lebanese_arabizi,validation,Adde moutawassit el tax lal orders yalli status taba3a 'shipped'?,"SELECT ROUND(AVG(tax_amount), 2) AS average_tax_amount FROM build4all_research.orders WHERE status = 'shipped';",B3_original_fewshot3
SELECT COUNT(*) AS bank_transfer_payment_count FROM build4all_research.payments WHERE payment_method = 'bank_transfer';,4.5082,True,True,True,,"{'shot_ids': ['B4A-FT-054-ENGLISH', 'B4A-FT-052-ENGLISH', 'B4A-FT-053-ENGLISH'], 'shot_families': ['payment_method_paid_count', 'payment_method_total', 'payment_method_average']}",B4A-FT-051-ENGLISH,B4A-FT-051,payment_method_count,english,validation,What is the number of payments made using 'bank_transfer'?,SELECT COUNT(*) AS payment_count FROM build4all_research.payments WHERE payment_method = 'bank_transfer';,B3_original_fewshot3
SELECT COUNT(*) AS total_payments FROM build4all_research.payments WHERE payment_method = 'bank_transfer';,4.7764,True,True,True,,"{'shot_ids': ['B4A-FT-054-ARABIC', 'B4A-FT-052-ARABIC', 'B4A-FT-054-FRENCH'], 'shot_families': ['payment_method_paid_count', 'payment_method_total', 'payment_method_paid_count']}",B4A-FT-051-ARABIC,B4A-FT-051,payment_method_count,arabic,validation,ما عدد عمليات الدفع باستخدام طريقة 'bank_transfer'؟,SELECT COUNT(*) AS payment_count FROM build4all_research.payments WHERE payment_method = 'bank_transfer';,B3_original_fewshot3
SELECT COUNT(*) AS total_bank_transfer_payments FROM build4all_research.payments WHERE payment_method = 'bank_transfer';,4.4587,True,True,True,,"{'shot_ids': ['B4A-FT-054-FRENCH', 'B4A-FT-052-FRENCH', 'B4A-FT-053-FRENCH'], 'shot_families': ['payment_method_paid_count', 'payment_method_total', 'payment_method_average']}",B4A-FT-051-FRENCH,B4A-FT-051,payment_method_count,french,validation,Quel est le nombre de paiements effectué avec la méthode 'bank_transfer' ?,SELECT COUNT(*) AS payment_count FROM build4all_research.payments WHERE payment_method = 'bank_transfer';,B3_original_fewshot3
SELECT COUNT(*) AS payment_count FROM build4all_research.payments WHERE payment_method = 'bank_transfer';,4.7734,True,True,True,,"{'shot_ids': ['B4A-FT-054-LEBANESE_ARABIZI', 'B4A-FT-052-LEBANESE_ARABIZI', 'B4A-FT-053-LEBANESE_ARABIZI'], 'shot_families': ['payment_method_paid_count', 'payment_method_total', 'payment_method_average']}",B4A-FT-051-LEBANESE_ARABIZI,B4A-FT-051,payment_method_count,lebanese_arabizi,validation,Adde 3adad el payments bi tari2et 'bank_transfer'?,SELECT COUNT(*) AS payment_count FROM build4all_research.payments WHERE payment_method = 'bank_transfer';,B3_original_fewshot3
"SELECT ROUND(SUM(paid_amount), 2) AS total_paid_amount FROM build4all_research.payments WHERE payment_method = 'bank_transfer' AND payment_status = 'paid';",5.5602,True,True,True,,"{'shot_ids': ['B4A-FT-054-ENGLISH', 'B4A-FT-052-ENGLISH', 'B4A-FT-053-ENGLISH'], 'shot_families': ['payment_method_paid_count', 'payment_method_total', 'payment_method_average']}",B4A-FT-055-ENGLISH,B4A-FT-055,payment_method_paid_total,english,validation,What is the total amount of successful paid payments made using 'bank_transfer'?,"SELECT ROUND(SUM(paid_amount), 2) AS paid_total_amount FROM build4all_research.payments WHERE payment_method = 'bank_transfer' AND payment_status = 'paid';",B3_original_fewshot3
"SELECT ROUND(SUM(paid_amount), 2) AS total_paid_amount FROM build4all_research.payments WHERE payment_method = 'bank_transfer' AND payment_status = 'paid';",6.5696,True,True,True,,"{'shot_ids': ['B4A-FT-054-ARABIC', 'B4A-FT-052-ARABIC', 'B4A-FT-053-ARABIC'], 'shot_families': ['payment_method_paid_count', 'payment_method_total', 'payment_method_average']}",B4A-FT-055-ARABIC,B4A-FT-055,payment_method_paid_total,arabic,validation,ما إجمالي المدفوعات الناجحة باستخدام طريقة 'bank_transfer'؟,"SELECT ROUND(SUM(paid_amount), 2) AS paid_total_amount FROM build4all_research.payments WHERE payment_method = 'bank_transfer' AND payment_status = 'paid';",B3_original_fewshot3
"SELECT ROUND(SUM(paid_amount), 2) AS total_paid_amount FROM build4all_research.payments WHERE payment_method = 'bank_transfer' AND payment_status = 'paid';",5.637,True,True,True,,"{'shot_ids': ['B4A-FT-054-FRENCH', 'B4A-FT-052-FRENCH', 'B4A-FT-053-FRENCH'], 'shot_families': ['payment_method_paid_count', 'payment_method_total', 'payment_method_average']}",B4A-FT-055-FRENCH,B4A-FT-055,payment_method_paid_total,french,validation,Quel est le montant total des paiements réussis effectué avec la méthode 'bank_transfer' ?,"SELECT ROUND(SUM(paid_amount), 2) AS paid_total_amount FROM build4all_research.payments WHERE payment_method = 'bank_transfer' AND payment_status = 'paid';",B3_original_fewshot3
"SELECT ROUND(SUM(paid_amount), 2) AS total_paid_amount FROM build4all_research.payments WHERE payment_method = 'bank_transfer' AND payment_status = 'paid';",6.3218,True,True,True,,"{'shot_ids': ['B4A-FT-052-LEBANESE_ARABIZI', 'B4A-FT-054-LEBANESE_ARABIZI', 'B4A-FT-053-LEBANESE_ARABIZI'], 'shot_families': ['payment_method_total', 'payment_method_paid_count', 'payment_method_average']}",B4A-FT-055-LEBANESE_ARABIZI,B4A-FT-055,payment_method_paid_total,lebanese_arabizi,validation,Adde majmou3 el paid payments bi tari2et 'bank_transfer'?,"SELECT ROUND(SUM(paid_amount), 2) AS paid_total_amount FROM build4all_research.payments WHERE payment_method = 'bank_transfer' AND payment_status = 'paid';",B3_original_fewshot3
SELECT COUNT(*) AS cash_on_delivery_payments_count FROM build4all_research.payments WHERE payment_method = 'cash_on_delivery';,4.622,True,True,True,,"{'shot_ids': ['B4A-FT-059-ENGLISH', 'B4A-FT-057-ENGLISH', 'B4A-FT-058-ENGLISH'], 'shot_families': ['payment_method_paid_count', 'payment_method_total', 'payment_method_average']}",B4A-FT-056-ENGLISH,B4A-FT-056,payment_method_count,english,validation,What is the number of payments made using 'cash_on_delivery'?,SELECT COUNT(*) AS payment_count FROM build4all_research.payments WHERE payment_method = 'cash_on_delivery';,B3_original_fewshot3
SELECT COUNT(*) AS total_payments FROM build4all_research.payments WHERE payment_method = 'cash_on_delivery';,4.9438,True,True,True,,"{'shot_ids': ['B4A-FT-059-ARABIC', 'B4A-FT-057-ARABIC', 'B4A-FT-059-FRENCH'], 'shot_families': ['payment_method_paid_count', 'payment_method_total', 'payment_method_paid_count']}",B4A-FT-056-ARABIC,B4A-FT-056,payment_method_count,arabic,validation,ما عدد عمليات الدفع باستخدام طريقة 'cash_on_delivery'؟,SELECT COUNT(*) AS payment_count FROM build4all_research.payments WHERE payment_method = 'cash_on_delivery';,B3_original_fewshot3
SELECT COUNT(*) AS total_payments_count FROM build4all_research.payments WHERE payment_method = 'cash_on_delivery';,4.5004,True,True,True,,"{'shot_ids': ['B4A-FT-059-FRENCH', 'B4A-FT-057-FRENCH', 'B4A-FT-058-FRENCH'], 'shot_families': ['payment_method_paid_count', 'payment_method_total', 'payment_method_average']}",B4A-FT-056-FRENCH,B4A-FT-056,payment_method_count,french,validation,Quel est le nombre de paiements effectué avec la méthode 'cash_on_delivery' ?,SELECT COUNT(*) AS payment_count FROM build4all_research.payments WHERE payment_method = 'cash_on_delivery';,B3_original_fewshot3
SELECT COUNT(*) AS payment_count FROM build4all_research.payments WHERE payment_method = 'cash_on_delivery';,4.8716,True,True,True,,"{'shot_ids': ['B4A-FT-059-LEBANESE_ARABIZI', 'B4A-FT-057-LEBANESE_ARABIZI', 'B4A-FT-058-LEBANESE_ARABIZI'], 'shot_families': ['payment_method_paid_count', 'payment_method_total', 'payment_method_average']}",B4A-FT-056-LEBANESE_ARABIZI,B4A-FT-056,payment_method_count,lebanese_arabizi,validation,Adde 3adad el payments bi tari2et 'cash_on_delivery'?,SELECT COUNT(*) AS payment_count FROM build4all_research.payments WHERE payment_method = 'cash_on_delivery';,B3_original_fewshot3
SELECT SUM(paid_amount) AS total_paid_amount FROM build4all_research.payments WHERE payment_method = 'cash_on_delivery' AND payment_status = 'paid';,5.31,True,True,True,,"{'shot_ids': ['B4A-FT-059-ENGLISH', 'B4A-FT-057-ENGLISH', 'B4A-FT-058-ENGLISH'], 'shot_families': ['payment_method_paid_count', 'payment_method_total', 'payment_method_average']}",B4A-FT-060-ENGLISH,B4A-FT-060,payment_method_paid_total,english,validation,What is the total amount of successful paid payments made using 'cash_on_delivery'?,"SELECT ROUND(SUM(paid_amount), 2) AS paid_total_amount FROM build4all_research.payments WHERE payment_method = 'cash_on_delivery' AND payment_status = 'paid';",B3_original_fewshot3
"SELECT ROUND(SUM(paid_amount), 2) AS total_paid_amount FROM build4all_research.payments WHERE payment_method = 'cash_on_delivery' AND payment_status = 'paid';",6.5599,True,True,True,,"{'shot_ids': ['B4A-FT-059-ARABIC', 'B4A-FT-057-ARABIC', 'B4A-FT-058-ARABIC'], 'shot_families': ['payment_method_paid_count', 'payment_method_total', 'payment_method_average']}",B4A-FT-060-ARABIC,B4A-FT-060,payment_method_paid_total,arabic,validation,ما إجمالي المدفوعات الناجحة باستخدام طريقة 'cash_on_delivery'؟,"SELECT ROUND(SUM(paid_amount), 2) AS paid_total_amount FROM build4all_research.payments WHERE payment_method = 'cash_on_delivery' AND payment_status = 'paid';",B3_original_fewshot3
"SELECT ROUND(SUM(paid_amount), 2) AS total_paid_amount FROM build4all_research.payments WHERE payment_method = 'cash_on_delivery' AND payment_status = 'paid';",5.735,True,True,True,,"{'shot_ids': ['B4A-FT-059-FRENCH', 'B4A-FT-057-FRENCH', 'B4A-FT-058-FRENCH'], 'shot_families': ['payment_method_paid_count', 'payment_method_total', 'payment_method_average']}",B4A-FT-060-FRENCH,B4A-FT-060,payment_method_paid_total,french,validation,Quel est le montant total des paiements réussis effectué avec la méthode 'cash_on_delivery' ?,"SELECT ROUND(SUM(paid_amount), 2) AS paid_total_amount FROM build4all_research.payments WHERE payment_method = 'cash_on_delivery' AND payment_status = 'paid';",B3_original_fewshot3
"SELECT ROUND(SUM(paid_amount), 2) AS total_paid_amount FROM build4all_research.payments WHERE payment_method = 'cash_on_delivery' AND payment_status = 'paid';",6.3785,True,True,True,,"{'shot_ids': ['B4A-FT-057-LEBANESE_ARABIZI', 'B4A-FT-059-LEBANESE_ARABIZI', 'B4A-FT-058-LEBANESE_ARABIZI'], 'shot_families': ['payment_method_total', 'payment_method_paid_count', 'payment_method_average']}",B4A-FT-060-LEBANESE_ARABIZI,B4A-FT-060,payment_method_paid_total,lebanese_arabizi,validation,Adde majmou3 el paid payments bi tari2et 'cash_on_delivery'?,"SELECT ROUND(SUM(paid_amount), 2) AS paid_total_amount FROM build4all_research.payments WHERE payment_method = 'cash_on_delivery' AND payment_status = 'paid';",B3_original_fewshot3
SELECT COUNT(*) AS credit_card_payment_count FROM build4all_research.payments WHERE payment_method = 'credit_card';,4.4129,True,True,True,,"{'shot_ids': ['B4A-FT-064-ENGLISH', 'B4A-FT-062-ENGLISH', 'B4A-FT-063-ENGLISH'], 'shot_families': ['payment_method_paid_count', 'payment_method_total', 'payment_method_average']}",B4A-FT-061-ENGLISH,B4A-FT-061,payment_method_count,english,validation,What is the number of payments made using 'credit_card'?,SELECT COUNT(*) AS payment_count FROM build4all_research.payments WHERE payment_method = 'credit_card';,B3_original_fewshot3
SELECT COUNT(*) AS total_payments FROM build4all_research.payments WHERE payment_method = 'credit_card';,4.8689,True,True,True,,"{'shot_ids': ['B4A-FT-064-ARABIC', 'B4A-FT-062-ARABIC', 'B4A-FT-064-FRENCH'], 'shot_families': ['payment_method_paid_count', 'payment_method_total', 'payment_method_paid_count']}",B4A-FT-061-ARABIC,B4A-FT-061,payment_method_count,arabic,validation,ما عدد عمليات الدفع باستخدام طريقة 'credit_card'؟,SELECT COUNT(*) AS payment_count FROM build4all_research.payments WHERE payment_method = 'credit_card';,B3_original_fewshot3
SELECT COUNT(*) AS total_payments_count FROM build4all_research.payments WHERE payment_method = 'credit_card';,4.362,True,True,True,,"{'shot_ids': ['B4A-FT-064-FRENCH', 'B4A-FT-062-FRENCH', 'B4A-FT-069-FRENCH'], 'shot_families': ['payment_method_paid_count', 'payment_method_total', 'payment_method_paid_count']}",B4A-FT-061-FRENCH,B4A-FT-061,payment_method_count,french,validation,Quel est le nombre de paiements effectué avec la méthode 'credit_card' ?,SELECT COUNT(*) AS payment_count FROM build4all_research.payments WHERE payment_method = 'credit_card';,B3_original_fewshot3
SELECT COUNT(*) AS total_payments FROM build4all_research.payments WHERE payment_method = 'credit_card';,4.6973,True,True,True,,"{'shot_ids': ['B4A-FT-064-LEBANESE_ARABIZI', 'B4A-FT-069-LEBANESE_ARABIZI', 'B4A-FT-062-LEBANESE_ARABIZI'], 'shot_families': ['payment_method_paid_count', 'payment_method_paid_count', 'payment_method_total']}",B4A-FT-061-LEBANESE_ARABIZI,B4A-FT-061,payment_method_count,lebanese_arabizi,validation,Adde 3adad el payments bi tari2et 'credit_card'?,SELECT COUNT(*) AS payment_count FROM build4all_research.payments WHERE payment_method = 'credit_card';,B3_original_fewshot3
SELECT SUM(paid_amount) AS total_paid_amount FROM build4all_research.payments WHERE payment_method = 'credit_card' AND payment_status = 'paid';,5.2339,True,True,True,,"{'shot_ids': ['B4A-FT-064-ENGLISH', 'B4A-FT-069-ENGLISH', 'B4A-FT-062-ENGLISH'], 'shot_families': ['payment_method_paid_count', 'payment_method_paid_count', 'payment_method_total']}",B4A-FT-065-ENGLISH,B4A-FT-065,payment_method_paid_total,english,validation,What is the total amount of successful paid payments made using 'credit_card'?,"SELECT ROUND(SUM(paid_amount), 2) AS paid_total_amount FROM build4all_research.payments WHERE payment_method = 'credit_card' AND payment_status = 'paid';",B3_original_fewshot3
"SELECT ROUND(SUM(paid_amount), 2) AS total_paid_amount FROM build4all_research.payments WHERE payment_method = 'credit_card' AND payment_status = 'paid';",6.3666,True,True,True,,"{'shot_ids': ['B4A-FT-064-ARABIC', 'B4A-FT-069-ARABIC', 'B4A-FT-062-ARABIC'], 'shot_families': ['payment_method_paid_count', 'payment_method_paid_count', 'payment_method_total']}",B4A-FT-065-ARABIC,B4A-FT-065,payment_method_paid_total,arabic,validation,ما إجمالي المدفوعات الناجحة باستخدام طريقة 'credit_card'؟,"SELECT ROUND(SUM(paid_amount), 2) AS paid_total_amount FROM build4all_research.payments WHERE payment_method = 'credit_card' AND payment_status = 'paid';",B3_original_fewshot3
"SELECT ROUND(SUM(paid_amount), 2) AS total_paid_amount FROM build4all_research.payments WHERE payment_method = 'credit_card' AND payment_status = 'paid';",5.6179,True,True,True,,"{'shot_ids': ['B4A-FT-064-FRENCH', 'B4A-FT-062-FRENCH', 'B4A-FT-069-FRENCH'], 'shot_families': ['payment_method_paid_count', 'payment_method_total', 'payment_method_paid_count']}",B4A-FT-065-FRENCH,B4A-FT-065,payment_method_paid_total,french,validation,Quel est le montant total des paiements réussis effectué avec la méthode 'credit_card' ?,"SELECT ROUND(SUM(paid_amount), 2) AS paid_total_amount FROM build4all_research.payments WHERE payment_method = 'credit_card' AND payment_status = 'paid';",B3_original_fewshot3
"SELECT ROUND(SUM(paid_amount), 2) AS total_paid_amount FROM build4all_research.payments WHERE payment_method = 'credit_card' AND payment_status = 'paid';",6.4422,True,True,True,,"{'shot_ids': ['B4A-FT-062-LEBANESE_ARABIZI', 'B4A-FT-064-LEBANESE_ARABIZI', 'B4A-FT-067-LEBANESE_ARABIZI'], 'shot_families': ['payment_method_total', 'payment_method_paid_count', 'payment_method_total']}",B4A-FT-065-LEBANESE_ARABIZI,B4A-FT-065,payment_method_paid_total,lebanese_arabizi,validation,Adde majmou3 el paid payments bi tari2et 'credit_card'?,"SELECT ROUND(SUM(paid_amount), 2) AS paid_total_amount FROM build4all_research.payments WHERE payment_method = 'credit_card' AND payment_status = 'paid';",B3_original_fewshot3
SELECT COUNT(*) AS debit_card_payment_count FROM build4all_research.payments WHERE payment_method = 'debit_card';,4.4313,True,True,True,,"{'shot_ids': ['B4A-FT-069-ENGLISH', 'B4A-FT-067-ENGLISH', 'B4A-FT-068-ENGLISH'], 'shot_families': ['payment_method_paid_count', 'payment_method_total', 'payment_method_average']}",B4A-FT-066-ENGLISH,B4A-FT-066,payment_method_count,english,validation,What is the number of payments made using 'debit_card'?,SELECT COUNT(*) AS payment_count FROM build4all_research.payments WHERE payment_method = 'debit_card';,B3_original_fewshot3
SELECT COUNT(*) AS total_payments_count FROM build4all_research.payments WHERE payment_method = 'debit_card';,4.952,True,True,True,,"{'shot_ids': ['B4A-FT-069-ARABIC', 'B4A-FT-067-ARABIC', 'B4A-FT-069-FRENCH'], 'shot_families': ['payment_method_paid_count', 'payment_method_total', 'payment_method_paid_count']}",B4A-FT-066-ARABIC,B4A-FT-066,payment_method_count,arabic,validation,ما عدد عمليات الدفع باستخدام طريقة 'debit_card'؟,SELECT COUNT(*) AS payment_count FROM build4all_research.payments WHERE payment_method = 'debit_card';,B3_original_fewshot3
SELECT COUNT(*) AS total_payments_count FROM build4all_research.payments WHERE payment_method = 'debit_card';,4.3674,True,True,True,,"{'shot_ids': ['B4A-FT-069-FRENCH', 'B4A-FT-067-FRENCH', 'B4A-FT-064-FRENCH'], 'shot_families': ['payment_method_paid_count', 'payment_method_total', 'payment_method_paid_count']}",B4A-FT-066-FRENCH,B4A-FT-066,payment_method_count,french,validation,Quel est le nombre de paiements effectué avec la méthode 'debit_card' ?,SELECT COUNT(*) AS payment_count FROM build4all_research.payments WHERE payment_method = 'debit_card';,B3_original_fewshot3
SELECT COUNT(*) AS total_payments FROM build4all_research.payments WHERE payment_method = 'debit_card';,4.5359,True,True,True,,"{'shot_ids': ['B4A-FT-069-LEBANESE_ARABIZI', 'B4A-FT-064-LEBANESE_ARABIZI', 'B4A-FT-067-LEBANESE_ARABIZI'], 'shot_families': ['payment_method_paid_count', 'payment_method_paid_count', 'payment_method_total']}",B4A-FT-066-LEBANESE_ARABIZI,B4A-FT-066,payment_method_count,lebanese_arabizi,validation,Adde 3adad el payments bi tari2et 'debit_card'?,SELECT COUNT(*) AS payment_count FROM build4all_research.payments WHERE payment_method = 'debit_card';,B3_original_fewshot3
SELECT SUM(paid_amount) AS total_paid_amount FROM build4all_research.payments WHERE payment_method = 'debit_card' AND payment_status = 'paid';,5.2004,True,True,True,,"{'shot_ids': ['B4A-FT-069-ENGLISH', 'B4A-FT-064-ENGLISH', 'B4A-FT-067-ENGLISH'], 'shot_families': ['payment_method_paid_count', 'payment_method_paid_count', 'payment_method_total']}",B4A-FT-070-ENGLISH,B4A-FT-070,payment_method_paid_total,english,validation,What is the total amount of successful paid payments made using 'debit_card'?,"SELECT ROUND(SUM(paid_amount), 2) AS paid_total_amount FROM build4all_research.payments WHERE payment_method = 'debit_card' AND payment_status = 'paid';",B3_original_fewshot3
"SELECT ROUND(SUM(paid_amount), 2) AS total_paid_amount FROM build4all_research.payments WHERE payment_method = 'debit_card' AND payment_status = 'paid';",6.0903,True,True,True,,"{'shot_ids': ['B4A-FT-069-ARABIC', 'B4A-FT-064-ARABIC', 'B4A-FT-067-ARABIC'], 'shot_families': ['payment_method_paid_count', 'payment_method_paid_count', 'payment_method_total']}",B4A-FT-070-ARABIC,B4A-FT-070,payment_method_paid_total,arabic,validation,ما إجمالي المدفوعات الناجحة باستخدام طريقة 'debit_card'؟,"SELECT ROUND(SUM(paid_amount), 2) AS paid_total_amount FROM build4all_research.payments WHERE payment_method = 'debit_card' AND payment_status = 'paid';",B3_original_fewshot3
"SELECT ROUND(SUM(paid_amount), 2) AS total_paid_amount FROM build4all_research.payments WHERE payment_method = 'debit_card' AND payment_status = 'paid';",5.5809,True,True,True,,"{'shot_ids': ['B4A-FT-069-FRENCH', 'B4A-FT-067-FRENCH', 'B4A-FT-064-FRENCH'], 'shot_families': ['payment_method_paid_count', 'payment_method_total', 'payment_method_paid_count']}",B4A-FT-070-FRENCH,B4A-FT-070,payment_method_paid_total,french,validation,Quel est le montant total des paiements réussis effectué avec la méthode 'debit_card' ?,"SELECT ROUND(SUM(paid_amount), 2) AS paid_total_amount FROM build4all_research.payments WHERE payment_method = 'debit_card' AND payment_status = 'paid';",B3_original_fewshot3
"SELECT ROUND(SUM(paid_amount), 2) AS total_paid_amount FROM build4all_research.payments WHERE payment_method = 'debit_card' AND payment_status = 'paid';",6.4947,True,True,True,,"{'shot_ids': ['B4A-FT-067-LEBANESE_ARABIZI', 'B4A-FT-069-LEBANESE_ARABIZI', 'B4A-FT-062-LEBANESE_ARABIZI'], 'shot_families': ['payment_method_total', 'payment_method_paid_count', 'payment_method_total']}",B4A-FT-070-LEBANESE_ARABIZI,B4A-FT-070,payment_method_paid_total,lebanese_arabizi,validation,Adde majmou3 el paid payments bi tari2et 'debit_card'?,"SELECT ROUND(SUM(paid_amount), 2) AS paid_total_amount FROM build4all_research.payments WHERE payment_method = 'debit_card' AND payment_status = 'paid';",B3_original_fewshot3
SELECT COUNT(*) AS digital_wallet_payment_count FROM build4all_research.payments WHERE payment_method = 'digital_wallet';,4.4425,True,True,True,,"{'shot_ids': ['B4A-FT-074-ENGLISH', 'B4A-FT-072-ENGLISH', 'B4A-FT-073-ENGLISH'], 'shot_families': ['payment_method_paid_count', 'payment_method_total', 'payment_method_average']}",B4A-FT-071-ENGLISH,B4A-FT-071,payment_method_count,english,validation,What is the number of payments made using 'digital_wallet'?,SELECT COUNT(*) AS payment_count FROM build4all_research.payments WHERE payment_method = 'digital_wallet';,B3_original_fewshot3
SELECT COUNT(*) AS total_payments FROM build4all_research.payments WHERE payment_method = 'digital_wallet';,4.7459,True,True,True,,"{'shot_ids': ['B4A-FT-074-ARABIC', 'B4A-FT-072-ARABIC', 'B4A-FT-073-ARABIC'], 'shot_families': ['payment_method_paid_count', 'payment_method_total', 'payment_method_average']}",B4A-FT-071-ARABIC,B4A-FT-071,payment_method_count,arabic,validation,ما عدد عمليات الدفع باستخدام طريقة 'digital_wallet'؟,SELECT COUNT(*) AS payment_count FROM build4all_research.payments WHERE payment_method = 'digital_wallet';,B3_original_fewshot3
SELECT COUNT(*) AS total_payments_count FROM build4all_research.payments WHERE payment_method = 'digital_wallet';,4.3844,True,True,True,,"{'shot_ids': ['B4A-FT-074-FRENCH', 'B4A-FT-072-FRENCH', 'B4A-FT-073-FRENCH'], 'shot_families': ['payment_method_paid_count', 'payment_method_total', 'payment_method_average']}",B4A-FT-071-FRENCH,B4A-FT-071,payment_method_count,french,validation,Quel est le nombre de paiements effectué avec la méthode 'digital_wallet' ?,SELECT COUNT(*) AS payment_count FROM build4all_research.payments WHERE payment_method = 'digital_wallet';,B3_original_fewshot3
SELECT COUNT(*) AS digital_wallet_payment_count FROM build4all_research.payments WHERE payment_method = 'digital_wallet';,4.7319,True,True,True,,"{'shot_ids': ['B4A-FT-074-LEBANESE_ARABIZI', 'B4A-FT-072-LEBANESE_ARABIZI', 'B4A-FT-073-LEBANESE_ARABIZI'], 'shot_families': ['payment_method_paid_count', 'payment_method_total', 'payment_method_average']}",B4A-FT-071-LEBANESE_ARABIZI,B4A-FT-071,payment_method_count,lebanese_arabizi,validation,Adde 3adad el payments bi tari2et 'digital_wallet'?,SELECT COUNT(*) AS payment_count FROM build4all_research.payments WHERE payment_method = 'digital_wallet';,B3_original_fewshot3
"SELECT ROUND(SUM(paid_amount), 2) AS total_paid_amount FROM build4all_research.payments WHERE payment_method = 'digital_wallet' AND payment_status = 'paid';",5.5931,True,True,True,,"{'shot_ids': ['B4A-FT-074-ENGLISH', 'B4A-FT-072-ENGLISH', 'B4A-FT-073-ENGLISH'], 'shot_families': ['payment_method_paid_count', 'payment_method_total', 'payment_method_average']}",B4A-FT-075-ENGLISH,B4A-FT-075,payment_method_paid_total,english,validation,What is the total amount of successful paid payments made using 'digital_wallet'?,"SELECT ROUND(SUM(paid_amount), 2) AS paid_total_amount FROM build4all_research.payments WHERE payment_method = 'digital_wallet' AND payment_status = 'paid';",B3_original_fewshot3
"SELECT ROUND(SUM(paid_amount), 2) AS total_paid_amount FROM build4all_research.payments WHERE payment_method = 'digital_wallet' AND payment_status = 'paid';",6.2429,True,True,True,,"{'shot_ids': ['B4A-FT-074-ARABIC', 'B4A-FT-072-ARABIC', 'B4A-FT-073-ARABIC'], 'shot_families': ['payment_method_paid_count', 'payment_method_total', 'payment_method_average']}",B4A-FT-075-ARABIC,B4A-FT-075,payment_method_paid_total,arabic,validation,ما إجمالي المدفوعات الناجحة باستخدام طريقة 'digital_wallet'؟,"SELECT ROUND(SUM(paid_amount), 2) AS paid_total_amount FROM build4all_research.payments WHERE payment_method = 'digital_wallet' AND payment_status = 'paid';",B3_original_fewshot3
"SELECT ROUND(SUM(paid_amount), 2) AS total_paid_amount FROM build4all_research.payments WHERE payment_method = 'digital_wallet' AND payment_status = 'paid';",5.6591,True,True,True,,"{'shot_ids': ['B4A-FT-074-FRENCH', 'B4A-FT-072-FRENCH', 'B4A-FT-073-FRENCH'], 'shot_families': ['payment_method_paid_count', 'payment_method_total', 'payment_method_average']}",B4A-FT-075-FRENCH,B4A-FT-075,payment_method_paid_total,french,validation,Quel est le montant total des paiements réussis effectué avec la méthode 'digital_wallet' ?,"SELECT ROUND(SUM(paid_amount), 2) AS paid_total_amount FROM build4all_research.payments WHERE payment_method = 'digital_wallet' AND payment_status = 'paid';",B3_original_fewshot3
"SELECT ROUND(SUM(paid_amount), 2) AS total_paid_amount FROM build4all_research.payments WHERE payment_method = 'digital_wallet' AND payment_status = 'paid';",6.4636,True,True,True,,"{'shot_ids': ['B4A-FT-072-LEBANESE_ARABIZI', 'B4A-FT-074-LEBANESE_ARABIZI', 'B4A-FT-073-LEBANESE_ARABIZI'], 'shot_families': ['payment_method_total', 'payment_method_paid_count', 'payment_method_average']}",B4A-FT-075-LEBANESE_ARABIZI,B4A-FT-075,payment_method_paid_total,lebanese_arabizi,validation,Adde majmou3 el paid payments bi tari2et 'digital_wallet'?,"SELECT ROUND(SUM(paid_amount), 2) AS paid_total_amount FROM build4all_research.payments WHERE payment_method = 'digital_wallet' AND payment_status = 'paid';",B3_original_fewshot3
SELECT AVG(price) AS average_list_price FROM build4all_research.products WHERE status = 'active';,4.1575,True,True,False,,"{'shot_ids': ['B4A-FT-078-ENGLISH', 'B4A-FT-128-ENGLISH', 'B4A-FT-129-ENGLISH'], 'shot_families': ['products_stock_by_status', 'active_products_above_price_threshold', 'active_products_above_price_threshold']}",B4A-FT-077-ENGLISH,B4A-FT-077,products_average_price_by_status,english,validation,What is the average list price where product status is 'active'?,"SELECT ROUND(AVG(price), 2) AS average_price FROM build4all_research.products WHERE status = 'active';",B3_original_fewshot3
SELECT AVG(price) AS average_list_price FROM build4all_research.products WHERE status = 'active';,4.654,True,True,False,,"{'shot_ids': ['B4A-FT-078-ARABIC', 'B4A-FT-128-FRENCH', 'B4A-FT-127-FRENCH'], 'shot_families': ['products_stock_by_status', 'active_products_above_price_threshold', 'active_products_above_price_threshold']}",B4A-FT-077-ARABIC,B4A-FT-077,products_average_price_by_status,arabic,validation,ما متوسط سعر القائمة عندما تكون حالة المنتج 'active'؟,"SELECT ROUND(AVG(price), 2) AS average_price FROM build4all_research.products WHERE status = 'active';",B3_original_fewshot3
SELECT AVG(price) AS average_catalog_price FROM build4all_research.products WHERE status = 'active';,4.1924,True,True,False,,"{'shot_ids': ['B4A-FT-128-FRENCH', 'B4A-FT-127-FRENCH', 'B4A-FT-126-FRENCH'], 'shot_families': ['active_products_above_price_threshold', 'active_products_above_price_threshold', 'active_products_above_price_threshold']}",B4A-FT-077-FRENCH,B4A-FT-077,products_average_price_by_status,french,validation,Quel est le prix catalogue moyen lorsque le statut du produit est 'active' ?,"SELECT ROUND(AVG(price), 2) AS average_price FROM build4all_research.products WHERE status = 'active';",B3_original_fewshot3
"SELECT ROUND(AVG(price), 2) AS average_price FROM build4all_research.products WHERE status = 'active';",4.7824,True,True,True,,"{'shot_ids': ['B4A-FT-043-LEBANESE_ARABIZI', 'B4A-FT-038-LEBANESE_ARABIZI', 'B4A-FT-048-LEBANESE_ARABIZI'], 'shot_families': ['payments_average_by_status', 'payments_average_by_status', 'payments_average_by_status']}",B4A-FT-077-LEBANESE_ARABIZI,B4A-FT-077,products_average_price_by_status,lebanese_arabizi,validation,Adde moutawassit el price lama product status ykoun 'active'?,"SELECT ROUND(AVG(price), 2) AS average_price FROM build4all_research.products WHERE status = 'active';",B3_original_fewshot3
SELECT SUM(CASE WHEN sale_price IS NOT NULL THEN sale_price ELSE price END) AS inventory_value FROM build4all_research.products WHERE status = 'active';,5.1654,True,True,False,,"{'shot_ids': ['B4A-FT-078-ENGLISH', 'B4A-FT-078-FRENCH', 'B4A-FT-088-ENGLISH'], 'shot_families': ['products_stock_by_status', 'products_stock_by_status', 'products_stock_by_status']}",B4A-FT-079-ENGLISH,B4A-FT-079,products_inventory_value_by_status,english,validation,What is the inventory value using sale price when available where product status is 'active'?,"SELECT ROUND(SUM(stock * COALESCE(sale_price, price)), 2) AS inventory_value FROM build4all_research.products WHERE status = 'active';",B3_original_fewshot3
SELECT SUM(CASE WHEN products.sale_price IS NOT NULL THEN products.sale_price * products.stock ELSE products.price * products.stock END) AS total_stock_value FROM build4all_research.products WHERE status = 'active';,6.605,True,True,True,,"{'shot_ids': ['B4A-FT-078-ARABIC', 'B4A-FT-083-ARABIC', 'B4A-FT-088-ARABIC'], 'shot_families': ['products_stock_by_status', 'products_stock_by_status', 'products_stock_by_status']}",B4A-FT-079-ARABIC,B4A-FT-079,products_inventory_value_by_status,arabic,validation,ما قيمة المخزون باستخدام سعر التخفيض عند توفره عندما تكون حالة المنتج 'active'؟,"SELECT ROUND(SUM(stock * COALESCE(sale_price, price)), 2) AS inventory_value FROM build4all_research.products WHERE status = 'active';",B3_original_fewshot3
SELECT SUM(CASE WHEN sale_price IS NOT NULL THEN sale_price * stock ELSE price * stock END) AS total_stock_value FROM build4all_research.products WHERE status = 'active';,5.6591,True,True,True,,"{'shot_ids': ['B4A-FT-078-FRENCH', 'B4A-FT-083-FRENCH', 'B4A-FT-088-FRENCH'], 'shot_families': ['products_stock_by_status', 'products_stock_by_status', 'products_stock_by_status']}",B4A-FT-079-FRENCH,B4A-FT-079,products_inventory_value_by_status,french,validation,Quel est le valeur du stock utilisant le prix soldé lorsqu'il existe lorsque le statut du produit est 'active' ?,"SELECT ROUND(SUM(stock * COALESCE(sale_price, price)), 2) AS inventory_value FROM build4all_research.products WHERE status = 'active';",B3_original_fewshot3
SELECT SUM(sale_price) AS total_sale_price FROM build4all_research.products WHERE status = 'active' AND sale_price IS NOT NULL;,5.7516,True,True,False,,"{'shot_ids': ['B4A-FT-045-LEBANESE_ARABIZI', 'B4A-FT-078-LEBANESE_ARABIZI', 'B4A-FT-040-LEBANESE_ARABIZI'], 'shot_families': ['payments_dated_by_status', 'products_stock_by_status', 'payments_dated_by_status']}",B4A-FT-079-LEBANESE_ARABIZI,B4A-FT-079,products_inventory_value_by_status,lebanese_arabizi,validation,Adde 2imet el inventory 3a sale price iza mawjoude lama product status ykoun 'active'?,"SELECT ROUND(SUM(stock * COALESCE(sale_price, price)), 2) AS inventory_value FROM build4all_research.products WHERE status = 'active';",B3_original_fewshot3
SELECT COUNT(DISTINCT category_id) AS category_count FROM build4all_research.products WHERE status = 'active';,4.4554,True,True,True,,"{'shot_ids': ['B4A-FT-078-ENGLISH', 'B4A-FT-122-ENGLISH', 'B4A-FT-121-ENGLISH'], 'shot_families': ['products_stock_by_status', 'active_products_below_stock_threshold', 'active_products_below_stock_threshold']}",B4A-FT-080-ENGLISH,B4A-FT-080,products_categories_by_status,english,validation,What is the number of represented categories where product status is 'active'?,SELECT COUNT(DISTINCT category_id) AS category_count FROM build4all_research.products WHERE status = 'active';,B3_original_fewshot3
SELECT COUNT(DISTINCT category_id) AS distinct_category_count FROM build4all_research.products WHERE status = 'active';,5.0786,True,True,True,,"{'shot_ids': ['B4A-FT-078-ARABIC', 'B4A-FT-078-FRENCH', 'B4A-FT-078-ENGLISH'], 'shot_families': ['products_stock_by_status', 'products_stock_by_status', 'products_stock_by_status']}",B4A-FT-080-ARABIC,B4A-FT-080,products_categories_by_status,arabic,validation,ما عدد الفئات الممثلة عندما تكون حالة المنتج 'active'؟,SELECT COUNT(DISTINCT category_id) AS category_count FROM build4all_research.products WHERE status = 'active';,B3_original_fewshot3
"SELECT COUNT(DISTINCT products.category_id) AS category_count 
FROM build4all_research.products 
WHERE products.status = 'active';",4.7964,True,True,True,,"{'shot_ids': ['B4A-FT-078-FRENCH', 'B4A-FT-083-FRENCH', 'B4A-FT-127-FRENCH'], 'shot_families': ['products_stock_by_status', 'products_stock_by_status', 'active_products_above_price_threshold']}",B4A-FT-080-FRENCH,B4A-FT-080,products_categories_by_status,french,validation,Quel est le nombre de catégories représentées lorsque le statut du produit est 'active' ?,SELECT COUNT(DISTINCT category_id) AS category_count FROM build4all_research.products WHERE status = 'active';,B3_original_fewshot3
SELECT COUNT(DISTINCT category_id) AS category_count FROM build4all_research.products WHERE status = 'active';,4.828,True,True,True,,"{'shot_ids': ['B4A-FT-078-LEBANESE_ARABIZI', 'B4A-FT-041-LEBANESE_ARABIZI', 'B4A-FT-036-LEBANESE_ARABIZI'], 'shot_families': ['products_stock_by_status', 'payments_count_by_status', 'payments_count_by_status']}",B4A-FT-080-LEBANESE_ARABIZI,B4A-FT-080,products_categories_by_status,lebanese_arabizi,validation,Adde 3adad el categories lama product status ykoun 'active'?,SELECT COUNT(DISTINCT category_id) AS category_count FROM build4all_research.products WHERE status = 'active';,B3_original_fewshot3
SELECT AVG(price) AS average_list_price FROM build4all_research.products WHERE status = 'discontinued';,4.1867,True,True,False,,"{'shot_ids': ['B4A-FT-083-ENGLISH', 'B4A-FT-083-FRENCH', 'B4A-FT-004-ENGLISH'], 'shot_families': ['products_stock_by_status', 'products_stock_by_status', 'orders_discount_amount_by_status']}",B4A-FT-082-ENGLISH,B4A-FT-082,products_average_price_by_status,english,validation,What is the average list price where product status is 'discontinued'?,"SELECT ROUND(AVG(price), 2) AS average_price FROM build4all_research.products WHERE status = 'discontinued';",B3_original_fewshot3
SELECT AVG(price) AS average_list_price FROM build4all_research.products WHERE status = 'discontinued';,4.2388,True,True,False,,"{'shot_ids': ['B4A-FT-083-ARABIC', 'B4A-FT-083-FRENCH', 'B4A-FT-083-ENGLISH'], 'shot_families': ['products_stock_by_status', 'products_stock_by_status', 'products_stock_by_status']}",B4A-FT-082-ARABIC,B4A-FT-082,products_average_price_by_status,arabic,validation,ما متوسط سعر القائمة عندما تكون حالة المنتج 'discontinued'؟,"SELECT ROUND(AVG(price), 2) AS average_price FROM build4all_research.products WHERE status = 'discontinued';",B3_original_fewshot3
SELECT AVG(price) AS average_catalog_price FROM build4all_research.products WHERE status = 'discontinued';,4.2409,True,True,False,,"{'shot_ids': ['B4A-FT-083-FRENCH', 'B4A-FT-128-FRENCH', 'B4A-FT-083-ENGLISH'], 'shot_families': ['products_stock_by_status', 'active_products_above_price_threshold', 'products_stock_by_status']}",B4A-FT-082-FRENCH,B4A-FT-082,products_average_price_by_status,french,validation,Quel est le prix catalogue moyen lorsque le statut du produit est 'discontinued' ?,"SELECT ROUND(AVG(price), 2) AS average_price FROM build4all_research.products WHERE status = 'discontinued';",B3_original_fewshot3
"SELECT ROUND(AVG(price), 2) AS average_price FROM build4all_research.products WHERE status = 'discontinued';",4.6249,True,True,True,,"{'shot_ids': ['B4A-FT-048-LEBANESE_ARABIZI', 'B4A-FT-033-LEBANESE_ARABIZI', 'B4A-FT-043-LEBANESE_ARABIZI'], 'shot_families': ['payments_average_by_status', 'payments_average_by_status', 'payments_average_by_status']}",B4A-FT-082-LEBANESE_ARABIZI,B4A-FT-082,products_average_price_by_status,lebanese_arabizi,validation,Adde moutawassit el price lama product status ykoun 'discontinued'?,"SELECT ROUND(AVG(price), 2) AS average_price FROM build4all_research.products WHERE status = 'discontinued';",B3_original_fewshot3
SELECT SUM(CASE WHEN sale_price IS NOT NULL THEN sale_price ELSE price END) AS inventory_value FROM build4all_research.products WHERE status = 'discontinued';,5.5755,True,True,False,,"{'shot_ids': ['B4A-FT-083-ENGLISH', 'B4A-FT-083-FRENCH', 'B4A-FT-088-ENGLISH'], 'shot_families': ['products_stock_by_status', 'products_stock_by_status', 'products_stock_by_status']}",B4A-FT-084-ENGLISH,B4A-FT-084,products_inventory_value_by_status,english,validation,What is the inventory value using sale price when available where product status is 'discontinued'?,"SELECT ROUND(SUM(stock * COALESCE(sale_price, price)), 2) AS inventory_value FROM build4all_research.products WHERE status = 'discontinued';",B3_original_fewshot3
SELECT SUM(CASE WHEN sale_price IS NOT NULL THEN sale_price ELSE price END * stock) AS total_stock_value FROM build4all_research.products WHERE status = 'discontinued';,5.5373,True,True,True,,"{'shot_ids': ['B4A-FT-083-ARABIC', 'B4A-FT-078-ARABIC', 'B4A-FT-088-ARABIC'], 'shot_families': ['products_stock_by_status', 'products_stock_by_status', 'products_stock_by_status']}",B4A-FT-084-ARABIC,B4A-FT-084,products_inventory_value_by_status,arabic,validation,ما قيمة المخزون باستخدام سعر التخفيض عند توفره عندما تكون حالة المنتج 'discontinued'؟,"SELECT ROUND(SUM(stock * COALESCE(sale_price, price)), 2) AS inventory_value FROM build4all_research.products WHERE status = 'discontinued';",B3_original_fewshot3
SELECT SUM(CASE WHEN sale_price IS NOT NULL THEN sale_price ELSE price END * stock) AS total_stock_value FROM build4all_research.products WHERE status = 'discontinued';,5.9929,True,True,True,,"{'shot_ids': ['B4A-FT-083-FRENCH', 'B4A-FT-078-FRENCH', 'B4A-FT-088-FRENCH'], 'shot_families': ['products_stock_by_status', 'products_stock_by_status', 'products_stock_by_status']}",B4A-FT-084-FRENCH,B4A-FT-084,products_inventory_value_by_status,french,validation,Quel est le valeur du stock utilisant le prix soldé lorsqu'il existe lorsque le statut du produit est 'discontinued' ?,"SELECT ROUND(SUM(stock * COALESCE(sale_price, price)), 2) AS inventory_value FROM build4all_research.products WHERE status = 'discontinued';",B3_original_fewshot3
SELECT SUM(stock) AS total_inventory FROM build4all_research.products WHERE status = 'discontinued' AND sale_price IS NOT NULL;,4.9734,True,True,False,,"{'shot_ids': ['B4A-FT-050-LEBANESE_ARABIZI', 'B4A-FT-045-LEBANESE_ARABIZI', 'B4A-FT-035-LEBANESE_ARABIZI'], 'shot_families': ['payments_dated_by_status', 'payments_dated_by_status', 'payments_dated_by_status']}",B4A-FT-084-LEBANESE_ARABIZI,B4A-FT-084,products_inventory_value_by_status,lebanese_arabizi,validation,Adde 2imet el inventory 3a sale price iza mawjoude lama product status ykoun 'discontinued'?,"SELECT ROUND(SUM(stock * COALESCE(sale_price, price)), 2) AS inventory_value FROM build4all_research.products WHERE status = 'discontinued';",B3_original_fewshot3
SELECT COUNT(DISTINCT products.category_id) AS represented_categories FROM build4all_research.products WHERE status = 'discontinued';,4.9956,True,True,True,,"{'shot_ids': ['B4A-FT-083-ENGLISH', 'B4A-FT-083-FRENCH', 'B4A-FT-083-ARABIC'], 'shot_families': ['products_stock_by_status', 'products_stock_by_status', 'products_stock_by_status']}",B4A-FT-085-ENGLISH,B4A-FT-085,products_categories_by_status,english,validation,What is the number of represented categories where product status is 'discontinued'?,SELECT COUNT(DISTINCT category_id) AS category_count FROM build4all_research.products WHERE status = 'discontinued';,B3_original_fewshot3
SELECT COUNT(DISTINCT category_id) AS distinct_category_count FROM build4all_research.products WHERE status = 'discontinued';,4.592,True,True,True,,"{'shot_ids': ['B4A-FT-083-ARABIC', 'B4A-FT-083-FRENCH', 'B4A-FT-083-ENGLISH'], 'shot_families': ['products_stock_by_status', 'products_stock_by_status', 'products_stock_by_status']}",B4A-FT-085-ARABIC,B4A-FT-085,products_categories_by_status,arabic,validation,ما عدد الفئات الممثلة عندما تكون حالة المنتج 'discontinued'؟,SELECT COUNT(DISTINCT category_id) AS category_count FROM build4all_research.products WHERE status = 'discontinued';,B3_original_fewshot3
"SELECT COUNT(DISTINCT products.category_id) AS distinct_category_count 
FROM build4all_research.products 
WHERE products.status = 'discontinued';",5.5826,True,True,True,,"{'shot_ids': ['B4A-FT-083-FRENCH', 'B4A-FT-083-ENGLISH', 'B4A-FT-078-FRENCH'], 'shot_families': ['products_stock_by_status', 'products_stock_by_status', 'products_stock_by_status']}",B4A-FT-085-FRENCH,B4A-FT-085,products_categories_by_status,french,validation,Quel est le nombre de catégories représentées lorsque le statut du produit est 'discontinued' ?,SELECT COUNT(DISTINCT category_id) AS category_count FROM build4all_research.products WHERE status = 'discontinued';,B3_original_fewshot3
SELECT COUNT(DISTINCT category_id) AS category_count FROM build4all_research.products WHERE status = 'discontinued';,4.5076,True,True,True,,"{'shot_ids': ['B4A-FT-083-LEBANESE_ARABIZI', 'B4A-FT-041-LEBANESE_ARABIZI', 'B4A-FT-031-LEBANESE_ARABIZI'], 'shot_families': ['products_stock_by_status', 'payments_count_by_status', 'payments_count_by_status']}",B4A-FT-085-LEBANESE_ARABIZI,B4A-FT-085,products_categories_by_status,lebanese_arabizi,validation,Adde 3adad el categories lama product status ykoun 'discontinued'?,SELECT COUNT(DISTINCT category_id) AS category_count FROM build4all_research.products WHERE status = 'discontinued';,B3_original_fewshot3
SELECT AVG(price) AS average_list_price FROM build4all_research.products WHERE status = 'out_of_stock';,4.8302,True,True,False,,"{'shot_ids': ['B4A-FT-088-ENGLISH', 'B4A-FT-088-FRENCH', 'B4A-FT-088-LEBANESE_ARABIZI'], 'shot_families': ['products_stock_by_status', 'products_stock_by_status', 'products_stock_by_status']}",B4A-FT-087-ENGLISH,B4A-FT-087,products_average_price_by_status,english,validation,What is the average list price where product status is 'out_of_stock'?,"SELECT ROUND(AVG(price), 2) AS average_price FROM build4all_research.products WHERE status = 'out_of_stock';",B3_original_fewshot3
SELECT AVG(price) AS average_list_price FROM build4all_research.products WHERE status = 'out_of_stock';,4.379,True,True,False,,"{'shot_ids': ['B4A-FT-088-ARABIC', 'B4A-FT-088-FRENCH', 'B4A-FT-088-ENGLISH'], 'shot_families': ['products_stock_by_status', 'products_stock_by_status', 'products_stock_by_status']}",B4A-FT-087-ARABIC,B4A-FT-087,products_average_price_by_status,arabic,validation,ما متوسط سعر القائمة عندما تكون حالة المنتج 'out_of_stock'؟,"SELECT ROUND(AVG(price), 2) AS average_price FROM build4all_research.products WHERE status = 'out_of_stock';",B3_original_fewshot3
SELECT AVG(price) AS average_catalog_price FROM build4all_research.products WHERE status = 'out_of_stock';,4.5668,True,True,False,,"{'shot_ids': ['B4A-FT-088-FRENCH', 'B4A-FT-088-ENGLISH', 'B4A-FT-083-FRENCH'], 'shot_families': ['products_stock_by_status', 'products_stock_by_status', 'products_stock_by_status']}",B4A-FT-087-FRENCH,B4A-FT-087,products_average_price_by_status,french,validation,Quel est le prix catalogue moyen lorsque le statut du produit est 'out_of_stock' ?,"SELECT ROUND(AVG(price), 2) AS average_price FROM build4all_research.products WHERE status = 'out_of_stock';",B3_original_fewshot3
"SELECT ROUND(AVG(price), 2) AS average_price FROM build4all_research.products WHERE status = 'out_of_stock';",4.688,True,True,True,,"{'shot_ids': ['B4A-FT-088-LEBANESE_ARABIZI', 'B4A-FT-043-LEBANESE_ARABIZI', 'B4A-FT-033-LEBANESE_ARABIZI'], 'shot_families': ['products_stock_by_status', 'payments_average_by_status', 'payments_average_by_status']}",B4A-FT-087-LEBANESE_ARABIZI,B4A-FT-087,products_average_price_by_status,lebanese_arabizi,validation,Adde moutawassit el price lama product status ykoun 'out_of_stock'?,"SELECT ROUND(AVG(price), 2) AS average_price FROM build4all_research.products WHERE status = 'out_of_stock';",B3_original_fewshot3
SELECT SUM(CASE WHEN sale_price IS NOT NULL THEN sale_price ELSE price END) AS inventory_value FROM build4all_research.products WHERE status = 'out_of_stock';,5.6548,True,True,False,,"{'shot_ids': ['B4A-FT-088-ENGLISH', 'B4A-FT-088-FRENCH', 'B4A-FT-078-ENGLISH'], 'shot_families': ['products_stock_by_status', 'products_stock_by_status', 'products_stock_by_status']}",B4A-FT-089-ENGLISH,B4A-FT-089,products_inventory_value_by_status,english,validation,What is the inventory value using sale price when available where product status is 'out_of_stock'?,"SELECT ROUND(SUM(stock * COALESCE(sale_price, price)), 2) AS inventory_value FROM build4all_research.products WHERE status = 'out_of_stock';",B3_original_fewshot3
SELECT SUM(stock * sale_price) AS total_stock_value FROM build4all_research.products WHERE status = 'out_of_stock' AND sale_price IS NOT NULL;,5.1599,True,True,True,,"{'shot_ids': ['B4A-FT-088-ARABIC', 'B4A-FT-078-ARABIC', 'B4A-FT-083-ARABIC'], 'shot_families': ['products_stock_by_status', 'products_stock_by_status', 'products_stock_by_status']}",B4A-FT-089-ARABIC,B4A-FT-089,products_inventory_value_by_status,arabic,validation,ما قيمة المخزون باستخدام سعر التخفيض عند توفره عندما تكون حالة المنتج 'out_of_stock'؟,"SELECT ROUND(SUM(stock * COALESCE(sale_price, price)), 2) AS inventory_value FROM build4all_research.products WHERE status = 'out_of_stock';",B3_original_fewshot3
SELECT SUM(CASE WHEN sale_price IS NOT NULL THEN sale_price ELSE price END * stock) AS total_stock_value FROM build4all_research.products WHERE status = 'out_of_stock';,6.2364,True,True,True,,"{'shot_ids': ['B4A-FT-088-FRENCH', 'B4A-FT-083-FRENCH', 'B4A-FT-078-FRENCH'], 'shot_families': ['products_stock_by_status', 'products_stock_by_status', 'products_stock_by_status']}",B4A-FT-089-FRENCH,B4A-FT-089,products_inventory_value_by_status,french,validation,Quel est le valeur du stock utilisant le prix soldé lorsqu'il existe lorsque le statut du produit est 'out_of_stock' ?,"SELECT ROUND(SUM(stock * COALESCE(sale_price, price)), 2) AS inventory_value FROM build4all_research.products WHERE status = 'out_of_stock';",B3_original_fewshot3
SELECT SUM(sale_price) AS total_sale_price FROM build4all_research.products WHERE status = 'out_of_stock' AND sale_price IS NOT NULL;,5.2849,True,True,False,,"{'shot_ids': ['B4A-FT-088-LEBANESE_ARABIZI', 'B4A-FT-045-LEBANESE_ARABIZI', 'B4A-FT-050-LEBANESE_ARABIZI'], 'shot_families': ['products_stock_by_status', 'payments_dated_by_status', 'payments_dated_by_status']}",B4A-FT-089-LEBANESE_ARABIZI,B4A-FT-089,products_inventory_value_by_status,lebanese_arabizi,validation,Adde 2imet el inventory 3a sale price iza mawjoude lama product status ykoun 'out_of_stock'?,"SELECT ROUND(SUM(stock * COALESCE(sale_price, price)), 2) AS inventory_value FROM build4all_research.products WHERE status = 'out_of_stock';",B3_original_fewshot3
SELECT COUNT(DISTINCT products.category_id) AS number_of_categories FROM build4all_research.products WHERE status = 'out_of_stock';,5.3211,True,True,True,,"{'shot_ids': ['B4A-FT-088-ENGLISH', 'B4A-FT-088-FRENCH', 'B4A-FT-083-ENGLISH'], 'shot_families': ['products_stock_by_status', 'products_stock_by_status', 'products_stock_by_status']}",B4A-FT-090-ENGLISH,B4A-FT-090,products_categories_by_status,english,validation,What is the number of represented categories where product status is 'out_of_stock'?,SELECT COUNT(DISTINCT category_id) AS category_count FROM build4all_research.products WHERE status = 'out_of_stock';,B3_original_fewshot3
SELECT COUNT(DISTINCT category_id) AS distinct_category_count FROM build4all_research.products WHERE status = 'out_of_stock';,4.6814,True,True,True,,"{'shot_ids': ['B4A-FT-088-ARABIC', 'B4A-FT-088-FRENCH', 'B4A-FT-088-ENGLISH'], 'shot_families': ['products_stock_by_status', 'products_stock_by_status', 'products_stock_by_status']}",B4A-FT-090-ARABIC,B4A-FT-090,products_categories_by_status,arabic,validation,ما عدد الفئات الممثلة عندما تكون حالة المنتج 'out_of_stock'؟,SELECT COUNT(DISTINCT category_id) AS category_count FROM build4all_research.products WHERE status = 'out_of_stock';,B3_original_fewshot3
SELECT COUNT(DISTINCT products.category_id) AS total_categories FROM build4all_research.products WHERE status = 'out_of_stock';,5.171,True,True,True,,"{'shot_ids': ['B4A-FT-088-FRENCH', 'B4A-FT-088-ENGLISH', 'B4A-FT-083-FRENCH'], 'shot_families': ['products_stock_by_status', 'products_stock_by_status', 'products_stock_by_status']}",B4A-FT-090-FRENCH,B4A-FT-090,products_categories_by_status,french,validation,Quel est le nombre de catégories représentées lorsque le statut du produit est 'out_of_stock' ?,SELECT COUNT(DISTINCT category_id) AS category_count FROM build4all_research.products WHERE status = 'out_of_stock';,B3_original_fewshot3
SELECT COUNT(DISTINCT products.category_id) AS category_count FROM build4all_research.products WHERE status = 'out_of_stock';,4.7025,True,True,True,,"{'shot_ids': ['B4A-FT-088-LEBANESE_ARABIZI', 'B4A-FT-088-ENGLISH', 'B4A-FT-083-LEBANESE_ARABIZI'], 'shot_families': ['products_stock_by_status', 'products_stock_by_status', 'products_stock_by_status']}",B4A-FT-090-LEBANESE_ARABIZI,B4A-FT-090,products_categories_by_status,lebanese_arabizi,validation,Adde 3adad el categories lama product status ykoun 'out_of_stock'?,SELECT COUNT(DISTINCT category_id) AS category_count FROM build4all_research.products WHERE status = 'out_of_stock';,B3_original_fewshot3
"SELECT ROUND(AVG(total_amount), 2) AS average_order_amount FROM build4all_research.orders WHERE status = 'cancelled';",4.8498,True,True,True,,"{'shot_ids': ['B4A-FT-002-ENGLISH', 'B4A-FT-001-ENGLISH', 'B4A-FT-004-ENGLISH'], 'shot_families': ['orders_total_amount_by_status', 'orders_count_by_status', 'orders_discount_amount_by_status']}",B4A-FT-003-ENGLISH,B4A-FT-003,orders_average_amount_by_status,english,final_test,What is the average order amount for orders whose status is 'cancelled'?,"SELECT ROUND(AVG(total_amount), 2) AS average_order_amount FROM build4all_research.orders WHERE status = 'cancelled';",B3_original_fewshot3
"SELECT ROUND(AVG(total_amount), 2) AS average_order_amount FROM build4all_research.orders WHERE status = 'cancelled';",4.6867,True,True,True,,"{'shot_ids': ['B4A-FT-002-ARABIC', 'B4A-FT-001-ARABIC', 'B4A-FT-004-ARABIC'], 'shot_families': ['orders_total_amount_by_status', 'orders_count_by_status', 'orders_discount_amount_by_status']}",B4A-FT-003-ARABIC,B4A-FT-003,orders_average_amount_by_status,arabic,final_test,ما متوسط قيمة الطلب للطلبات التي حالتها 'cancelled'؟,"SELECT ROUND(AVG(total_amount), 2) AS average_order_amount FROM build4all_research.orders WHERE status = 'cancelled';",B3_original_fewshot3
"SELECT ROUND(AVG(total_amount), 2) AS average_order_amount FROM build4all_research.orders WHERE status = 'cancelled';",4.7317,True,True,True,,"{'shot_ids': ['B4A-FT-002-FRENCH', 'B4A-FT-001-FRENCH', 'B4A-FT-022-FRENCH'], 'shot_families': ['orders_total_amount_by_status', 'orders_count_by_status', 'orders_total_amount_by_status']}",B4A-FT-003-FRENCH,B4A-FT-003,orders_average_amount_by_status,french,final_test,Quel est le montant moyen des commandes dont le statut est 'cancelled' ?,"SELECT ROUND(AVG(total_amount), 2) AS average_order_amount FROM build4all_research.orders WHERE status = 'cancelled';",B3_original_fewshot3
"SELECT ROUND(AVG(total_amount), 2) AS average_order_amount FROM build4all_research.orders WHERE status = 'cancelled';",4.7583,True,True,True,,"{'shot_ids': ['B4A-FT-002-LEBANESE_ARABIZI', 'B4A-FT-001-LEBANESE_ARABIZI', 'B4A-FT-004-LEBANESE_ARABIZI'], 'shot_families': ['orders_total_amount_by_status', 'orders_count_by_status', 'orders_discount_amount_by_status']}",B4A-FT-003-LEBANESE_ARABIZI,B4A-FT-003,orders_average_amount_by_status,lebanese_arabizi,final_test,Adde moutawassit 2imet el order lal orders yalli status taba3a 'cancelled'?,"SELECT ROUND(AVG(total_amount), 2) AS average_order_amount FROM build4all_research.orders WHERE status = 'cancelled';",B3_original_fewshot3
"SELECT ROUND(AVG(total_amount), 2) AS average_order_amount FROM build4all_research.orders WHERE status = 'completed';",4.6156,True,True,True,,"{'shot_ids': ['B4A-FT-007-ENGLISH', 'B4A-FT-006-ENGLISH', 'B4A-FT-009-ENGLISH'], 'shot_families': ['orders_total_amount_by_status', 'orders_count_by_status', 'orders_discount_amount_by_status']}",B4A-FT-008-ENGLISH,B4A-FT-008,orders_average_amount_by_status,english,final_test,What is the average order amount for orders whose status is 'completed'?,"SELECT ROUND(AVG(total_amount), 2) AS average_order_amount FROM build4all_research.orders WHERE status = 'completed';",B3_original_fewshot3
"SELECT ROUND(AVG(total_amount), 2) AS average_order_value FROM build4all_research.orders WHERE status = 'completed';",4.7006,True,True,True,,"{'shot_ids': ['B4A-FT-007-ARABIC', 'B4A-FT-006-ARABIC', 'B4A-FT-012-ARABIC'], 'shot_families': ['orders_total_amount_by_status', 'orders_count_by_status', 'orders_total_amount_by_status']}",B4A-FT-008-ARABIC,B4A-FT-008,orders_average_amount_by_status,arabic,final_test,ما متوسط قيمة الطلب للطلبات التي حالتها 'completed'؟,"SELECT ROUND(AVG(total_amount), 2) AS average_order_amount FROM build4all_research.orders WHERE status = 'completed';",B3_original_fewshot3
"SELECT ROUND(AVG(total_amount), 2) AS average_order_amount FROM build4all_research.orders WHERE status = 'completed';",4.685,True,True,True,,"{'shot_ids': ['B4A-FT-007-FRENCH', 'B4A-FT-006-FRENCH', 'B4A-FT-012-FRENCH'], 'shot_families': ['orders_total_amount_by_status', 'orders_count_by_status', 'orders_total_amount_by_status']}",B4A-FT-008-FRENCH,B4A-FT-008,orders_average_amount_by_status,french,final_test,Quel est le montant moyen des commandes dont le statut est 'completed' ?,"SELECT ROUND(AVG(total_amount), 2) AS average_order_amount FROM build4all_research.orders WHERE status = 'completed';",B3_original_fewshot3
"SELECT ROUND(AVG(total_amount), 2) AS average_order_amount FROM build4all_research.orders WHERE status = 'completed';",5.0072,True,True,True,,"{'shot_ids': ['B4A-FT-007-LEBANESE_ARABIZI', 'B4A-FT-006-LEBANESE_ARABIZI', 'B4A-FT-009-LEBANESE_ARABIZI'], 'shot_families': ['orders_total_amount_by_status', 'orders_count_by_status', 'orders_discount_amount_by_status']}",B4A-FT-008-LEBANESE_ARABIZI,B4A-FT-008,orders_average_amount_by_status,lebanese_arabizi,final_test,Adde moutawassit 2imet el order lal orders yalli status taba3a 'completed'?,"SELECT ROUND(AVG(total_amount), 2) AS average_order_amount FROM build4all_research.orders WHERE status = 'completed';",B3_original_fewshot3
"SELECT ROUND(AVG(total_amount), 2) AS average_order_amount FROM build4all_research.orders WHERE status = 'pending';",4.6503,True,True,True,,"{'shot_ids': ['B4A-FT-012-ENGLISH', 'B4A-FT-011-ENGLISH', 'B4A-FT-014-ENGLISH'], 'shot_families': ['orders_total_amount_by_status', 'orders_count_by_status', 'orders_discount_amount_by_status']}",B4A-FT-013-ENGLISH,B4A-FT-013,orders_average_amount_by_status,english,final_test,What is the average order amount for orders whose status is 'pending'?,"SELECT ROUND(AVG(total_amount), 2) AS average_order_amount FROM build4all_research.orders WHERE status = 'pending';",B3_original_fewshot3
"SELECT ROUND(AVG(total_amount), 2) AS average_order_amount FROM build4all_research.orders WHERE status = 'pending';",5.2441,True,True,True,,"{'shot_ids': ['B4A-FT-012-ARABIC', 'B4A-FT-011-ARABIC', 'B4A-FT-014-ARABIC'], 'shot_families': ['orders_total_amount_by_status', 'orders_count_by_status', 'orders_discount_amount_by_status']}",B4A-FT-013-ARABIC,B4A-FT-013,orders_average_amount_by_status,arabic,final_test,ما متوسط قيمة الطلب للطلبات التي حالتها 'pending'؟,"SELECT ROUND(AVG(total_amount), 2) AS average_order_amount FROM build4all_research.orders WHERE status = 'pending';",B3_original_fewshot3
"SELECT ROUND(AVG(total_amount), 2) AS average_order_amount FROM build4all_research.orders WHERE status = 'pending';",4.6799,True,True,True,,"{'shot_ids': ['B4A-FT-012-FRENCH', 'B4A-FT-011-FRENCH', 'B4A-FT-043-FRENCH'], 'shot_families': ['orders_total_amount_by_status', 'orders_count_by_status', 'payments_average_by_status']}",B4A-FT-013-FRENCH,B4A-FT-013,orders_average_amount_by_status,french,final_test,Quel est le montant moyen des commandes dont le statut est 'pending' ?,"SELECT ROUND(AVG(total_amount), 2) AS average_order_amount FROM build4all_research.orders WHERE status = 'pending';",B3_original_fewshot3
"SELECT ROUND(AVG(total_amount), 2) AS average_order_amount FROM build4all_research.orders WHERE status = 'pending';",5.4022,True,True,True,,"{'shot_ids': ['B4A-FT-012-LEBANESE_ARABIZI', 'B4A-FT-011-LEBANESE_ARABIZI', 'B4A-FT-014-LEBANESE_ARABIZI'], 'shot_families': ['orders_total_amount_by_status', 'orders_count_by_status', 'orders_discount_amount_by_status']}",B4A-FT-013-LEBANESE_ARABIZI,B4A-FT-013,orders_average_amount_by_status,lebanese_arabizi,final_test,Adde moutawassit 2imet el order lal orders yalli status taba3a 'pending'?,"SELECT ROUND(AVG(total_amount), 2) AS average_order_amount FROM build4all_research.orders WHERE status = 'pending';",B3_original_fewshot3
"SELECT ROUND(AVG(total_amount), 2) AS average_order_amount FROM build4all_research.orders WHERE status = 'processing';",4.5878,True,True,True,,"{'shot_ids': ['B4A-FT-017-ENGLISH', 'B4A-FT-016-ENGLISH', 'B4A-FT-019-ENGLISH'], 'shot_families': ['orders_total_amount_by_status', 'orders_count_by_status', 'orders_discount_amount_by_status']}",B4A-FT-018-ENGLISH,B4A-FT-018,orders_average_amount_by_status,english,final_test,What is the average order amount for orders whose status is 'processing'?,"SELECT ROUND(AVG(total_amount), 2) AS average_order_amount FROM build4all_research.orders WHERE status = 'processing';",B3_original_fewshot3
"SELECT ROUND(AVG(total_amount), 2) AS average_order_value FROM build4all_research.orders WHERE status = 'processing';",5.2542,True,True,True,,"{'shot_ids': ['B4A-FT-017-ARABIC', 'B4A-FT-016-ARABIC', 'B4A-FT-019-ARABIC'], 'shot_families': ['orders_total_amount_by_status', 'orders_count_by_status', 'orders_discount_amount_by_status']}",B4A-FT-018-ARABIC,B4A-FT-018,orders_average_amount_by_status,arabic,final_test,ما متوسط قيمة الطلب للطلبات التي حالتها 'processing'؟,"SELECT ROUND(AVG(total_amount), 2) AS average_order_amount FROM build4all_research.orders WHERE status = 'processing';",B3_original_fewshot3
"SELECT ROUND(AVG(total_amount), 2) AS average_order_amount FROM build4all_research.orders WHERE status = 'processing';",4.6999,True,True,True,,"{'shot_ids': ['B4A-FT-017-FRENCH', 'B4A-FT-016-FRENCH', 'B4A-FT-012-FRENCH'], 'shot_families': ['orders_total_amount_by_status', 'orders_count_by_status', 'orders_total_amount_by_status']}",B4A-FT-018-FRENCH,B4A-FT-018,orders_average_amount_by_status,french,final_test,Quel est le montant moyen des commandes dont le statut est 'processing' ?,"SELECT ROUND(AVG(total_amount), 2) AS average_order_amount FROM build4all_research.orders WHERE status = 'processing';",B3_original_fewshot3
"SELECT ROUND(AVG(total_amount), 2) AS average_order_amount FROM build4all_research.orders WHERE status = 'processing';",5.3803,True,True,True,,"{'shot_ids': ['B4A-FT-017-LEBANESE_ARABIZI', 'B4A-FT-016-LEBANESE_ARABIZI', 'B4A-FT-019-LEBANESE_ARABIZI'], 'shot_families': ['orders_total_amount_by_status', 'orders_count_by_status', 'orders_discount_amount_by_status']}",B4A-FT-018-LEBANESE_ARABIZI,B4A-FT-018,orders_average_amount_by_status,lebanese_arabizi,final_test,Adde moutawassit 2imet el order lal orders yalli status taba3a 'processing'?,"SELECT ROUND(AVG(total_amount), 2) AS average_order_amount FROM build4all_research.orders WHERE status = 'processing';",B3_original_fewshot3
"SELECT ROUND(AVG(total_amount), 2) AS average_order_amount FROM build4all_research.orders WHERE status = 'refunded';",4.7878,True,True,True,,"{'shot_ids': ['B4A-FT-022-ENGLISH', 'B4A-FT-021-ENGLISH', 'B4A-FT-024-ENGLISH'], 'shot_families': ['orders_total_amount_by_status', 'orders_count_by_status', 'orders_discount_amount_by_status']}",B4A-FT-023-ENGLISH,B4A-FT-023,orders_average_amount_by_status,english,final_test,What is the average order amount for orders whose status is 'refunded'?,"SELECT ROUND(AVG(total_amount), 2) AS average_order_amount FROM build4all_research.orders WHERE status = 'refunded';",B3_original_fewshot3
"SELECT ROUND(AVG(total_amount), 2) AS average_order_amount FROM build4all_research.orders WHERE status = 'refunded';",5.4444,True,True,True,,"{'shot_ids': ['B4A-FT-022-ARABIC', 'B4A-FT-021-ARABIC', 'B4A-FT-024-ARABIC'], 'shot_families': ['orders_total_amount_by_status', 'orders_count_by_status', 'orders_discount_amount_by_status']}",B4A-FT-023-ARABIC,B4A-FT-023,orders_average_amount_by_status,arabic,final_test,ما متوسط قيمة الطلب للطلبات التي حالتها 'refunded'؟,"SELECT ROUND(AVG(total_amount), 2) AS average_order_amount FROM build4all_research.orders WHERE status = 'refunded';",B3_original_fewshot3
"SELECT ROUND(AVG(total_amount), 2) AS average_order_amount FROM build4all_research.orders WHERE status = 'refunded';",4.7936,True,True,True,,"{'shot_ids': ['B4A-FT-022-FRENCH', 'B4A-FT-021-FRENCH', 'B4A-FT-048-FRENCH'], 'shot_families': ['orders_total_amount_by_status', 'orders_count_by_status', 'payments_average_by_status']}",B4A-FT-023-FRENCH,B4A-FT-023,orders_average_amount_by_status,french,final_test,Quel est le montant moyen des commandes dont le statut est 'refunded' ?,"SELECT ROUND(AVG(total_amount), 2) AS average_order_amount FROM build4all_research.orders WHERE status = 'refunded';",B3_original_fewshot3
"SELECT ROUND(AVG(total_amount), 2) AS average_order_amount FROM build4all_research.orders WHERE status = 'refunded';",5.3905,True,True,True,,"{'shot_ids': ['B4A-FT-022-LEBANESE_ARABIZI', 'B4A-FT-021-LEBANESE_ARABIZI', 'B4A-FT-024-LEBANESE_ARABIZI'], 'shot_families': ['orders_total_amount_by_status', 'orders_count_by_status', 'orders_discount_amount_by_status']}",B4A-FT-023-LEBANESE_ARABIZI,B4A-FT-023,orders_average_amount_by_status,lebanese_arabizi,final_test,Adde moutawassit 2imet el order lal orders yalli status taba3a 'refunded'?,"SELECT ROUND(AVG(total_amount), 2) AS average_order_amount FROM build4all_research.orders WHERE status = 'refunded';",B3_original_fewshot3
"SELECT ROUND(AVG(total_amount), 2) AS average_order_amount FROM build4all_research.orders WHERE status = 'shipped';",4.7978,True,True,True,,"{'shot_ids': ['B4A-FT-027-ENGLISH', 'B4A-FT-026-ENGLISH', 'B4A-FT-029-ENGLISH'], 'shot_families': ['orders_total_amount_by_status', 'orders_count_by_status', 'orders_discount_amount_by_status']}",B4A-FT-028-ENGLISH,B4A-FT-028,orders_average_amount_by_status,english,final_test,What is the average order amount for orders whose status is 'shipped'?,"SELECT ROUND(AVG(total_amount), 2) AS average_order_amount FROM build4all_research.orders WHERE status = 'shipped';",B3_original_fewshot3
"SELECT ROUND(AVG(total_amount), 2) AS average_order_amount FROM build4all_research.orders WHERE status = 'shipped';",5.2224,True,True,True,,"{'shot_ids': ['B4A-FT-027-ARABIC', 'B4A-FT-026-ARABIC', 'B4A-FT-029-ARABIC'], 'shot_families': ['orders_total_amount_by_status', 'orders_count_by_status', 'orders_discount_amount_by_status']}",B4A-FT-028-ARABIC,B4A-FT-028,orders_average_amount_by_status,arabic,final_test,ما متوسط قيمة الطلب للطلبات التي حالتها 'shipped'؟,"SELECT ROUND(AVG(total_amount), 2) AS average_order_amount FROM build4all_research.orders WHERE status = 'shipped';",B3_original_fewshot3
"SELECT ROUND(AVG(total_amount), 2) AS average_order_amount FROM build4all_research.orders WHERE status = 'shipped';",4.7225,True,True,True,,"{'shot_ids': ['B4A-FT-027-FRENCH', 'B4A-FT-026-FRENCH', 'B4A-FT-029-FRENCH'], 'shot_families': ['orders_total_amount_by_status', 'orders_count_by_status', 'orders_discount_amount_by_status']}",B4A-FT-028-FRENCH,B4A-FT-028,orders_average_amount_by_status,french,final_test,Quel est le montant moyen des commandes dont le statut est 'shipped' ?,"SELECT ROUND(AVG(total_amount), 2) AS average_order_amount FROM build4all_research.orders WHERE status = 'shipped';",B3_original_fewshot3
"SELECT ROUND(AVG(total_amount), 2) AS average_order_amount FROM build4all_research.orders WHERE status = 'shipped';",5.3378,True,True,True,,"{'shot_ids': ['B4A-FT-027-LEBANESE_ARABIZI', 'B4A-FT-026-LEBANESE_ARABIZI', 'B4A-FT-029-LEBANESE_ARABIZI'], 'shot_families': ['orders_total_amount_by_status', 'orders_count_by_status', 'orders_discount_amount_by_status']}",B4A-FT-028-LEBANESE_ARABIZI,B4A-FT-028,orders_average_amount_by_status,lebanese_arabizi,final_test,Adde moutawassit 2imet el order lal orders yalli status taba3a 'shipped'?,"SELECT ROUND(AVG(total_amount), 2) AS average_order_amount FROM build4all_research.orders WHERE status = 'shipped';",B3_original_fewshot3
SELECT COUNT(DISTINCT order_id) AS distinct_order_count FROM build4all_research.payments WHERE payment_status = 'failed';,4.6775,True,True,True,,"{'shot_ids': ['B4A-FT-031-ENGLISH', 'B4A-FT-035-ENGLISH', 'B4A-FT-032-ENGLISH'], 'shot_families': ['payments_count_by_status', 'payments_dated_by_status', 'payments_total_by_status']}",B4A-FT-034-ENGLISH,B4A-FT-034,payments_orders_by_status,english,final_test,What is the number of distinct orders where payment status is 'failed'?,SELECT COUNT(DISTINCT order_id) AS distinct_order_count FROM build4all_research.payments WHERE payment_status = 'failed';,B3_original_fewshot3
SELECT COUNT(DISTINCT order_id) AS distinct_order_count FROM build4all_research.payments WHERE payment_status = 'failed';,5.1058,True,True,True,,"{'shot_ids': ['B4A-FT-031-ARABIC', 'B4A-FT-035-ARABIC', 'B4A-FT-032-ARABIC'], 'shot_families': ['payments_count_by_status', 'payments_dated_by_status', 'payments_total_by_status']}",B4A-FT-034-ARABIC,B4A-FT-034,payments_orders_by_status,arabic,final_test,ما عدد الطلبات المختلفة عندما تكون حالة الدفع 'failed'؟,SELECT COUNT(DISTINCT order_id) AS distinct_order_count FROM build4all_research.payments WHERE payment_status = 'failed';,B3_original_fewshot3
SELECT COUNT(DISTINCT order_id) AS distinct_order_count FROM build4all_research.payments WHERE payment_status = 'failed';,4.7154,True,True,True,,"{'shot_ids': ['B4A-FT-031-FRENCH', 'B4A-FT-035-FRENCH', 'B4A-FT-032-FRENCH'], 'shot_families': ['payments_count_by_status', 'payments_dated_by_status', 'payments_total_by_status']}",B4A-FT-034-FRENCH,B4A-FT-034,payments_orders_by_status,french,final_test,Quel est le nombre de commandes distinctes lorsque le statut de paiement est 'failed' ?,SELECT COUNT(DISTINCT order_id) AS distinct_order_count FROM build4all_research.payments WHERE payment_status = 'failed';,B3_original_fewshot3
SELECT COUNT(DISTINCT order_id) AS distinct_order_count FROM build4all_research.payments WHERE payment_status = 'failed';,5.0428,True,True,True,,"{'shot_ids': ['B4A-FT-035-LEBANESE_ARABIZI', 'B4A-FT-032-LEBANESE_ARABIZI', 'B4A-FT-033-LEBANESE_ARABIZI'], 'shot_families': ['payments_dated_by_status', 'payments_total_by_status', 'payments_average_by_status']}",B4A-FT-034-LEBANESE_ARABIZI,B4A-FT-034,payments_orders_by_status,lebanese_arabizi,final_test,Adde 3adad el orders el mokhtalfe lama payment status ykoun 'failed'?,SELECT COUNT(DISTINCT order_id) AS distinct_order_count FROM build4all_research.payments WHERE payment_status = 'failed';,B3_original_fewshot3
SELECT COUNT(DISTINCT order_id) AS distinct_paid_orders_count FROM build4all_research.payments WHERE payment_status = 'paid';,4.7713,True,True,True,,"{'shot_ids': ['B4A-FT-036-ENGLISH', 'B4A-FT-040-ENGLISH', 'B4A-FT-037-ENGLISH'], 'shot_families': ['payments_count_by_status', 'payments_dated_by_status', 'payments_total_by_status']}",B4A-FT-039-ENGLISH,B4A-FT-039,payments_orders_by_status,english,final_test,What is the number of distinct orders where payment status is 'paid'?,SELECT COUNT(DISTINCT order_id) AS distinct_order_count FROM build4all_research.payments WHERE payment_status = 'paid';,B3_original_fewshot3
SELECT COUNT(DISTINCT order_id) AS distinct_paid_order_count FROM build4all_research.payments WHERE payment_status = 'paid';,5.0052,True,True,True,,"{'shot_ids': ['B4A-FT-036-ARABIC', 'B4A-FT-040-ARABIC', 'B4A-FT-037-ARABIC'], 'shot_families': ['payments_count_by_status', 'payments_dated_by_status', 'payments_total_by_status']}",B4A-FT-039-ARABIC,B4A-FT-039,payments_orders_by_status,arabic,final_test,ما عدد الطلبات المختلفة عندما تكون حالة الدفع 'paid'؟,SELECT COUNT(DISTINCT order_id) AS distinct_order_count FROM build4all_research.payments WHERE payment_status = 'paid';,B3_original_fewshot3
SELECT COUNT(DISTINCT order_id) AS distinct_order_count FROM build4all_research.payments WHERE payment_status = 'paid';,4.7548,True,True,True,,"{'shot_ids': ['B4A-FT-036-FRENCH', 'B4A-FT-040-FRENCH', 'B4A-FT-037-FRENCH'], 'shot_families': ['payments_count_by_status', 'payments_dated_by_status', 'payments_total_by_status']}",B4A-FT-039-FRENCH,B4A-FT-039,payments_orders_by_status,french,final_test,Quel est le nombre de commandes distinctes lorsque le statut de paiement est 'paid' ?,SELECT COUNT(DISTINCT order_id) AS distinct_order_count FROM build4all_research.payments WHERE payment_status = 'paid';,B3_original_fewshot3
SELECT COUNT(DISTINCT order_id) AS distinct_order_count FROM build4all_research.payments WHERE payment_status = 'paid';,4.8869,True,True,True,,"{'shot_ids': ['B4A-FT-040-LEBANESE_ARABIZI', 'B4A-FT-037-LEBANESE_ARABIZI', 'B4A-FT-038-LEBANESE_ARABIZI'], 'shot_families': ['payments_dated_by_status', 'payments_total_by_status', 'payments_average_by_status']}",B4A-FT-039-LEBANESE_ARABIZI,B4A-FT-039,payments_orders_by_status,lebanese_arabizi,final_test,Adde 3adad el orders el mokhtalfe lama payment status ykoun 'paid'?,SELECT COUNT(DISTINCT order_id) AS distinct_order_count FROM build4all_research.payments WHERE payment_status = 'paid';,B3_original_fewshot3
SELECT COUNT(DISTINCT order_id) AS distinct_order_count FROM build4all_research.payments WHERE payment_status = 'pending';,4.6374,True,True,True,,"{'shot_ids': ['B4A-FT-041-ENGLISH', 'B4A-FT-045-ENGLISH', 'B4A-FT-011-ENGLISH'], 'shot_families': ['payments_count_by_status', 'payments_dated_by_status', 'orders_count_by_status']}",B4A-FT-044-ENGLISH,B4A-FT-044,payments_orders_by_status,english,final_test,What is the number of distinct orders where payment status is 'pending'?,SELECT COUNT(DISTINCT order_id) AS distinct_order_count FROM build4all_research.payments WHERE payment_status = 'pending';,B3_original_fewshot3
SELECT COUNT(DISTINCT order_id) AS distinct_order_count FROM build4all_research.payments WHERE payment_status = 'pending';,4.6734,True,True,True,,"{'shot_ids': ['B4A-FT-041-ARABIC', 'B4A-FT-011-ARABIC', 'B4A-FT-045-ARABIC'], 'shot_families': ['payments_count_by_status', 'orders_count_by_status', 'payments_dated_by_status']}",B4A-FT-044-ARABIC,B4A-FT-044,payments_orders_by_status,arabic,final_test,ما عدد الطلبات المختلفة عندما تكون حالة الدفع 'pending'؟,SELECT COUNT(DISTINCT order_id) AS distinct_order_count FROM build4all_research.payments WHERE payment_status = 'pending';,B3_original_fewshot3
SELECT COUNT(DISTINCT order_id) AS distinct_order_count FROM build4all_research.payments WHERE payment_status = 'pending';,4.8404,True,True,True,,"{'shot_ids': ['B4A-FT-041-FRENCH', 'B4A-FT-011-FRENCH', 'B4A-FT-012-FRENCH'], 'shot_families': ['payments_count_by_status', 'orders_count_by_status', 'orders_total_amount_by_status']}",B4A-FT-044-FRENCH,B4A-FT-044,payments_orders_by_status,french,final_test,Quel est le nombre de commandes distinctes lorsque le statut de paiement est 'pending' ?,SELECT COUNT(DISTINCT order_id) AS distinct_order_count FROM build4all_research.payments WHERE payment_status = 'pending';,B3_original_fewshot3
SELECT COUNT(DISTINCT order_id) AS distinct_order_count FROM build4all_research.payments WHERE payment_status = 'pending';,4.7523,True,True,True,,"{'shot_ids': ['B4A-FT-045-LEBANESE_ARABIZI', 'B4A-FT-042-LEBANESE_ARABIZI', 'B4A-FT-043-LEBANESE_ARABIZI'], 'shot_families': ['payments_dated_by_status', 'payments_total_by_status', 'payments_average_by_status']}",B4A-FT-044-LEBANESE_ARABIZI,B4A-FT-044,payments_orders_by_status,lebanese_arabizi,final_test,Adde 3adad el orders el mokhtalfe lama payment status ykoun 'pending'?,SELECT COUNT(DISTINCT order_id) AS distinct_order_count FROM build4all_research.payments WHERE payment_status = 'pending';,B3_original_fewshot3
SELECT COUNT(DISTINCT order_id) AS distinct_order_count FROM build4all_research.payments WHERE payment_status = 'refunded';,5.1576,True,True,True,,"{'shot_ids': ['B4A-FT-021-ENGLISH', 'B4A-FT-046-ENGLISH', 'B4A-FT-022-ENGLISH'], 'shot_families': ['orders_count_by_status', 'payments_count_by_status', 'orders_total_amount_by_status']}",B4A-FT-049-ENGLISH,B4A-FT-049,payments_orders_by_status,english,final_test,What is the number of distinct orders where payment status is 'refunded'?,SELECT COUNT(DISTINCT order_id) AS distinct_order_count FROM build4all_research.payments WHERE payment_status = 'refunded';,B3_original_fewshot3
"SELECT COUNT(DISTINCT orders.order_id) AS distinct_order_count
FROM build4all_research.orders
JOIN build4all_research.payments ON orders.order_id = payments.order_id
WHERE payments.payment_status = 'refunded';",6.3642,True,True,True,,"{'shot_ids': ['B4A-FT-021-ARABIC', 'B4A-FT-046-ARABIC', 'B4A-FT-022-ARABIC'], 'shot_families': ['orders_count_by_status', 'payments_count_by_status', 'orders_total_amount_by_status']}",B4A-FT-049-ARABIC,B4A-FT-049,payments_orders_by_status,arabic,final_test,ما عدد الطلبات المختلفة عندما تكون حالة الدفع 'refunded'؟,SELECT COUNT(DISTINCT order_id) AS distinct_order_count FROM build4all_research.payments WHERE payment_status = 'refunded';,B3_original_fewshot3
SELECT COUNT(DISTINCT order_id) AS distinct_order_count FROM build4all_research.payments WHERE payment_status = 'refunded';,5.0607,True,True,True,,"{'shot_ids': ['B4A-FT-021-FRENCH', 'B4A-FT-046-FRENCH', 'B4A-FT-022-FRENCH'], 'shot_families': ['orders_count_by_status', 'payments_count_by_status', 'orders_total_amount_by_status']}",B4A-FT-049-FRENCH,B4A-FT-049,payments_orders_by_status,french,final_test,Quel est le nombre de commandes distinctes lorsque le statut de paiement est 'refunded' ?,SELECT COUNT(DISTINCT order_id) AS distinct_order_count FROM build4all_research.payments WHERE payment_status = 'refunded';,B3_original_fewshot3
SELECT COUNT(DISTINCT order_id) AS distinct_order_count FROM build4all_research.payments WHERE payment_status = 'refunded';,4.7606,True,True,True,,"{'shot_ids': ['B4A-FT-050-LEBANESE_ARABIZI', 'B4A-FT-047-LEBANESE_ARABIZI', 'B4A-FT-048-LEBANESE_ARABIZI'], 'shot_families': ['payments_dated_by_status', 'payments_total_by_status', 'payments_average_by_status']}",B4A-FT-049-LEBANESE_ARABIZI,B4A-FT-049,payments_orders_by_status,lebanese_arabizi,final_test,Adde 3adad el orders el mokhtalfe lama payment status ykoun 'refunded'?,SELECT COUNT(DISTINCT order_id) AS distinct_order_count FROM build4all_research.payments WHERE payment_status = 'refunded';,B3_original_fewshot3
SELECT COUNT(*) AS product_count FROM build4all_research.products WHERE status = 'active';,4.455,True,True,True,,"{'shot_ids': ['B4A-FT-078-ENGLISH', 'B4A-FT-122-ENGLISH', 'B4A-FT-078-FRENCH'], 'shot_families': ['products_stock_by_status', 'active_products_below_stock_threshold', 'products_stock_by_status']}",B4A-FT-076-ENGLISH,B4A-FT-076,products_count_by_status,english,final_test,What is the number of products where product status is 'active'?,SELECT COUNT(*) AS product_count FROM build4all_research.products WHERE status = 'active';,B3_original_fewshot3
SELECT COUNT(*) AS active_product_count FROM build4all_research.products WHERE status = 'active';,4.1318,True,True,True,,"{'shot_ids': ['B4A-FT-078-ARABIC', 'B4A-FT-078-FRENCH', 'B4A-FT-078-ENGLISH'], 'shot_families': ['products_stock_by_status', 'products_stock_by_status', 'products_stock_by_status']}",B4A-FT-076-ARABIC,B4A-FT-076,products_count_by_status,arabic,final_test,ما عدد المنتجات عندما تكون حالة المنتج 'active'؟,SELECT COUNT(*) AS product_count FROM build4all_research.products WHERE status = 'active';,B3_original_fewshot3
SELECT COUNT(*) AS product_count FROM build4all_research.products WHERE status = 'active';,4.3035,True,True,True,,"{'shot_ids': ['B4A-FT-078-FRENCH', 'B4A-FT-083-FRENCH', 'B4A-FT-122-FRENCH'], 'shot_families': ['products_stock_by_status', 'products_stock_by_status', 'active_products_below_stock_threshold']}",B4A-FT-076-FRENCH,B4A-FT-076,products_count_by_status,french,final_test,Quel est le nombre de produits lorsque le statut du produit est 'active' ?,SELECT COUNT(*) AS product_count FROM build4all_research.products WHERE status = 'active';,B3_original_fewshot3
SELECT COUNT(*) AS product_count FROM build4all_research.products WHERE status = 'active';,3.9742,True,True,True,,"{'shot_ids': ['B4A-FT-078-LEBANESE_ARABIZI', 'B4A-FT-083-LEBANESE_ARABIZI', 'B4A-FT-041-LEBANESE_ARABIZI'], 'shot_families': ['products_stock_by_status', 'products_stock_by_status', 'payments_count_by_status']}",B4A-FT-076-LEBANESE_ARABIZI,B4A-FT-076,products_count_by_status,lebanese_arabizi,final_test,Adde 3adad el products lama product status ykoun 'active'?,SELECT COUNT(*) AS product_count FROM build4all_research.products WHERE status = 'active';,B3_original_fewshot3
SELECT COUNT(*) AS number_of_products FROM build4all_research.products WHERE status = 'discontinued';,4.2037,True,True,True,,"{'shot_ids': ['B4A-FT-083-ENGLISH', 'B4A-FT-083-FRENCH', 'B4A-FT-088-ENGLISH'], 'shot_families': ['products_stock_by_status', 'products_stock_by_status', 'products_stock_by_status']}",B4A-FT-081-ENGLISH,B4A-FT-081,products_count_by_status,english,final_test,What is the number of products where product status is 'discontinued'?,SELECT COUNT(*) AS product_count FROM build4all_research.products WHERE status = 'discontinued';,B3_original_fewshot3
SELECT COUNT(*) AS total_products FROM build4all_research.products WHERE status = 'discontinued';,4.3993,True,True,True,,"{'shot_ids': ['B4A-FT-083-ARABIC', 'B4A-FT-083-FRENCH', 'B4A-FT-083-ENGLISH'], 'shot_families': ['products_stock_by_status', 'products_stock_by_status', 'products_stock_by_status']}",B4A-FT-081-ARABIC,B4A-FT-081,products_count_by_status,arabic,final_test,ما عدد المنتجات عندما تكون حالة المنتج 'discontinued'؟,SELECT COUNT(*) AS product_count FROM build4all_research.products WHERE status = 'discontinued';,B3_original_fewshot3
SELECT COUNT(*) AS total_products FROM build4all_research.products WHERE status = 'discontinued';,4.1032,True,True,True,,"{'shot_ids': ['B4A-FT-083-FRENCH', 'B4A-FT-078-FRENCH', 'B4A-FT-083-ENGLISH'], 'shot_families': ['products_stock_by_status', 'products_stock_by_status', 'products_stock_by_status']}",B4A-FT-081-FRENCH,B4A-FT-081,products_count_by_status,french,final_test,Quel est le nombre de produits lorsque le statut du produit est 'discontinued' ?,SELECT COUNT(*) AS product_count FROM build4all_research.products WHERE status = 'discontinued';,B3_original_fewshot3
SELECT COUNT(*) AS product_count FROM build4all_research.products WHERE status = 'discontinued';,4.5836,True,True,True,,"{'shot_ids': ['B4A-FT-083-LEBANESE_ARABIZI', 'B4A-FT-041-LEBANESE_ARABIZI', 'B4A-FT-031-LEBANESE_ARABIZI'], 'shot_families': ['products_stock_by_status', 'payments_count_by_status', 'payments_count_by_status']}",B4A-FT-081-LEBANESE_ARABIZI,B4A-FT-081,products_count_by_status,lebanese_arabizi,final_test,Adde 3adad el products lama product status ykoun 'discontinued'?,SELECT COUNT(*) AS product_count FROM build4all_research.products WHERE status = 'discontinued';,B3_original_fewshot3
SELECT COUNT(*) AS product_count FROM build4all_research.products WHERE status = 'out_of_stock';,4.1682,True,True,True,,"{'shot_ids': ['B4A-FT-088-ENGLISH', 'B4A-FT-088-FRENCH', 'B4A-FT-083-ENGLISH'], 'shot_families': ['products_stock_by_status', 'products_stock_by_status', 'products_stock_by_status']}",B4A-FT-086-ENGLISH,B4A-FT-086,products_count_by_status,english,final_test,What is the number of products where product status is 'out_of_stock'?,SELECT COUNT(*) AS product_count FROM build4all_research.products WHERE status = 'out_of_stock';,B3_original_fewshot3
SELECT COUNT(*) AS total_products FROM build4all_research.products WHERE status = 'out_of_stock';,4.2628,True,True,True,,"{'shot_ids': ['B4A-FT-088-ARABIC', 'B4A-FT-088-FRENCH', 'B4A-FT-088-ENGLISH'], 'shot_families': ['products_stock_by_status', 'products_stock_by_status', 'products_stock_by_status']}",B4A-FT-086-ARABIC,B4A-FT-086,products_count_by_status,arabic,final_test,ما عدد المنتجات عندما تكون حالة المنتج 'out_of_stock'؟,SELECT COUNT(*) AS product_count FROM build4all_research.products WHERE status = 'out_of_stock';,B3_original_fewshot3
SELECT COUNT(*) AS total_products FROM build4all_research.products WHERE status = 'out_of_stock';,4.2036,True,True,True,,"{'shot_ids': ['B4A-FT-088-FRENCH', 'B4A-FT-083-FRENCH', 'B4A-FT-078-FRENCH'], 'shot_families': ['products_stock_by_status', 'products_stock_by_status', 'products_stock_by_status']}",B4A-FT-086-FRENCH,B4A-FT-086,products_count_by_status,french,final_test,Quel est le nombre de produits lorsque le statut du produit est 'out_of_stock' ?,SELECT COUNT(*) AS product_count FROM build4all_research.products WHERE status = 'out_of_stock';,B3_original_fewshot3
SELECT COUNT(*) AS total_products FROM build4all_research.products WHERE status = 'out_of_stock';,4.1626,True,True,True,,"{'shot_ids': ['B4A-FT-088-LEBANESE_ARABIZI', 'B4A-FT-088-ENGLISH', 'B4A-FT-083-LEBANESE_ARABIZI'], 'shot_families': ['products_stock_by_status', 'products_stock_by_status', 'products_stock_by_status']}",B4A-FT-086-LEBANESE_ARABIZI,B4A-FT-086,products_count_by_status,lebanese_arabizi,final_test,Adde 3adad el products lama product status ykoun 'out_of_stock'?,SELECT COUNT(*) AS product_count FROM build4all_research.products WHERE status = 'out_of_stock';,B3_original_fewshot3
SELECT COUNT(*) AS event_count FROM build4all_research.product_events WHERE event_type = 'add_to_cart';,4.669,True,True,True,,"{'shot_ids': ['B4A-FT-093-ENGLISH', 'B4A-FT-092-ENGLISH', 'B4A-FT-093-FRENCH'], 'shot_families': ['events_products_by_type', 'events_customers_by_type', 'events_products_by_type']}",B4A-FT-091-ENGLISH,B4A-FT-091,events_count_by_type,english,final_test,What is the number of events for event type 'add_to_cart'?,SELECT COUNT(*) AS event_count FROM build4all_research.product_events WHERE event_type = 'add_to_cart';,B3_original_fewshot3
SELECT COUNT(*) AS add_to_cart_event_count FROM build4all_research.product_events WHERE event_type = 'add_to_cart';,4.6974,True,True,True,,"{'shot_ids': ['B4A-FT-093-ARABIC', 'B4A-FT-092-ARABIC', 'B4A-FT-094-ARABIC'], 'shot_families': ['events_products_by_type', 'events_customers_by_type', 'events_august_by_type']}",B4A-FT-091-ARABIC,B4A-FT-091,events_count_by_type,arabic,final_test,ما عدد الأحداث لنوع الحدث 'add_to_cart'؟,SELECT COUNT(*) AS event_count FROM build4all_research.product_events WHERE event_type = 'add_to_cart';,B3_original_fewshot3
SELECT COUNT(*) AS add_to_cart_event_count FROM build4all_research.product_events WHERE event_type = 'add_to_cart';,5.345,True,True,True,,"{'shot_ids': ['B4A-FT-093-FRENCH', 'B4A-FT-092-FRENCH', 'B4A-FT-094-FRENCH'], 'shot_families': ['events_products_by_type', 'events_customers_by_type', 'events_august_by_type']}",B4A-FT-091-FRENCH,B4A-FT-091,events_count_by_type,french,final_test,Quel est le nombre d'événements pour le type d'événement 'add_to_cart' ?,SELECT COUNT(*) AS event_count FROM build4all_research.product_events WHERE event_type = 'add_to_cart';,B3_original_fewshot3
SELECT COUNT(*) AS add_to_cart_event_count FROM build4all_research.product_events WHERE event_type = 'add_to_cart';,4.7515,True,True,True,,"{'shot_ids': ['B4A-FT-093-LEBANESE_ARABIZI', 'B4A-FT-092-LEBANESE_ARABIZI', 'B4A-FT-094-LEBANESE_ARABIZI'], 'shot_families': ['events_products_by_type', 'events_customers_by_type', 'events_august_by_type']}",B4A-FT-091-LEBANESE_ARABIZI,B4A-FT-091,events_count_by_type,lebanese_arabizi,final_test,Adde 3adad el events la event type 'add_to_cart'?,SELECT COUNT(*) AS event_count FROM build4all_research.product_events WHERE event_type = 'add_to_cart';,B3_original_fewshot3
"SELECT product_id, COUNT(*) AS event_count
FROM build4all_research.product_events
WHERE event_type = 'add_to_cart'
GROUP BY product_id
ORDER BY event_count DESC
LIMIT 5;",6.9951,True,True,False,,"{'shot_ids': ['B4A-FT-093-ENGLISH', 'B4A-FT-093-LEBANESE_ARABIZI', 'B4A-FT-092-ENGLISH'], 'shot_families': ['events_products_by_type', 'events_products_by_type', 'events_customers_by_type']}",B4A-FT-095-ENGLISH,B4A-FT-095,events_top_products_by_type,english,final_test,What is the top five products by event count for event type 'add_to_cart'?,"SELECT p.product_id, p.name, COUNT(*) AS event_count FROM build4all_research.product_events AS pe JOIN build4all_research.products AS p ON p.product_id = pe.product_id WHERE pe.event_type = 'add_to_cart' GROUP BY p.product_id, p.name ORDER BY event_count DESC, p.product_id LIMIT 5;",B3_original_fewshot3
"SELECT product_id, COUNT(*) AS event_count
FROM build4all_research.product_events
WHERE event_type = 'add_to_cart'
GROUP BY product_id
ORDER BY event_count DESC
LIMIT 5;",6.0984,True,True,False,,"{'shot_ids': ['B4A-FT-093-ARABIC', 'B4A-FT-092-ARABIC', 'B4A-FT-103-ARABIC'], 'shot_families': ['events_products_by_type', 'events_customers_by_type', 'events_products_by_type']}",B4A-FT-095-ARABIC,B4A-FT-095,events_top_products_by_type,arabic,final_test,ما أعلى خمسة منتجات حسب عدد الأحداث لنوع الحدث 'add_to_cart'؟,"SELECT p.product_id, p.name, COUNT(*) AS event_count FROM build4all_research.product_events AS pe JOIN build4all_research.products AS p ON p.product_id = pe.product_id WHERE pe.event_type = 'add_to_cart' GROUP BY p.product_id, p.name ORDER BY event_count DESC, p.product_id LIMIT 5;",B3_original_fewshot3
"SELECT product_id, COUNT(*) AS event_count
FROM build4all_research.product_events
WHERE event_type = 'add_to_cart'
GROUP BY product_id
ORDER BY event_count DESC
LIMIT 5;",6.5562,True,True,False,,"{'shot_ids': ['B4A-FT-093-FRENCH', 'B4A-FT-092-FRENCH', 'B4A-FT-094-FRENCH'], 'shot_families': ['events_products_by_type', 'events_customers_by_type', 'events_august_by_type']}",B4A-FT-095-FRENCH,B4A-FT-095,events_top_products_by_type,french,final_test,Quel est le cinq produits principaux par nombre d'événements pour le type d'événement 'add_to_cart' ?,"SELECT p.product_id, p.name, COUNT(*) AS event_count FROM build4all_research.product_events AS pe JOIN build4all_research.products AS p ON p.product_id = pe.product_id WHERE pe.event_type = 'add_to_cart' GROUP BY p.product_id, p.name ORDER BY event_count DESC, p.product_id LIMIT 5;",B3_original_fewshot3
"SELECT product_id, COUNT(*) AS event_count FROM build4all_research.product_events WHERE event_type = 'add_to_cart' GROUP BY product_id ORDER BY event_count DESC LIMIT 5;",5.8088,True,True,False,,"{'shot_ids': ['B4A-FT-093-LEBANESE_ARABIZI', 'B4A-FT-092-LEBANESE_ARABIZI', 'B4A-FT-094-LEBANESE_ARABIZI'], 'shot_families': ['events_products_by_type', 'events_customers_by_type', 'events_august_by_type']}",B4A-FT-095-LEBANESE_ARABIZI,B4A-FT-095,events_top_products_by_type,lebanese_arabizi,final_test,Adde top 5 products 7asab 3adad el events la event type 'add_to_cart'?,"SELECT p.product_id, p.name, COUNT(*) AS event_count FROM build4all_research.product_events AS pe JOIN build4all_research.products AS p ON p.product_id = pe.product_id WHERE pe.event_type = 'add_to_cart' GROUP BY p.product_id, p.name ORDER BY event_count DESC, p.product_id LIMIT 5;",B3_original_fewshot3
SELECT COUNT(*) AS purchase_event_count FROM build4all_research.product_events WHERE event_type = 'purchase';,4.4496,True,True,True,,"{'shot_ids': ['B4A-FT-098-ENGLISH', 'B4A-FT-097-ENGLISH', 'B4A-FT-099-ENGLISH'], 'shot_families': ['events_products_by_type', 'events_customers_by_type', 'events_august_by_type']}",B4A-FT-096-ENGLISH,B4A-FT-096,events_count_by_type,english,final_test,What is the number of events for event type 'purchase'?,SELECT COUNT(*) AS event_count FROM build4all_research.product_events WHERE event_type = 'purchase';,B3_original_fewshot3
SELECT COUNT(*) AS total_purchase_events FROM build4all_research.product_events WHERE event_type = 'purchase';,4.4001,True,True,True,,"{'shot_ids': ['B4A-FT-098-ARABIC', 'B4A-FT-097-ARABIC', 'B4A-FT-099-ARABIC'], 'shot_families': ['events_products_by_type', 'events_customers_by_type', 'events_august_by_type']}",B4A-FT-096-ARABIC,B4A-FT-096,events_count_by_type,arabic,final_test,ما عدد الأحداث لنوع الحدث 'purchase'؟,SELECT COUNT(*) AS event_count FROM build4all_research.product_events WHERE event_type = 'purchase';,B3_original_fewshot3
SELECT COUNT(*) AS purchase_event_count FROM build4all_research.product_events WHERE event_type = 'purchase';,4.8042,True,True,True,,"{'shot_ids': ['B4A-FT-098-FRENCH', 'B4A-FT-097-FRENCH', 'B4A-FT-099-FRENCH'], 'shot_families': ['events_products_by_type', 'events_customers_by_type', 'events_august_by_type']}",B4A-FT-096-FRENCH,B4A-FT-096,events_count_by_type,french,final_test,Quel est le nombre d'événements pour le type d'événement 'purchase' ?,SELECT COUNT(*) AS event_count FROM build4all_research.product_events WHERE event_type = 'purchase';,B3_original_fewshot3
SELECT COUNT(*) AS total_purchase_events FROM build4all_research.product_events WHERE event_type = 'purchase';,4.4132,True,True,True,,"{'shot_ids': ['B4A-FT-098-LEBANESE_ARABIZI', 'B4A-FT-097-LEBANESE_ARABIZI', 'B4A-FT-099-LEBANESE_ARABIZI'], 'shot_families': ['events_products_by_type', 'events_customers_by_type', 'events_august_by_type']}",B4A-FT-096-LEBANESE_ARABIZI,B4A-FT-096,events_count_by_type,lebanese_arabizi,final_test,Adde 3adad el events la event type 'purchase'?,SELECT COUNT(*) AS event_count FROM build4all_research.product_events WHERE event_type = 'purchase';,B3_original_fewshot3
"SELECT product_id, COUNT(*) AS event_count
FROM build4all_research.product_events
WHERE event_type = 'purchase'
GROUP BY product_id
ORDER BY event_count DESC
LIMIT 5;",6.657,True,True,False,,"{'shot_ids': ['B4A-FT-098-ENGLISH', 'B4A-FT-097-ENGLISH', 'B4A-FT-098-LEBANESE_ARABIZI'], 'shot_families': ['events_products_by_type', 'events_customers_by_type', 'events_products_by_type']}",B4A-FT-100-ENGLISH,B4A-FT-100,events_top_products_by_type,english,final_test,What is the top five products by event count for event type 'purchase'?,"SELECT p.product_id, p.name, COUNT(*) AS event_count FROM build4all_research.product_events AS pe JOIN build4all_research.products AS p ON p.product_id = pe.product_id WHERE pe.event_type = 'purchase' GROUP BY p.product_id, p.name ORDER BY event_count DESC, p.product_id LIMIT 5;",B3_original_fewshot3
"SELECT product_id, COUNT(*) AS event_count
FROM build4all_research.product_events
WHERE event_type = 'purchase'
GROUP BY product_id
ORDER BY event_count DESC
LIMIT 5;",5.9174,True,True,False,,"{'shot_ids': ['B4A-FT-098-ARABIC', 'B4A-FT-097-ARABIC', 'B4A-FT-113-ARABIC'], 'shot_families': ['events_products_by_type', 'events_customers_by_type', 'events_products_by_type']}",B4A-FT-100-ARABIC,B4A-FT-100,events_top_products_by_type,arabic,final_test,ما أعلى خمسة منتجات حسب عدد الأحداث لنوع الحدث 'purchase'؟,"SELECT p.product_id, p.name, COUNT(*) AS event_count FROM build4all_research.product_events AS pe JOIN build4all_research.products AS p ON p.product_id = pe.product_id WHERE pe.event_type = 'purchase' GROUP BY p.product_id, p.name ORDER BY event_count DESC, p.product_id LIMIT 5;",B3_original_fewshot3
"SELECT product_id, COUNT(*) AS event_count
FROM build4all_research.product_events
WHERE event_type = 'purchase'
GROUP BY product_id
ORDER BY event_count DESC
LIMIT 5;",6.3317,True,True,False,,"{'shot_ids': ['B4A-FT-098-FRENCH', 'B4A-FT-097-FRENCH', 'B4A-FT-108-FRENCH'], 'shot_families': ['events_products_by_type', 'events_customers_by_type', 'events_products_by_type']}",B4A-FT-100-FRENCH,B4A-FT-100,events_top_products_by_type,french,final_test,Quel est le cinq produits principaux par nombre d'événements pour le type d'événement 'purchase' ?,"SELECT p.product_id, p.name, COUNT(*) AS event_count FROM build4all_research.product_events AS pe JOIN build4all_research.products AS p ON p.product_id = pe.product_id WHERE pe.event_type = 'purchase' GROUP BY p.product_id, p.name ORDER BY event_count DESC, p.product_id LIMIT 5;",B3_original_fewshot3
"SELECT product_id, COUNT(*) AS event_count FROM build4all_research.product_events WHERE event_type = 'purchase' GROUP BY product_id ORDER BY event_count DESC LIMIT 5;",5.609,True,True,False,,"{'shot_ids': ['B4A-FT-098-LEBANESE_ARABIZI', 'B4A-FT-097-LEBANESE_ARABIZI', 'B4A-FT-099-LEBANESE_ARABIZI'], 'shot_families': ['events_products_by_type', 'events_customers_by_type', 'events_august_by_type']}",B4A-FT-100-LEBANESE_ARABIZI,B4A-FT-100,events_top_products_by_type,lebanese_arabizi,final_test,Adde top 5 products 7asab 3adad el events la event type 'purchase'?,"SELECT p.product_id, p.name, COUNT(*) AS event_count FROM build4all_research.product_events AS pe JOIN build4all_research.products AS p ON p.product_id = pe.product_id WHERE pe.event_type = 'purchase' GROUP BY p.product_id, p.name ORDER BY event_count DESC, p.product_id LIMIT 5;",B3_original_fewshot3
SELECT COUNT(*) AS event_count FROM build4all_research.product_events WHERE event_type = 'remove_from_cart';,4.5216,True,True,True,,"{'shot_ids': ['B4A-FT-103-ENGLISH', 'B4A-FT-102-ENGLISH', 'B4A-FT-103-FRENCH'], 'shot_families': ['events_products_by_type', 'events_customers_by_type', 'events_products_by_type']}",B4A-FT-101-ENGLISH,B4A-FT-101,events_count_by_type,english,final_test,What is the number of events for event type 'remove_from_cart'?,SELECT COUNT(*) AS event_count FROM build4all_research.product_events WHERE event_type = 'remove_from_cart';,B3_original_fewshot3
SELECT COUNT(*) AS total_event_count FROM build4all_research.product_events WHERE event_type = 'remove_from_cart';,4.5275,True,True,True,,"{'shot_ids': ['B4A-FT-103-ARABIC', 'B4A-FT-102-ARABIC', 'B4A-FT-104-ARABIC'], 'shot_families': ['events_products_by_type', 'events_customers_by_type', 'events_august_by_type']}",B4A-FT-101-ARABIC,B4A-FT-101,events_count_by_type,arabic,final_test,ما عدد الأحداث لنوع الحدث 'remove_from_cart'؟,SELECT COUNT(*) AS event_count FROM build4all_research.product_events WHERE event_type = 'remove_from_cart';,B3_original_fewshot3
SELECT COUNT(*) AS remove_from_cart_event_count FROM build4all_research.product_events WHERE event_type = 'remove_from_cart';,5.3477,True,True,True,,"{'shot_ids': ['B4A-FT-103-FRENCH', 'B4A-FT-102-FRENCH', 'B4A-FT-104-FRENCH'], 'shot_families': ['events_products_by_type', 'events_customers_by_type', 'events_august_by_type']}",B4A-FT-101-FRENCH,B4A-FT-101,events_count_by_type,french,final_test,Quel est le nombre d'événements pour le type d'événement 'remove_from_cart' ?,SELECT COUNT(*) AS event_count FROM build4all_research.product_events WHERE event_type = 'remove_from_cart';,B3_original_fewshot3
SELECT COUNT(*) AS remove_from_cart_event_count FROM build4all_research.product_events WHERE event_type = 'remove_from_cart';,4.7309,True,True,True,,"{'shot_ids': ['B4A-FT-103-LEBANESE_ARABIZI', 'B4A-FT-102-LEBANESE_ARABIZI', 'B4A-FT-104-LEBANESE_ARABIZI'], 'shot_families': ['events_products_by_type', 'events_customers_by_type', 'events_august_by_type']}",B4A-FT-101-LEBANESE_ARABIZI,B4A-FT-101,events_count_by_type,lebanese_arabizi,final_test,Adde 3adad el events la event type 'remove_from_cart'?,SELECT COUNT(*) AS event_count FROM build4all_research.product_events WHERE event_type = 'remove_from_cart';,B3_original_fewshot3
"SELECT product_id, COUNT(*) AS event_count
FROM build4all_research.product_events
WHERE event_type = 'remove_from_cart'
GROUP BY product_id
ORDER BY event_count DESC
LIMIT 5;",6.8346,True,True,False,,"{'shot_ids': ['B4A-FT-103-ENGLISH', 'B4A-FT-103-LEBANESE_ARABIZI', 'B4A-FT-103-FRENCH'], 'shot_families': ['events_products_by_type', 'events_products_by_type', 'events_products_by_type']}",B4A-FT-105-ENGLISH,B4A-FT-105,events_top_products_by_type,english,final_test,What is the top five products by event count for event type 'remove_from_cart'?,"SELECT p.product_id, p.name, COUNT(*) AS event_count FROM build4all_research.product_events AS pe JOIN build4all_research.products AS p ON p.product_id = pe.product_id WHERE pe.event_type = 'remove_from_cart' GROUP BY p.product_id, p.name ORDER BY event_count DESC, p.product_id LIMIT 5;",B3_original_fewshot3
"SELECT product_id, COUNT(*) AS event_count
FROM build4all_research.product_events
WHERE event_type = 'remove_from_cart'
GROUP BY product_id
ORDER BY event_count DESC
LIMIT 5;",6.0878,True,True,False,,"{'shot_ids': ['B4A-FT-103-ARABIC', 'B4A-FT-102-ARABIC', 'B4A-FT-103-FRENCH'], 'shot_families': ['events_products_by_type', 'events_customers_by_type', 'events_products_by_type']}",B4A-FT-105-ARABIC,B4A-FT-105,events_top_products_by_type,arabic,final_test,ما أعلى خمسة منتجات حسب عدد الأحداث لنوع الحدث 'remove_from_cart'؟,"SELECT p.product_id, p.name, COUNT(*) AS event_count FROM build4all_research.product_events AS pe JOIN build4all_research.products AS p ON p.product_id = pe.product_id WHERE pe.event_type = 'remove_from_cart' GROUP BY p.product_id, p.name ORDER BY event_count DESC, p.product_id LIMIT 5;",B3_original_fewshot3
"SELECT product_id, COUNT(*) AS event_count
FROM build4all_research.product_events
WHERE event_type = 'remove_from_cart'
GROUP BY product_id
ORDER BY event_count DESC
LIMIT 5;",6.454,True,True,False,,"{'shot_ids': ['B4A-FT-103-FRENCH', 'B4A-FT-102-FRENCH', 'B4A-FT-103-ENGLISH'], 'shot_families': ['events_products_by_type', 'events_customers_by_type', 'events_products_by_type']}",B4A-FT-105-FRENCH,B4A-FT-105,events_top_products_by_type,french,final_test,Quel est le cinq produits principaux par nombre d'événements pour le type d'événement 'remove_from_cart' ?,"SELECT p.product_id, p.name, COUNT(*) AS event_count FROM build4all_research.product_events AS pe JOIN build4all_research.products AS p ON p.product_id = pe.product_id WHERE pe.event_type = 'remove_from_cart' GROUP BY p.product_id, p.name ORDER BY event_count DESC, p.product_id LIMIT 5;",B3_original_fewshot3
"SELECT product_id, COUNT(*) AS event_count FROM build4all_research.product_events WHERE event_type = 'remove_from_cart' GROUP BY product_id ORDER BY event_count DESC LIMIT 5;",5.8125,True,True,False,,"{'shot_ids': ['B4A-FT-103-LEBANESE_ARABIZI', 'B4A-FT-102-LEBANESE_ARABIZI', 'B4A-FT-104-LEBANESE_ARABIZI'], 'shot_families': ['events_products_by_type', 'events_customers_by_type', 'events_august_by_type']}",B4A-FT-105-LEBANESE_ARABIZI,B4A-FT-105,events_top_products_by_type,lebanese_arabizi,final_test,Adde top 5 products 7asab 3adad el events la event type 'remove_from_cart'?,"SELECT p.product_id, p.name, COUNT(*) AS event_count FROM build4all_research.product_events AS pe JOIN build4all_research.products AS p ON p.product_id = pe.product_id WHERE pe.event_type = 'remove_from_cart' GROUP BY p.product_id, p.name ORDER BY event_count DESC, p.product_id LIMIT 5;",B3_original_fewshot3
SELECT COUNT(*) AS search_event_count FROM build4all_research.product_events WHERE event_type = 'search';,4.4426,True,True,True,,"{'shot_ids': ['B4A-FT-108-ENGLISH', 'B4A-FT-107-ENGLISH', 'B4A-FT-109-ENGLISH'], 'shot_families': ['events_products_by_type', 'events_customers_by_type', 'events_august_by_type']}",B4A-FT-106-ENGLISH,B4A-FT-106,events_count_by_type,english,final_test,What is the number of events for event type 'search'?,SELECT COUNT(*) AS event_count FROM build4all_research.product_events WHERE event_type = 'search';,B3_original_fewshot3
SELECT COUNT(*) AS total_search_events FROM build4all_research.product_events WHERE event_type = 'search';,4.4273,True,True,True,,"{'shot_ids': ['B4A-FT-108-ARABIC', 'B4A-FT-107-ARABIC', 'B4A-FT-109-ARABIC'], 'shot_families': ['events_products_by_type', 'events_customers_by_type', 'events_august_by_type']}",B4A-FT-106-ARABIC,B4A-FT-106,events_count_by_type,arabic,final_test,ما عدد الأحداث لنوع الحدث 'search'؟,SELECT COUNT(*) AS event_count FROM build4all_research.product_events WHERE event_type = 'search';,B3_original_fewshot3
SELECT COUNT(*) AS total_search_events FROM build4all_research.product_events WHERE event_type = 'search';,4.71,True,True,True,,"{'shot_ids': ['B4A-FT-107-FRENCH', 'B4A-FT-108-FRENCH', 'B4A-FT-109-FRENCH'], 'shot_families': ['events_customers_by_type', 'events_products_by_type', 'events_august_by_type']}",B4A-FT-106-FRENCH,B4A-FT-106,events_count_by_type,french,final_test,Quel est le nombre d'événements pour le type d'événement 'search' ?,SELECT COUNT(*) AS event_count FROM build4all_research.product_events WHERE event_type = 'search';,B3_original_fewshot3
SELECT COUNT(*) AS search_event_count FROM build4all_research.product_events WHERE event_type = 'search';,4.4637,True,True,True,,"{'shot_ids': ['B4A-FT-108-LEBANESE_ARABIZI', 'B4A-FT-107-LEBANESE_ARABIZI', 'B4A-FT-109-LEBANESE_ARABIZI'], 'shot_families': ['events_products_by_type', 'events_customers_by_type', 'events_august_by_type']}",B4A-FT-106-LEBANESE_ARABIZI,B4A-FT-106,events_count_by_type,lebanese_arabizi,final_test,Adde 3adad el events la event type 'search'?,SELECT COUNT(*) AS event_count FROM build4all_research.product_events WHERE event_type = 'search';,B3_original_fewshot3
"SELECT product_id, COUNT(*) AS event_count
FROM build4all_research.product_events
WHERE event_type = 'search'
GROUP BY product_id
ORDER BY event_count DESC
LIMIT 5;",6.6067,True,True,False,,"{'shot_ids': ['B4A-FT-108-ENGLISH', 'B4A-FT-108-LEBANESE_ARABIZI', 'B4A-FT-107-ENGLISH'], 'shot_families': ['events_products_by_type', 'events_products_by_type', 'events_customers_by_type']}",B4A-FT-110-ENGLISH,B4A-FT-110,events_top_products_by_type,english,final_test,What is the top five products by event count for event type 'search'?,"SELECT p.product_id, p.name, COUNT(*) AS event_count FROM build4all_research.product_events AS pe JOIN build4all_research.products AS p ON p.product_id = pe.product_id WHERE pe.event_type = 'search' GROUP BY p.product_id, p.name ORDER BY event_count DESC, p.product_id LIMIT 5;",B3_original_fewshot3
"SELECT product_id, COUNT(*) AS event_count
FROM build4all_research.product_events
WHERE event_type = 'search'
GROUP BY product_id
ORDER BY event_count DESC
LIMIT 5;",5.9114,True,True,False,,"{'shot_ids': ['B4A-FT-108-ARABIC', 'B4A-FT-107-ARABIC', 'B4A-FT-113-ARABIC'], 'shot_families': ['events_products_by_type', 'events_customers_by_type', 'events_products_by_type']}",B4A-FT-110-ARABIC,B4A-FT-110,events_top_products_by_type,arabic,final_test,ما أعلى خمسة منتجات حسب عدد الأحداث لنوع الحدث 'search'؟,"SELECT p.product_id, p.name, COUNT(*) AS event_count FROM build4all_research.product_events AS pe JOIN build4all_research.products AS p ON p.product_id = pe.product_id WHERE pe.event_type = 'search' GROUP BY p.product_id, p.name ORDER BY event_count DESC, p.product_id LIMIT 5;",B3_original_fewshot3
"SELECT product_id, COUNT(*) AS event_count
FROM build4all_research.product_events
WHERE event_type = 'search'
GROUP BY product_id
ORDER BY event_count DESC
LIMIT 5;",6.3523,True,True,False,,"{'shot_ids': ['B4A-FT-108-FRENCH', 'B4A-FT-107-FRENCH', 'B4A-FT-113-FRENCH'], 'shot_families': ['events_products_by_type', 'events_customers_by_type', 'events_products_by_type']}",B4A-FT-110-FRENCH,B4A-FT-110,events_top_products_by_type,french,final_test,Quel est le cinq produits principaux par nombre d'événements pour le type d'événement 'search' ?,"SELECT p.product_id, p.name, COUNT(*) AS event_count FROM build4all_research.product_events AS pe JOIN build4all_research.products AS p ON p.product_id = pe.product_id WHERE pe.event_type = 'search' GROUP BY p.product_id, p.name ORDER BY event_count DESC, p.product_id LIMIT 5;",B3_original_fewshot3
"SELECT product_id, COUNT(*) AS event_count FROM build4all_research.product_events WHERE event_type = 'search' GROUP BY product_id ORDER BY event_count DESC LIMIT 5;",5.6747,True,True,False,,"{'shot_ids': ['B4A-FT-108-LEBANESE_ARABIZI', 'B4A-FT-107-LEBANESE_ARABIZI', 'B4A-FT-109-LEBANESE_ARABIZI'], 'shot_families': ['events_products_by_type', 'events_customers_by_type', 'events_august_by_type']}",B4A-FT-110-LEBANESE_ARABIZI,B4A-FT-110,events_top_products_by_type,lebanese_arabizi,final_test,Adde top 5 products 7asab 3adad el events la event type 'search'?,"SELECT p.product_id, p.name, COUNT(*) AS event_count FROM build4all_research.product_events AS pe JOIN build4all_research.products AS p ON p.product_id = pe.product_id WHERE pe.event_type = 'search' GROUP BY p.product_id, p.name ORDER BY event_count DESC, p.product_id LIMIT 5;",B3_original_fewshot3
SELECT COUNT(*) AS event_count FROM build4all_research.product_events WHERE event_type = 'view';,4.2227,True,True,True,,"{'shot_ids': ['B4A-FT-113-ENGLISH', 'B4A-FT-112-ENGLISH', 'B4A-FT-113-FRENCH'], 'shot_families': ['events_products_by_type', 'events_customers_by_type', 'events_products_by_type']}",B4A-FT-111-ENGLISH,B4A-FT-111,events_count_by_type,english,final_test,What is the number of events for event type 'view'?,SELECT COUNT(*) AS event_count FROM build4all_research.product_events WHERE event_type = 'view';,B3_original_fewshot3
SELECT COUNT(*) AS total_view_events FROM build4all_research.product_events WHERE event_type = 'view';,4.4479,True,True,True,,"{'shot_ids': ['B4A-FT-113-ARABIC', 'B4A-FT-112-ARABIC', 'B4A-FT-114-ARABIC'], 'shot_families': ['events_products_by_type', 'events_customers_by_type', 'events_august_by_type']}",B4A-FT-111-ARABIC,B4A-FT-111,events_count_by_type,arabic,final_test,ما عدد الأحداث لنوع الحدث 'view'؟,SELECT COUNT(*) AS event_count FROM build4all_research.product_events WHERE event_type = 'view';,B3_original_fewshot3
SELECT COUNT(*) AS total_view_events FROM build4all_research.product_events WHERE event_type = 'view';,4.9421,True,True,True,,"{'shot_ids': ['B4A-FT-112-FRENCH', 'B4A-FT-113-FRENCH', 'B4A-FT-114-FRENCH'], 'shot_families': ['events_customers_by_type', 'events_products_by_type', 'events_august_by_type']}",B4A-FT-111-FRENCH,B4A-FT-111,events_count_by_type,french,final_test,Quel est le nombre d'événements pour le type d'événement 'view' ?,SELECT COUNT(*) AS event_count FROM build4all_research.product_events WHERE event_type = 'view';,B3_original_fewshot3
SELECT COUNT(*) AS view_event_count FROM build4all_research.product_events WHERE event_type = 'view';,4.4258,True,True,True,,"{'shot_ids': ['B4A-FT-113-LEBANESE_ARABIZI', 'B4A-FT-112-LEBANESE_ARABIZI', 'B4A-FT-114-LEBANESE_ARABIZI'], 'shot_families': ['events_products_by_type', 'events_customers_by_type', 'events_august_by_type']}",B4A-FT-111-LEBANESE_ARABIZI,B4A-FT-111,events_count_by_type,lebanese_arabizi,final_test,Adde 3adad el events la event type 'view'?,SELECT COUNT(*) AS event_count FROM build4all_research.product_events WHERE event_type = 'view';,B3_original_fewshot3
"SELECT product_id, COUNT(*) AS event_count
FROM build4all_research.product_events
WHERE event_type = 'view'
GROUP BY product_id
ORDER BY event_count DESC
LIMIT 5;",6.7465,True,True,False,,"{'shot_ids': ['B4A-FT-113-ENGLISH', 'B4A-FT-112-ENGLISH', 'B4A-FT-113-LEBANESE_ARABIZI'], 'shot_families': ['events_products_by_type', 'events_customers_by_type', 'events_products_by_type']}",B4A-FT-115-ENGLISH,B4A-FT-115,events_top_products_by_type,english,final_test,What is the top five products by event count for event type 'view'?,"SELECT p.product_id, p.name, COUNT(*) AS event_count FROM build4all_research.product_events AS pe JOIN build4all_research.products AS p ON p.product_id = pe.product_id WHERE pe.event_type = 'view' GROUP BY p.product_id, p.name ORDER BY event_count DESC, p.product_id LIMIT 5;",B3_original_fewshot3
"SELECT product_id, COUNT(*) AS event_count
FROM build4all_research.product_events
WHERE event_type = 'view'
GROUP BY product_id
ORDER BY event_count DESC
LIMIT 5;",5.8511,True,True,False,,"{'shot_ids': ['B4A-FT-113-ARABIC', 'B4A-FT-112-ARABIC', 'B4A-FT-113-FRENCH'], 'shot_families': ['events_products_by_type', 'events_customers_by_type', 'events_products_by_type']}",B4A-FT-115-ARABIC,B4A-FT-115,events_top_products_by_type,arabic,final_test,ما أعلى خمسة منتجات حسب عدد الأحداث لنوع الحدث 'view'؟,"SELECT p.product_id, p.name, COUNT(*) AS event_count FROM build4all_research.product_events AS pe JOIN build4all_research.products AS p ON p.product_id = pe.product_id WHERE pe.event_type = 'view' GROUP BY p.product_id, p.name ORDER BY event_count DESC, p.product_id LIMIT 5;",B3_original_fewshot3
"SELECT product_id, COUNT(*) AS event_count
FROM build4all_research.product_events
WHERE event_type = 'view'
GROUP BY product_id
ORDER BY event_count DESC
LIMIT 5;",6.5132,True,True,False,,"{'shot_ids': ['B4A-FT-113-FRENCH', 'B4A-FT-112-FRENCH', 'B4A-FT-108-FRENCH'], 'shot_families': ['events_products_by_type', 'events_customers_by_type', 'events_products_by_type']}",B4A-FT-115-FRENCH,B4A-FT-115,events_top_products_by_type,french,final_test,Quel est le cinq produits principaux par nombre d'événements pour le type d'événement 'view' ?,"SELECT p.product_id, p.name, COUNT(*) AS event_count FROM build4all_research.product_events AS pe JOIN build4all_research.products AS p ON p.product_id = pe.product_id WHERE pe.event_type = 'view' GROUP BY p.product_id, p.name ORDER BY event_count DESC, p.product_id LIMIT 5;",B3_original_fewshot3
"SELECT product_id, COUNT(*) AS event_count 
FROM build4all_research.product_events 
WHERE event_type = 'view' 
GROUP BY product_id 
ORDER BY event_count DESC 
LIMIT 5;",5.9855,True,True,False,,"{'shot_ids': ['B4A-FT-113-LEBANESE_ARABIZI', 'B4A-FT-112-LEBANESE_ARABIZI', 'B4A-FT-113-ENGLISH'], 'shot_families': ['events_products_by_type', 'events_customers_by_type', 'events_products_by_type']}",B4A-FT-115-LEBANESE_ARABIZI,B4A-FT-115,events_top_products_by_type,lebanese_arabizi,final_test,Adde top 5 products 7asab 3adad el events la event type 'view'?,"SELECT p.product_id, p.name, COUNT(*) AS event_count FROM build4all_research.product_events AS pe JOIN build4all_research.products AS p ON p.product_id = pe.product_id WHERE pe.event_type = 'view' GROUP BY p.product_id, p.name ORDER BY event_count DESC, p.product_id LIMIT 5;",B3_original_fewshot3
SELECT COUNT(*) AS wishlist_event_count FROM build4all_research.product_events WHERE event_type = 'wishlist';,4.8332,True,True,True,,"{'shot_ids': ['B4A-FT-118-ENGLISH', 'B4A-FT-117-ENGLISH', 'B4A-FT-119-ENGLISH'], 'shot_families': ['events_products_by_type', 'events_customers_by_type', 'events_august_by_type']}",B4A-FT-116-ENGLISH,B4A-FT-116,events_count_by_type,english,final_test,What is the number of events for event type 'wishlist'?,SELECT COUNT(*) AS event_count FROM build4all_research.product_events WHERE event_type = 'wishlist';,B3_original_fewshot3
SELECT COUNT(*) AS total_wishlist_events FROM build4all_research.product_events WHERE event_type = 'wishlist';,4.5572,True,True,True,,"{'shot_ids': ['B4A-FT-118-ARABIC', 'B4A-FT-117-ARABIC', 'B4A-FT-119-ARABIC'], 'shot_families': ['events_products_by_type', 'events_customers_by_type', 'events_august_by_type']}",B4A-FT-116-ARABIC,B4A-FT-116,events_count_by_type,arabic,final_test,ما عدد الأحداث لنوع الحدث 'wishlist'؟,SELECT COUNT(*) AS event_count FROM build4all_research.product_events WHERE event_type = 'wishlist';,B3_original_fewshot3
SELECT COUNT(*) AS total_wishlist_events FROM build4all_research.product_events WHERE event_type = 'wishlist';,5.0902,True,True,True,,"{'shot_ids': ['B4A-FT-117-FRENCH', 'B4A-FT-118-FRENCH', 'B4A-FT-119-FRENCH'], 'shot_families': ['events_customers_by_type', 'events_products_by_type', 'events_august_by_type']}",B4A-FT-116-FRENCH,B4A-FT-116,events_count_by_type,french,final_test,Quel est le nombre d'événements pour le type d'événement 'wishlist' ?,SELECT COUNT(*) AS event_count FROM build4all_research.product_events WHERE event_type = 'wishlist';,B3_original_fewshot3
SELECT COUNT(*) AS wishlist_event_count FROM build4all_research.product_events WHERE event_type = 'wishlist';,4.4176,True,True,True,,"{'shot_ids': ['B4A-FT-118-LEBANESE_ARABIZI', 'B4A-FT-117-LEBANESE_ARABIZI', 'B4A-FT-119-LEBANESE_ARABIZI'], 'shot_families': ['events_products_by_type', 'events_customers_by_type', 'events_august_by_type']}",B4A-FT-116-LEBANESE_ARABIZI,B4A-FT-116,events_count_by_type,lebanese_arabizi,final_test,Adde 3adad el events la event type 'wishlist'?,SELECT COUNT(*) AS event_count FROM build4all_research.product_events WHERE event_type = 'wishlist';,B3_original_fewshot3
"SELECT product_id, COUNT(*) AS event_count
FROM build4all_research.product_events
WHERE event_type = 'wishlist'
GROUP BY product_id
ORDER BY event_count DESC
LIMIT 5;",6.7672,True,True,False,,"{'shot_ids': ['B4A-FT-118-ENGLISH', 'B4A-FT-117-ENGLISH', 'B4A-FT-118-FRENCH'], 'shot_families': ['events_products_by_type', 'events_customers_by_type', 'events_products_by_type']}",B4A-FT-120-ENGLISH,B4A-FT-120,events_top_products_by_type,english,final_test,What is the top five products by event count for event type 'wishlist'?,"SELECT p.product_id, p.name, COUNT(*) AS event_count FROM build4all_research.product_events AS pe JOIN build4all_research.products AS p ON p.product_id = pe.product_id WHERE pe.event_type = 'wishlist' GROUP BY p.product_id, p.name ORDER BY event_count DESC, p.product_id LIMIT 5;",B3_original_fewshot3
"SELECT product_id, COUNT(*) AS event_count
FROM build4all_research.product_events
WHERE event_type = 'wishlist'
GROUP BY product_id
ORDER BY event_count DESC
LIMIT 5;",5.8417,True,True,False,,"{'shot_ids': ['B4A-FT-118-ARABIC', 'B4A-FT-117-ARABIC', 'B4A-FT-118-FRENCH'], 'shot_families': ['events_products_by_type', 'events_customers_by_type', 'events_products_by_type']}",B4A-FT-120-ARABIC,B4A-FT-120,events_top_products_by_type,arabic,final_test,ما أعلى خمسة منتجات حسب عدد الأحداث لنوع الحدث 'wishlist'؟,"SELECT p.product_id, p.name, COUNT(*) AS event_count FROM build4all_research.product_events AS pe JOIN build4all_research.products AS p ON p.product_id = pe.product_id WHERE pe.event_type = 'wishlist' GROUP BY p.product_id, p.name ORDER BY event_count DESC, p.product_id LIMIT 5;",B3_original_fewshot3
"SELECT product_id, COUNT(*) AS event_count
FROM build4all_research.product_events
WHERE event_type = 'wishlist'
GROUP BY product_id
ORDER BY event_count DESC
LIMIT 5;",6.5058,True,True,False,,"{'shot_ids': ['B4A-FT-118-FRENCH', 'B4A-FT-117-FRENCH', 'B4A-FT-108-FRENCH'], 'shot_families': ['events_products_by_type', 'events_customers_by_type', 'events_products_by_type']}",B4A-FT-120-FRENCH,B4A-FT-120,events_top_products_by_type,french,final_test,Quel est le cinq produits principaux par nombre d'événements pour le type d'événement 'wishlist' ?,"SELECT p.product_id, p.name, COUNT(*) AS event_count FROM build4all_research.product_events AS pe JOIN build4all_research.products AS p ON p.product_id = pe.product_id WHERE pe.event_type = 'wishlist' GROUP BY p.product_id, p.name ORDER BY event_count DESC, p.product_id LIMIT 5;",B3_original_fewshot3
"SELECT product_id, COUNT(*) AS event_count FROM build4all_research.product_events WHERE event_type = 'wishlist' GROUP BY product_id ORDER BY event_count DESC LIMIT 5;",5.6042,True,True,False,,"{'shot_ids': ['B4A-FT-118-LEBANESE_ARABIZI', 'B4A-FT-117-LEBANESE_ARABIZI', 'B4A-FT-118-ENGLISH'], 'shot_families': ['events_products_by_type', 'events_customers_by_type', 'events_products_by_type']}",B4A-FT-120-LEBANESE_ARABIZI,B4A-FT-120,events_top_products_by_type,lebanese_arabizi,final_test,Adde top 5 products 7asab 3adad el events la event type 'wishlist'?,"SELECT p.product_id, p.name, COUNT(*) AS event_count FROM build4all_research.product_events AS pe JOIN build4all_research.products AS p ON p.product_id = pe.product_id WHERE pe.event_type = 'wishlist' GROUP BY p.product_id, p.name ORDER BY event_count DESC, p.product_id LIMIT 5;",B3_original_fewshot3
