question_id,intent_id,template_family,language,split,score_1,score_2,score_3,score_4,score_5,score_6,top_score,mean_score,std_score,gap_1_2,question_length,retrieved_documents,retrieved_chunk_ids
B4A-FT-001-ENGLISH,B4A-FT-001,orders_count_by_status,english,train,0.8330093622207642,0.8145675659179688,0.8135061264038086,0.810734748840332,0.7958939075469971,0.7893077731132507,0.8330093622207642,0.8095032473405203,0.014075958848549454,0.01844179630279541,63.0,Build4All_Sales_and_Order_Analytics_Policy_v2.0|Build4All_Sales_and_Order_Analytics_Policy_v2.0|Build4All_Sales_and_Order_Analytics_Policy_v2.0|Build4All_Sales_and_Order_Analytics_Policy_v2.0|Build4All_Customer_Regional_and_Shipping_Policy_v2.0|Build4All_Product_Events_and_Conversion_Policy_v2.0,21|20|18|19|3|7
B4A-FT-001-ARABIC,B4A-FT-001,orders_count_by_status,arabic,train,0.7588608264923096,0.7364929914474487,0.7350237369537354,0.734191358089447,0.733536958694458,0.731090247631073,0.7588608264923096,0.7381993532180786,0.009382910146507543,0.02236783504486084,47.0,Build4All_Sales_and_Order_Analytics_Policy_v2.0|Build4All_Product_Events_and_Conversion_Policy_v2.0|Build4All_Sales_and_Order_Analytics_Policy_v2.0|Build4All_Product_Events_and_Conversion_Policy_v2.0|Build4All_Product_Events_and_Conversion_Policy_v2.0|Build4All_Product_Inventory_and_Coupon_Policy_v2.0,21|6|18|9|8|12
B4A-FT-001-FRENCH,B4A-FT-001,orders_count_by_status,french,train,0.7751765251159668,0.7705579996109009,0.7680334448814392,0.7652812004089355,0.7642117738723755,0.7633264064788818,0.7751765251159668,0.76776455839475,0.004108921221433845,0.004618525505065918,64.0,Build4All_Sales_and_Order_Analytics_Policy_v2.0|Build4All_Sales_and_Order_Analytics_Policy_v2.0|Build4All_Product_Events_and_Conversion_Policy_v2.0|Build4All_Product_Inventory_and_Coupon_Policy_v2.0|Build4All_Sales_and_Order_Analytics_Policy_v2.0|Build4All_Customer_Regional_and_Shipping_Policy_v2.0,21|18|6|12|20|5
B4A-FT-001-LEBANESE_ARABIZI,B4A-FT-001,orders_count_by_status,lebanese_arabizi,train,0.7815427780151367,0.7758909463882446,0.7667648792266846,0.7647849321365356,0.7646108269691467,0.7624664306640625,0.7815427780151367,0.7693434655666351,0.006937981707204954,0.00565183162689209,64.0,Build4All_Sales_and_Order_Analytics_Policy_v2.0|Build4All_Product_Events_and_Conversion_Policy_v2.0|Build4All_Customer_Regional_and_Shipping_Policy_v2.0|Build4All_Sales_and_Order_Analytics_Policy_v2.0|Build4All_Sales_and_Order_Analytics_Policy_v2.0|Build4All_Product_Events_and_Conversion_Policy_v2.0,18|6|5|20|21|11
B4A-FT-002-ENGLISH,B4A-FT-002,orders_total_amount_by_status,english,train,0.8418647050857544,0.8329617977142334,0.8300282955169678,0.8226030468940735,0.8100693225860596,0.8040018677711487,0.8418647050857544,0.8235881725947062,0.013106771696819265,0.008902907371520996,70.0,Build4All_Sales_and_Order_Analytics_Policy_v2.0|Build4All_Sales_and_Order_Analytics_Policy_v2.0|Build4All_Sales_and_Order_Analytics_Policy_v2.0|Build4All_Sales_and_Order_Analytics_Policy_v2.0|Build4All_Sales_and_Order_Analytics_Policy_v2.0|Build4All_Sales_and_Order_Analytics_Policy_v2.0,21|19|20|18|24|22
B4A-FT-002-ARABIC,B4A-FT-002,orders_total_amount_by_status,arabic,train,0.7745714783668518,0.7580412030220032,0.7527196407318115,0.7518923282623291,0.7479344606399536,0.7432224154472351,0.7745714783668518,0.7547302544116974,0.009961142099493073,0.016530275344848633,55.0,Build4All_Sales_and_Order_Analytics_Policy_v2.0|Build4All_Sales_and_Order_Analytics_Policy_v2.0|Build4All_Sales_and_Order_Analytics_Policy_v2.0|Build4All_Product_Events_and_Conversion_Policy_v2.0|Build4All_Sales_and_Order_Analytics_Policy_v2.0|Build4All_Product_Events_and_Conversion_Policy_v2.0,21|20|19|8|18|6
B4A-FT-002-FRENCH,B4A-FT-002,orders_total_amount_by_status,french,train,0.7923370003700256,0.7922402620315552,0.7888310551643372,0.7848838567733765,0.7805205583572388,0.7792513370513916,0.7923370003700256,0.7863440116246542,0.005215645713955184,9.673833847045898e-05,72.0,Build4All_Sales_and_Order_Analytics_Policy_v2.0|Build4All_Sales_and_Order_Analytics_Policy_v2.0|Build4All_Sales_and_Order_Analytics_Policy_v2.0|Build4All_Sales_and_Order_Analytics_Policy_v2.0|Build4All_Product_Inventory_and_Coupon_Policy_v2.0|Build4All_Product_Events_and_Conversion_Policy_v2.0,21|20|19|18|12|6
B4A-FT-002-LEBANESE_ARABIZI,B4A-FT-002,orders_total_amount_by_status,lebanese_arabizi,train,0.7880276441574097,0.7832751274108887,0.7799351811408997,0.7778510451316833,0.7714958786964417,0.7711908221244812,0.7880276441574097,0.7786292831103007,0.006033797091163907,0.004752516746520996,72.0,Build4All_Sales_and_Order_Analytics_Policy_v2.0|Build4All_Product_Events_and_Conversion_Policy_v2.0|Build4All_Customer_Regional_and_Shipping_Policy_v2.0|Build4All_Sales_and_Order_Analytics_Policy_v2.0|Build4All_Product_Events_and_Conversion_Policy_v2.0|Build4All_Customer_Regional_and_Shipping_Policy_v2.0,18|6|5|20|9|1
B4A-FT-004-ENGLISH,B4A-FT-004,orders_discount_amount_by_status,english,train,0.855542004108429,0.8286161422729492,0.8269591927528381,0.8201549649238586,0.8189789652824402,0.8123539686203003,0.855542004108429,0.8271008729934692,0.013801547411719184,0.026925861835479736,73.0,Build4All_Sales_and_Order_Analytics_Policy_v2.0|Build4All_Sales_and_Order_Analytics_Policy_v2.0|Build4All_Sales_and_Order_Analytics_Policy_v2.0|Build4All_Product_Inventory_and_Coupon_Policy_v2.0|Build4All_Sales_and_Order_Analytics_Policy_v2.0|Build4All_Sales_and_Order_Analytics_Policy_v2.0,21|22|20|16|19|18
B4A-FT-004-ARABIC,B4A-FT-004,orders_discount_amount_by_status,arabic,train,0.7779520153999329,0.7494417428970337,0.7477859258651733,0.7446142435073853,0.7442995309829712,0.7428751587867737,0.7779520153999329,0.7511614362398783,0.012184008766106251,0.02851027250289917,53.0,Build4All_Sales_and_Order_Analytics_Policy_v2.0|Build4All_Sales_and_Order_Analytics_Policy_v2.0|Build4All_Product_Events_and_Conversion_Policy_v2.0|Build4All_Sales_and_Order_Analytics_Policy_v2.0|Build4All_Sales_and_Order_Analytics_Policy_v2.0|Build4All_Sales_and_Order_Analytics_Policy_v2.0,21|24|8|20|22|19
B4A-FT-004-FRENCH,B4A-FT-004,orders_discount_amount_by_status,french,train,0.795967698097229,0.7774372696876526,0.776128351688385,0.7756658792495728,0.7712085247039795,0.7700612545013428,0.795967698097229,0.7777448296546936,0.008571884008739582,0.018530428409576416,70.0,Build4All_Sales_and_Order_Analytics_Policy_v2.0|Build4All_Sales_and_Order_Analytics_Policy_v2.0|Build4All_Sales_and_Order_Analytics_Policy_v2.0|Build4All_Product_Events_and_Conversion_Policy_v2.0|Build4All_Sales_and_Order_Analytics_Policy_v2.0|Build4All_Product_Inventory_and_Coupon_Policy_v2.0,21|24|19|8|20|12
B4A-FT-004-LEBANESE_ARABIZI,B4A-FT-004,orders_discount_amount_by_status,lebanese_arabizi,train,0.7907942533493042,0.790267825126648,0.7902489900588989,0.7827756404876709,0.7821964621543884,0.7817623615264893,0.7907942533493042,0.7863409221172333,0.004110489020165285,0.00052642822265625,68.0,Build4All_Sales_and_Order_Analytics_Policy_v2.0|Build4All_Sales_and_Order_Analytics_Policy_v2.0|Build4All_Sales_and_Order_Analytics_Policy_v2.0|Build4All_Product_Inventory_and_Coupon_Policy_v2.0|Build4All_Product_Events_and_Conversion_Policy_v2.0|Build4All_Product_Inventory_and_Coupon_Policy_v2.0,20|21|18|16|6|17
B4A-FT-006-ENGLISH,B4A-FT-006,orders_count_by_status,english,train,0.8310272693634033,0.8264099955558777,0.8156229257583618,0.8046605587005615,0.8031836152076721,0.7994188070297241,0.8310272693634033,0.8133871952692667,0.011980172049805731,0.004617273807525635,63.0,Build4All_Sales_and_Order_Analytics_Policy_v2.0|Build4All_Sales_and_Order_Analytics_Policy_v2.0|Build4All_Sales_and_Order_Analytics_Policy_v2.0|Build4All_Customer_Regional_and_Shipping_Policy_v2.0|Build4All_Customer_Regional_and_Shipping_Policy_v2.0|Build4All_Sales_and_Order_Analytics_Policy_v2.0,19|18|20|1|3|21
B4A-FT-006-ARABIC,B4A-FT-006,orders_count_by_status,arabic,train,0.7499227523803711,0.7456486225128174,0.7444453239440918,0.740649938583374,0.7371107339859009,0.7365195751190186,0.7499227523803711,0.742382824420929,0.004777471059585677,0.004274129867553711,47.0,Build4All_Sales_and_Order_Analytics_Policy_v2.0|Build4All_Customer_Regional_and_Shipping_Policy_v2.0|Build4All_Sales_and_Order_Analytics_Policy_v2.0|Build4All_Customer_Regional_and_Shipping_Policy_v2.0|Build4All_Product_Events_and_Conversion_Policy_v2.0|Build4All_Product_Events_and_Conversion_Policy_v2.0,18|1|19|0|9|6
B4A-FT-006-FRENCH,B4A-FT-006,orders_count_by_status,french,train,0.783830463886261,0.7799052000045776,0.7733820676803589,0.7710444331169128,0.7702550888061523,0.7692815065383911,0.783830463886261,0.7746164600054423,0.005394982638717748,0.00392526388168335,64.0,Build4All_Sales_and_Order_Analytics_Policy_v2.0|Build4All_Sales_and_Order_Analytics_Policy_v2.0|Build4All_Customer_Regional_and_Shipping_Policy_v2.0|Build4All_Customer_Regional_and_Shipping_Policy_v2.0|Build4All_Product_Events_and_Conversion_Policy_v2.0|Build4All_Product_Inventory_and_Coupon_Policy_v2.0,18|19|5|1|6|12
B4A-FT-006-LEBANESE_ARABIZI,B4A-FT-006,orders_count_by_status,lebanese_arabizi,train,0.7844232320785522,0.7713003158569336,0.7683733105659485,0.7612206935882568,0.7605803608894348,0.7605690956115723,0.7844232320785522,0.7677445014317831,0.008530247166361235,0.013122916221618652,64.0,Build4All_Sales_and_Order_Analytics_Policy_v2.0|Build4All_Customer_Regional_and_Shipping_Policy_v2.0|Build4All_Product_Events_and_Conversion_Policy_v2.0|Build4All_Customer_Regional_and_Shipping_Policy_v2.0|Build4All_Sales_and_Order_Analytics_Policy_v2.0|Build4All_Customer_Regional_and_Shipping_Policy_v2.0,18|5|6|0|19|1
B4A-FT-007-ENGLISH,B4A-FT-007,orders_total_amount_by_status,english,train,0.8487680554389954,0.8322628736495972,0.8268568515777588,0.8153877854347229,0.8030686378479004,0.8025394678115845,0.8487680554389954,0.8214806119600931,0.016455272501606097,0.016505181789398193,70.0,Build4All_Sales_and_Order_Analytics_Policy_v2.0|Build4All_Sales_and_Order_Analytics_Policy_v2.0|Build4All_Sales_and_Order_Analytics_Policy_v2.0|Build4All_Sales_and_Order_Analytics_Policy_v2.0|Build4All_Sales_and_Order_Analytics_Policy_v2.0|Build4All_Customer_Regional_and_Shipping_Policy_v2.0,19|18|20|24|21|1
B4A-FT-007-ARABIC,B4A-FT-007,orders_total_amount_by_status,arabic,train,0.7739769220352173,0.7591143250465393,0.754409909248352,0.747529149055481,0.7455222010612488,0.7418440580368042,0.7739769220352173,0.7537327607472738,0.010696457132856082,0.014862596988677979,55.0,Build4All_Sales_and_Order_Analytics_Policy_v2.0|Build4All_Sales_and_Order_Analytics_Policy_v2.0|Build4All_Sales_and_Order_Analytics_Policy_v2.0|Build4All_Sales_and_Order_Analytics_Policy_v2.0|Build4All_Customer_Regional_and_Shipping_Policy_v2.0|Build4All_Product_Events_and_Conversion_Policy_v2.0,19|18|20|24|1|8
B4A-FT-007-FRENCH,B4A-FT-007,orders_total_amount_by_status,french,train,0.8046116232872009,0.7925845384597778,0.786983847618103,0.7784227132797241,0.7776845693588257,0.777482807636261,0.8046116232872009,0.7862950166066488,0.009910420795050473,0.012027084827423096,72.0,Build4All_Sales_and_Order_Analytics_Policy_v2.0|Build4All_Sales_and_Order_Analytics_Policy_v2.0|Build4All_Sales_and_Order_Analytics_Policy_v2.0|Build4All_Product_Inventory_and_Coupon_Policy_v2.0|Build4All_Customer_Regional_and_Shipping_Policy_v2.0|Build4All_Product_Events_and_Conversion_Policy_v2.0,19|18|20|12|1|6
B4A-FT-007-LEBANESE_ARABIZI,B4A-FT-007,orders_total_amount_by_status,lebanese_arabizi,train,0.7895057201385498,0.7833964228630066,0.7752695083618164,0.774505615234375,0.7738434076309204,0.7716406583786011,0.7895057201385498,0.7780268887678782,0.006309826107545183,0.006109297275543213,72.0,Build4All_Sales_and_Order_Analytics_Policy_v2.0|Build4All_Customer_Regional_and_Shipping_Policy_v2.0|Build4All_Sales_and_Order_Analytics_Policy_v2.0|Build4All_Customer_Regional_and_Shipping_Policy_v2.0|Build4All_Product_Events_and_Conversion_Policy_v2.0|Build4All_Sales_and_Order_Analytics_Policy_v2.0,18|5|19|1|6|20
B4A-FT-009-ENGLISH,B4A-FT-009,orders_discount_amount_by_status,english,train,0.8338949084281921,0.8306828737258911,0.8259281516075134,0.8257407546043396,0.8215391635894775,0.8139598369598389,0.8338949084281921,0.8252909481525421,0.006405457519043937,0.0032120347023010254,73.0,Build4All_Sales_and_Order_Analytics_Policy_v2.0|Build4All_Sales_and_Order_Analytics_Policy_v2.0|Build4All_Sales_and_Order_Analytics_Policy_v2.0|Build4All_Sales_and_Order_Analytics_Policy_v2.0|Build4All_Sales_and_Order_Analytics_Policy_v2.0|Build4All_Product_Inventory_and_Coupon_Policy_v2.0,19|22|20|21|18|16
B4A-FT-009-ARABIC,B4A-FT-009,orders_discount_amount_by_status,arabic,train,0.763372004032135,0.7546576261520386,0.7525184154510498,0.7484612464904785,0.7475706338882446,0.7461330890655518,0.763372004032135,0.752118835846583,0.005818536181406922,0.008714377880096436,53.0,Build4All_Sales_and_Order_Analytics_Policy_v2.0|Build4All_Sales_and_Order_Analytics_Policy_v2.0|Build4All_Sales_and_Order_Analytics_Policy_v2.0|Build4All_Sales_and_Order_Analytics_Policy_v2.0|Build4All_Customer_Regional_and_Shipping_Policy_v2.0|Build4All_Customer_Regional_and_Shipping_Policy_v2.0,19|24|18|22|1|0
B4A-FT-009-FRENCH,B4A-FT-009,orders_discount_amount_by_status,french,train,0.7915501594543457,0.7752014398574829,0.774300754070282,0.7675315141677856,0.7659381628036499,0.7656819820404053,0.7915501594543457,0.7733673353989919,0.008973705768789534,0.016348719596862793,70.0,Build4All_Sales_and_Order_Analytics_Policy_v2.0|Build4All_Sales_and_Order_Analytics_Policy_v2.0|Build4All_Sales_and_Order_Analytics_Policy_v2.0|Build4All_Sales_and_Order_Analytics_Policy_v2.0|Build4All_Product_Inventory_and_Coupon_Policy_v2.0|Build4All_Sales_and_Order_Analytics_Policy_v2.0,19|24|18|23|12|22
B4A-FT-009-LEBANESE_ARABIZI,B4A-FT-009,orders_discount_amount_by_status,lebanese_arabizi,train,0.7976030111312866,0.7924680709838867,0.7819545269012451,0.781491756439209,0.7805131673812866,0.779771625995636,0.7976030111312866,0.7856336931387583,0.00684651751849045,0.005134940147399902,68.0,Build4All_Sales_and_Order_Analytics_Policy_v2.0|Build4All_Sales_and_Order_Analytics_Policy_v2.0|Build4All_Sales_and_Order_Analytics_Policy_v2.0|Build4All_Sales_and_Order_Analytics_Policy_v2.0|Build4All_Customer_Regional_and_Shipping_Policy_v2.0|Build4All_Product_Inventory_and_Coupon_Policy_v2.0,18|20|19|24|5|12
B4A-FT-011-ENGLISH,B4A-FT-011,orders_count_by_status,english,train,0.8249602317810059,0.8183600306510925,0.8159194588661194,0.8078289031982422,0.8016628623008728,0.800295889377594,0.8249602317810059,0.8115045626958212,0.008977264584967485,0.00660020112991333,61.0,Build4All_Sales_and_Order_Analytics_Policy_v2.0|Build4All_Sales_and_Order_Analytics_Policy_v2.0|Build4All_Sales_and_Order_Analytics_Policy_v2.0|Build4All_Sales_and_Order_Analytics_Policy_v2.0|Build4All_Customer_Regional_and_Shipping_Policy_v2.0|Build4All_Customer_Regional_and_Shipping_Policy_v2.0,18|19|20|21|1|4
B4A-FT-011-ARABIC,B4A-FT-011,orders_count_by_status,arabic,train,0.7409820556640625,0.7399536967277527,0.7366349697113037,0.7345863580703735,0.7315090894699097,0.731211245059967,0.7409820556640625,0.7358129024505615,0.0037803127031429042,0.0010283589363098145,45.0,Build4All_Product_Events_and_Conversion_Policy_v2.0|Build4All_Sales_and_Order_Analytics_Policy_v2.0|Build4All_Product_Inventory_and_Coupon_Policy_v2.0|Build4All_Product_Events_and_Conversion_Policy_v2.0|Build4All_Product_Events_and_Conversion_Policy_v2.0|Build4All_Customer_Regional_and_Shipping_Policy_v2.0,9|18|17|10|8|1
B4A-FT-011-FRENCH,B4A-FT-011,orders_count_by_status,french,train,0.7882508635520935,0.774406909942627,0.7741327881813049,0.7709686756134033,0.7703539133071899,0.7702927589416504,0.7882508635520935,0.7747343182563782,0.006275102821813146,0.013843953609466553,62.0,Build4All_Sales_and_Order_Analytics_Policy_v2.0|Build4All_Customer_Regional_and_Shipping_Policy_v2.0|Build4All_Sales_and_Order_Analytics_Policy_v2.0|Build4All_Product_Inventory_and_Coupon_Policy_v2.0|Build4All_Sales_and_Order_Analytics_Policy_v2.0|Build4All_Product_Inventory_and_Coupon_Policy_v2.0,18|5|20|17|19|12
B4A-FT-011-LEBANESE_ARABIZI,B4A-FT-011,orders_count_by_status,lebanese_arabizi,train,0.7964235544204712,0.7812027931213379,0.7761679291725159,0.7700368165969849,0.7699676752090454,0.7698896527290344,0.7964235544204712,0.7772814035415649,0.009518855882507773,0.0152207612991333,62.0,Build4All_Sales_and_Order_Analytics_Policy_v2.0|Build4All_Customer_Regional_and_Shipping_Policy_v2.0|Build4All_Product_Events_and_Conversion_Policy_v2.0|Build4All_Product_Inventory_and_Coupon_Policy_v2.0|Build4All_Sales_and_Order_Analytics_Policy_v2.0|Build4All_Product_Inventory_and_Coupon_Policy_v2.0,18|5|6|17|20|12
B4A-FT-012-ENGLISH,B4A-FT-012,orders_total_amount_by_status,english,train,0.8366503715515137,0.8313156366348267,0.8282314538955688,0.8193020224571228,0.8118590116500854,0.8058551549911499,0.8366503715515137,0.8222022751967112,0.010884046019485453,0.005334734916687012,68.0,Build4All_Sales_and_Order_Analytics_Policy_v2.0|Build4All_Sales_and_Order_Analytics_Policy_v2.0|Build4All_Sales_and_Order_Analytics_Policy_v2.0|Build4All_Sales_and_Order_Analytics_Policy_v2.0|Build4All_Sales_and_Order_Analytics_Policy_v2.0|Build4All_Sales_and_Order_Analytics_Policy_v2.0,19|18|20|24|21|23
B4A-FT-012-ARABIC,B4A-FT-012,orders_total_amount_by_status,arabic,train,0.7489646077156067,0.7483925223350525,0.7483717799186707,0.7461315989494324,0.7450963258743286,0.7446737289428711,0.7489646077156067,0.746938427289327,0.0017052598763592712,0.0005720853805541992,53.0,Build4All_Sales_and_Order_Analytics_Policy_v2.0|Build4All_Sales_and_Order_Analytics_Policy_v2.0|Build4All_Sales_and_Order_Analytics_Policy_v2.0|Build4All_Product_Events_and_Conversion_Policy_v2.0|Build4All_Sales_and_Order_Analytics_Policy_v2.0|Build4All_Product_Inventory_and_Coupon_Policy_v2.0,19|20|18|8|24|17
B4A-FT-012-FRENCH,B4A-FT-012,orders_total_amount_by_status,french,train,0.8004682064056396,0.7999639511108398,0.7998790740966797,0.7870762348175049,0.7834162712097168,0.7806004285812378,0.8004682064056396,0.7919006943702698,0.00841654885771383,0.0005042552947998047,70.0,Build4All_Sales_and_Order_Analytics_Policy_v2.0|Build4All_Sales_and_Order_Analytics_Policy_v2.0|Build4All_Sales_and_Order_Analytics_Policy_v2.0|Build4All_Sales_and_Order_Analytics_Policy_v2.0|Build4All_Product_Inventory_and_Coupon_Policy_v2.0|Build4All_Product_Inventory_and_Coupon_Policy_v2.0,20|18|19|24|12|17
B4A-FT-012-LEBANESE_ARABIZI,B4A-FT-012,orders_total_amount_by_status,lebanese_arabizi,train,0.8012260794639587,0.7955599427223206,0.7847142219543457,0.7832954525947571,0.7817552089691162,0.7813044786453247,0.8012260794639587,0.7879758973916372,0.007624903837876038,0.005666136741638184,70.0,Build4All_Sales_and_Order_Analytics_Policy_v2.0|Build4All_Customer_Regional_and_Shipping_Policy_v2.0|Build4All_Customer_Regional_and_Shipping_Policy_v2.0|Build4All_Product_Events_and_Conversion_Policy_v2.0|Build4All_Sales_and_Order_Analytics_Policy_v2.0|Build4All_Product_Events_and_Conversion_Policy_v2.0,18|5|1|6|20|9
B4A-FT-014-ENGLISH,B4A-FT-014,orders_discount_amount_by_status,english,train,0.8309854865074158,0.8253317475318909,0.825289249420166,0.8245195746421814,0.8197107315063477,0.8183754682540894,0.8309854865074158,0.8240353763103485,0.004133770832657385,0.005653738975524902,71.0,Build4All_Sales_and_Order_Analytics_Policy_v2.0|Build4All_Sales_and_Order_Analytics_Policy_v2.0|Build4All_Sales_and_Order_Analytics_Policy_v2.0|Build4All_Product_Inventory_and_Coupon_Policy_v2.0|Build4All_Sales_and_Order_Analytics_Policy_v2.0|Build4All_Sales_and_Order_Analytics_Policy_v2.0,21|20|22|16|19|18
B4A-FT-014-ARABIC,B4A-FT-014,orders_discount_amount_by_status,arabic,train,0.7487567663192749,0.7458388209342957,0.7439295053482056,0.7438616752624512,0.7409669160842896,0.737612247467041,0.7487567663192749,0.743494321902593,0.0035237506037938196,0.002917945384979248,51.0,Build4All_Sales_and_Order_Analytics_Policy_v2.0|Build4All_Sales_and_Order_Analytics_Policy_v2.0|Build4All_Product_Events_and_Conversion_Policy_v2.0|Build4All_Sales_and_Order_Analytics_Policy_v2.0|Build4All_Sales_and_Order_Analytics_Policy_v2.0|Build4All_Sales_and_Order_Analytics_Policy_v2.0,24|21|8|23|18|19
B4A-FT-014-FRENCH,B4A-FT-014,orders_discount_amount_by_status,french,train,0.7849915027618408,0.7808970212936401,0.7796958684921265,0.7777355909347534,0.7770555019378662,0.7758351564407349,0.7849915027618408,0.7793684403101603,0.003015586628160439,0.004094481468200684,68.0,Build4All_Sales_and_Order_Analytics_Policy_v2.0|Build4All_Sales_and_Order_Analytics_Policy_v2.0|Build4All_Sales_and_Order_Analytics_Policy_v2.0|Build4All_Sales_and_Order_Analytics_Policy_v2.0|Build4All_Sales_and_Order_Analytics_Policy_v2.0|Build4All_Product_Events_and_Conversion_Policy_v2.0,24|23|19|21|18|8
B4A-FT-014-LEBANESE_ARABIZI,B4A-FT-014,orders_discount_amount_by_status,lebanese_arabizi,train,0.8041877746582031,0.7990599870681763,0.7950538992881775,0.7931718230247498,0.7918658256530762,0.7879647016525269,0.8041877746582031,0.7952173352241516,0.00521662244539368,0.0051277875900268555,66.0,Build4All_Sales_and_Order_Analytics_Policy_v2.0|Build4All_Sales_and_Order_Analytics_Policy_v2.0|Build4All_Product_Inventory_and_Coupon_Policy_v2.0|Build4All_Product_Inventory_and_Coupon_Policy_v2.0|Build4All_Sales_and_Order_Analytics_Policy_v2.0|Build4All_Customer_Regional_and_Shipping_Policy_v2.0,18|20|17|16|24|5
B4A-FT-016-ENGLISH,B4A-FT-016,orders_count_by_status,english,train,0.8245589137077332,0.8229451775550842,0.8212604522705078,0.8111093044281006,0.8074615001678467,0.8068042993545532,0.8245589137077332,0.8156899412473043,0.007415881916074545,0.0016137361526489258,64.0,Build4All_Sales_and_Order_Analytics_Policy_v2.0|Build4All_Sales_and_Order_Analytics_Policy_v2.0|Build4All_Sales_and_Order_Analytics_Policy_v2.0|Build4All_Sales_and_Order_Analytics_Policy_v2.0|Build4All_Customer_Regional_and_Shipping_Policy_v2.0|Build4All_Product_Events_and_Conversion_Policy_v2.0,18|19|20|21|3|7
B4A-FT-016-ARABIC,B4A-FT-016,orders_count_by_status,arabic,train,0.765777051448822,0.7503862977027893,0.7494109869003296,0.7489289045333862,0.7487419247627258,0.744608461856842,0.765777051448822,0.7513089378674825,0.006719750579080708,0.015390753746032715,48.0,Build4All_Product_Events_and_Conversion_Policy_v2.0|Build4All_Product_Events_and_Conversion_Policy_v2.0|Build4All_Sales_and_Order_Analytics_Policy_v2.0|Build4All_Product_Events_and_Conversion_Policy_v2.0|Build4All_Product_Events_and_Conversion_Policy_v2.0|Build4All_Customer_Regional_and_Shipping_Policy_v2.0,9|7|18|6|8|4
B4A-FT-016-FRENCH,B4A-FT-016,orders_count_by_status,french,train,0.7737826704978943,0.7712428569793701,0.7703489661216736,0.7678926587104797,0.7663337588310242,0.7654934525489807,0.7737826704978943,0.7691823939482371,0.002891233028009199,0.00253981351852417,65.0,Build4All_Sales_and_Order_Analytics_Policy_v2.0|Build4All_Product_Events_and_Conversion_Policy_v2.0|Build4All_Customer_Regional_and_Shipping_Policy_v2.0|Build4All_Product_Events_and_Conversion_Policy_v2.0|Build4All_Sales_and_Order_Analytics_Policy_v2.0|Build4All_Product_Inventory_and_Coupon_Policy_v2.0,18|6|5|7|20|12
B4A-FT-016-LEBANESE_ARABIZI,B4A-FT-016,orders_count_by_status,lebanese_arabizi,train,0.7979764938354492,0.7882857322692871,0.7864333987236023,0.7828077077865601,0.7766208648681641,0.7764406800270081,0.7979764938354492,0.7847608129183451,0.007406920267046025,0.00969076156616211,65.0,Build4All_Sales_and_Order_Analytics_Policy_v2.0|Build4All_Customer_Regional_and_Shipping_Policy_v2.0|Build4All_Product_Events_and_Conversion_Policy_v2.0|Build4All_Product_Events_and_Conversion_Policy_v2.0|Build4All_Product_Events_and_Conversion_Policy_v2.0|Build4All_Product_Inventory_and_Coupon_Policy_v2.0,18|5|6|11|9|17
B4A-FT-017-ENGLISH,B4A-FT-017,orders_total_amount_by_status,english,train,0.8434704542160034,0.8339585065841675,0.8329620957374573,0.8162901401519775,0.8149299621582031,0.8063620328903198,0.8434704542160034,0.8246621986230215,0.012966392249219319,0.009511947631835938,71.0,Build4All_Sales_and_Order_Analytics_Policy_v2.0|Build4All_Sales_and_Order_Analytics_Policy_v2.0|Build4All_Sales_and_Order_Analytics_Policy_v2.0|Build4All_Sales_and_Order_Analytics_Policy_v2.0|Build4All_Sales_and_Order_Analytics_Policy_v2.0|Build4All_Product_Events_and_Conversion_Policy_v2.0,19|20|18|24|21|7
B4A-FT-017-ARABIC,B4A-FT-017,orders_total_amount_by_status,arabic,train,0.756523609161377,0.7561818361282349,0.7558050155639648,0.7546759843826294,0.752083957195282,0.7520709037780762,0.756523609161377,0.7545568843682607,0.0018428220761848074,0.00034177303314208984,56.0,Build4All_Product_Events_and_Conversion_Policy_v2.0|Build4All_Product_Events_and_Conversion_Policy_v2.0|Build4All_Sales_and_Order_Analytics_Policy_v2.0|Build4All_Sales_and_Order_Analytics_Policy_v2.0|Build4All_Product_Events_and_Conversion_Policy_v2.0|Build4All_Sales_and_Order_Analytics_Policy_v2.0,8|9|20|19|7|18
B4A-FT-017-FRENCH,B4A-FT-017,orders_total_amount_by_status,french,train,0.79701167345047,0.7969203591346741,0.7907305955886841,0.7840360999107361,0.7833763360977173,0.7810999751091003,0.79701167345047,0.7888625065485636,0.006435278131188168,9.131431579589844e-05,73.0,Build4All_Sales_and_Order_Analytics_Policy_v2.0|Build4All_Sales_and_Order_Analytics_Policy_v2.0|Build4All_Sales_and_Order_Analytics_Policy_v2.0|Build4All_Product_Events_and_Conversion_Policy_v2.0|Build4All_Product_Events_and_Conversion_Policy_v2.0|Build4All_Product_Inventory_and_Coupon_Policy_v2.0,19|20|18|7|6|12
B4A-FT-017-LEBANESE_ARABIZI,B4A-FT-017,orders_total_amount_by_status,lebanese_arabizi,train,0.7996694445610046,0.798639714717865,0.7900477051734924,0.7888921499252319,0.7859100699424744,0.7856414318084717,0.7996694445610046,0.79146675268809,0.005659636324648949,0.0010297298431396484,73.0,Build4All_Sales_and_Order_Analytics_Policy_v2.0|Build4All_Customer_Regional_and_Shipping_Policy_v2.0|Build4All_Product_Events_and_Conversion_Policy_v2.0|Build4All_Product_Events_and_Conversion_Policy_v2.0|Build4All_Customer_Regional_and_Shipping_Policy_v2.0|Build4All_Product_Events_and_Conversion_Policy_v2.0,18|5|6|9|1|11
B4A-FT-019-ENGLISH,B4A-FT-019,orders_discount_amount_by_status,english,train,0.8346741199493408,0.8327587842941284,0.8322337865829468,0.827511191368103,0.8211180567741394,0.8191479444503784,0.8346741199493408,0.8279073139031728,0.005930461948098618,0.0019153356552124023,74.0,Build4All_Sales_and_Order_Analytics_Policy_v2.0|Build4All_Sales_and_Order_Analytics_Policy_v2.0|Build4All_Sales_and_Order_Analytics_Policy_v2.0|Build4All_Sales_and_Order_Analytics_Policy_v2.0|Build4All_Sales_and_Order_Analytics_Policy_v2.0|Build4All_Product_Inventory_and_Coupon_Policy_v2.0,21|22|20|19|18|16
B4A-FT-019-ARABIC,B4A-FT-019,orders_discount_amount_by_status,arabic,train,0.7573338150978088,0.7546570301055908,0.7520729303359985,0.7496793270111084,0.7493011951446533,0.748226523399353,0.7573338150978088,0.7518784701824188,0.003223204687843414,0.0026767849922180176,54.0,Build4All_Product_Events_and_Conversion_Policy_v2.0|Build4All_Sales_and_Order_Analytics_Policy_v2.0|Build4All_Sales_and_Order_Analytics_Policy_v2.0|Build4All_Sales_and_Order_Analytics_Policy_v2.0|Build4All_Sales_and_Order_Analytics_Policy_v2.0|Build4All_Product_Events_and_Conversion_Policy_v2.0,8|24|21|18|19|9
B4A-FT-019-FRENCH,B4A-FT-019,orders_discount_amount_by_status,french,train,0.7847050428390503,0.7815608978271484,0.7811353206634521,0.7757733464241028,0.7739881277084351,0.7725323438644409,0.7847050428390503,0.778282513221105,0.004433533489189047,0.0031441450119018555,71.0,Build4All_Sales_and_Order_Analytics_Policy_v2.0|Build4All_Product_Events_and_Conversion_Policy_v2.0|Build4All_Sales_and_Order_Analytics_Policy_v2.0|Build4All_Sales_and_Order_Analytics_Policy_v2.0|Build4All_Sales_and_Order_Analytics_Policy_v2.0|Build4All_Sales_and_Order_Analytics_Policy_v2.0,19|8|24|20|22|18
B4A-FT-019-LEBANESE_ARABIZI,B4A-FT-019,orders_discount_amount_by_status,lebanese_arabizi,train,0.8041846752166748,0.800646185874939,0.7975547313690186,0.7921040058135986,0.7908527255058289,0.7900370359420776,0.8041846752166748,0.7958965599536896,0.005294007428727807,0.00353848934173584,69.0,Build4All_Sales_and_Order_Analytics_Policy_v2.0|Build4All_Sales_and_Order_Analytics_Policy_v2.0|Build4All_Product_Inventory_and_Coupon_Policy_v2.0|Build4All_Customer_Regional_and_Shipping_Policy_v2.0|Build4All_Product_Inventory_and_Coupon_Policy_v2.0|Build4All_Sales_and_Order_Analytics_Policy_v2.0,18|20|17|5|16|24
B4A-FT-021-ENGLISH,B4A-FT-021,orders_count_by_status,english,train,0.8417478799819946,0.8412572741508484,0.8374700546264648,0.8206692934036255,0.8047096729278564,0.8045172095298767,0.8417478799819946,0.8250618974367777,0.01607413460137899,0.0004906058311462402,62.0,Build4All_Sales_and_Order_Analytics_Policy_v2.0|Build4All_Sales_and_Order_Analytics_Policy_v2.0|Build4All_Sales_and_Order_Analytics_Policy_v2.0|Build4All_Sales_and_Order_Analytics_Policy_v2.0|Build4All_Customer_Regional_and_Shipping_Policy_v2.0|Build4All_Sales_and_Order_Analytics_Policy_v2.0,24|19|21|18|4|20
B4A-FT-021-ARABIC,B4A-FT-021,orders_count_by_status,arabic,train,0.7804225087165833,0.7618334889411926,0.7552167177200317,0.7482014894485474,0.7465726137161255,0.7453741431236267,0.7804225087165833,0.7562701602776846,0.012201539180492457,0.018589019775390625,46.0,Build4All_Sales_and_Order_Analytics_Policy_v2.0|Build4All_Sales_and_Order_Analytics_Policy_v2.0|Build4All_Sales_and_Order_Analytics_Policy_v2.0|Build4All_Customer_Regional_and_Shipping_Policy_v2.0|Build4All_Product_Inventory_and_Coupon_Policy_v2.0|Build4All_Product_Events_and_Conversion_Policy_v2.0,24|21|19|0|17|8
B4A-FT-021-FRENCH,B4A-FT-021,orders_count_by_status,french,train,0.8088303804397583,0.8043112754821777,0.7925395965576172,0.7915648221969604,0.7866542935371399,0.783668041229248,0.8088303804397583,0.7945947349071503,0.00906377380036033,0.004519104957580566,63.0,Build4All_Sales_and_Order_Analytics_Policy_v2.0|Build4All_Sales_and_Order_Analytics_Policy_v2.0|Build4All_Sales_and_Order_Analytics_Policy_v2.0|Build4All_Sales_and_Order_Analytics_Policy_v2.0|Build4All_Customer_Regional_and_Shipping_Policy_v2.0|Build4All_Customer_Regional_and_Shipping_Policy_v2.0,24|19|18|21|5|0
B4A-FT-021-LEBANESE_ARABIZI,B4A-FT-021,orders_count_by_status,lebanese_arabizi,train,0.8066849708557129,0.7930089235305786,0.782772958278656,0.782363772392273,0.7796401977539062,0.7766145467758179,0.8066849708557129,0.7868475615978241,0.010205003925409782,0.013676047325134277,63.0,Build4All_Sales_and_Order_Analytics_Policy_v2.0|Build4All_Sales_and_Order_Analytics_Policy_v2.0|Build4All_Sales_and_Order_Analytics_Policy_v2.0|Build4All_Customer_Regional_and_Shipping_Policy_v2.0|Build4All_Customer_Regional_and_Shipping_Policy_v2.0|Build4All_Product_Events_and_Conversion_Policy_v2.0,24|18|19|5|0|6
B4A-FT-022-ENGLISH,B4A-FT-022,orders_total_amount_by_status,english,train,0.8573877215385437,0.8526922464370728,0.8363195061683655,0.8284000158309937,0.8144692778587341,0.8055585622787476,0.8573877215385437,0.8324712216854095,0.01875040904170346,0.004695475101470947,69.0,Build4All_Sales_and_Order_Analytics_Policy_v2.0|Build4All_Sales_and_Order_Analytics_Policy_v2.0|Build4All_Sales_and_Order_Analytics_Policy_v2.0|Build4All_Sales_and_Order_Analytics_Policy_v2.0|Build4All_Sales_and_Order_Analytics_Policy_v2.0|Build4All_Sales_and_Order_Analytics_Policy_v2.0,24|19|21|18|20|23
B4A-FT-022-ARABIC,B4A-FT-022,orders_total_amount_by_status,arabic,train,0.7896062731742859,0.7742576599121094,0.7645415663719177,0.7527729868888855,0.7490203380584717,0.7488382458686829,0.7896062731742859,0.7631728450457255,0.014929857548950229,0.015348613262176514,54.0,Build4All_Sales_and_Order_Analytics_Policy_v2.0|Build4All_Sales_and_Order_Analytics_Policy_v2.0|Build4All_Sales_and_Order_Analytics_Policy_v2.0|Build4All_Product_Events_and_Conversion_Policy_v2.0|Build4All_Sales_and_Order_Analytics_Policy_v2.0|Build4All_Product_Inventory_and_Coupon_Policy_v2.0,24|19|21|8|18|17
B4A-FT-022-FRENCH,B4A-FT-022,orders_total_amount_by_status,french,train,0.8261510729789734,0.8253793716430664,0.8025818467140198,0.7996637225151062,0.7933475375175476,0.7927253246307373,0.8261510729789734,0.8066414793332418,0.013948063248801155,0.0007717013359069824,71.0,Build4All_Sales_and_Order_Analytics_Policy_v2.0|Build4All_Sales_and_Order_Analytics_Policy_v2.0|Build4All_Sales_and_Order_Analytics_Policy_v2.0|Build4All_Sales_and_Order_Analytics_Policy_v2.0|Build4All_Customer_Regional_and_Shipping_Policy_v2.0|Build4All_Product_Inventory_and_Coupon_Policy_v2.0,24|19|18|21|0|12
B4A-FT-022-LEBANESE_ARABIZI,B4A-FT-022,orders_total_amount_by_status,lebanese_arabizi,train,0.8191752433776855,0.8002411127090454,0.7982686758041382,0.7972501516342163,0.7911741733551025,0.7879623770713806,0.8191752433776855,0.7990119556585947,0.009960333289703246,0.018934130668640137,71.0,Build4All_Sales_and_Order_Analytics_Policy_v2.0|Build4All_Sales_and_Order_Analytics_Policy_v2.0|Build4All_Customer_Regional_and_Shipping_Policy_v2.0|Build4All_Sales_and_Order_Analytics_Policy_v2.0|Build4All_Customer_Regional_and_Shipping_Policy_v2.0|Build4All_Customer_Regional_and_Shipping_Policy_v2.0,24|18|5|19|0|4
B4A-FT-024-ENGLISH,B4A-FT-024,orders_discount_amount_by_status,english,train,0.853329598903656,0.8475775718688965,0.8373429179191589,0.8227850198745728,0.8191989064216614,0.8181895613670349,0.853329598903656,0.8330705960591634,0.013897207884015569,0.0057520270347595215,72.0,Build4All_Sales_and_Order_Analytics_Policy_v2.0|Build4All_Sales_and_Order_Analytics_Policy_v2.0|Build4All_Sales_and_Order_Analytics_Policy_v2.0|Build4All_Sales_and_Order_Analytics_Policy_v2.0|Build4All_Product_Inventory_and_Coupon_Policy_v2.0|Build4All_Sales_and_Order_Analytics_Policy_v2.0,21|24|19|22|16|18
B4A-FT-024-ARABIC,B4A-FT-024,orders_discount_amount_by_status,arabic,train,0.7904211282730103,0.7700488567352295,0.7629930377006531,0.75054532289505,0.7503464818000793,0.7487043142318726,0.7904211282730103,0.7621765236059824,0.014816281368191934,0.02037227153778076,52.0,Build4All_Sales_and_Order_Analytics_Policy_v2.0|Build4All_Sales_and_Order_Analytics_Policy_v2.0|Build4All_Sales_and_Order_Analytics_Policy_v2.0|Build4All_Sales_and_Order_Analytics_Policy_v2.0|Build4All_Product_Events_and_Conversion_Policy_v2.0|Build4All_Customer_Regional_and_Shipping_Policy_v2.0,24|21|19|23|8|0
B4A-FT-024-FRENCH,B4A-FT-024,orders_discount_amount_by_status,french,train,0.8145538568496704,0.8011906147003174,0.7897896766662598,0.7805263996124268,0.779438853263855,0.7791823148727417,0.8145538568496704,0.7907802859942118,0.013183462736015922,0.013363242149353027,69.0,Build4All_Sales_and_Order_Analytics_Policy_v2.0|Build4All_Sales_and_Order_Analytics_Policy_v2.0|Build4All_Sales_and_Order_Analytics_Policy_v2.0|Build4All_Sales_and_Order_Analytics_Policy_v2.0|Build4All_Sales_and_Order_Analytics_Policy_v2.0|Build4All_Product_Events_and_Conversion_Policy_v2.0,24|19|21|23|18|8
B4A-FT-024-LEBANESE_ARABIZI,B4A-FT-024,orders_discount_amount_by_status,lebanese_arabizi,train,0.8222415447235107,0.8009464144706726,0.7997604608535767,0.7959415912628174,0.7946529984474182,0.7920712232589722,0.8222415447235107,0.800935705502828,0.009985929517769635,0.021295130252838135,67.0,Build4All_Sales_and_Order_Analytics_Policy_v2.0|Build4All_Sales_and_Order_Analytics_Policy_v2.0|Build4All_Sales_and_Order_Analytics_Policy_v2.0|Build4All_Product_Inventory_and_Coupon_Policy_v2.0|Build4All_Sales_and_Order_Analytics_Policy_v2.0|Build4All_Sales_and_Order_Analytics_Policy_v2.0,24|18|21|17|19|20
B4A-FT-026-ENGLISH,B4A-FT-026,orders_count_by_status,english,train,0.8262902498245239,0.8253849744796753,0.8241693377494812,0.8178739547729492,0.8146737217903137,0.8084715008735657,0.8262902498245239,0.8194772899150848,0.006456325261017751,0.0009052753448486328,61.0,Build4All_Sales_and_Order_Analytics_Policy_v2.0|Build4All_Sales_and_Order_Analytics_Policy_v2.0|Build4All_Customer_Regional_and_Shipping_Policy_v2.0|Build4All_Sales_and_Order_Analytics_Policy_v2.0|Build4All_Customer_Regional_and_Shipping_Policy_v2.0|Build4All_Customer_Regional_and_Shipping_Policy_v2.0,18|19|3|20|4|1
B4A-FT-026-ARABIC,B4A-FT-026,orders_count_by_status,arabic,train,0.7615311145782471,0.7599624991416931,0.7572674751281738,0.756075918674469,0.7529464960098267,0.7500631809234619,0.7615311145782471,0.7563077807426453,0.003913826308179328,0.001568615436553955,45.0,Build4All_Customer_Regional_and_Shipping_Policy_v2.0|Build4All_Customer_Regional_and_Shipping_Policy_v2.0|Build4All_Customer_Regional_and_Shipping_Policy_v2.0|Build4All_Sales_and_Order_Analytics_Policy_v2.0|Build4All_Customer_Regional_and_Shipping_Policy_v2.0|Build4All_Customer_Regional_and_Shipping_Policy_v2.0,0|4|3|18|1|5
B4A-FT-026-FRENCH,B4A-FT-026,orders_count_by_status,french,train,0.7867971658706665,0.7847683429718018,0.779513418674469,0.7765508890151978,0.7755593657493591,0.7745875120162964,0.7867971658706665,0.7796294490496317,0.004641517302612579,0.002028822898864746,62.0,Build4All_Sales_and_Order_Analytics_Policy_v2.0|Build4All_Customer_Regional_and_Shipping_Policy_v2.0|Build4All_Customer_Regional_and_Shipping_Policy_v2.0|Build4All_Sales_and_Order_Analytics_Policy_v2.0|Build4All_Customer_Regional_and_Shipping_Policy_v2.0|Build4All_Customer_Regional_and_Shipping_Policy_v2.0,18|5|0|19|4|3
B4A-FT-026-LEBANESE_ARABIZI,B4A-FT-026,orders_count_by_status,lebanese_arabizi,train,0.7965819835662842,0.7857789993286133,0.7831863164901733,0.7745266556739807,0.774164080619812,0.7735771536827087,0.7965819835662842,0.7813025315602621,0.008302615071510833,0.010802984237670898,62.0,Build4All_Sales_and_Order_Analytics_Policy_v2.0|Build4All_Customer_Regional_and_Shipping_Policy_v2.0|Build4All_Customer_Regional_and_Shipping_Policy_v2.0|Build4All_Customer_Regional_and_Shipping_Policy_v2.0|Build4All_Customer_Regional_and_Shipping_Policy_v2.0|Build4All_Product_Events_and_Conversion_Policy_v2.0,18|5|0|4|1|6
B4A-FT-027-ENGLISH,B4A-FT-027,orders_total_amount_by_status,english,train,0.8457760214805603,0.8361800909042358,0.8317587375640869,0.8243493437767029,0.8214611411094666,0.8198968768119812,0.8457760214805603,0.8299037019411722,0.009101547673526528,0.009595930576324463,68.0,Build4All_Sales_and_Order_Analytics_Policy_v2.0|Build4All_Sales_and_Order_Analytics_Policy_v2.0|Build4All_Sales_and_Order_Analytics_Policy_v2.0|Build4All_Sales_and_Order_Analytics_Policy_v2.0|Build4All_Customer_Regional_and_Shipping_Policy_v2.0|Build4All_Sales_and_Order_Analytics_Policy_v2.0,19|18|20|24|3|22
B4A-FT-027-ARABIC,B4A-FT-027,orders_total_amount_by_status,arabic,train,0.770668625831604,0.7637302279472351,0.7621618509292603,0.761772871017456,0.7573220729827881,0.7546215057373047,0.770668625831604,0.7617128590742747,0.005067001499101646,0.0069383978843688965,53.0,Build4All_Sales_and_Order_Analytics_Policy_v2.0|Build4All_Sales_and_Order_Analytics_Policy_v2.0|Build4All_Sales_and_Order_Analytics_Policy_v2.0|Build4All_Sales_and_Order_Analytics_Policy_v2.0|Build4All_Customer_Regional_and_Shipping_Policy_v2.0|Build4All_Sales_and_Order_Analytics_Policy_v2.0,19|20|24|18|0|22
B4A-FT-027-FRENCH,B4A-FT-027,orders_total_amount_by_status,french,train,0.8049116134643555,0.7985619306564331,0.7945351004600525,0.7897040843963623,0.7880138158798218,0.7863515615463257,0.8049116134643555,0.7936796844005585,0.006485023023428397,0.006349682807922363,70.0,Build4All_Sales_and_Order_Analytics_Policy_v2.0|Build4All_Sales_and_Order_Analytics_Policy_v2.0|Build4All_Sales_and_Order_Analytics_Policy_v2.0|Build4All_Customer_Regional_and_Shipping_Policy_v2.0|Build4All_Sales_and_Order_Analytics_Policy_v2.0|Build4All_Sales_and_Order_Analytics_Policy_v2.0,19|18|20|0|24|22
B4A-FT-027-LEBANESE_ARABIZI,B4A-FT-027,orders_total_amount_by_status,lebanese_arabizi,train,0.8000106811523438,0.7963951826095581,0.7887684106826782,0.7869100570678711,0.7867622375488281,0.7825098037719727,0.8000106811523438,0.7902260621388754,0.006034017152702053,0.0036154985427856445,70.0,Build4All_Sales_and_Order_Analytics_Policy_v2.0|Build4All_Customer_Regional_and_Shipping_Policy_v2.0|Build4All_Customer_Regional_and_Shipping_Policy_v2.0|Build4All_Customer_Regional_and_Shipping_Policy_v2.0|Build4All_Customer_Regional_and_Shipping_Policy_v2.0|Build4All_Sales_and_Order_Analytics_Policy_v2.0,18|5|0|1|4|24
B4A-FT-029-ENGLISH,B4A-FT-029,orders_discount_amount_by_status,english,train,0.8430690169334412,0.8317212462425232,0.8300715684890747,0.826278567314148,0.8199751377105713,0.8179261088371277,0.8430690169334412,0.8281736075878143,0.008305405185711774,0.011347770690917969,71.0,Build4All_Sales_and_Order_Analytics_Policy_v2.0|Build4All_Sales_and_Order_Analytics_Policy_v2.0|Build4All_Sales_and_Order_Analytics_Policy_v2.0|Build4All_Sales_and_Order_Analytics_Policy_v2.0|Build4All_Sales_and_Order_Analytics_Policy_v2.0|Build4All_Product_Inventory_and_Coupon_Policy_v2.0,22|19|20|18|21|16
B4A-FT-029-ARABIC,B4A-FT-029,orders_discount_amount_by_status,arabic,train,0.7660540342330933,0.7651825547218323,0.7605598568916321,0.7599564790725708,0.7547432780265808,0.7521269917488098,0.7660540342330933,0.7597705324490865,0.005051847689015818,0.0008714795112609863,51.0,Build4All_Sales_and_Order_Analytics_Policy_v2.0|Build4All_Sales_and_Order_Analytics_Policy_v2.0|Build4All_Sales_and_Order_Analytics_Policy_v2.0|Build4All_Customer_Regional_and_Shipping_Policy_v2.0|Build4All_Sales_and_Order_Analytics_Policy_v2.0|Build4All_Sales_and_Order_Analytics_Policy_v2.0,24|22|19|0|18|20
B4A-FT-029-FRENCH,B4A-FT-029,orders_discount_amount_by_status,french,train,0.7889404296875,0.787844181060791,0.7842552661895752,0.7798572778701782,0.774944543838501,0.7727314829826355,0.7889404296875,0.7814288636048635,0.00613363933412594,0.0010962486267089844,68.0,Build4All_Sales_and_Order_Analytics_Policy_v2.0|Build4All_Sales_and_Order_Analytics_Policy_v2.0|Build4All_Sales_and_Order_Analytics_Policy_v2.0|Build4All_Sales_and_Order_Analytics_Policy_v2.0|Build4All_Customer_Regional_and_Shipping_Policy_v2.0|Build4All_Product_Inventory_and_Coupon_Policy_v2.0,19|24|22|18|0|12
B4A-FT-029-LEBANESE_ARABIZI,B4A-FT-029,orders_discount_amount_by_status,lebanese_arabizi,train,0.8047317266464233,0.7991241216659546,0.7940835952758789,0.7910290956497192,0.7909318804740906,0.7892284393310547,0.8047317266464233,0.7948548098405203,0.005447580348982406,0.00560760498046875,66.0,Build4All_Sales_and_Order_Analytics_Policy_v2.0|Build4All_Sales_and_Order_Analytics_Policy_v2.0|Build4All_Sales_and_Order_Analytics_Policy_v2.0|Build4All_Customer_Regional_and_Shipping_Policy_v2.0|Build4All_Customer_Regional_and_Shipping_Policy_v2.0|Build4All_Customer_Regional_and_Shipping_Policy_v2.0,18|20|24|4|5|0
B4A-FT-031-ENGLISH,B4A-FT-031,payments_count_by_status,english,train,0.8078795671463013,0.7950351238250732,0.7786493301391602,0.7780109643936157,0.7778297662734985,0.7768459916114807,0.8078795671463013,0.7857084572315216,0.011749074885387631,0.012844443321228027,71.0,Build4All_Sales_and_Order_Analytics_Policy_v2.0|Build4All_Sales_and_Order_Analytics_Policy_v2.0|Build4All_Customer_Regional_and_Shipping_Policy_v2.0|Build4All_Sales_and_Order_Analytics_Policy_v2.0|Build4All_Product_Events_and_Conversion_Policy_v2.0|Build4All_Sales_and_Order_Analytics_Policy_v2.0,24|23|1|19|10|18
B4A-FT-031-ARABIC,B4A-FT-031,payments_count_by_status,arabic,train,0.7807696461677551,0.7675625681877136,0.7668429017066956,0.7667535543441772,0.762222409248352,0.7584574222564697,0.7807696461677551,0.7671014169851939,0.006901018636781214,0.013207077980041504,50.0,Build4All_Sales_and_Order_Analytics_Policy_v2.0|Build4All_Sales_and_Order_Analytics_Policy_v2.0|Build4All_Customer_Regional_and_Shipping_Policy_v2.0|Build4All_Customer_Regional_and_Shipping_Policy_v2.0|Build4All_Product_Events_and_Conversion_Policy_v2.0|Build4All_Product_Events_and_Conversion_Policy_v2.0,24|23|4|1|8|10
B4A-FT-031-FRENCH,B4A-FT-031,payments_count_by_status,french,train,0.8081372976303101,0.7956884503364563,0.7948339581489563,0.7880480885505676,0.7871150970458984,0.7852613925933838,0.8081372976303101,0.7931807140509287,0.007730594589239081,0.01244884729385376,93.0,Build4All_Sales_and_Order_Analytics_Policy_v2.0|Build4All_Customer_Regional_and_Shipping_Policy_v2.0|Build4All_Sales_and_Order_Analytics_Policy_v2.0|Build4All_Customer_Regional_and_Shipping_Policy_v2.0|Build4All_Product_Events_and_Conversion_Policy_v2.0|Build4All_Sales_and_Order_Analytics_Policy_v2.0,24|1|23|4|10|19
B4A-FT-031-LEBANESE_ARABIZI,B4A-FT-031,payments_count_by_status,lebanese_arabizi,train,0.7914652824401855,0.7779571413993835,0.7721482515335083,0.7680824995040894,0.7671788334846497,0.7653740644454956,0.7914652824401855,0.773701012134552,0.008939980962236579,0.013508141040802002,62.0,Build4All_Sales_and_Order_Analytics_Policy_v2.0|Build4All_Sales_and_Order_Analytics_Policy_v2.0|Build4All_Product_Events_and_Conversion_Policy_v2.0|Build4All_Customer_Regional_and_Shipping_Policy_v2.0|Build4All_Sales_and_Order_Analytics_Policy_v2.0|Build4All_Product_Inventory_and_Coupon_Policy_v2.0,24|23|10|5|18|17
B4A-FT-032-ENGLISH,B4A-FT-032,payments_total_by_status,english,train,0.8226562738418579,0.8074997663497925,0.7986375689506531,0.786522388458252,0.7829557657241821,0.7767018675804138,0.8226562738418579,0.7958289384841919,0.01571611615619894,0.01515650749206543,63.0,Build4All_Sales_and_Order_Analytics_Policy_v2.0|Build4All_Sales_and_Order_Analytics_Policy_v2.0|Build4All_Sales_and_Order_Analytics_Policy_v2.0|Build4All_Sales_and_Order_Analytics_Policy_v2.0|Build4All_Sales_and_Order_Analytics_Policy_v2.0|Build4All_Sales_and_Order_Analytics_Policy_v2.0,24|23|19|20|18|21
B4A-FT-032-ARABIC,B4A-FT-032,payments_total_by_status,arabic,train,0.7933903932571411,0.7822145223617554,0.7672679424285889,0.7604596614837646,0.7542312741279602,0.7534793615341187,0.7933903932571411,0.7685071925322214,0.014736579300955874,0.011175870895385742,55.0,Build4All_Sales_and_Order_Analytics_Policy_v2.0|Build4All_Sales_and_Order_Analytics_Policy_v2.0|Build4All_Sales_and_Order_Analytics_Policy_v2.0|Build4All_Product_Events_and_Conversion_Policy_v2.0|Build4All_Sales_and_Order_Analytics_Policy_v2.0|Build4All_Customer_Regional_and_Shipping_Policy_v2.0,24|23|19|8|20|1
B4A-FT-032-FRENCH,B4A-FT-032,payments_total_by_status,french,train,0.8193807601928711,0.801525354385376,0.7980846166610718,0.7877059578895569,0.7804378271102905,0.7749694585800171,0.8193807601928711,0.7936839958031973,0.014734358340644595,0.017855405807495117,75.0,Build4All_Sales_and_Order_Analytics_Policy_v2.0|Build4All_Sales_and_Order_Analytics_Policy_v2.0|Build4All_Sales_and_Order_Analytics_Policy_v2.0|Build4All_Sales_and_Order_Analytics_Policy_v2.0|Build4All_Sales_and_Order_Analytics_Policy_v2.0|Build4All_Product_Events_and_Conversion_Policy_v2.0,24|23|19|18|20|8
B4A-FT-032-LEBANESE_ARABIZI,B4A-FT-032,payments_total_by_status,lebanese_arabizi,train,0.8056602478027344,0.78497713804245,0.7707093358039856,0.7699344158172607,0.7697056531906128,0.7693212032318115,0.8056602478027344,0.7783846656481425,0.013386604578039444,0.020683109760284424,63.0,Build4All_Sales_and_Order_Analytics_Policy_v2.0|Build4All_Sales_and_Order_Analytics_Policy_v2.0|Build4All_Sales_and_Order_Analytics_Policy_v2.0|Build4All_Sales_and_Order_Analytics_Policy_v2.0|Build4All_Product_Events_and_Conversion_Policy_v2.0|Build4All_Sales_and_Order_Analytics_Policy_v2.0,24|23|19|20|8|18
B4A-FT-033-ENGLISH,B4A-FT-033,payments_average_by_status,english,train,0.8136361241340637,0.80446457862854,0.7935177087783813,0.78509521484375,0.7765974402427673,0.7756049633026123,0.8136361241340637,0.7914860049883524,0.014011412111046236,0.009171545505523682,69.0,Build4All_Sales_and_Order_Analytics_Policy_v2.0|Build4All_Sales_and_Order_Analytics_Policy_v2.0|Build4All_Sales_and_Order_Analytics_Policy_v2.0|Build4All_Sales_and_Order_Analytics_Policy_v2.0|Build4All_Sales_and_Order_Analytics_Policy_v2.0|Build4All_Sales_and_Order_Analytics_Policy_v2.0,24|23|19|20|18|21
B4A-FT-033-ARABIC,B4A-FT-033,payments_average_by_status,arabic,train,0.792436957359314,0.7831189632415771,0.7632368206977844,0.7596038579940796,0.7565759420394897,0.7546374797821045,0.792436957359314,0.7682683368523916,0.014303641907980296,0.009317994117736816,54.0,Build4All_Sales_and_Order_Analytics_Policy_v2.0|Build4All_Sales_and_Order_Analytics_Policy_v2.0|Build4All_Sales_and_Order_Analytics_Policy_v2.0|Build4All_Product_Events_and_Conversion_Policy_v2.0|Build4All_Customer_Regional_and_Shipping_Policy_v2.0|Build4All_Product_Events_and_Conversion_Policy_v2.0,24|23|19|8|1|10
B4A-FT-033-FRENCH,B4A-FT-033,payments_average_by_status,french,train,0.8195763230323792,0.8025827407836914,0.7939924001693726,0.7876485586166382,0.7843091487884521,0.7790600061416626,0.8195763230323792,0.794528196255366,0.013438716894398664,0.016993582248687744,81.0,Build4All_Sales_and_Order_Analytics_Policy_v2.0|Build4All_Sales_and_Order_Analytics_Policy_v2.0|Build4All_Sales_and_Order_Analytics_Policy_v2.0|Build4All_Customer_Regional_and_Shipping_Policy_v2.0|Build4All_Sales_and_Order_Analytics_Policy_v2.0|Build4All_Product_Events_and_Conversion_Policy_v2.0,24|23|19|1|20|8
B4A-FT-033-LEBANESE_ARABIZI,B4A-FT-033,payments_average_by_status,lebanese_arabizi,train,0.8053137063980103,0.7932974100112915,0.7813282012939453,0.7801135182380676,0.7795584201812744,0.7788877487182617,0.8053137063980103,0.7864165008068085,0.009779102291008654,0.01201629638671875,62.0,Build4All_Sales_and_Order_Analytics_Policy_v2.0|Build4All_Sales_and_Order_Analytics_Policy_v2.0|Build4All_Sales_and_Order_Analytics_Policy_v2.0|Build4All_Sales_and_Order_Analytics_Policy_v2.0|Build4All_Product_Events_and_Conversion_Policy_v2.0|Build4All_Product_Events_and_Conversion_Policy_v2.0,24|23|19|20|8|10
B4A-FT-035-ENGLISH,B4A-FT-035,payments_dated_by_status,english,train,0.8026299476623535,0.7937215566635132,0.7813487648963928,0.7812100052833557,0.7802207469940186,0.777125358581543,0.8026299476623535,0.7860427300135294,0.009063697777617874,0.008908390998840332,83.0,Build4All_Sales_and_Order_Analytics_Policy_v2.0|Build4All_Sales_and_Order_Analytics_Policy_v2.0|Build4All_Sales_and_Order_Analytics_Policy_v2.0|Build4All_Customer_Regional_and_Shipping_Policy_v2.0|Build4All_Product_Events_and_Conversion_Policy_v2.0|Build4All_Product_Events_and_Conversion_Policy_v2.0,24|23|18|1|10|8
B4A-FT-035-ARABIC,B4A-FT-035,payments_dated_by_status,arabic,train,0.7756378650665283,0.7676298022270203,0.7673622369766235,0.7637379169464111,0.7633951306343079,0.7564678192138672,0.7756378650665283,0.7657051285107931,0.005768355159005897,0.008008062839508057,65.0,Build4All_Sales_and_Order_Analytics_Policy_v2.0|Build4All_Customer_Regional_and_Shipping_Policy_v2.0|Build4All_Sales_and_Order_Analytics_Policy_v2.0|Build4All_Customer_Regional_and_Shipping_Policy_v2.0|Build4All_Product_Events_and_Conversion_Policy_v2.0|Build4All_Product_Events_and_Conversion_Policy_v2.0,24|1|23|4|8|10
B4A-FT-035-FRENCH,B4A-FT-035,payments_dated_by_status,french,train,0.805838406085968,0.7998827695846558,0.7927075624465942,0.7900969982147217,0.7891892194747925,0.7861050963401794,0.805838406085968,0.793970008691152,0.006796155415572594,0.005955636501312256,107.0,Build4All_Sales_and_Order_Analytics_Policy_v2.0|Build4All_Customer_Regional_and_Shipping_Policy_v2.0|Build4All_Sales_and_Order_Analytics_Policy_v2.0|Build4All_Customer_Regional_and_Shipping_Policy_v2.0|Build4All_Product_Events_and_Conversion_Policy_v2.0|Build4All_Product_Events_and_Conversion_Policy_v2.0,24|1|23|4|10|8
B4A-FT-035-LEBANESE_ARABIZI,B4A-FT-035,payments_dated_by_status,lebanese_arabizi,train,0.7994925379753113,0.7857803106307983,0.7850520610809326,0.7810041904449463,0.7800573110580444,0.7791272401809692,0.7994925379753113,0.7850856085618337,0.006897913391219352,0.01371222734451294,82.0,Build4All_Sales_and_Order_Analytics_Policy_v2.0|Build4All_Product_Events_and_Conversion_Policy_v2.0|Build4All_Sales_and_Order_Analytics_Policy_v2.0|Build4All_Sales_and_Order_Analytics_Policy_v2.0|Build4All_Product_Events_and_Conversion_Policy_v2.0|Build4All_Customer_Regional_and_Shipping_Policy_v2.0,24|10|23|18|8|5
B4A-FT-036-ENGLISH,B4A-FT-036,payments_count_by_status,english,train,0.8199005126953125,0.7997843027114868,0.7989359498023987,0.7935853004455566,0.7872759103775024,0.7824158668518066,0.8199005126953125,0.7969829738140106,0.011936268381885703,0.020116209983825684,69.0,Build4All_Sales_and_Order_Analytics_Policy_v2.0|Build4All_Customer_Regional_and_Shipping_Policy_v2.0|Build4All_Sales_and_Order_Analytics_Policy_v2.0|Build4All_Sales_and_Order_Analytics_Policy_v2.0|Build4All_Sales_and_Order_Analytics_Policy_v2.0|Build4All_Customer_Regional_and_Shipping_Policy_v2.0,24|1|19|18|23|4
B4A-FT-036-ARABIC,B4A-FT-036,payments_count_by_status,arabic,train,0.7885595560073853,0.7825583219528198,0.7722649574279785,0.7706472873687744,0.7621243000030518,0.760662317276001,0.7885595560073853,0.7728027900060018,0.010081358710840316,0.00600123405456543,48.0,Build4All_Sales_and_Order_Analytics_Policy_v2.0|Build4All_Customer_Regional_and_Shipping_Policy_v2.0|Build4All_Customer_Regional_and_Shipping_Policy_v2.0|Build4All_Customer_Regional_and_Shipping_Policy_v2.0|Build4All_Sales_and_Order_Analytics_Policy_v2.0|Build4All_Product_Events_and_Conversion_Policy_v2.0,24|1|4|2|23|8
B4A-FT-036-FRENCH,B4A-FT-036,payments_count_by_status,french,train,0.807682991027832,0.8074464797973633,0.7921722531318665,0.7910460233688354,0.7891913652420044,0.7866795659065247,0.807682991027832,0.795703113079071,0.008557714429606495,0.00023651123046875,91.0,Build4All_Customer_Regional_and_Shipping_Policy_v2.0|Build4All_Sales_and_Order_Analytics_Policy_v2.0|Build4All_Sales_and_Order_Analytics_Policy_v2.0|Build4All_Customer_Regional_and_Shipping_Policy_v2.0|Build4All_Customer_Regional_and_Shipping_Policy_v2.0|Build4All_Sales_and_Order_Analytics_Policy_v2.0,1|24|19|2|4|23
B4A-FT-036-LEBANESE_ARABIZI,B4A-FT-036,payments_count_by_status,lebanese_arabizi,train,0.7941733598709106,0.7740389108657837,0.7738956212997437,0.772613525390625,0.7694922089576721,0.7676541805267334,0.7941733598709106,0.7753113011519114,0.008748063689514465,0.020134449005126953,60.0,Build4All_Sales_and_Order_Analytics_Policy_v2.0|Build4All_Customer_Regional_and_Shipping_Policy_v2.0|Build4All_Sales_and_Order_Analytics_Policy_v2.0|Build4All_Sales_and_Order_Analytics_Policy_v2.0|Build4All_Sales_and_Order_Analytics_Policy_v2.0|Build4All_Customer_Regional_and_Shipping_Policy_v2.0,24|1|19|18|23|4
B4A-FT-037-ENGLISH,B4A-FT-037,payments_total_by_status,english,train,0.8297494649887085,0.8163958191871643,0.8010247945785522,0.7979243397712708,0.7931870222091675,0.7860215902328491,0.8297494649887085,0.8040505051612854,0.014734229856997925,0.01335364580154419,61.0,Build4All_Sales_and_Order_Analytics_Policy_v2.0|Build4All_Sales_and_Order_Analytics_Policy_v2.0|Build4All_Sales_and_Order_Analytics_Policy_v2.0|Build4All_Sales_and_Order_Analytics_Policy_v2.0|Build4All_Sales_and_Order_Analytics_Policy_v2.0|Build4All_Sales_and_Order_Analytics_Policy_v2.0,24|19|18|20|23|22
B4A-FT-037-ARABIC,B4A-FT-037,payments_total_by_status,arabic,train,0.7983742952346802,0.7706435918807983,0.7692036628723145,0.7689105272293091,0.7576929926872253,0.7538175582885742,0.7983742952346802,0.7697737713654836,0.014261619337010565,0.027730703353881836,53.0,Build4All_Sales_and_Order_Analytics_Policy_v2.0|Build4All_Sales_and_Order_Analytics_Policy_v2.0|Build4All_Sales_and_Order_Analytics_Policy_v2.0|Build4All_Customer_Regional_and_Shipping_Policy_v2.0|Build4All_Product_Events_and_Conversion_Policy_v2.0|Build4All_Customer_Regional_and_Shipping_Policy_v2.0,24|19|23|1|8|4
B4A-FT-037-FRENCH,B4A-FT-037,payments_total_by_status,french,train,0.8142073154449463,0.7984325885772705,0.787132978439331,0.7830455303192139,0.7818219661712646,0.7782319784164429,0.8142073154449463,0.7904787262280782,0.012367151577338984,0.01577472686767578,73.0,Build4All_Sales_and_Order_Analytics_Policy_v2.0|Build4All_Sales_and_Order_Analytics_Policy_v2.0|Build4All_Sales_and_Order_Analytics_Policy_v2.0|Build4All_Sales_and_Order_Analytics_Policy_v2.0|Build4All_Customer_Regional_and_Shipping_Policy_v2.0|Build4All_Sales_and_Order_Analytics_Policy_v2.0,24|19|18|23|1|20
B4A-FT-037-LEBANESE_ARABIZI,B4A-FT-037,payments_total_by_status,lebanese_arabizi,train,0.8082934021949768,0.7784232497215271,0.7770179510116577,0.7732366919517517,0.7710912227630615,0.7693082690238953,0.8082934021949768,0.7795617977778116,0.013229795898711375,0.029870152473449707,61.0,Build4All_Sales_and_Order_Analytics_Policy_v2.0|Build4All_Sales_and_Order_Analytics_Policy_v2.0|Build4All_Sales_and_Order_Analytics_Policy_v2.0|Build4All_Sales_and_Order_Analytics_Policy_v2.0|Build4All_Sales_and_Order_Analytics_Policy_v2.0|Build4All_Customer_Regional_and_Shipping_Policy_v2.0,24|19|23|18|20|1
B4A-FT-038-ENGLISH,B4A-FT-038,payments_average_by_status,english,train,0.8243470191955566,0.8120882511138916,0.7963242530822754,0.793957531452179,0.7925995588302612,0.792209804058075,0.8243470191955566,0.8019210696220398,0.012125979902808398,0.012258768081665039,67.0,Build4All_Sales_and_Order_Analytics_Policy_v2.0|Build4All_Sales_and_Order_Analytics_Policy_v2.0|Build4All_Sales_and_Order_Analytics_Policy_v2.0|Build4All_Customer_Regional_and_Shipping_Policy_v2.0|Build4All_Sales_and_Order_Analytics_Policy_v2.0|Build4All_Sales_and_Order_Analytics_Policy_v2.0,24|19|20|1|23|18
B4A-FT-038-ARABIC,B4A-FT-038,payments_average_by_status,arabic,train,0.7968519330024719,0.7710385322570801,0.7708654403686523,0.7654944658279419,0.7558213472366333,0.7547509670257568,0.7968519330024719,0.7691371142864227,0.013977681321372178,0.025813400745391846,52.0,Build4All_Sales_and_Order_Analytics_Policy_v2.0|Build4All_Customer_Regional_and_Shipping_Policy_v2.0|Build4All_Sales_and_Order_Analytics_Policy_v2.0|Build4All_Sales_and_Order_Analytics_Policy_v2.0|Build4All_Product_Events_and_Conversion_Policy_v2.0|Build4All_Customer_Regional_and_Shipping_Policy_v2.0,24|1|23|19|8|4
B4A-FT-038-FRENCH,B4A-FT-038,payments_average_by_status,french,train,0.8184554576873779,0.7991411685943604,0.7963210344314575,0.7897972464561462,0.7824547290802002,0.7783856987953186,0.8184554576873779,0.7940925558408102,0.013067769808561046,0.019314289093017578,79.0,Build4All_Sales_and_Order_Analytics_Policy_v2.0|Build4All_Customer_Regional_and_Shipping_Policy_v2.0|Build4All_Sales_and_Order_Analytics_Policy_v2.0|Build4All_Sales_and_Order_Analytics_Policy_v2.0|Build4All_Sales_and_Order_Analytics_Policy_v2.0|Build4All_Customer_Regional_and_Shipping_Policy_v2.0,24|1|19|23|20|4
B4A-FT-038-LEBANESE_ARABIZI,B4A-FT-038,payments_average_by_status,lebanese_arabizi,train,0.8081475496292114,0.7893655896186829,0.7840874195098877,0.7804160118103027,0.7793117165565491,0.7783933877944946,0.8081475496292114,0.7866202791531881,0.010303439907713754,0.018781960010528564,60.0,Build4All_Sales_and_Order_Analytics_Policy_v2.0|Build4All_Sales_and_Order_Analytics_Policy_v2.0|Build4All_Sales_and_Order_Analytics_Policy_v2.0|Build4All_Sales_and_Order_Analytics_Policy_v2.0|Build4All_Sales_and_Order_Analytics_Policy_v2.0|Build4All_Customer_Regional_and_Shipping_Policy_v2.0,24|19|23|18|20|1
B4A-FT-040-ENGLISH,B4A-FT-040,payments_dated_by_status,english,train,0.8143700361251831,0.8016588687896729,0.7960840463638306,0.79603111743927,0.787011981010437,0.7830507755279541,0.8143700361251831,0.7963678042093912,0.010141862710822794,0.012711167335510254,81.0,Build4All_Sales_and_Order_Analytics_Policy_v2.0|Build4All_Customer_Regional_and_Shipping_Policy_v2.0|Build4All_Sales_and_Order_Analytics_Policy_v2.0|Build4All_Sales_and_Order_Analytics_Policy_v2.0|Build4All_Sales_and_Order_Analytics_Policy_v2.0|Build4All_Customer_Regional_and_Shipping_Policy_v2.0,24|1|18|19|23|2
B4A-FT-040-ARABIC,B4A-FT-040,payments_dated_by_status,arabic,train,0.7824554443359375,0.7812358140945435,0.7744654417037964,0.7677074670791626,0.7606251239776611,0.7587863206863403,0.7824554443359375,0.7708792686462402,0.009269787060177115,0.001219630241394043,63.0,Build4All_Sales_and_Order_Analytics_Policy_v2.0|Build4All_Customer_Regional_and_Shipping_Policy_v2.0|Build4All_Customer_Regional_and_Shipping_Policy_v2.0|Build4All_Customer_Regional_and_Shipping_Policy_v2.0|Build4All_Sales_and_Order_Analytics_Policy_v2.0|Build4All_Product_Events_and_Conversion_Policy_v2.0,24|1|2|4|23|8
B4A-FT-040-FRENCH,B4A-FT-040,payments_dated_by_status,french,train,0.8114097714424133,0.8064323663711548,0.7966659069061279,0.7923038601875305,0.7879642248153687,0.7862017154693604,0.8114097714424133,0.7968296408653259,0.009281257496510249,0.004977405071258545,105.0,Build4All_Customer_Regional_and_Shipping_Policy_v2.0|Build4All_Sales_and_Order_Analytics_Policy_v2.0|Build4All_Customer_Regional_and_Shipping_Policy_v2.0|Build4All_Customer_Regional_and_Shipping_Policy_v2.0|Build4All_Sales_and_Order_Analytics_Policy_v2.0|Build4All_Sales_and_Order_Analytics_Policy_v2.0,1|24|2|4|19|23
B4A-FT-040-LEBANESE_ARABIZI,B4A-FT-040,payments_dated_by_status,lebanese_arabizi,train,0.8048216104507446,0.7866215705871582,0.7865819334983826,0.7815981507301331,0.7803713083267212,0.7798638343811035,0.8048216104507446,0.7866430679957072,0.008575233459584991,0.018200039863586426,80.0,Build4All_Sales_and_Order_Analytics_Policy_v2.0|Build4All_Sales_and_Order_Analytics_Policy_v2.0|Build4All_Customer_Regional_and_Shipping_Policy_v2.0|Build4All_Product_Events_and_Conversion_Policy_v2.0|Build4All_Product_Events_and_Conversion_Policy_v2.0|Build4All_Sales_and_Order_Analytics_Policy_v2.0,24|18|1|10|6|23
B4A-FT-041-ENGLISH,B4A-FT-041,payments_count_by_status,english,train,0.8118400573730469,0.7949941158294678,0.7949336171150208,0.7920213937759399,0.7915108799934387,0.7846271395683289,0.8118400573730469,0.7949878672758738,0.008288881884926212,0.0168459415435791,72.0,Build4All_Sales_and_Order_Analytics_Policy_v2.0|Build4All_Sales_and_Order_Analytics_Policy_v2.0|Build4All_Customer_Regional_and_Shipping_Policy_v2.0|Build4All_Sales_and_Order_Analytics_Policy_v2.0|Build4All_Sales_and_Order_Analytics_Policy_v2.0|Build4All_Customer_Regional_and_Shipping_Policy_v2.0,24|18|1|19|23|4
B4A-FT-041-ARABIC,B4A-FT-041,payments_count_by_status,arabic,train,0.7787237167358398,0.7747347354888916,0.7728023529052734,0.765294075012207,0.7640104293823242,0.7623116970062256,0.7787237167358398,0.769646167755127,0.006093078603307537,0.003988981246948242,51.0,Build4All_Sales_and_Order_Analytics_Policy_v2.0|Build4All_Customer_Regional_and_Shipping_Policy_v2.0|Build4All_Customer_Regional_and_Shipping_Policy_v2.0|Build4All_Customer_Regional_and_Shipping_Policy_v2.0|Build4All_Product_Events_and_Conversion_Policy_v2.0|Build4All_Sales_and_Order_Analytics_Policy_v2.0,24|1|4|2|8|23
B4A-FT-041-FRENCH,B4A-FT-041,payments_count_by_status,french,train,0.8050458431243896,0.8028625249862671,0.7917602062225342,0.7913624048233032,0.7906104326248169,0.789161205291748,0.8050458431243896,0.7951337695121765,0.00632085286072497,0.0021833181381225586,94.0,Build4All_Sales_and_Order_Analytics_Policy_v2.0|Build4All_Customer_Regional_and_Shipping_Policy_v2.0|Build4All_Customer_Regional_and_Shipping_Policy_v2.0|Build4All_Sales_and_Order_Analytics_Policy_v2.0|Build4All_Sales_and_Order_Analytics_Policy_v2.0|Build4All_Customer_Regional_and_Shipping_Policy_v2.0,24|1|4|18|23|2
B4A-FT-041-LEBANESE_ARABIZI,B4A-FT-041,payments_count_by_status,lebanese_arabizi,train,0.7921980023384094,0.7830445170402527,0.7784282565116882,0.7776480317115784,0.7769932746887207,0.7755013704299927,0.7921980023384094,0.7806355754534403,0.0056703439878394,0.009153485298156738,63.0,Build4All_Sales_and_Order_Analytics_Policy_v2.0|Build4All_Sales_and_Order_Analytics_Policy_v2.0|Build4All_Customer_Regional_and_Shipping_Policy_v2.0|Build4All_Customer_Regional_and_Shipping_Policy_v2.0|Build4All_Product_Inventory_and_Coupon_Policy_v2.0|Build4All_Sales_and_Order_Analytics_Policy_v2.0,24|18|5|1|17|19
B4A-FT-042-ENGLISH,B4A-FT-042,payments_total_by_status,english,train,0.8245116472244263,0.8120374083518982,0.8024663925170898,0.8018803596496582,0.7989168167114258,0.7862289547920227,0.8245116472244263,0.8043402632077535,0.011783650805436746,0.012474238872528076,64.0,Build4All_Sales_and_Order_Analytics_Policy_v2.0|Build4All_Sales_and_Order_Analytics_Policy_v2.0|Build4All_Sales_and_Order_Analytics_Policy_v2.0|Build4All_Sales_and_Order_Analytics_Policy_v2.0|Build4All_Sales_and_Order_Analytics_Policy_v2.0|Build4All_Sales_and_Order_Analytics_Policy_v2.0,24|19|18|23|20|21
B4A-FT-042-ARABIC,B4A-FT-042,payments_total_by_status,arabic,train,0.788902223110199,0.7724689245223999,0.7676659822463989,0.761835515499115,0.7611838579177856,0.7578310370445251,0.788902223110199,0.7683145900567373,0.010362274954603205,0.016433298587799072,56.0,Build4All_Sales_and_Order_Analytics_Policy_v2.0|Build4All_Sales_and_Order_Analytics_Policy_v2.0|Build4All_Sales_and_Order_Analytics_Policy_v2.0|Build4All_Product_Events_and_Conversion_Policy_v2.0|Build4All_Customer_Regional_and_Shipping_Policy_v2.0|Build4All_Sales_and_Order_Analytics_Policy_v2.0,24|23|19|8|1|20
B4A-FT-042-FRENCH,B4A-FT-042,payments_total_by_status,french,train,0.8138440847396851,0.7985129356384277,0.7950577735900879,0.7937048077583313,0.7869248986244202,0.7768186330795288,0.8138440847396851,0.7941438555717468,0.011258275273750706,0.015331149101257324,76.0,Build4All_Sales_and_Order_Analytics_Policy_v2.0|Build4All_Sales_and_Order_Analytics_Policy_v2.0|Build4All_Sales_and_Order_Analytics_Policy_v2.0|Build4All_Sales_and_Order_Analytics_Policy_v2.0|Build4All_Sales_and_Order_Analytics_Policy_v2.0|Build4All_Product_Events_and_Conversion_Policy_v2.0,24|19|18|23|20|8
B4A-FT-042-LEBANESE_ARABIZI,B4A-FT-042,payments_total_by_status,lebanese_arabizi,train,0.8069101572036743,0.7833781242370605,0.7819046378135681,0.7812972068786621,0.7770798206329346,0.775997519493103,0.8069101572036743,0.7844279110431671,0.010390601486288138,0.02353203296661377,64.0,Build4All_Sales_and_Order_Analytics_Policy_v2.0|Build4All_Sales_and_Order_Analytics_Policy_v2.0|Build4All_Sales_and_Order_Analytics_Policy_v2.0|Build4All_Sales_and_Order_Analytics_Policy_v2.0|Build4All_Sales_and_Order_Analytics_Policy_v2.0|Build4All_Customer_Regional_and_Shipping_Policy_v2.0,24|18|23|19|20|5
B4A-FT-043-ENGLISH,B4A-FT-043,payments_average_by_status,english,train,0.8178565502166748,0.8061986565589905,0.8001827001571655,0.7974779605865479,0.793886661529541,0.7891227006912231,0.8178565502166748,0.8007875382900238,0.009270392288400103,0.011657893657684326,70.0,Build4All_Sales_and_Order_Analytics_Policy_v2.0|Build4All_Sales_and_Order_Analytics_Policy_v2.0|Build4All_Sales_and_Order_Analytics_Policy_v2.0|Build4All_Sales_and_Order_Analytics_Policy_v2.0|Build4All_Sales_and_Order_Analytics_Policy_v2.0|Build4All_Customer_Regional_and_Shipping_Policy_v2.0,24|19|23|20|18|1
B4A-FT-043-ARABIC,B4A-FT-043,payments_average_by_status,arabic,train,0.7859249711036682,0.7720486521720886,0.762639582157135,0.7606378197669983,0.7584448456764221,0.7538444995880127,0.7859249711036682,0.7655900617440542,0.010625945466855635,0.01387631893157959,55.0,Build4All_Sales_and_Order_Analytics_Policy_v2.0|Build4All_Sales_and_Order_Analytics_Policy_v2.0|Build4All_Customer_Regional_and_Shipping_Policy_v2.0|Build4All_Sales_and_Order_Analytics_Policy_v2.0|Build4All_Product_Events_and_Conversion_Policy_v2.0|Build4All_Customer_Regional_and_Shipping_Policy_v2.0,24|23|1|19|8|4
B4A-FT-043-FRENCH,B4A-FT-043,payments_average_by_status,french,train,0.8156082630157471,0.7966200709342957,0.7954191565513611,0.7940793037414551,0.7892885208129883,0.7832979559898376,0.8156082630157471,0.7957188785076141,0.0099566277661381,0.018988192081451416,82.0,Build4All_Sales_and_Order_Analytics_Policy_v2.0|Build4All_Sales_and_Order_Analytics_Policy_v2.0|Build4All_Sales_and_Order_Analytics_Policy_v2.0|Build4All_Customer_Regional_and_Shipping_Policy_v2.0|Build4All_Sales_and_Order_Analytics_Policy_v2.0|Build4All_Sales_and_Order_Analytics_Policy_v2.0,24|23|19|1|20|18
B4A-FT-043-LEBANESE_ARABIZI,B4A-FT-043,payments_average_by_status,lebanese_arabizi,train,0.8050335049629211,0.7902307510375977,0.7888142466545105,0.7885626554489136,0.7846785187721252,0.7838175296783447,0.8050335049629211,0.7901895344257355,0.007022072934824194,0.014802753925323486,63.0,Build4All_Sales_and_Order_Analytics_Policy_v2.0|Build4All_Sales_and_Order_Analytics_Policy_v2.0|Build4All_Sales_and_Order_Analytics_Policy_v2.0|Build4All_Sales_and_Order_Analytics_Policy_v2.0|Build4All_Sales_and_Order_Analytics_Policy_v2.0|Build4All_Customer_Regional_and_Shipping_Policy_v2.0,24|19|18|23|20|4
B4A-FT-045-ENGLISH,B4A-FT-045,payments_dated_by_status,english,train,0.8074954748153687,0.7971748113632202,0.7950006723403931,0.7909846305847168,0.7881938219070435,0.7813445329666138,0.8074954748153687,0.7933656573295593,0.008101021249064201,0.010320663452148438,84.0,Build4All_Sales_and_Order_Analytics_Policy_v2.0|Build4All_Sales_and_Order_Analytics_Policy_v2.0|Build4All_Customer_Regional_and_Shipping_Policy_v2.0|Build4All_Sales_and_Order_Analytics_Policy_v2.0|Build4All_Sales_and_Order_Analytics_Policy_v2.0|Build4All_Product_Events_and_Conversion_Policy_v2.0,24|18|1|23|19|8
B4A-FT-045-ARABIC,B4A-FT-045,payments_dated_by_status,arabic,train,0.7742202281951904,0.772788941860199,0.7681981325149536,0.7676330804824829,0.7633812427520752,0.7623088955879211,0.7742202281951904,0.7680884202321371,0.004386983938998014,0.001431286334991455,66.0,Build4All_Customer_Regional_and_Shipping_Policy_v2.0|Build4All_Sales_and_Order_Analytics_Policy_v2.0|Build4All_Customer_Regional_and_Shipping_Policy_v2.0|Build4All_Customer_Regional_and_Shipping_Policy_v2.0|Build4All_Product_Events_and_Conversion_Policy_v2.0|Build4All_Sales_and_Order_Analytics_Policy_v2.0,1|24|2|4|8|23
B4A-FT-045-FRENCH,B4A-FT-045,payments_dated_by_status,french,train,0.8065473437309265,0.8045246005058289,0.7935625910758972,0.7933940887451172,0.7910441160202026,0.7894507646560669,0.8065473437309265,0.7964205841223398,0.006621164712263766,0.0020227432250976562,108.0,Build4All_Customer_Regional_and_Shipping_Policy_v2.0|Build4All_Sales_and_Order_Analytics_Policy_v2.0|Build4All_Customer_Regional_and_Shipping_Policy_v2.0|Build4All_Customer_Regional_and_Shipping_Policy_v2.0|Build4All_Sales_and_Order_Analytics_Policy_v2.0|Build4All_Sales_and_Order_Analytics_Policy_v2.0,1|24|2|4|18|23
B4A-FT-045-LEBANESE_ARABIZI,B4A-FT-045,payments_dated_by_status,lebanese_arabizi,train,0.8008313179016113,0.7929353713989258,0.7859309315681458,0.7850850224494934,0.7834135293960571,0.7825634479522705,0.8008313179016113,0.7884599367777506,0.006469174444555465,0.007895946502685547,83.0,Build4All_Sales_and_Order_Analytics_Policy_v2.0|Build4All_Sales_and_Order_Analytics_Policy_v2.0|Build4All_Customer_Regional_and_Shipping_Policy_v2.0|Build4All_Customer_Regional_and_Shipping_Policy_v2.0|Build4All_Product_Events_and_Conversion_Policy_v2.0|Build4All_Product_Events_and_Conversion_Policy_v2.0,24|18|5|1|10|6
B4A-FT-046-ENGLISH,B4A-FT-046,payments_count_by_status,english,train,0.8485891819000244,0.8110994696617126,0.8036121726036072,0.7953019142150879,0.7937188148498535,0.7923036813735962,0.8485891819000244,0.807437539100647,0.019519269562380395,0.03748971223831177,73.0,Build4All_Sales_and_Order_Analytics_Policy_v2.0|Build4All_Sales_and_Order_Analytics_Policy_v2.0|Build4All_Sales_and_Order_Analytics_Policy_v2.0|Build4All_Sales_and_Order_Analytics_Policy_v2.0|Build4All_Sales_and_Order_Analytics_Policy_v2.0|Build4All_Customer_Regional_and_Shipping_Policy_v2.0,24|19|21|23|18|1
B4A-FT-046-ARABIC,B4A-FT-046,payments_count_by_status,arabic,train,0.8144729137420654,0.7829857468605042,0.7789016962051392,0.7758402824401855,0.7752926349639893,0.7743948698043823,0.8144729137420654,0.7836480240027109,0.014080330742635731,0.03148716688156128,52.0,Build4All_Sales_and_Order_Analytics_Policy_v2.0|Build4All_Customer_Regional_and_Shipping_Policy_v2.0|Build4All_Customer_Regional_and_Shipping_Policy_v2.0|Build4All_Sales_and_Order_Analytics_Policy_v2.0|Build4All_Customer_Regional_and_Shipping_Policy_v2.0|Build4All_Sales_and_Order_Analytics_Policy_v2.0,24|4|1|19|2|21
B4A-FT-046-FRENCH,B4A-FT-046,payments_count_by_status,french,train,0.8321531414985657,0.8036203384399414,0.8030518889427185,0.7965825200080872,0.7960177659988403,0.7915573120117188,0.8321531414985657,0.803830494483312,0.013335576443281805,0.028532803058624268,95.0,Build4All_Sales_and_Order_Analytics_Policy_v2.0|Build4All_Sales_and_Order_Analytics_Policy_v2.0|Build4All_Customer_Regional_and_Shipping_Policy_v2.0|Build4All_Customer_Regional_and_Shipping_Policy_v2.0|Build4All_Customer_Regional_and_Shipping_Policy_v2.0|Build4All_Sales_and_Order_Analytics_Policy_v2.0,24|19|1|4|2|23
B4A-FT-046-LEBANESE_ARABIZI,B4A-FT-046,payments_count_by_status,lebanese_arabizi,train,0.816987931728363,0.783769965171814,0.7792612910270691,0.7784587144851685,0.7782707214355469,0.7772694230079651,0.816987931728363,0.7856696744759878,0.014158720434209201,0.03321796655654907,64.0,Build4All_Sales_and_Order_Analytics_Policy_v2.0|Build4All_Sales_and_Order_Analytics_Policy_v2.0|Build4All_Product_Inventory_and_Coupon_Policy_v2.0|Build4All_Sales_and_Order_Analytics_Policy_v2.0|Build4All_Sales_and_Order_Analytics_Policy_v2.0|Build4All_Product_Events_and_Conversion_Policy_v2.0,24|19|17|21|23|11
B4A-FT-047-ENGLISH,B4A-FT-047,payments_total_by_status,english,train,0.856972336769104,0.8261832594871521,0.8126693964004517,0.7998135089874268,0.7978430986404419,0.7875820398330688,0.856972336769104,0.8135106066862742,0.022933227779608552,0.030789077281951904,65.0,Build4All_Sales_and_Order_Analytics_Policy_v2.0|Build4All_Sales_and_Order_Analytics_Policy_v2.0|Build4All_Sales_and_Order_Analytics_Policy_v2.0|Build4All_Sales_and_Order_Analytics_Policy_v2.0|Build4All_Sales_and_Order_Analytics_Policy_v2.0|Build4All_Sales_and_Order_Analytics_Policy_v2.0,24|19|21|23|18|20
B4A-FT-047-ARABIC,B4A-FT-047,payments_total_by_status,arabic,train,0.8255295753479004,0.7911636233329773,0.773814857006073,0.7737643718719482,0.7684022188186646,0.7638499736785889,0.8255295753479004,0.782754103342692,0.020914624613996995,0.034365952014923096,57.0,Build4All_Sales_and_Order_Analytics_Policy_v2.0|Build4All_Sales_and_Order_Analytics_Policy_v2.0|Build4All_Sales_and_Order_Analytics_Policy_v2.0|Build4All_Sales_and_Order_Analytics_Policy_v2.0|Build4All_Product_Events_and_Conversion_Policy_v2.0|Build4All_Customer_Regional_and_Shipping_Policy_v2.0,24|19|23|21|8|1
B4A-FT-047-FRENCH,B4A-FT-047,payments_total_by_status,french,train,0.8457297086715698,0.8175513744354248,0.7970408201217651,0.7943357825279236,0.7903294563293457,0.7841849327087402,0.8457297086715698,0.8048620124657949,0.020983715439556516,0.02817833423614502,77.0,Build4All_Sales_and_Order_Analytics_Policy_v2.0|Build4All_Sales_and_Order_Analytics_Policy_v2.0|Build4All_Sales_and_Order_Analytics_Policy_v2.0|Build4All_Sales_and_Order_Analytics_Policy_v2.0|Build4All_Sales_and_Order_Analytics_Policy_v2.0|Build4All_Customer_Regional_and_Shipping_Policy_v2.0,24|19|18|23|21|0
B4A-FT-047-LEBANESE_ARABIZI,B4A-FT-047,payments_total_by_status,lebanese_arabizi,train,0.830877423286438,0.7888254523277283,0.7839874029159546,0.7830142974853516,0.7787509560585022,0.7781602144241333,0.830877423286438,0.7906026244163513,0.018356820871492843,0.04205197095870972,65.0,Build4All_Sales_and_Order_Analytics_Policy_v2.0|Build4All_Sales_and_Order_Analytics_Policy_v2.0|Build4All_Sales_and_Order_Analytics_Policy_v2.0|Build4All_Sales_and_Order_Analytics_Policy_v2.0|Build4All_Customer_Regional_and_Shipping_Policy_v2.0|Build4All_Sales_and_Order_Analytics_Policy_v2.0,24|19|23|21|4|18
B4A-FT-048-ENGLISH,B4A-FT-048,payments_average_by_status,english,train,0.8508012890815735,0.8207818865776062,0.8103623986244202,0.799791693687439,0.7892494201660156,0.7874926328659058,0.8508012890815735,0.8097465535004934,0.021687622612184963,0.030019402503967285,71.0,Build4All_Sales_and_Order_Analytics_Policy_v2.0|Build4All_Sales_and_Order_Analytics_Policy_v2.0|Build4All_Sales_and_Order_Analytics_Policy_v2.0|Build4All_Sales_and_Order_Analytics_Policy_v2.0|Build4All_Sales_and_Order_Analytics_Policy_v2.0|Build4All_Sales_and_Order_Analytics_Policy_v2.0,24|19|21|23|18|20
B4A-FT-048-ARABIC,B4A-FT-048,payments_average_by_status,arabic,train,0.8246508836746216,0.7863688468933105,0.7745541334152222,0.7698442935943604,0.7667694091796875,0.7662439942359924,0.8246508836746216,0.7814052601655325,0.020491816050839756,0.038282036781311035,56.0,Build4All_Sales_and_Order_Analytics_Policy_v2.0|Build4All_Sales_and_Order_Analytics_Policy_v2.0|Build4All_Sales_and_Order_Analytics_Policy_v2.0|Build4All_Sales_and_Order_Analytics_Policy_v2.0|Build4All_Product_Events_and_Conversion_Policy_v2.0|Build4All_Customer_Regional_and_Shipping_Policy_v2.0,24|19|23|21|8|1
B4A-FT-048-FRENCH,B4A-FT-048,payments_average_by_status,french,train,0.8477374911308289,0.8132750988006592,0.7991217374801636,0.7983939051628113,0.7902078032493591,0.7896272540092468,0.8477374911308289,0.8063938816388448,0.02006920458245928,0.03446239233016968,83.0,Build4All_Sales_and_Order_Analytics_Policy_v2.0|Build4All_Sales_and_Order_Analytics_Policy_v2.0|Build4All_Sales_and_Order_Analytics_Policy_v2.0|Build4All_Customer_Regional_and_Shipping_Policy_v2.0|Build4All_Customer_Regional_and_Shipping_Policy_v2.0|Build4All_Sales_and_Order_Analytics_Policy_v2.0,24|19|23|1|4|21
B4A-FT-048-LEBANESE_ARABIZI,B4A-FT-048,payments_average_by_status,lebanese_arabizi,train,0.829610288143158,0.8002828359603882,0.7923223972320557,0.7921472787857056,0.7880401611328125,0.785277247428894,0.829610288143158,0.797946701447169,0.014899446041994616,0.029327452182769775,64.0,Build4All_Sales_and_Order_Analytics_Policy_v2.0|Build4All_Sales_and_Order_Analytics_Policy_v2.0|Build4All_Sales_and_Order_Analytics_Policy_v2.0|Build4All_Sales_and_Order_Analytics_Policy_v2.0|Build4All_Customer_Regional_and_Shipping_Policy_v2.0|Build4All_Customer_Regional_and_Shipping_Policy_v2.0,24|19|21|23|4|5
B4A-FT-050-ENGLISH,B4A-FT-050,payments_dated_by_status,english,train,0.8421083688735962,0.8090964555740356,0.8066567778587341,0.7971506118774414,0.7949686050415039,0.7936577796936035,0.8421083688735962,0.8072730998198191,0.016615468420760265,0.03301191329956055,85.0,Build4All_Sales_and_Order_Analytics_Policy_v2.0|Build4All_Sales_and_Order_Analytics_Policy_v2.0|Build4All_Sales_and_Order_Analytics_Policy_v2.0|Build4All_Sales_and_Order_Analytics_Policy_v2.0|Build4All_Customer_Regional_and_Shipping_Policy_v2.0|Build4All_Sales_and_Order_Analytics_Policy_v2.0,24|21|19|18|1|23
B4A-FT-050-ARABIC,B4A-FT-050,payments_dated_by_status,arabic,train,0.8063649535179138,0.7794559597969055,0.7788990139961243,0.7787206768989563,0.7748066186904907,0.7731801271438599,0.8063649535179138,0.7819045583407084,0.011180141709617989,0.0269089937210083,67.0,Build4All_Sales_and_Order_Analytics_Policy_v2.0|Build4All_Customer_Regional_and_Shipping_Policy_v2.0|Build4All_Customer_Regional_and_Shipping_Policy_v2.0|Build4All_Customer_Regional_and_Shipping_Policy_v2.0|Build4All_Sales_and_Order_Analytics_Policy_v2.0|Build4All_Sales_and_Order_Analytics_Policy_v2.0,24|1|2|4|21|19
B4A-FT-050-FRENCH,B4A-FT-050,payments_dated_by_status,french,train,0.8287303447723389,0.807902455329895,0.8009926080703735,0.7987186312675476,0.7985607385635376,0.7938637733459473,0.8287303447723389,0.8047947585582733,0.011491266109730952,0.020827889442443848,109.0,Build4All_Sales_and_Order_Analytics_Policy_v2.0|Build4All_Customer_Regional_and_Shipping_Policy_v2.0|Build4All_Customer_Regional_and_Shipping_Policy_v2.0|Build4All_Customer_Regional_and_Shipping_Policy_v2.0|Build4All_Sales_and_Order_Analytics_Policy_v2.0|Build4All_Sales_and_Order_Analytics_Policy_v2.0,24|1|2|4|19|21
B4A-FT-050-LEBANESE_ARABIZI,B4A-FT-050,payments_dated_by_status,lebanese_arabizi,train,0.8232787847518921,0.7879699468612671,0.7878714203834534,0.7868584394454956,0.7866944074630737,0.7865212559700012,0.8232787847518921,0.7931990424791971,0.013463681081305532,0.035308837890625,84.0,Build4All_Sales_and_Order_Analytics_Policy_v2.0|Build4All_Sales_and_Order_Analytics_Policy_v2.0|Build4All_Sales_and_Order_Analytics_Policy_v2.0|Build4All_Sales_and_Order_Analytics_Policy_v2.0|Build4All_Customer_Regional_and_Shipping_Policy_v2.0|Build4All_Product_Events_and_Conversion_Policy_v2.0,24|21|18|19|5|8
B4A-FT-052-ENGLISH,B4A-FT-052,payment_method_total,english,train,0.7790709137916565,0.7754005193710327,0.7741165161132812,0.7694694995880127,0.7672582864761353,0.7641425132751465,0.7790709137916565,0.7715763747692108,0.005092341003758123,0.0036703944206237793,61.0,Build4All_Sales_and_Order_Analytics_Policy_v2.0|Build4All_Product_Events_and_Conversion_Policy_v2.0|Build4All_Product_Events_and_Conversion_Policy_v2.0|Build4All_Product_Events_and_Conversion_Policy_v2.0|Build4All_Customer_Regional_and_Shipping_Policy_v2.0|Build4All_Product_Events_and_Conversion_Policy_v2.0,24|7|6|8|4|11
B4A-FT-052-ARABIC,B4A-FT-052,payment_method_total,arabic,train,0.76385897397995,0.7537569999694824,0.7527256011962891,0.748641848564148,0.7449944615364075,0.7428256273269653,0.76385897397995,0.751133918762207,0.006883217437578643,0.01010197401046753,55.0,Build4All_Sales_and_Order_Analytics_Policy_v2.0|Build4All_Product_Events_and_Conversion_Policy_v2.0|Build4All_Customer_Regional_and_Shipping_Policy_v2.0|Build4All_Product_Events_and_Conversion_Policy_v2.0|Build4All_Customer_Regional_and_Shipping_Policy_v2.0|Build4All_Product_Events_and_Conversion_Policy_v2.0,24|8|4|7|1|10
B4A-FT-052-FRENCH,B4A-FT-052,payment_method_total,french,train,0.7824316024780273,0.7775136828422546,0.777023196220398,0.7763657569885254,0.7732757329940796,0.7695074081420898,0.7824316024780273,0.7760195632775625,0.003966748002339138,0.004917919635772705,79.0,Build4All_Sales_and_Order_Analytics_Policy_v2.0|Build4All_Product_Events_and_Conversion_Policy_v2.0|Build4All_Customer_Regional_and_Shipping_Policy_v2.0|Build4All_Product_Events_and_Conversion_Policy_v2.0|Build4All_Product_Events_and_Conversion_Policy_v2.0|Build4All_Customer_Regional_and_Shipping_Policy_v2.0,24|7|4|8|6|1
B4A-FT-052-LEBANESE_ARABIZI,B4A-FT-052,payment_method_total,lebanese_arabizi,train,0.7888408899307251,0.7780581116676331,0.7775219678878784,0.7770586013793945,0.7741470336914062,0.7730830907821655,0.7888408899307251,0.7781182825565338,0.005124783224222144,0.010782778263092041,50.0,Build4All_Sales_and_Order_Analytics_Policy_v2.0|Build4All_Product_Events_and_Conversion_Policy_v2.0|Build4All_Product_Events_and_Conversion_Policy_v2.0|Build4All_Customer_Regional_and_Shipping_Policy_v2.0|Build4All_Product_Events_and_Conversion_Policy_v2.0|Build4All_Product_Events_and_Conversion_Policy_v2.0,24|8|10|4|7|11
B4A-FT-053-ENGLISH,B4A-FT-053,payment_method_average,english,train,0.7814760208129883,0.7703522443771362,0.769789457321167,0.7683608531951904,0.7681044340133667,0.7665019631385803,0.7814760208129883,0.7707641621430715,0.004947727253948727,0.01112377643585205,63.0,Build4All_Sales_and_Order_Analytics_Policy_v2.0|Build4All_Product_Events_and_Conversion_Policy_v2.0|Build4All_Customer_Regional_and_Shipping_Policy_v2.0|Build4All_Product_Events_and_Conversion_Policy_v2.0|Build4All_Product_Events_and_Conversion_Policy_v2.0|Build4All_Product_Events_and_Conversion_Policy_v2.0,24|8|4|6|7|10
B4A-FT-053-ARABIC,B4A-FT-053,payment_method_average,arabic,train,0.7658112049102783,0.756504237651825,0.7552521228790283,0.7502881288528442,0.7494518160820007,0.7433526515960693,0.7658112049102783,0.7534433603286743,0.006991834349333808,0.00930696725845337,54.0,Build4All_Sales_and_Order_Analytics_Policy_v2.0|Build4All_Customer_Regional_and_Shipping_Policy_v2.0|Build4All_Product_Events_and_Conversion_Policy_v2.0|Build4All_Product_Events_and_Conversion_Policy_v2.0|Build4All_Customer_Regional_and_Shipping_Policy_v2.0|Build4All_Product_Events_and_Conversion_Policy_v2.0,24|4|8|10|1|7
B4A-FT-053-FRENCH,B4A-FT-053,payment_method_average,french,train,0.7850995063781738,0.7800130844116211,0.7765628099441528,0.7725595831871033,0.7723172307014465,0.7690858840942383,0.7850995063781738,0.7759396831194559,0.005360426684029391,0.005086421966552734,79.0,Build4All_Sales_and_Order_Analytics_Policy_v2.0|Build4All_Customer_Regional_and_Shipping_Policy_v2.0|Build4All_Product_Events_and_Conversion_Policy_v2.0|Build4All_Product_Events_and_Conversion_Policy_v2.0|Build4All_Customer_Regional_and_Shipping_Policy_v2.0|Build4All_Product_Events_and_Conversion_Policy_v2.0,24|4|8|10|1|7
B4A-FT-053-LEBANESE_ARABIZI,B4A-FT-053,payment_method_average,lebanese_arabizi,train,0.781163215637207,0.777012050151825,0.7750717401504517,0.775065541267395,0.7749193906784058,0.7741372585296631,0.781163215637207,0.7762281994024912,0.002371462037955293,0.00415116548538208,54.0,Build4All_Sales_and_Order_Analytics_Policy_v2.0|Build4All_Customer_Regional_and_Shipping_Policy_v2.0|Build4All_Product_Events_and_Conversion_Policy_v2.0|Build4All_Product_Events_and_Conversion_Policy_v2.0|Build4All_Customer_Regional_and_Shipping_Policy_v2.0|Build4All_Sales_and_Order_Analytics_Policy_v2.0,24|4|11|10|5|25
B4A-FT-054-ENGLISH,B4A-FT-054,payment_method_paid_count,english,train,0.7893524169921875,0.7794836759567261,0.773942768573761,0.7732169032096863,0.7672580480575562,0.7659958600997925,0.7893524169921875,0.7748749454816183,0.007866711717537209,0.009868741035461426,74.0,Build4All_Sales_and_Order_Analytics_Policy_v2.0|Build4All_Sales_and_Order_Analytics_Policy_v2.0|Build4All_Customer_Regional_and_Shipping_Policy_v2.0|Build4All_Product_Events_and_Conversion_Policy_v2.0|Build4All_Customer_Regional_and_Shipping_Policy_v2.0|Build4All_Product_Events_and_Conversion_Policy_v2.0,24|23|4|8|1|10
B4A-FT-054-ARABIC,B4A-FT-054,payment_method_paid_count,arabic,train,0.7697268128395081,0.7682234644889832,0.7633456587791443,0.7477995157241821,0.7447915077209473,0.7424660325050354,0.7697268128395081,0.7560588320096334,0.011312404166769542,0.0015033483505249023,56.0,Build4All_Product_Events_and_Conversion_Policy_v2.0|Build4All_Sales_and_Order_Analytics_Policy_v2.0|Build4All_Customer_Regional_and_Shipping_Policy_v2.0|Build4All_Product_Events_and_Conversion_Policy_v2.0|Build4All_Sales_and_Order_Analytics_Policy_v2.0|Build4All_Product_Events_and_Conversion_Policy_v2.0,8|24|4|10|23|7
B4A-FT-054-FRENCH,B4A-FT-054,payment_method_paid_count,french,train,0.7837379574775696,0.7817467451095581,0.776384174823761,0.7743827700614929,0.7726260423660278,0.7628667950630188,0.7837379574775696,0.7752907474835714,0.00678859970205374,0.0019912123680114746,82.0,Build4All_Customer_Regional_and_Shipping_Policy_v2.0|Build4All_Sales_and_Order_Analytics_Policy_v2.0|Build4All_Product_Events_and_Conversion_Policy_v2.0|Build4All_Product_Events_and_Conversion_Policy_v2.0|Build4All_Customer_Regional_and_Shipping_Policy_v2.0|Build4All_Product_Events_and_Conversion_Policy_v2.0,4|24|8|10|1|7
B4A-FT-054-LEBANESE_ARABIZI,B4A-FT-054,payment_method_paid_count,lebanese_arabizi,train,0.7893224954605103,0.7737241983413696,0.7728476524353027,0.7727739214897156,0.772092342376709,0.7692885398864746,0.7893224954605103,0.7750081916650137,0.00655011982745518,0.015598297119140625,58.0,Build4All_Sales_and_Order_Analytics_Policy_v2.0|Build4All_Customer_Regional_and_Shipping_Policy_v2.0|Build4All_Product_Events_and_Conversion_Policy_v2.0|Build4All_Customer_Regional_and_Shipping_Policy_v2.0|Build4All_Product_Events_and_Conversion_Policy_v2.0|Build4All_Product_Events_and_Conversion_Policy_v2.0,24|4|11|5|10|6
B4A-FT-057-ENGLISH,B4A-FT-057,payment_method_total,english,train,0.7937254309654236,0.7933099269866943,0.7928604483604431,0.7812801599502563,0.780235767364502,0.7791314721107483,0.7937254309654236,0.7867572009563446,0.00657549607083796,0.00041550397872924805,64.0,Build4All_Customer_Regional_and_Shipping_Policy_v2.0|Build4All_Sales_and_Order_Analytics_Policy_v2.0|Build4All_Sales_and_Order_Analytics_Policy_v2.0|Build4All_Customer_Regional_and_Shipping_Policy_v2.0|Build4All_Product_Events_and_Conversion_Policy_v2.0|Build4All_Sales_and_Order_Analytics_Policy_v2.0,4|19|24|1|8|22
B4A-FT-057-ARABIC,B4A-FT-057,payment_method_total,arabic,train,0.7794152498245239,0.7781111001968384,0.7682123184204102,0.7646902799606323,0.7637810707092285,0.7617436647415161,0.7794152498245239,0.7693256139755249,0.006951488837554545,0.0013041496276855469,58.0,Build4All_Sales_and_Order_Analytics_Policy_v2.0|Build4All_Customer_Regional_and_Shipping_Policy_v2.0|Build4All_Customer_Regional_and_Shipping_Policy_v2.0|Build4All_Sales_and_Order_Analytics_Policy_v2.0|Build4All_Product_Events_and_Conversion_Policy_v2.0|Build4All_Product_Events_and_Conversion_Policy_v2.0,24|4|1|19|8|10
B4A-FT-057-FRENCH,B4A-FT-057,payment_method_total,french,train,0.8047254085540771,0.80262690782547,0.7963447570800781,0.7938907146453857,0.788020133972168,0.7849341034889221,0.8047254085540771,0.7950903375943502,0.007138907679946674,0.0020985007286071777,82.0,Build4All_Customer_Regional_and_Shipping_Policy_v2.0|Build4All_Sales_and_Order_Analytics_Policy_v2.0|Build4All_Sales_and_Order_Analytics_Policy_v2.0|Build4All_Customer_Regional_and_Shipping_Policy_v2.0|Build4All_Customer_Regional_and_Shipping_Policy_v2.0|Build4All_Product_Events_and_Conversion_Policy_v2.0,4|24|19|1|3|8
B4A-FT-057-LEBANESE_ARABIZI,B4A-FT-057,payment_method_total,lebanese_arabizi,train,0.8062103986740112,0.7957255840301514,0.7843630313873291,0.781780481338501,0.781225323677063,0.7794976830482483,0.8062103986740112,0.7881337503592173,0.009672051828341207,0.010484814643859863,53.0,Build4All_Sales_and_Order_Analytics_Policy_v2.0|Build4All_Customer_Regional_and_Shipping_Policy_v2.0|Build4All_Sales_and_Order_Analytics_Policy_v2.0|Build4All_Product_Events_and_Conversion_Policy_v2.0|Build4All_Product_Events_and_Conversion_Policy_v2.0|Build4All_Customer_Regional_and_Shipping_Policy_v2.0,24|4|19|10|8|3
B4A-FT-058-ENGLISH,B4A-FT-058,payment_method_average,english,train,0.7943919897079468,0.79420006275177,0.7911098599433899,0.7841371297836304,0.7807191610336304,0.7789516448974609,0.7943919897079468,0.7872516413529714,0.006263843440156587,0.0001919269561767578,66.0,Build4All_Customer_Regional_and_Shipping_Policy_v2.0|Build4All_Sales_and_Order_Analytics_Policy_v2.0|Build4All_Sales_and_Order_Analytics_Policy_v2.0|Build4All_Customer_Regional_and_Shipping_Policy_v2.0|Build4All_Product_Events_and_Conversion_Policy_v2.0|Build4All_Product_Events_and_Conversion_Policy_v2.0,4|24|19|1|8|10
B4A-FT-058-ARABIC,B4A-FT-058,payment_method_average,arabic,train,0.7802560925483704,0.7790462970733643,0.7706756591796875,0.7654930353164673,0.7637982368469238,0.7618291974067688,0.7802560925483704,0.7701830863952637,0.007220513930711893,0.0012097954750061035,57.0,Build4All_Sales_and_Order_Analytics_Policy_v2.0|Build4All_Customer_Regional_and_Shipping_Policy_v2.0|Build4All_Customer_Regional_and_Shipping_Policy_v2.0|Build4All_Product_Events_and_Conversion_Policy_v2.0|Build4All_Product_Events_and_Conversion_Policy_v2.0|Build4All_Sales_and_Order_Analytics_Policy_v2.0,24|4|1|10|8|19
B4A-FT-058-FRENCH,B4A-FT-058,payment_method_average,french,train,0.8034465312957764,0.8018418550491333,0.7932949066162109,0.786758303642273,0.786241888999939,0.7844284772872925,0.8034465312957764,0.7926686604817709,0.007581100522609191,0.0016046762466430664,82.0,Build4All_Customer_Regional_and_Shipping_Policy_v2.0|Build4All_Sales_and_Order_Analytics_Policy_v2.0|Build4All_Customer_Regional_and_Shipping_Policy_v2.0|Build4All_Product_Inventory_and_Coupon_Policy_v2.0|Build4All_Sales_and_Order_Analytics_Policy_v2.0|Build4All_Product_Events_and_Conversion_Policy_v2.0,4|24|1|15|19|10
B4A-FT-058-LEBANESE_ARABIZI,B4A-FT-058,payment_method_average,lebanese_arabizi,train,0.7988379597663879,0.7966794371604919,0.7901343703269958,0.7854297757148743,0.7807621955871582,0.7802804708480835,0.7988379597663879,0.7886873682339987,0.007223776521558988,0.002158522605895996,57.0,Build4All_Sales_and_Order_Analytics_Policy_v2.0|Build4All_Customer_Regional_and_Shipping_Policy_v2.0|Build4All_Sales_and_Order_Analytics_Policy_v2.0|Build4All_Customer_Regional_and_Shipping_Policy_v2.0|Build4All_Product_Events_and_Conversion_Policy_v2.0|Build4All_Customer_Regional_and_Shipping_Policy_v2.0,24|4|19|3|10|5
B4A-FT-059-ENGLISH,B4A-FT-059,payment_method_paid_count,english,train,0.7980401515960693,0.7938198447227478,0.7912859916687012,0.7891057729721069,0.7834650278091431,0.779196560382843,0.7980401515960693,0.7891522248586019,0.006282203712308534,0.004220306873321533,77.0,Build4All_Sales_and_Order_Analytics_Policy_v2.0|Build4All_Customer_Regional_and_Shipping_Policy_v2.0|Build4All_Sales_and_Order_Analytics_Policy_v2.0|Build4All_Sales_and_Order_Analytics_Policy_v2.0|Build4All_Customer_Regional_and_Shipping_Policy_v2.0|Build4All_Product_Events_and_Conversion_Policy_v2.0,24|4|23|19|1|8
B4A-FT-059-ARABIC,B4A-FT-059,payment_method_paid_count,arabic,train,0.7823190689086914,0.7793918251991272,0.7736367583274841,0.760643482208252,0.7599830627441406,0.7597285509109497,0.7823190689086914,0.7692837913831075,0.009517529838384014,0.002927243709564209,59.0,Build4All_Customer_Regional_and_Shipping_Policy_v2.0|Build4All_Sales_and_Order_Analytics_Policy_v2.0|Build4All_Product_Events_and_Conversion_Policy_v2.0|Build4All_Sales_and_Order_Analytics_Policy_v2.0|Build4All_Product_Events_and_Conversion_Policy_v2.0|Build4All_Sales_and_Order_Analytics_Policy_v2.0,4|24|8|19|10|23
B4A-FT-059-FRENCH,B4A-FT-059,payment_method_paid_count,french,train,0.7987946271896362,0.7908775806427002,0.7850047945976257,0.7819836139678955,0.7773721814155579,0.7759133577346802,0.7987946271896362,0.7849910259246826,0.007902388900476313,0.007917046546936035,85.0,Build4All_Customer_Regional_and_Shipping_Policy_v2.0|Build4All_Sales_and_Order_Analytics_Policy_v2.0|Build4All_Customer_Regional_and_Shipping_Policy_v2.0|Build4All_Product_Events_and_Conversion_Policy_v2.0|Build4All_Sales_and_Order_Analytics_Policy_v2.0|Build4All_Product_Events_and_Conversion_Policy_v2.0,4|24|1|10|19|8
B4A-FT-059-LEBANESE_ARABIZI,B4A-FT-059,payment_method_paid_count,lebanese_arabizi,train,0.800971508026123,0.7886735200881958,0.7859889268875122,0.7799322605133057,0.7791715860366821,0.7790051102638245,0.800971508026123,0.7856238186359406,0.007776224367628094,0.012297987937927246,61.0,Build4All_Sales_and_Order_Analytics_Policy_v2.0|Build4All_Customer_Regional_and_Shipping_Policy_v2.0|Build4All_Sales_and_Order_Analytics_Policy_v2.0|Build4All_Customer_Regional_and_Shipping_Policy_v2.0|Build4All_Customer_Regional_and_Shipping_Policy_v2.0|Build4All_Sales_and_Order_Analytics_Policy_v2.0,24|4|19|0|1|18
B4A-FT-062-ENGLISH,B4A-FT-062,payment_method_total,english,train,0.7940853238105774,0.7842276096343994,0.7812156677246094,0.773716151714325,0.7729564905166626,0.7726781368255615,0.7940853238105774,0.7798132300376892,0.00774860240557242,0.009857714176177979,59.0,Build4All_Sales_and_Order_Analytics_Policy_v2.0|Build4All_Customer_Regional_and_Shipping_Policy_v2.0|Build4All_Customer_Regional_and_Shipping_Policy_v2.0|Build4All_Product_Events_and_Conversion_Policy_v2.0|Build4All_Product_Events_and_Conversion_Policy_v2.0|Build4All_Product_Events_and_Conversion_Policy_v2.0,24|4|1|10|6|7
B4A-FT-062-ARABIC,B4A-FT-062,payment_method_total,arabic,train,0.7616385221481323,0.7544084787368774,0.7515483498573303,0.7399663925170898,0.737568199634552,0.7361593246459961,0.7616385221481323,0.7468815445899963,0.009536997419559176,0.007230043411254883,53.0,Build4All_Sales_and_Order_Analytics_Policy_v2.0|Build4All_Customer_Regional_and_Shipping_Policy_v2.0|Build4All_Customer_Regional_and_Shipping_Policy_v2.0|Build4All_Product_Events_and_Conversion_Policy_v2.0|Build4All_Product_Events_and_Conversion_Policy_v2.0|Build4All_Customer_Regional_and_Shipping_Policy_v2.0,24|4|1|8|10|2
B4A-FT-062-FRENCH,B4A-FT-062,payment_method_total,french,train,0.7940298914909363,0.790565013885498,0.7856463193893433,0.7738782167434692,0.7737118005752563,0.77129065990448,0.7940298914909363,0.7815203169981638,0.008938124344532714,0.0034648776054382324,77.0,Build4All_Sales_and_Order_Analytics_Policy_v2.0|Build4All_Customer_Regional_and_Shipping_Policy_v2.0|Build4All_Customer_Regional_and_Shipping_Policy_v2.0|Build4All_Product_Events_and_Conversion_Policy_v2.0|Build4All_Product_Events_and_Conversion_Policy_v2.0|Build4All_Product_Events_and_Conversion_Policy_v2.0,24|4|1|10|8|7
B4A-FT-062-LEBANESE_ARABIZI,B4A-FT-062,payment_method_total,lebanese_arabizi,train,0.7985288500785828,0.7873484492301941,0.7811635732650757,0.7726131081581116,0.7721651792526245,0.7719390988349915,0.7985288500785828,0.78062637646993,0.00980855514328642,0.011180400848388672,48.0,Build4All_Sales_and_Order_Analytics_Policy_v2.0|Build4All_Customer_Regional_and_Shipping_Policy_v2.0|Build4All_Product_Events_and_Conversion_Policy_v2.0|Build4All_Product_Events_and_Conversion_Policy_v2.0|Build4All_Customer_Regional_and_Shipping_Policy_v2.0|Build4All_Product_Inventory_and_Coupon_Policy_v2.0,24|4|10|8|1|17
B4A-FT-063-ENGLISH,B4A-FT-063,payment_method_average,english,train,0.7927249670028687,0.7827695608139038,0.7816883325576782,0.7736512422561646,0.7712884545326233,0.7690097093582153,0.7927249670028687,0.7785220444202423,0.008127359561873755,0.009955406188964844,61.0,Build4All_Sales_and_Order_Analytics_Policy_v2.0|Build4All_Customer_Regional_and_Shipping_Policy_v2.0|Build4All_Customer_Regional_and_Shipping_Policy_v2.0|Build4All_Product_Events_and_Conversion_Policy_v2.0|Build4All_Product_Inventory_and_Coupon_Policy_v2.0|Build4All_Product_Events_and_Conversion_Policy_v2.0,24|4|1|10|17|8
B4A-FT-063-ARABIC,B4A-FT-063,payment_method_average,arabic,train,0.7625910043716431,0.7568989992141724,0.7545558214187622,0.7438666820526123,0.7407711148262024,0.7364655137062073,0.7625910043716431,0.7491915225982666,0.0093891382780016,0.005692005157470703,52.0,Build4All_Sales_and_Order_Analytics_Policy_v2.0|Build4All_Customer_Regional_and_Shipping_Policy_v2.0|Build4All_Customer_Regional_and_Shipping_Policy_v2.0|Build4All_Product_Events_and_Conversion_Policy_v2.0|Build4All_Product_Events_and_Conversion_Policy_v2.0|Build4All_Customer_Regional_and_Shipping_Policy_v2.0,24|4|1|10|8|2
B4A-FT-063-FRENCH,B4A-FT-063,payment_method_average,french,train,0.7942836284637451,0.791724443435669,0.7876670360565186,0.7771487236022949,0.7716600298881531,0.7695462107658386,0.7942836284637451,0.7820050120353699,0.00968774316857368,0.002559185028076172,77.0,Build4All_Sales_and_Order_Analytics_Policy_v2.0|Build4All_Customer_Regional_and_Shipping_Policy_v2.0|Build4All_Customer_Regional_and_Shipping_Policy_v2.0|Build4All_Product_Events_and_Conversion_Policy_v2.0|Build4All_Product_Events_and_Conversion_Policy_v2.0|Build4All_Product_Inventory_and_Coupon_Policy_v2.0,24|4|1|10|8|15
B4A-FT-063-LEBANESE_ARABIZI,B4A-FT-063,payment_method_average,lebanese_arabizi,train,0.789124608039856,0.7861562967300415,0.7774564027786255,0.7720887660980225,0.7712805271148682,0.7695100903511047,0.789124608039856,0.7776027818520864,0.007547664679997864,0.002968311309814453,52.0,Build4All_Sales_and_Order_Analytics_Policy_v2.0|Build4All_Customer_Regional_and_Shipping_Policy_v2.0|Build4All_Product_Events_and_Conversion_Policy_v2.0|Build4All_Customer_Regional_and_Shipping_Policy_v2.0|Build4All_Customer_Regional_and_Shipping_Policy_v2.0|Build4All_Product_Events_and_Conversion_Policy_v2.0,24|4|10|5|1|11
B4A-FT-064-ENGLISH,B4A-FT-064,payment_method_paid_count,english,train,0.7992290258407593,0.7894155979156494,0.7878040671348572,0.7759226560592651,0.773066520690918,0.7674943208694458,0.7992290258407593,0.7821553647518158,0.010897466669795344,0.009813427925109863,72.0,Build4All_Sales_and_Order_Analytics_Policy_v2.0|Build4All_Customer_Regional_and_Shipping_Policy_v2.0|Build4All_Customer_Regional_and_Shipping_Policy_v2.0|Build4All_Product_Events_and_Conversion_Policy_v2.0|Build4All_Product_Events_and_Conversion_Policy_v2.0|Build4All_Sales_and_Order_Analytics_Policy_v2.0,24|4|1|10|8|23
B4A-FT-064-ARABIC,B4A-FT-064,payment_method_paid_count,arabic,train,0.7685199975967407,0.7671677470207214,0.7596979737281799,0.7468405961990356,0.7445553541183472,0.7407543659210205,0.7685199975967407,0.7545893390973409,0.011034099372381081,0.0013522505760192871,54.0,Build4All_Customer_Regional_and_Shipping_Policy_v2.0|Build4All_Sales_and_Order_Analytics_Policy_v2.0|Build4All_Product_Events_and_Conversion_Policy_v2.0|Build4All_Customer_Regional_and_Shipping_Policy_v2.0|Build4All_Product_Events_and_Conversion_Policy_v2.0|Build4All_Customer_Regional_and_Shipping_Policy_v2.0,4|24|8|1|10|2
B4A-FT-064-FRENCH,B4A-FT-064,payment_method_paid_count,french,train,0.796509325504303,0.7929859161376953,0.7891671657562256,0.7812737822532654,0.7735824584960938,0.766413688659668,0.796509325504303,0.7833220561345419,0.01069585315903353,0.003523409366607666,80.0,Build4All_Customer_Regional_and_Shipping_Policy_v2.0|Build4All_Sales_and_Order_Analytics_Policy_v2.0|Build4All_Customer_Regional_and_Shipping_Policy_v2.0|Build4All_Product_Events_and_Conversion_Policy_v2.0|Build4All_Product_Events_and_Conversion_Policy_v2.0|Build4All_Customer_Regional_and_Shipping_Policy_v2.0,4|24|1|10|8|2
B4A-FT-064-LEBANESE_ARABIZI,B4A-FT-064,payment_method_paid_count,lebanese_arabizi,train,0.7989814877510071,0.7871748208999634,0.7842154502868652,0.7792223691940308,0.7754632830619812,0.7749990224838257,0.7989814877510071,0.7833427389462789,0.008253260140643183,0.011806666851043701,56.0,Build4All_Sales_and_Order_Analytics_Policy_v2.0|Build4All_Customer_Regional_and_Shipping_Policy_v2.0|Build4All_Customer_Regional_and_Shipping_Policy_v2.0|Build4All_Product_Events_and_Conversion_Policy_v2.0|Build4All_Customer_Regional_and_Shipping_Policy_v2.0|Build4All_Customer_Regional_and_Shipping_Policy_v2.0,24|4|1|10|0|5
B4A-FT-067-ENGLISH,B4A-FT-067,payment_method_total,english,train,0.7931504249572754,0.7902363538742065,0.7788640856742859,0.7773638367652893,0.7767537236213684,0.7747812271118164,0.7931504249572754,0.7818582753340403,0.007106464810680052,0.0029140710830688477,58.0,Build4All_Sales_and_Order_Analytics_Policy_v2.0|Build4All_Customer_Regional_and_Shipping_Policy_v2.0|Build4All_Customer_Regional_and_Shipping_Policy_v2.0|Build4All_Product_Events_and_Conversion_Policy_v2.0|Build4All_Product_Events_and_Conversion_Policy_v2.0|Build4All_Product_Events_and_Conversion_Policy_v2.0,24|4|1|11|10|7
B4A-FT-067-ARABIC,B4A-FT-067,payment_method_total,arabic,train,0.7640434503555298,0.7587718963623047,0.7493536472320557,0.7491879463195801,0.7444087266921997,0.736613392829895,0.7640434503555298,0.7503965099652609,0.008988530975393736,0.005271553993225098,52.0,Build4All_Sales_and_Order_Analytics_Policy_v2.0|Build4All_Customer_Regional_and_Shipping_Policy_v2.0|Build4All_Product_Events_and_Conversion_Policy_v2.0|Build4All_Customer_Regional_and_Shipping_Policy_v2.0|Build4All_Product_Events_and_Conversion_Policy_v2.0|Build4All_Sales_and_Order_Analytics_Policy_v2.0,24|4|8|1|10|19
B4A-FT-067-FRENCH,B4A-FT-067,payment_method_total,french,train,0.7904945611953735,0.7874469757080078,0.7800365686416626,0.7740771770477295,0.7724904417991638,0.7701959609985352,0.7904945611953735,0.7791236142317454,0.007622103426808424,0.0030475854873657227,76.0,Build4All_Customer_Regional_and_Shipping_Policy_v2.0|Build4All_Sales_and_Order_Analytics_Policy_v2.0|Build4All_Customer_Regional_and_Shipping_Policy_v2.0|Build4All_Product_Events_and_Conversion_Policy_v2.0|Build4All_Product_Events_and_Conversion_Policy_v2.0|Build4All_Product_Events_and_Conversion_Policy_v2.0,4|24|1|8|10|7
B4A-FT-067-LEBANESE_ARABIZI,B4A-FT-067,payment_method_total,lebanese_arabizi,train,0.795577883720398,0.7904123067855835,0.7836856245994568,0.7758224010467529,0.7752912640571594,0.7747812271118164,0.795577883720398,0.7825951178868612,0.008073854088591952,0.005165576934814453,47.0,Build4All_Sales_and_Order_Analytics_Policy_v2.0|Build4All_Customer_Regional_and_Shipping_Policy_v2.0|Build4All_Product_Events_and_Conversion_Policy_v2.0|Build4All_Customer_Regional_and_Shipping_Policy_v2.0|Build4All_Product_Events_and_Conversion_Policy_v2.0|Build4All_Product_Events_and_Conversion_Policy_v2.0,24|4|10|5|11|8
B4A-FT-068-ENGLISH,B4A-FT-068,payment_method_average,english,train,0.7928180694580078,0.7889099717140198,0.7801637649536133,0.7766318917274475,0.7739999294281006,0.770770251750946,0.7928180694580078,0.7805489798386892,0.007899813281544259,0.003908097743988037,60.0,Build4All_Sales_and_Order_Analytics_Policy_v2.0|Build4All_Customer_Regional_and_Shipping_Policy_v2.0|Build4All_Customer_Regional_and_Shipping_Policy_v2.0|Build4All_Product_Events_and_Conversion_Policy_v2.0|Build4All_Product_Events_and_Conversion_Policy_v2.0|Build4All_Product_Events_and_Conversion_Policy_v2.0,24|4|1|10|11|8
B4A-FT-068-ARABIC,B4A-FT-068,payment_method_average,arabic,train,0.7659978866577148,0.7613134980201721,0.7521871328353882,0.7504303455352783,0.7501427531242371,0.7366275191307068,0.7659978866577148,0.7527831892172495,0.009320793349861226,0.004684388637542725,51.0,Build4All_Sales_and_Order_Analytics_Policy_v2.0|Build4All_Customer_Regional_and_Shipping_Policy_v2.0|Build4All_Customer_Regional_and_Shipping_Policy_v2.0|Build4All_Product_Events_and_Conversion_Policy_v2.0|Build4All_Product_Events_and_Conversion_Policy_v2.0|Build4All_Sales_and_Order_Analytics_Policy_v2.0,24|4|1|10|8|23
B4A-FT-068-FRENCH,B4A-FT-068,payment_method_average,french,train,0.7917591333389282,0.7889450192451477,0.7818899154663086,0.775346040725708,0.7716387510299683,0.7649489641189575,0.7917591333389282,0.7790879706541697,0.009442590427072685,0.0028141140937805176,76.0,Build4All_Customer_Regional_and_Shipping_Policy_v2.0|Build4All_Sales_and_Order_Analytics_Policy_v2.0|Build4All_Customer_Regional_and_Shipping_Policy_v2.0|Build4All_Product_Events_and_Conversion_Policy_v2.0|Build4All_Product_Events_and_Conversion_Policy_v2.0|Build4All_Customer_Regional_and_Shipping_Policy_v2.0,4|24|1|10|8|5
B4A-FT-068-LEBANESE_ARABIZI,B4A-FT-068,payment_method_average,lebanese_arabizi,train,0.7919689416885376,0.7897311449050903,0.783379077911377,0.7805980443954468,0.7784512042999268,0.7729938626289368,0.7919689416885376,0.7828537126382192,0.0064852299495487195,0.0022377967834472656,51.0,Build4All_Customer_Regional_and_Shipping_Policy_v2.0|Build4All_Sales_and_Order_Analytics_Policy_v2.0|Build4All_Product_Events_and_Conversion_Policy_v2.0|Build4All_Customer_Regional_and_Shipping_Policy_v2.0|Build4All_Product_Events_and_Conversion_Policy_v2.0|Build4All_Customer_Regional_and_Shipping_Policy_v2.0,4|24|10|5|11|1
B4A-FT-069-ENGLISH,B4A-FT-069,payment_method_paid_count,english,train,0.797063946723938,0.791719377040863,0.7806995511054993,0.7791785001754761,0.7768905162811279,0.774271547794342,0.797063946723938,0.7833039065202078,0.008232816181184207,0.005344569683074951,71.0,Build4All_Sales_and_Order_Analytics_Policy_v2.0|Build4All_Customer_Regional_and_Shipping_Policy_v2.0|Build4All_Customer_Regional_and_Shipping_Policy_v2.0|Build4All_Product_Events_and_Conversion_Policy_v2.0|Build4All_Sales_and_Order_Analytics_Policy_v2.0|Build4All_Product_Events_and_Conversion_Policy_v2.0,24|4|1|10|23|8
B4A-FT-069-ARABIC,B4A-FT-069,payment_method_paid_count,arabic,train,0.7688015699386597,0.7662978768348694,0.7621327638626099,0.7467825412750244,0.741582453250885,0.7396035194396973,0.7688015699386597,0.7542001207669576,0.01190078173656234,0.002503693103790283,53.0,Build4All_Customer_Regional_and_Shipping_Policy_v2.0|Build4All_Sales_and_Order_Analytics_Policy_v2.0|Build4All_Product_Events_and_Conversion_Policy_v2.0|Build4All_Product_Events_and_Conversion_Policy_v2.0|Build4All_Sales_and_Order_Analytics_Policy_v2.0|Build4All_Customer_Regional_and_Shipping_Policy_v2.0,4|24|8|10|23|1
B4A-FT-069-FRENCH,B4A-FT-069,payment_method_paid_count,french,train,0.7946648597717285,0.7883250117301941,0.7810583114624023,0.7805667519569397,0.7727956771850586,0.7675222158432007,0.7946648597717285,0.7808221379915873,0.009030938146050752,0.006339848041534424,79.0,Build4All_Customer_Regional_and_Shipping_Policy_v2.0|Build4All_Sales_and_Order_Analytics_Policy_v2.0|Build4All_Customer_Regional_and_Shipping_Policy_v2.0|Build4All_Product_Events_and_Conversion_Policy_v2.0|Build4All_Product_Events_and_Conversion_Policy_v2.0|Build4All_Customer_Regional_and_Shipping_Policy_v2.0,4|24|1|10|8|5
B4A-FT-069-LEBANESE_ARABIZI,B4A-FT-069,payment_method_paid_count,lebanese_arabizi,train,0.7976619005203247,0.7882368564605713,0.7815942764282227,0.7803918123245239,0.778587818145752,0.7782158851623535,0.7976619005203247,0.7841147581736246,0.006904994363358161,0.009425044059753418,55.0,Build4All_Sales_and_Order_Analytics_Policy_v2.0|Build4All_Customer_Regional_and_Shipping_Policy_v2.0|Build4All_Product_Events_and_Conversion_Policy_v2.0|Build4All_Customer_Regional_and_Shipping_Policy_v2.0|Build4All_Customer_Regional_and_Shipping_Policy_v2.0|Build4All_Product_Events_and_Conversion_Policy_v2.0,24|4|10|1|5|11
B4A-FT-072-ENGLISH,B4A-FT-072,payment_method_total,english,train,0.7759920358657837,0.7708266973495483,0.7694671154022217,0.7673929333686829,0.7656852602958679,0.7645082473754883,0.7759920358657837,0.7689787149429321,0.0037900499410906934,0.0051653385162353516,62.0,Build4All_Sales_and_Order_Analytics_Policy_v2.0|Build4All_Product_Events_and_Conversion_Policy_v2.0|Build4All_Customer_Regional_and_Shipping_Policy_v2.0|Build4All_Product_Events_and_Conversion_Policy_v2.0|Build4All_Customer_Regional_and_Shipping_Policy_v2.0|Build4All_Product_Events_and_Conversion_Policy_v2.0,24|7|4|8|1|10
B4A-FT-072-ARABIC,B4A-FT-072,payment_method_total,arabic,train,0.7580718994140625,0.7482380867004395,0.7438429594039917,0.7436189651489258,0.7372363805770874,0.7367850542068481,0.7580718994140625,0.7446322242418925,0.007205938833702414,0.009833812713623047,56.0,Build4All_Sales_and_Order_Analytics_Policy_v2.0|Build4All_Customer_Regional_and_Shipping_Policy_v2.0|Build4All_Customer_Regional_and_Shipping_Policy_v2.0|Build4All_Product_Events_and_Conversion_Policy_v2.0|Build4All_Product_Events_and_Conversion_Policy_v2.0|Build4All_Product_Events_and_Conversion_Policy_v2.0,24|4|1|8|7|10
B4A-FT-072-FRENCH,B4A-FT-072,payment_method_total,french,train,0.788216233253479,0.7789137959480286,0.7775217890739441,0.7767349481582642,0.7760735750198364,0.7686076760292053,0.788216233253479,0.777678002913793,0.005749496453481957,0.00930243730545044,80.0,Build4All_Sales_and_Order_Analytics_Policy_v2.0|Build4All_Customer_Regional_and_Shipping_Policy_v2.0|Build4All_Product_Events_and_Conversion_Policy_v2.0|Build4All_Product_Events_and_Conversion_Policy_v2.0|Build4All_Customer_Regional_and_Shipping_Policy_v2.0|Build4All_Product_Events_and_Conversion_Policy_v2.0,24|4|8|7|1|10
B4A-FT-072-LEBANESE_ARABIZI,B4A-FT-072,payment_method_total,lebanese_arabizi,train,0.7826231718063354,0.775414228439331,0.7749127149581909,0.7734612226486206,0.7722301483154297,0.769964337348938,0.7826231718063354,0.7747676372528076,0.003944739324227083,0.0072089433670043945,51.0,Build4All_Sales_and_Order_Analytics_Policy_v2.0|Build4All_Customer_Regional_and_Shipping_Policy_v2.0|Build4All_Customer_Regional_and_Shipping_Policy_v2.0|Build4All_Product_Events_and_Conversion_Policy_v2.0|Build4All_Product_Events_and_Conversion_Policy_v2.0|Build4All_Product_Events_and_Conversion_Policy_v2.0,24|5|4|10|11|8
B4A-FT-073-ENGLISH,B4A-FT-073,payment_method_average,english,train,0.7807414531707764,0.7725611925125122,0.7704185247421265,0.7701046466827393,0.7687186002731323,0.766675591468811,0.7807414531707764,0.771536668141683,0.004484235733291856,0.00818026065826416,64.0,Build4All_Sales_and_Order_Analytics_Policy_v2.0|Build4All_Customer_Regional_and_Shipping_Policy_v2.0|Build4All_Customer_Regional_and_Shipping_Policy_v2.0|Build4All_Product_Events_and_Conversion_Policy_v2.0|Build4All_Product_Events_and_Conversion_Policy_v2.0|Build4All_Product_Events_and_Conversion_Policy_v2.0,24|4|1|8|10|11
B4A-FT-073-ARABIC,B4A-FT-073,payment_method_average,arabic,train,0.7614136934280396,0.7522682547569275,0.7480056285858154,0.7473111152648926,0.7443679571151733,0.7351338863372803,0.7614136934280396,0.7480834225813547,0.007929970830625964,0.00914543867111206,55.0,Build4All_Sales_and_Order_Analytics_Policy_v2.0|Build4All_Customer_Regional_and_Shipping_Policy_v2.0|Build4All_Customer_Regional_and_Shipping_Policy_v2.0|Build4All_Product_Events_and_Conversion_Policy_v2.0|Build4All_Product_Events_and_Conversion_Policy_v2.0|Build4All_Sales_and_Order_Analytics_Policy_v2.0,24|4|1|8|10|23
B4A-FT-073-FRENCH,B4A-FT-073,payment_method_average,french,train,0.790947675704956,0.7822836637496948,0.7790426015853882,0.7768498659133911,0.7743614315986633,0.7677404284477234,0.790947675704956,0.7785376111666361,0.007131686822586579,0.00866401195526123,80.0,Build4All_Sales_and_Order_Analytics_Policy_v2.0|Build4All_Customer_Regional_and_Shipping_Policy_v2.0|Build4All_Customer_Regional_and_Shipping_Policy_v2.0|Build4All_Product_Events_and_Conversion_Policy_v2.0|Build4All_Product_Events_and_Conversion_Policy_v2.0|Build4All_Product_Events_and_Conversion_Policy_v2.0,24|4|1|8|10|7
B4A-FT-073-LEBANESE_ARABIZI,B4A-FT-073,payment_method_average,lebanese_arabizi,train,0.7778503894805908,0.7753822803497314,0.7748543620109558,0.7732229232788086,0.7719001770019531,0.7658200860023499,0.7778503894805908,0.7731717030207316,0.0037699198733918446,0.002468109130859375,55.0,Build4All_Customer_Regional_and_Shipping_Policy_v2.0|Build4All_Sales_and_Order_Analytics_Policy_v2.0|Build4All_Customer_Regional_and_Shipping_Policy_v2.0|Build4All_Product_Events_and_Conversion_Policy_v2.0|Build4All_Product_Events_and_Conversion_Policy_v2.0|Build4All_Product_Events_and_Conversion_Policy_v2.0,5|24|4|11|10|7
B4A-FT-074-ENGLISH,B4A-FT-074,payment_method_paid_count,english,train,0.7876716256141663,0.7754219770431519,0.772766649723053,0.7719405889511108,0.7708330154418945,0.7689416408538818,0.7876716256141663,0.7745959162712097,0.00616689797288381,0.012249648571014404,75.0,Build4All_Sales_and_Order_Analytics_Policy_v2.0|Build4All_Customer_Regional_and_Shipping_Policy_v2.0|Build4All_Customer_Regional_and_Shipping_Policy_v2.0|Build4All_Sales_and_Order_Analytics_Policy_v2.0|Build4All_Product_Events_and_Conversion_Policy_v2.0|Build4All_Customer_Regional_and_Shipping_Policy_v2.0,24|4|1|23|8|5
B4A-FT-074-ARABIC,B4A-FT-074,payment_method_paid_count,arabic,train,0.7605307102203369,0.7582644820213318,0.7573668956756592,0.7390878200531006,0.7375233173370361,0.7366623878479004,0.7605307102203369,0.7482392688592275,0.010547533733902019,0.002266228199005127,57.0,Build4All_Sales_and_Order_Analytics_Policy_v2.0|Build4All_Product_Events_and_Conversion_Policy_v2.0|Build4All_Customer_Regional_and_Shipping_Policy_v2.0|Build4All_Customer_Regional_and_Shipping_Policy_v2.0|Build4All_Product_Events_and_Conversion_Policy_v2.0|Build4All_Sales_and_Order_Analytics_Policy_v2.0,24|8|4|5|10|23
B4A-FT-074-FRENCH,B4A-FT-074,payment_method_paid_count,french,train,0.7835612893104553,0.7823808789253235,0.7746500372886658,0.773746132850647,0.7731546759605408,0.7667914032936096,0.7835612893104553,0.7757140696048737,0.005732867423757717,0.001180410385131836,83.0,Build4All_Sales_and_Order_Analytics_Policy_v2.0|Build4All_Customer_Regional_and_Shipping_Policy_v2.0|Build4All_Customer_Regional_and_Shipping_Policy_v2.0|Build4All_Product_Events_and_Conversion_Policy_v2.0|Build4All_Product_Events_and_Conversion_Policy_v2.0|Build4All_Customer_Regional_and_Shipping_Policy_v2.0,24|4|1|10|8|5
B4A-FT-074-LEBANESE_ARABIZI,B4A-FT-074,payment_method_paid_count,lebanese_arabizi,train,0.7858086824417114,0.7775436639785767,0.7735769152641296,0.7728855609893799,0.7700413465499878,0.7699154615402222,0.7858086824417114,0.774961938460668,0.005480662191718392,0.008265018463134766,59.0,Build4All_Sales_and_Order_Analytics_Policy_v2.0|Build4All_Customer_Regional_and_Shipping_Policy_v2.0|Build4All_Product_Events_and_Conversion_Policy_v2.0|Build4All_Customer_Regional_and_Shipping_Policy_v2.0|Build4All_Product_Events_and_Conversion_Policy_v2.0|Build4All_Customer_Regional_and_Shipping_Policy_v2.0,24|5|11|4|10|1
B4A-FT-078-ENGLISH,B4A-FT-078,products_stock_by_status,english,train,0.8601028323173523,0.8515098690986633,0.8291940689086914,0.8283884525299072,0.8191543817520142,0.8090248703956604,0.8601028323173523,0.8328957458337148,0.017698272165381893,0.008592963218688965,63.0,Build4All_Product_Inventory_and_Coupon_Policy_v2.0|Build4All_Product_Inventory_and_Coupon_Policy_v2.0|Build4All_Product_Inventory_and_Coupon_Policy_v2.0|Build4All_Product_Inventory_and_Coupon_Policy_v2.0|Build4All_Product_Inventory_and_Coupon_Policy_v2.0|Build4All_Product_Events_and_Conversion_Policy_v2.0,13|14|12|17|16|6
B4A-FT-078-ARABIC,B4A-FT-078,products_stock_by_status,arabic,train,0.7998847961425781,0.7827082872390747,0.7806097269058228,0.7664943933486938,0.7649679183959961,0.7642574906349182,0.7998847961425781,0.7764871021111807,0.01281444812387047,0.017176508903503418,56.0,Build4All_Product_Inventory_and_Coupon_Policy_v2.0|Build4All_Product_Inventory_and_Coupon_Policy_v2.0|Build4All_Product_Inventory_and_Coupon_Policy_v2.0|Build4All_Sales_and_Order_Analytics_Policy_v2.0|Build4All_Product_Events_and_Conversion_Policy_v2.0|Build4All_Product_Inventory_and_Coupon_Policy_v2.0,14|13|17|20|8|16
B4A-FT-078-FRENCH,B4A-FT-078,products_stock_by_status,french,train,0.831070601940155,0.8196872472763062,0.8107080459594727,0.808932900428772,0.8019956350326538,0.8010958433151245,0.831070601940155,0.8122483789920807,0.010428132404986041,0.011383354663848877,86.0,Build4All_Product_Inventory_and_Coupon_Policy_v2.0|Build4All_Product_Inventory_and_Coupon_Policy_v2.0|Build4All_Product_Inventory_and_Coupon_Policy_v2.0|Build4All_Product_Inventory_and_Coupon_Policy_v2.0|Build4All_Product_Inventory_and_Coupon_Policy_v2.0|Build4All_Product_Events_and_Conversion_Policy_v2.0,13|14|17|12|16|6
B4A-FT-078-LEBANESE_ARABIZI,B4A-FT-078,products_stock_by_status,lebanese_arabizi,train,0.7961022257804871,0.7944002151489258,0.7883473038673401,0.7880126237869263,0.7877435684204102,0.7805303335189819,0.7961022257804871,0.7891893784205118,0.005067930942313863,0.0017020106315612793,60.0,Build4All_Product_Inventory_and_Coupon_Policy_v2.0|Build4All_Product_Inventory_and_Coupon_Policy_v2.0|Build4All_Product_Inventory_and_Coupon_Policy_v2.0|Build4All_Product_Inventory_and_Coupon_Policy_v2.0|Build4All_Product_Inventory_and_Coupon_Policy_v2.0|Build4All_Product_Inventory_and_Coupon_Policy_v2.0,17|13|12|14|16|15
B4A-FT-083-ENGLISH,B4A-FT-083,products_stock_by_status,english,train,0.8155308961868286,0.8085256814956665,0.8028594851493835,0.7983009815216064,0.7912808656692505,0.7848434448242188,0.8155308961868286,0.8002235591411591,0.010250234928833315,0.007005214691162109,69.0,Build4All_Product_Inventory_and_Coupon_Policy_v2.0|Build4All_Product_Inventory_and_Coupon_Policy_v2.0|Build4All_Product_Inventory_and_Coupon_Policy_v2.0|Build4All_Product_Inventory_and_Coupon_Policy_v2.0|Build4All_Sales_and_Order_Analytics_Policy_v2.0|Build4All_Product_Inventory_and_Coupon_Policy_v2.0,13|12|17|16|20|14
B4A-FT-083-ARABIC,B4A-FT-083,products_stock_by_status,arabic,train,0.7684268951416016,0.764858067035675,0.7646628618240356,0.7565017938613892,0.7541482448577881,0.7538692355155945,0.7684268951416016,0.7604111830393473,0.005764951374260011,0.0035688281059265137,62.0,Build4All_Sales_and_Order_Analytics_Policy_v2.0|Build4All_Product_Inventory_and_Coupon_Policy_v2.0|Build4All_Sales_and_Order_Analytics_Policy_v2.0|Build4All_Product_Events_and_Conversion_Policy_v2.0|Build4All_Sales_and_Order_Analytics_Policy_v2.0|Build4All_Sales_and_Order_Analytics_Policy_v2.0,20|17|24|8|19|21
B4A-FT-083-FRENCH,B4A-FT-083,products_stock_by_status,french,train,0.8075038194656372,0.8019565343856812,0.8002618551254272,0.7960845232009888,0.7875612378120422,0.787259578704834,0.8075038194656372,0.7967712581157684,0.0074165058558874454,0.005547285079956055,92.0,Build4All_Product_Inventory_and_Coupon_Policy_v2.0|Build4All_Product_Inventory_and_Coupon_Policy_v2.0|Build4All_Product_Inventory_and_Coupon_Policy_v2.0|Build4All_Product_Inventory_and_Coupon_Policy_v2.0|Build4All_Sales_and_Order_Analytics_Policy_v2.0|Build4All_Customer_Regional_and_Shipping_Policy_v2.0,13|17|12|16|20|4
B4A-FT-083-LEBANESE_ARABIZI,B4A-FT-083,products_stock_by_status,lebanese_arabizi,train,0.7787966728210449,0.7755864858627319,0.7714459300041199,0.7680933475494385,0.763896107673645,0.7637513875961304,0.7787966728210449,0.7702616552511851,0.005630396549707559,0.0032101869583129883,66.0,Build4All_Product_Inventory_and_Coupon_Policy_v2.0|Build4All_Product_Inventory_and_Coupon_Policy_v2.0|Build4All_Product_Inventory_and_Coupon_Policy_v2.0|Build4All_Customer_Regional_and_Shipping_Policy_v2.0|Build4All_Product_Inventory_and_Coupon_Policy_v2.0|Build4All_Product_Inventory_and_Coupon_Policy_v2.0,17|12|16|5|15|13
B4A-FT-088-ENGLISH,B4A-FT-088,products_stock_by_status,english,train,0.8282734155654907,0.8182636499404907,0.8163546323776245,0.8046348690986633,0.7980655431747437,0.7946840524673462,0.8282734155654907,0.8100460271040598,0.011890951788246288,0.010009765625,69.0,Build4All_Product_Inventory_and_Coupon_Policy_v2.0|Build4All_Product_Inventory_and_Coupon_Policy_v2.0|Build4All_Product_Inventory_and_Coupon_Policy_v2.0|Build4All_Product_Inventory_and_Coupon_Policy_v2.0|Build4All_Product_Inventory_and_Coupon_Policy_v2.0|Build4All_Product_Events_and_Conversion_Policy_v2.0,13|12|17|14|15|6
B4A-FT-088-ARABIC,B4A-FT-088,products_stock_by_status,arabic,train,0.7740514278411865,0.7712312936782837,0.7671709060668945,0.7634928226470947,0.7618016600608826,0.7565184831619263,0.7740514278411865,0.765711098909378,0.005871872499194569,0.002820134162902832,62.0,Build4All_Product_Inventory_and_Coupon_Policy_v2.0|Build4All_Product_Inventory_and_Coupon_Policy_v2.0|Build4All_Sales_and_Order_Analytics_Policy_v2.0|Build4All_Product_Inventory_and_Coupon_Policy_v2.0|Build4All_Product_Events_and_Conversion_Policy_v2.0|Build4All_Sales_and_Order_Analytics_Policy_v2.0,17|13|20|14|7|24
B4A-FT-088-FRENCH,B4A-FT-088,products_stock_by_status,french,train,0.8147608041763306,0.8101867437362671,0.8055991530418396,0.791378378868103,0.7913532257080078,0.791108250617981,0.8147608041763306,0.8007310926914215,0.009814588522507894,0.0045740604400634766,92.0,Build4All_Product_Inventory_and_Coupon_Policy_v2.0|Build4All_Product_Inventory_and_Coupon_Policy_v2.0|Build4All_Product_Inventory_and_Coupon_Policy_v2.0|Build4All_Product_Events_and_Conversion_Policy_v2.0|Build4All_Product_Events_and_Conversion_Policy_v2.0|Build4All_Product_Inventory_and_Coupon_Policy_v2.0,13|17|12|6|7|16
B4A-FT-088-LEBANESE_ARABIZI,B4A-FT-088,products_stock_by_status,lebanese_arabizi,train,0.7967568635940552,0.7902785539627075,0.7863591909408569,0.7786911725997925,0.7758792042732239,0.7745298147201538,0.7967568635940552,0.783749133348465,0.00807425297772806,0.006478309631347656,66.0,Build4All_Product_Inventory_and_Coupon_Policy_v2.0|Build4All_Product_Inventory_and_Coupon_Policy_v2.0|Build4All_Product_Inventory_and_Coupon_Policy_v2.0|Build4All_Product_Inventory_and_Coupon_Policy_v2.0|Build4All_Customer_Regional_and_Shipping_Policy_v2.0|Build4All_Product_Inventory_and_Coupon_Policy_v2.0,17|12|13|15|5|16
B4A-FT-092-ENGLISH,B4A-FT-092,events_customers_by_type,english,train,0.8238167762756348,0.8145709037780762,0.8104022741317749,0.8049410581588745,0.8042762279510498,0.799127995967865,0.8238167762756348,0.8095225393772125,0.008032697879019102,0.009245872497558594,70.0,Build4All_Product_Events_and_Conversion_Policy_v2.0|Build4All_Customer_Regional_and_Shipping_Policy_v2.0|Build4All_Product_Events_and_Conversion_Policy_v2.0|Build4All_Product_Events_and_Conversion_Policy_v2.0|Build4All_Product_Events_and_Conversion_Policy_v2.0|Build4All_Product_Events_and_Conversion_Policy_v2.0,7|4|10|6|8|9
B4A-FT-092-ARABIC,B4A-FT-092,events_customers_by_type,arabic,train,0.7858572006225586,0.7773564457893372,0.7740183472633362,0.7730714082717896,0.7711586952209473,0.7678655385971069,0.7858572006225586,0.7748879392941793,0.005681777400460513,0.008500754833221436,50.0,Build4All_Product_Events_and_Conversion_Policy_v2.0|Build4All_Product_Events_and_Conversion_Policy_v2.0|Build4All_Product_Events_and_Conversion_Policy_v2.0|Build4All_Product_Events_and_Conversion_Policy_v2.0|Build4All_Product_Events_and_Conversion_Policy_v2.0|Build4All_Customer_Regional_and_Shipping_Policy_v2.0,7|8|9|10|6|4
B4A-FT-092-FRENCH,B4A-FT-092,events_customers_by_type,french,train,0.8155604004859924,0.8062626123428345,0.8061124086380005,0.8043708205223083,0.8020943403244019,0.7955344915390015,0.8155604004859924,0.8049891789754232,0.005955215839274401,0.009297788143157959,80.0,Build4All_Product_Events_and_Conversion_Policy_v2.0|Build4All_Product_Events_and_Conversion_Policy_v2.0|Build4All_Product_Events_and_Conversion_Policy_v2.0|Build4All_Customer_Regional_and_Shipping_Policy_v2.0|Build4All_Product_Events_and_Conversion_Policy_v2.0|Build4All_Product_Events_and_Conversion_Policy_v2.0,7|10|8|4|6|9
B4A-FT-092-LEBANESE_ARABIZI,B4A-FT-092,events_customers_by_type,lebanese_arabizi,train,0.8141580820083618,0.8126330375671387,0.803749680519104,0.8006953001022339,0.7983455657958984,0.7910059690475464,0.8141580820083618,0.8034312725067139,0.008037168134912965,0.0015250444412231445,66.0,Build4All_Product_Events_and_Conversion_Policy_v2.0|Build4All_Product_Events_and_Conversion_Policy_v2.0|Build4All_Product_Events_and_Conversion_Policy_v2.0|Build4All_Product_Events_and_Conversion_Policy_v2.0|Build4All_Product_Events_and_Conversion_Policy_v2.0|Build4All_Customer_Regional_and_Shipping_Policy_v2.0,10|7|6|8|9|4
B4A-FT-093-ENGLISH,B4A-FT-093,events_products_by_type,english,train,0.8297468423843384,0.8207440376281738,0.8181315660476685,0.8053876161575317,0.8036491870880127,0.7989550828933716,0.8297468423843384,0.8127690553665161,0.010871105376208239,0.00900280475616455,69.0,Build4All_Product_Events_and_Conversion_Policy_v2.0|Build4All_Product_Events_and_Conversion_Policy_v2.0|Build4All_Product_Events_and_Conversion_Policy_v2.0|Build4All_Customer_Regional_and_Shipping_Policy_v2.0|Build4All_Product_Events_and_Conversion_Policy_v2.0|Build4All_Product_Events_and_Conversion_Policy_v2.0,7|10|6|4|8|9
B4A-FT-093-ARABIC,B4A-FT-093,events_products_by_type,arabic,train,0.7980237603187561,0.788817286491394,0.7828389406204224,0.7826827764511108,0.7774598598480225,0.761616587638855,0.7980237603187561,0.7819065352280935,0.011108932239479076,0.00920647382736206,50.0,Build4All_Product_Events_and_Conversion_Policy_v2.0|Build4All_Product_Events_and_Conversion_Policy_v2.0|Build4All_Product_Events_and_Conversion_Policy_v2.0|Build4All_Product_Events_and_Conversion_Policy_v2.0|Build4All_Product_Events_and_Conversion_Policy_v2.0|Build4All_Customer_Regional_and_Shipping_Policy_v2.0,7|6|8|10|9|4
B4A-FT-093-FRENCH,B4A-FT-093,events_products_by_type,french,train,0.8244733214378357,0.8160508275032043,0.8157964944839478,0.8061679005622864,0.800761342048645,0.7983735799789429,0.8244733214378357,0.8102705776691437,0.009259779073294599,0.008422493934631348,81.0,Build4All_Product_Events_and_Conversion_Policy_v2.0|Build4All_Product_Events_and_Conversion_Policy_v2.0|Build4All_Product_Events_and_Conversion_Policy_v2.0|Build4All_Product_Events_and_Conversion_Policy_v2.0|Build4All_Product_Events_and_Conversion_Policy_v2.0|Build4All_Customer_Regional_and_Shipping_Policy_v2.0,7|10|6|8|9|4
B4A-FT-093-LEBANESE_ARABIZI,B4A-FT-093,events_products_by_type,lebanese_arabizi,train,0.8174312114715576,0.8155301809310913,0.8144303560256958,0.8004641532897949,0.7922483086585999,0.7850933074951172,0.8174312114715576,0.8041995863119761,0.01244965404713722,0.0019010305404663086,64.0,Build4All_Product_Events_and_Conversion_Policy_v2.0|Build4All_Product_Events_and_Conversion_Policy_v2.0|Build4All_Product_Events_and_Conversion_Policy_v2.0|Build4All_Product_Events_and_Conversion_Policy_v2.0|Build4All_Product_Events_and_Conversion_Policy_v2.0|Build4All_Product_Inventory_and_Coupon_Policy_v2.0,7|10|6|9|8|15
B4A-FT-094-ENGLISH,B4A-FT-094,events_august_by_type,english,train,0.7957295179367065,0.7870343327522278,0.7810264229774475,0.7766332030296326,0.7654550671577454,0.7643686532974243,0.7957295179367065,0.7783745328585306,0.011175342264053091,0.00869518518447876,77.0,Build4All_Product_Events_and_Conversion_Policy_v2.0|Build4All_Product_Events_and_Conversion_Policy_v2.0|Build4All_Product_Events_and_Conversion_Policy_v2.0|Build4All_Product_Events_and_Conversion_Policy_v2.0|Build4All_Product_Events_and_Conversion_Policy_v2.0|Build4All_Customer_Regional_and_Shipping_Policy_v2.0,6|7|10|9|11|4
B4A-FT-094-ARABIC,B4A-FT-094,events_august_by_type,arabic,train,0.7612993717193604,0.7544914484024048,0.7536211013793945,0.7495284080505371,0.739238977432251,0.7351325154304504,0.7612993717193604,0.748885303735733,0.009042216742686956,0.006807923316955566,56.0,Build4All_Product_Events_and_Conversion_Policy_v2.0|Build4All_Product_Events_and_Conversion_Policy_v2.0|Build4All_Product_Events_and_Conversion_Policy_v2.0|Build4All_Product_Events_and_Conversion_Policy_v2.0|Build4All_Customer_Regional_and_Shipping_Policy_v2.0|Build4All_Product_Events_and_Conversion_Policy_v2.0,6|9|7|10|4|8
B4A-FT-094-FRENCH,B4A-FT-094,events_august_by_type,french,train,0.7896419763565063,0.7798064947128296,0.7748979330062866,0.7686651945114136,0.765578031539917,0.7648576498031616,0.7896419763565063,0.7739078799883524,0.008776051140817268,0.009835481643676758,85.0,Build4All_Product_Events_and_Conversion_Policy_v2.0|Build4All_Product_Events_and_Conversion_Policy_v2.0|Build4All_Product_Events_and_Conversion_Policy_v2.0|Build4All_Product_Events_and_Conversion_Policy_v2.0|Build4All_Product_Events_and_Conversion_Policy_v2.0|Build4All_Product_Events_and_Conversion_Policy_v2.0,6|7|10|9|11|8
B4A-FT-094-LEBANESE_ARABIZI,B4A-FT-094,events_august_by_type,lebanese_arabizi,train,0.7883259057998657,0.7851859331130981,0.7826811671257019,0.7768088579177856,0.7690040469169617,0.7688640356063843,0.7883259057998657,0.7784783244132996,0.007578636225380374,0.003139972686767578,64.0,Build4All_Product_Events_and_Conversion_Policy_v2.0|Build4All_Product_Events_and_Conversion_Policy_v2.0|Build4All_Product_Events_and_Conversion_Policy_v2.0|Build4All_Product_Events_and_Conversion_Policy_v2.0|Build4All_Product_Events_and_Conversion_Policy_v2.0|Build4All_Customer_Regional_and_Shipping_Policy_v2.0,6|7|10|9|11|4
B4A-FT-097-ENGLISH,B4A-FT-097,events_customers_by_type,english,train,0.8412952423095703,0.8308779001235962,0.8183567523956299,0.815180778503418,0.8090012073516846,0.8044201135635376,0.8412952423095703,0.8198553323745728,0.012657816711471585,0.010417342185974121,67.0,Build4All_Product_Events_and_Conversion_Policy_v2.0|Build4All_Product_Events_and_Conversion_Policy_v2.0|Build4All_Product_Events_and_Conversion_Policy_v2.0|Build4All_Product_Events_and_Conversion_Policy_v2.0|Build4All_Product_Events_and_Conversion_Policy_v2.0|Build4All_Customer_Regional_and_Shipping_Policy_v2.0,7|8|6|10|9|1
B4A-FT-097-ARABIC,B4A-FT-097,events_customers_by_type,arabic,train,0.7836698889732361,0.7812921404838562,0.777101993560791,0.7675259113311768,0.7636927366256714,0.7542315721511841,0.7836698889732361,0.7712523738543192,0.010407945482474978,0.002377748489379883,47.0,Build4All_Product_Events_and_Conversion_Policy_v2.0|Build4All_Product_Events_and_Conversion_Policy_v2.0|Build4All_Product_Events_and_Conversion_Policy_v2.0|Build4All_Product_Events_and_Conversion_Policy_v2.0|Build4All_Product_Events_and_Conversion_Policy_v2.0|Build4All_Customer_Regional_and_Shipping_Policy_v2.0,7|8|6|9|10|1
B4A-FT-097-FRENCH,B4A-FT-097,events_customers_by_type,french,train,0.8189183473587036,0.8187114596366882,0.8103216290473938,0.8047914505004883,0.8009359836578369,0.7979843616485596,0.8189183473587036,0.8086105386416117,0.008140507987732458,0.00020688772201538086,77.0,Build4All_Product_Events_and_Conversion_Policy_v2.0|Build4All_Product_Events_and_Conversion_Policy_v2.0|Build4All_Product_Events_and_Conversion_Policy_v2.0|Build4All_Product_Events_and_Conversion_Policy_v2.0|Build4All_Customer_Regional_and_Shipping_Policy_v2.0|Build4All_Product_Events_and_Conversion_Policy_v2.0,8|7|6|10|1|9
B4A-FT-097-LEBANESE_ARABIZI,B4A-FT-097,events_customers_by_type,lebanese_arabizi,train,0.8242327570915222,0.8205020427703857,0.8151670694351196,0.8149552345275879,0.8050212860107422,0.7960856556892395,0.8242327570915222,0.8126606742540995,0.009487172727905559,0.0037307143211364746,63.0,Build4All_Product_Events_and_Conversion_Policy_v2.0|Build4All_Product_Events_and_Conversion_Policy_v2.0|Build4All_Product_Events_and_Conversion_Policy_v2.0|Build4All_Product_Events_and_Conversion_Policy_v2.0|Build4All_Product_Events_and_Conversion_Policy_v2.0|Build4All_Customer_Regional_and_Shipping_Policy_v2.0,7|10|8|6|9|1
B4A-FT-098-ENGLISH,B4A-FT-098,events_products_by_type,english,train,0.8465774059295654,0.8335170745849609,0.828999400138855,0.8272260427474976,0.8106145262718201,0.7932989001274109,0.8465774059295654,0.8233722249666849,0.017103017044179245,0.013060331344604492,66.0,Build4All_Product_Events_and_Conversion_Policy_v2.0|Build4All_Product_Events_and_Conversion_Policy_v2.0|Build4All_Product_Events_and_Conversion_Policy_v2.0|Build4All_Product_Events_and_Conversion_Policy_v2.0|Build4All_Product_Events_and_Conversion_Policy_v2.0|Build4All_Customer_Regional_and_Shipping_Policy_v2.0,7|6|8|10|9|4
B4A-FT-098-ARABIC,B4A-FT-098,events_products_by_type,arabic,train,0.8010038137435913,0.8005109429359436,0.7892255783081055,0.7780611515045166,0.7778042554855347,0.7563542127609253,0.8010038137435913,0.7838266591231028,0.01542084102962757,0.0004928708076477051,47.0,Build4All_Product_Events_and_Conversion_Policy_v2.0|Build4All_Product_Events_and_Conversion_Policy_v2.0|Build4All_Product_Events_and_Conversion_Policy_v2.0|Build4All_Product_Events_and_Conversion_Policy_v2.0|Build4All_Product_Events_and_Conversion_Policy_v2.0|Build4All_Product_Inventory_and_Coupon_Policy_v2.0,7|6|8|10|9|17
B4A-FT-098-FRENCH,B4A-FT-098,events_products_by_type,french,train,0.8228984475135803,0.8192797303199768,0.8135032653808594,0.8104346990585327,0.7988266348838806,0.7900386452674866,0.8228984475135803,0.8091635704040527,0.01143129665023316,0.0036187171936035156,78.0,Build4All_Product_Events_and_Conversion_Policy_v2.0|Build4All_Product_Events_and_Conversion_Policy_v2.0|Build4All_Product_Events_and_Conversion_Policy_v2.0|Build4All_Product_Events_and_Conversion_Policy_v2.0|Build4All_Product_Events_and_Conversion_Policy_v2.0|Build4All_Product_Inventory_and_Coupon_Policy_v2.0,7|6|8|10|9|17
B4A-FT-098-LEBANESE_ARABIZI,B4A-FT-098,events_products_by_type,lebanese_arabizi,train,0.8279271125793457,0.8278489112854004,0.8199150562286377,0.8083058595657349,0.8044211864471436,0.7857986688613892,0.8279271125793457,0.8123694658279419,0.014856451073603293,7.82012939453125e-05,61.0,Build4All_Product_Events_and_Conversion_Policy_v2.0|Build4All_Product_Events_and_Conversion_Policy_v2.0|Build4All_Product_Events_and_Conversion_Policy_v2.0|Build4All_Product_Events_and_Conversion_Policy_v2.0|Build4All_Product_Events_and_Conversion_Policy_v2.0|Build4All_Customer_Regional_and_Shipping_Policy_v2.0,7|6|10|9|8|1
B4A-FT-099-ENGLISH,B4A-FT-099,events_august_by_type,english,train,0.8175822496414185,0.8051334023475647,0.79248046875,0.7890661358833313,0.7882389426231384,0.7725429534912109,0.8175822496414185,0.7941740254561106,0.014142960876633994,0.01244884729385376,74.0,Build4All_Product_Events_and_Conversion_Policy_v2.0|Build4All_Product_Events_and_Conversion_Policy_v2.0|Build4All_Product_Events_and_Conversion_Policy_v2.0|Build4All_Product_Events_and_Conversion_Policy_v2.0|Build4All_Product_Events_and_Conversion_Policy_v2.0|Build4All_Product_Events_and_Conversion_Policy_v2.0,6|7|9|8|10|11
B4A-FT-099-ARABIC,B4A-FT-099,events_august_by_type,arabic,train,0.7784343957901001,0.7618262767791748,0.7615697979927063,0.7513973712921143,0.7511134743690491,0.7417967319488525,0.7784343957901001,0.7576896746953329,0.011532095855300394,0.016608119010925293,53.0,Build4All_Product_Events_and_Conversion_Policy_v2.0|Build4All_Product_Events_and_Conversion_Policy_v2.0|Build4All_Product_Events_and_Conversion_Policy_v2.0|Build4All_Product_Events_and_Conversion_Policy_v2.0|Build4All_Product_Events_and_Conversion_Policy_v2.0|Build4All_Product_Events_and_Conversion_Policy_v2.0,6|9|7|10|8|11
B4A-FT-099-FRENCH,B4A-FT-099,events_august_by_type,french,train,0.797112226486206,0.7812061309814453,0.7755862474441528,0.7723883986473083,0.7717822790145874,0.765288233757019,0.797112226486206,0.7772272527217865,0.010079177987360225,0.015906095504760742,82.0,Build4All_Product_Events_and_Conversion_Policy_v2.0|Build4All_Product_Events_and_Conversion_Policy_v2.0|Build4All_Product_Events_and_Conversion_Policy_v2.0|Build4All_Product_Events_and_Conversion_Policy_v2.0|Build4All_Product_Events_and_Conversion_Policy_v2.0|Build4All_Product_Events_and_Conversion_Policy_v2.0,6|7|10|8|9|11
B4A-FT-099-LEBANESE_ARABIZI,B4A-FT-099,events_august_by_type,lebanese_arabizi,train,0.8064413070678711,0.7937929034233093,0.786007285118103,0.7837686538696289,0.7779510021209717,0.7704883813858032,0.8064413070678711,0.7864082554976145,0.011459726441000486,0.012648403644561768,61.0,Build4All_Product_Events_and_Conversion_Policy_v2.0|Build4All_Product_Events_and_Conversion_Policy_v2.0|Build4All_Product_Events_and_Conversion_Policy_v2.0|Build4All_Product_Events_and_Conversion_Policy_v2.0|Build4All_Product_Events_and_Conversion_Policy_v2.0|Build4All_Product_Events_and_Conversion_Policy_v2.0,6|7|9|10|8|11
B4A-FT-102-ENGLISH,B4A-FT-102,events_customers_by_type,english,train,0.8222971558570862,0.8082187175750732,0.8058199286460876,0.8029661774635315,0.8017244338989258,0.7984021902084351,0.8222971558570862,0.8065714339415232,0.007679024028695397,0.01407843828201294,75.0,Build4All_Product_Events_and_Conversion_Policy_v2.0|Build4All_Product_Events_and_Conversion_Policy_v2.0|Build4All_Customer_Regional_and_Shipping_Policy_v2.0|Build4All_Product_Events_and_Conversion_Policy_v2.0|Build4All_Product_Events_and_Conversion_Policy_v2.0|Build4All_Product_Events_and_Conversion_Policy_v2.0,7|10|4|8|6|9
B4A-FT-102-ARABIC,B4A-FT-102,events_customers_by_type,arabic,train,0.7839576601982117,0.776556670665741,0.7747111320495605,0.7727783918380737,0.7698594331741333,0.7587900161743164,0.7839576601982117,0.7727755506833395,0.0076068153832808336,0.007400989532470703,55.0,Build4All_Product_Events_and_Conversion_Policy_v2.0|Build4All_Product_Events_and_Conversion_Policy_v2.0|Build4All_Product_Events_and_Conversion_Policy_v2.0|Build4All_Product_Events_and_Conversion_Policy_v2.0|Build4All_Product_Events_and_Conversion_Policy_v2.0|Build4All_Customer_Regional_and_Shipping_Policy_v2.0,7|8|9|10|6|4
B4A-FT-102-FRENCH,B4A-FT-102,events_customers_by_type,french,train,0.812748908996582,0.8031935095787048,0.8018795251846313,0.7981301546096802,0.7947713136672974,0.7940620183944702,0.812748908996582,0.800797571738561,0.006305344069124588,0.009555399417877197,85.0,Build4All_Product_Events_and_Conversion_Policy_v2.0|Build4All_Product_Events_and_Conversion_Policy_v2.0|Build4All_Product_Events_and_Conversion_Policy_v2.0|Build4All_Product_Events_and_Conversion_Policy_v2.0|Build4All_Product_Events_and_Conversion_Policy_v2.0|Build4All_Customer_Regional_and_Shipping_Policy_v2.0,7|10|8|6|9|4
B4A-FT-102-LEBANESE_ARABIZI,B4A-FT-102,events_customers_by_type,lebanese_arabizi,train,0.8126447200775146,0.8116929531097412,0.8004084825515747,0.7968735694885254,0.7967944741249084,0.7864100933074951,0.8126447200775146,0.8008040487766266,0.009107117339742503,0.0009517669677734375,71.0,Build4All_Product_Events_and_Conversion_Policy_v2.0|Build4All_Product_Events_and_Conversion_Policy_v2.0|Build4All_Product_Events_and_Conversion_Policy_v2.0|Build4All_Product_Events_and_Conversion_Policy_v2.0|Build4All_Product_Events_and_Conversion_Policy_v2.0|Build4All_Customer_Regional_and_Shipping_Policy_v2.0,10|7|6|9|8|1
B4A-FT-103-ENGLISH,B4A-FT-103,events_products_by_type,english,train,0.8275026082992554,0.8180152773857117,0.8141302466392517,0.8005912899971008,0.7980570197105408,0.7961653470993042,0.8275026082992554,0.8090769648551941,0.011583675049199124,0.009487330913543701,74.0,Build4All_Product_Events_and_Conversion_Policy_v2.0|Build4All_Product_Events_and_Conversion_Policy_v2.0|Build4All_Product_Events_and_Conversion_Policy_v2.0|Build4All_Product_Events_and_Conversion_Policy_v2.0|Build4All_Product_Events_and_Conversion_Policy_v2.0|Build4All_Customer_Regional_and_Shipping_Policy_v2.0,7|10|6|8|9|4
B4A-FT-103-ARABIC,B4A-FT-103,events_products_by_type,arabic,train,0.798680305480957,0.7901120781898499,0.785192608833313,0.7828671932220459,0.781365156173706,0.7557627558708191,0.798680305480957,0.7823300162951151,0.013185381554275464,0.008568227291107178,55.0,Build4All_Product_Events_and_Conversion_Policy_v2.0|Build4All_Product_Events_and_Conversion_Policy_v2.0|Build4All_Product_Events_and_Conversion_Policy_v2.0|Build4All_Product_Events_and_Conversion_Policy_v2.0|Build4All_Product_Events_and_Conversion_Policy_v2.0|Build4All_Customer_Regional_and_Shipping_Policy_v2.0,7|6|10|8|9|4
B4A-FT-103-FRENCH,B4A-FT-103,events_products_by_type,french,train,0.8221051096916199,0.8132234811782837,0.812044620513916,0.8024991750717163,0.8001360893249512,0.788392961025238,0.8221051096916199,0.8064002394676208,0.01083034757000719,0.008881628513336182,86.0,Build4All_Product_Events_and_Conversion_Policy_v2.0|Build4All_Product_Events_and_Conversion_Policy_v2.0|Build4All_Product_Events_and_Conversion_Policy_v2.0|Build4All_Product_Events_and_Conversion_Policy_v2.0|Build4All_Product_Events_and_Conversion_Policy_v2.0|Build4All_Customer_Regional_and_Shipping_Policy_v2.0,7|10|6|8|9|4
B4A-FT-103-LEBANESE_ARABIZI,B4A-FT-103,events_products_by_type,lebanese_arabizi,train,0.8148125410079956,0.8130151033401489,0.8085341453552246,0.7988319396972656,0.7869152426719666,0.7829645872116089,0.8148125410079956,0.800845593214035,0.01238363357948644,0.0017974376678466797,69.0,Build4All_Product_Events_and_Conversion_Policy_v2.0|Build4All_Product_Events_and_Conversion_Policy_v2.0|Build4All_Product_Events_and_Conversion_Policy_v2.0|Build4All_Product_Events_and_Conversion_Policy_v2.0|Build4All_Product_Events_and_Conversion_Policy_v2.0|Build4All_Product_Inventory_and_Coupon_Policy_v2.0,7|10|6|9|8|17
B4A-FT-104-ENGLISH,B4A-FT-104,events_august_by_type,english,train,0.7947819232940674,0.7879149913787842,0.7803905010223389,0.7779875993728638,0.7717065811157227,0.7640776634216309,0.7947819232940674,0.779476543267568,0.0100499763625846,0.006866931915283203,82.0,Build4All_Product_Events_and_Conversion_Policy_v2.0|Build4All_Product_Events_and_Conversion_Policy_v2.0|Build4All_Product_Events_and_Conversion_Policy_v2.0|Build4All_Product_Events_and_Conversion_Policy_v2.0|Build4All_Product_Events_and_Conversion_Policy_v2.0|Build4All_Product_Events_and_Conversion_Policy_v2.0,6|7|10|9|11|8
B4A-FT-104-ARABIC,B4A-FT-104,events_august_by_type,arabic,train,0.7619116902351379,0.7585704326629639,0.754778265953064,0.7507657408714294,0.7406504154205322,0.7390945553779602,0.7619116902351379,0.7509618500868479,0.0085591216991411,0.0033412575721740723,61.0,Build4All_Product_Events_and_Conversion_Policy_v2.0|Build4All_Product_Events_and_Conversion_Policy_v2.0|Build4All_Product_Events_and_Conversion_Policy_v2.0|Build4All_Product_Events_and_Conversion_Policy_v2.0|Build4All_Product_Events_and_Conversion_Policy_v2.0|Build4All_Product_Events_and_Conversion_Policy_v2.0,6|9|7|10|11|8
B4A-FT-104-FRENCH,B4A-FT-104,events_august_by_type,french,train,0.7878801822662354,0.7800360321998596,0.7743307948112488,0.7710964679718018,0.7697860598564148,0.7663568258285522,0.7878801822662354,0.774914393822352,0.007173931679842065,0.007844150066375732,90.0,Build4All_Product_Events_and_Conversion_Policy_v2.0|Build4All_Product_Events_and_Conversion_Policy_v2.0|Build4All_Product_Events_and_Conversion_Policy_v2.0|Build4All_Product_Events_and_Conversion_Policy_v2.0|Build4All_Product_Events_and_Conversion_Policy_v2.0|Build4All_Product_Events_and_Conversion_Policy_v2.0,6|7|10|9|11|8
B4A-FT-104-LEBANESE_ARABIZI,B4A-FT-104,events_august_by_type,lebanese_arabizi,train,0.785808801651001,0.7853831648826599,0.7824999690055847,0.7779395580291748,0.7731750011444092,0.7652908563613892,0.785808801651001,0.7783495585123698,0.007300818221886189,0.00042563676834106445,69.0,Build4All_Product_Events_and_Conversion_Policy_v2.0|Build4All_Product_Events_and_Conversion_Policy_v2.0|Build4All_Product_Events_and_Conversion_Policy_v2.0|Build4All_Product_Events_and_Conversion_Policy_v2.0|Build4All_Product_Events_and_Conversion_Policy_v2.0|Build4All_Product_Events_and_Conversion_Policy_v2.0,6|7|10|9|11|8
B4A-FT-107-ENGLISH,B4A-FT-107,events_customers_by_type,english,train,0.8272464275360107,0.812835693359375,0.8108885288238525,0.8102257251739502,0.8091670274734497,0.7894870042800903,0.8272464275360107,0.8099750677744547,0.011013582234738166,0.014410734176635742,65.0,Build4All_Product_Events_and_Conversion_Policy_v2.0|Build4All_Product_Events_and_Conversion_Policy_v2.0|Build4All_Product_Events_and_Conversion_Policy_v2.0|Build4All_Product_Events_and_Conversion_Policy_v2.0|Build4All_Product_Events_and_Conversion_Policy_v2.0|Build4All_Customer_Regional_and_Shipping_Policy_v2.0,7|9|8|6|10|4
B4A-FT-107-ARABIC,B4A-FT-107,events_customers_by_type,arabic,train,0.7717106938362122,0.7657981514930725,0.7629737854003906,0.762118399143219,0.7522806525230408,0.7383623123168945,0.7717106938362122,0.7588739991188049,0.010834055190575552,0.0059125423431396484,45.0,Build4All_Product_Events_and_Conversion_Policy_v2.0|Build4All_Product_Events_and_Conversion_Policy_v2.0|Build4All_Product_Events_and_Conversion_Policy_v2.0|Build4All_Product_Events_and_Conversion_Policy_v2.0|Build4All_Product_Events_and_Conversion_Policy_v2.0|Build4All_Customer_Regional_and_Shipping_Policy_v2.0,9|7|8|6|10|0
B4A-FT-107-FRENCH,B4A-FT-107,events_customers_by_type,french,train,0.8110777735710144,0.8084236979484558,0.8037487864494324,0.8032494783401489,0.8007069826126099,0.7899800539016724,0.8110777735710144,0.8028644621372223,0.006707664123454503,0.0026540756225585938,75.0,Build4All_Product_Events_and_Conversion_Policy_v2.0|Build4All_Product_Events_and_Conversion_Policy_v2.0|Build4All_Product_Events_and_Conversion_Policy_v2.0|Build4All_Product_Events_and_Conversion_Policy_v2.0|Build4All_Product_Events_and_Conversion_Policy_v2.0|Build4All_Product_Events_and_Conversion_Policy_v2.0,7|8|6|9|10|11
B4A-FT-107-LEBANESE_ARABIZI,B4A-FT-107,events_customers_by_type,lebanese_arabizi,train,0.8125943541526794,0.8078613877296448,0.805596649646759,0.8041375875473022,0.7939068078994751,0.7798510789871216,0.8125943541526794,0.8006579776604971,0.010873282944032402,0.004732966423034668,61.0,Build4All_Product_Events_and_Conversion_Policy_v2.0|Build4All_Product_Events_and_Conversion_Policy_v2.0|Build4All_Product_Events_and_Conversion_Policy_v2.0|Build4All_Product_Events_and_Conversion_Policy_v2.0|Build4All_Product_Events_and_Conversion_Policy_v2.0|Build4All_Customer_Regional_and_Shipping_Policy_v2.0,10|7|6|9|8|1
B4A-FT-108-ENGLISH,B4A-FT-108,events_products_by_type,english,train,0.8340755701065063,0.8261353969573975,0.8216269016265869,0.8131257891654968,0.8078571557998657,0.7947570085525513,0.8340755701065063,0.8162629703680674,0.0128227096253279,0.007940173149108887,64.0,Build4All_Product_Events_and_Conversion_Policy_v2.0|Build4All_Product_Events_and_Conversion_Policy_v2.0|Build4All_Product_Events_and_Conversion_Policy_v2.0|Build4All_Product_Events_and_Conversion_Policy_v2.0|Build4All_Product_Events_and_Conversion_Policy_v2.0|Build4All_Product_Events_and_Conversion_Policy_v2.0,7|6|10|9|8|11
B4A-FT-108-ARABIC,B4A-FT-108,events_products_by_type,arabic,train,0.7892018556594849,0.7869054079055786,0.7828831672668457,0.7700572609901428,0.7695075273513794,0.7574833631515503,0.7892018556594849,0.776006430387497,0.011261504089705597,0.00229644775390625,45.0,Build4All_Product_Events_and_Conversion_Policy_v2.0|Build4All_Product_Events_and_Conversion_Policy_v2.0|Build4All_Product_Events_and_Conversion_Policy_v2.0|Build4All_Product_Events_and_Conversion_Policy_v2.0|Build4All_Product_Events_and_Conversion_Policy_v2.0|Build4All_Product_Inventory_and_Coupon_Policy_v2.0,6|7|9|8|10|17
B4A-FT-108-FRENCH,B4A-FT-108,events_products_by_type,french,train,0.8258042335510254,0.8230466246604919,0.8151819705963135,0.8123394846916199,0.8108429908752441,0.8002812266349792,0.8258042335510254,0.814582755168279,0.008381224460985676,0.0027576088905334473,76.0,Build4All_Product_Events_and_Conversion_Policy_v2.0|Build4All_Product_Events_and_Conversion_Policy_v2.0|Build4All_Product_Events_and_Conversion_Policy_v2.0|Build4All_Product_Events_and_Conversion_Policy_v2.0|Build4All_Product_Events_and_Conversion_Policy_v2.0|Build4All_Product_Events_and_Conversion_Policy_v2.0,7|6|10|9|8|11
B4A-FT-108-LEBANESE_ARABIZI,B4A-FT-108,events_products_by_type,lebanese_arabizi,train,0.818213939666748,0.812674880027771,0.8115943670272827,0.8068234324455261,0.7887239456176758,0.7878004312515259,0.818213939666748,0.8043051660060883,0.011819199867491999,0.005539059638977051,59.0,Build4All_Product_Events_and_Conversion_Policy_v2.0|Build4All_Product_Events_and_Conversion_Policy_v2.0|Build4All_Product_Events_and_Conversion_Policy_v2.0|Build4All_Product_Events_and_Conversion_Policy_v2.0|Build4All_Product_Inventory_and_Coupon_Policy_v2.0|Build4All_Product_Events_and_Conversion_Policy_v2.0,6|10|7|9|17|11
B4A-FT-109-ENGLISH,B4A-FT-109,events_august_by_type,english,train,0.7944504022598267,0.7782299518585205,0.7767845988273621,0.7753562927246094,0.7690632939338684,0.7541201114654541,0.7944504022598267,0.7746674418449402,0.01199036508430405,0.016220450401306152,72.0,Build4All_Product_Events_and_Conversion_Policy_v2.0|Build4All_Product_Events_and_Conversion_Policy_v2.0|Build4All_Product_Events_and_Conversion_Policy_v2.0|Build4All_Product_Events_and_Conversion_Policy_v2.0|Build4All_Product_Events_and_Conversion_Policy_v2.0|Build4All_Product_Events_and_Conversion_Policy_v2.0,6|9|11|7|10|8
B4A-FT-109-ARABIC,B4A-FT-109,events_august_by_type,arabic,train,0.7535818219184875,0.749832808971405,0.7376841902732849,0.7324401140213013,0.7286841869354248,0.7179193496704102,0.7535818219184875,0.7366904119650522,0.01220346519175693,0.0037490129470825195,51.0,Build4All_Product_Events_and_Conversion_Policy_v2.0|Build4All_Product_Events_and_Conversion_Policy_v2.0|Build4All_Product_Events_and_Conversion_Policy_v2.0|Build4All_Product_Events_and_Conversion_Policy_v2.0|Build4All_Product_Events_and_Conversion_Policy_v2.0|Build4All_Product_Events_and_Conversion_Policy_v2.0,6|9|11|7|10|8
B4A-FT-109-FRENCH,B4A-FT-109,events_august_by_type,french,train,0.7921123504638672,0.7777636051177979,0.7740464806556702,0.7734387516975403,0.7697749137878418,0.761559784412384,0.7921123504638672,0.7747826476891836,0.009232859938387239,0.014348745346069336,80.0,Build4All_Product_Events_and_Conversion_Policy_v2.0|Build4All_Product_Events_and_Conversion_Policy_v2.0|Build4All_Product_Events_and_Conversion_Policy_v2.0|Build4All_Product_Events_and_Conversion_Policy_v2.0|Build4All_Product_Events_and_Conversion_Policy_v2.0|Build4All_Product_Events_and_Conversion_Policy_v2.0,6|11|7|9|10|8
B4A-FT-109-LEBANESE_ARABIZI,B4A-FT-109,events_august_by_type,lebanese_arabizi,train,0.789827823638916,0.7828789949417114,0.7790477871894836,0.7716890573501587,0.7714271545410156,0.7632437348365784,0.789827823638916,0.7763524254163107,0.00865342423308605,0.00694882869720459,59.0,Build4All_Product_Events_and_Conversion_Policy_v2.0|Build4All_Product_Events_and_Conversion_Policy_v2.0|Build4All_Product_Events_and_Conversion_Policy_v2.0|Build4All_Product_Events_and_Conversion_Policy_v2.0|Build4All_Product_Events_and_Conversion_Policy_v2.0|Build4All_Product_Inventory_and_Coupon_Policy_v2.0,6|11|9|10|7|17
B4A-FT-112-ENGLISH,B4A-FT-112,events_customers_by_type,english,train,0.850479245185852,0.8419628143310547,0.8221803903579712,0.8211227655410767,0.8134398460388184,0.7929501533508301,0.850479245185852,0.8236892024676005,0.018754700920344158,0.008516430854797363,63.0,Build4All_Product_Events_and_Conversion_Policy_v2.0|Build4All_Product_Events_and_Conversion_Policy_v2.0|Build4All_Product_Events_and_Conversion_Policy_v2.0|Build4All_Product_Events_and_Conversion_Policy_v2.0|Build4All_Product_Events_and_Conversion_Policy_v2.0|Build4All_Customer_Regional_and_Shipping_Policy_v2.0,7|8|10|9|6|4
B4A-FT-112-ARABIC,B4A-FT-112,events_customers_by_type,arabic,train,0.8011711835861206,0.7976717948913574,0.7842483520507812,0.7751739621162415,0.7748147249221802,0.7426227331161499,0.8011711835861206,0.7792837917804718,0.019247163938180507,0.0034993886947631836,43.0,Build4All_Product_Events_and_Conversion_Policy_v2.0|Build4All_Product_Events_and_Conversion_Policy_v2.0|Build4All_Product_Events_and_Conversion_Policy_v2.0|Build4All_Product_Events_and_Conversion_Policy_v2.0|Build4All_Product_Events_and_Conversion_Policy_v2.0|Build4All_Customer_Regional_and_Shipping_Policy_v2.0,8|7|9|6|10|4
B4A-FT-112-FRENCH,B4A-FT-112,events_customers_by_type,french,train,0.8347529172897339,0.8342496156692505,0.8138743042945862,0.8121566772460938,0.8089709877967834,0.7892993092536926,0.8347529172897339,0.8155506352583567,0.015626539485921485,0.0005033016204833984,73.0,Build4All_Product_Events_and_Conversion_Policy_v2.0|Build4All_Product_Events_and_Conversion_Policy_v2.0|Build4All_Product_Events_and_Conversion_Policy_v2.0|Build4All_Product_Events_and_Conversion_Policy_v2.0|Build4All_Product_Events_and_Conversion_Policy_v2.0|Build4All_Customer_Regional_and_Shipping_Policy_v2.0,8|7|10|9|6|4
B4A-FT-112-LEBANESE_ARABIZI,B4A-FT-112,events_customers_by_type,lebanese_arabizi,train,0.8282530307769775,0.8226224780082703,0.8195781707763672,0.8118187785148621,0.8084551095962524,0.7762213945388794,0.8282530307769775,0.8111581603686014,0.01694541361225891,0.005630552768707275,59.0,Build4All_Product_Events_and_Conversion_Policy_v2.0|Build4All_Product_Events_and_Conversion_Policy_v2.0|Build4All_Product_Events_and_Conversion_Policy_v2.0|Build4All_Product_Events_and_Conversion_Policy_v2.0|Build4All_Product_Events_and_Conversion_Policy_v2.0|Build4All_Customer_Regional_and_Shipping_Policy_v2.0,7|10|8|9|6|1
B4A-FT-113-ENGLISH,B4A-FT-113,events_products_by_type,english,train,0.8593465089797974,0.8408757448196411,0.836959719657898,0.8328330516815186,0.8259052038192749,0.7858983874320984,0.8593465089797974,0.8303031027317047,0.02234998752231248,0.01847076416015625,62.0,Build4All_Product_Events_and_Conversion_Policy_v2.0|Build4All_Product_Events_and_Conversion_Policy_v2.0|Build4All_Product_Events_and_Conversion_Policy_v2.0|Build4All_Product_Events_and_Conversion_Policy_v2.0|Build4All_Product_Events_and_Conversion_Policy_v2.0|Build4All_Customer_Regional_and_Shipping_Policy_v2.0,7|8|10|6|9|4
B4A-FT-113-ARABIC,B4A-FT-113,events_products_by_type,arabic,train,0.8177953362464905,0.8093790411949158,0.802673876285553,0.7968775033950806,0.7910802364349365,0.7473722696304321,0.8177953362464905,0.7941963771979014,0.022615215989218774,0.008416295051574707,43.0,Build4All_Product_Events_and_Conversion_Policy_v2.0|Build4All_Product_Events_and_Conversion_Policy_v2.0|Build4All_Product_Events_and_Conversion_Policy_v2.0|Build4All_Product_Events_and_Conversion_Policy_v2.0|Build4All_Product_Events_and_Conversion_Policy_v2.0|Build4All_Product_Events_and_Conversion_Policy_v2.0,7|8|6|9|10|11
B4A-FT-113-FRENCH,B4A-FT-113,events_products_by_type,french,train,0.8489299416542053,0.8382316827774048,0.8294456005096436,0.8277999758720398,0.8228182792663574,0.7893965244293213,0.8489299416542053,0.826103667418162,0.018440813670239427,0.010698258876800537,74.0,Build4All_Product_Events_and_Conversion_Policy_v2.0|Build4All_Product_Events_and_Conversion_Policy_v2.0|Build4All_Product_Events_and_Conversion_Policy_v2.0|Build4All_Product_Events_and_Conversion_Policy_v2.0|Build4All_Product_Events_and_Conversion_Policy_v2.0|Build4All_Product_Events_and_Conversion_Policy_v2.0,7|8|6|10|9|11
B4A-FT-113-LEBANESE_ARABIZI,B4A-FT-113,events_products_by_type,lebanese_arabizi,train,0.8377389311790466,0.8273853063583374,0.8257583975791931,0.8194617033004761,0.8144350647926331,0.7778922915458679,0.8377389311790466,0.8171119491259257,0.01895892016708387,0.010353624820709229,57.0,Build4All_Product_Events_and_Conversion_Policy_v2.0|Build4All_Product_Events_and_Conversion_Policy_v2.0|Build4All_Product_Events_and_Conversion_Policy_v2.0|Build4All_Product_Events_and_Conversion_Policy_v2.0|Build4All_Product_Events_and_Conversion_Policy_v2.0|Build4All_Product_Events_and_Conversion_Policy_v2.0,7|10|6|9|8|11
B4A-FT-114-ENGLISH,B4A-FT-114,events_august_by_type,english,train,0.8002461194992065,0.7980713844299316,0.7883048057556152,0.7813525199890137,0.7794777750968933,0.7678532600402832,0.8002461194992065,0.785884310801824,0.011160531108728227,0.0021747350692749023,70.0,Build4All_Product_Events_and_Conversion_Policy_v2.0|Build4All_Product_Events_and_Conversion_Policy_v2.0|Build4All_Product_Events_and_Conversion_Policy_v2.0|Build4All_Product_Events_and_Conversion_Policy_v2.0|Build4All_Product_Events_and_Conversion_Policy_v2.0|Build4All_Product_Events_and_Conversion_Policy_v2.0,6|7|9|8|10|11
B4A-FT-114-ARABIC,B4A-FT-114,events_august_by_type,arabic,train,0.7614714503288269,0.7570335865020752,0.7555577754974365,0.745227575302124,0.7418115139007568,0.729986846446991,0.7614714503288269,0.7485147913297018,0.010716599030425973,0.004437863826751709,49.0,Build4All_Product_Events_and_Conversion_Policy_v2.0|Build4All_Product_Events_and_Conversion_Policy_v2.0|Build4All_Product_Events_and_Conversion_Policy_v2.0|Build4All_Product_Events_and_Conversion_Policy_v2.0|Build4All_Product_Events_and_Conversion_Policy_v2.0|Build4All_Product_Events_and_Conversion_Policy_v2.0,6|9|7|8|10|11
B4A-FT-114-FRENCH,B4A-FT-114,events_august_by_type,french,train,0.7955352067947388,0.7932331562042236,0.7839841246604919,0.7799775004386902,0.7781331539154053,0.7669299244880676,0.7955352067947388,0.7829655110836029,0.009607976556752468,0.0023020505905151367,78.0,Build4All_Product_Events_and_Conversion_Policy_v2.0|Build4All_Product_Events_and_Conversion_Policy_v2.0|Build4All_Product_Events_and_Conversion_Policy_v2.0|Build4All_Product_Events_and_Conversion_Policy_v2.0|Build4All_Product_Events_and_Conversion_Policy_v2.0|Build4All_Product_Events_and_Conversion_Policy_v2.0,6|7|8|9|10|11
B4A-FT-114-LEBANESE_ARABIZI,B4A-FT-114,events_august_by_type,lebanese_arabizi,train,0.794578492641449,0.7925659418106079,0.78679358959198,0.7810895442962646,0.7793038487434387,0.7709380388259888,0.794578492641449,0.7842115759849548,0.008103032774123902,0.0020125508308410645,57.0,Build4All_Product_Events_and_Conversion_Policy_v2.0|Build4All_Product_Events_and_Conversion_Policy_v2.0|Build4All_Product_Events_and_Conversion_Policy_v2.0|Build4All_Product_Events_and_Conversion_Policy_v2.0|Build4All_Product_Events_and_Conversion_Policy_v2.0|Build4All_Product_Events_and_Conversion_Policy_v2.0,6|7|9|10|8|11
B4A-FT-117-ENGLISH,B4A-FT-117,events_customers_by_type,english,train,0.813050389289856,0.7971245050430298,0.795005738735199,0.7939714193344116,0.7852734327316284,0.7786213159561157,0.813050389289856,0.79384113351504,0.01069421696500556,0.015925884246826172,67.0,Build4All_Product_Events_and_Conversion_Policy_v2.0|Build4All_Product_Events_and_Conversion_Policy_v2.0|Build4All_Product_Events_and_Conversion_Policy_v2.0|Build4All_Product_Events_and_Conversion_Policy_v2.0|Build4All_Product_Events_and_Conversion_Policy_v2.0|Build4All_Customer_Regional_and_Shipping_Policy_v2.0,7|8|10|9|6|4
B4A-FT-117-ARABIC,B4A-FT-117,events_customers_by_type,arabic,train,0.7628603577613831,0.7596952319145203,0.7574887275695801,0.7528225183486938,0.745968222618103,0.7297657132148743,0.7628603577613831,0.7514334619045258,0.011081416022909182,0.003165125846862793,47.0,Build4All_Product_Events_and_Conversion_Policy_v2.0|Build4All_Product_Events_and_Conversion_Policy_v2.0|Build4All_Product_Events_and_Conversion_Policy_v2.0|Build4All_Product_Events_and_Conversion_Policy_v2.0|Build4All_Product_Events_and_Conversion_Policy_v2.0|Build4All_Customer_Regional_and_Shipping_Policy_v2.0,7|8|9|10|6|4
B4A-FT-117-FRENCH,B4A-FT-117,events_customers_by_type,french,train,0.800970196723938,0.7978564500808716,0.788766622543335,0.7875966429710388,0.7826519012451172,0.7746707201004028,0.800970196723938,0.7887520889441172,0.008841229689412845,0.0031137466430664062,77.0,Build4All_Product_Events_and_Conversion_Policy_v2.0|Build4All_Product_Events_and_Conversion_Policy_v2.0|Build4All_Product_Events_and_Conversion_Policy_v2.0|Build4All_Product_Events_and_Conversion_Policy_v2.0|Build4All_Product_Events_and_Conversion_Policy_v2.0|Build4All_Customer_Regional_and_Shipping_Policy_v2.0,7|8|10|9|6|4
B4A-FT-117-LEBANESE_ARABIZI,B4A-FT-117,events_customers_by_type,lebanese_arabizi,train,0.7990100383758545,0.7944875955581665,0.7894835472106934,0.7832334041595459,0.7812250256538391,0.7694735527038574,0.7990100383758545,0.7861521939436594,0.009633919182360442,0.004522442817687988,63.0,Build4All_Product_Events_and_Conversion_Policy_v2.0|Build4All_Product_Events_and_Conversion_Policy_v2.0|Build4All_Product_Events_and_Conversion_Policy_v2.0|Build4All_Product_Events_and_Conversion_Policy_v2.0|Build4All_Product_Events_and_Conversion_Policy_v2.0|Build4All_Customer_Regional_and_Shipping_Policy_v2.0,10|7|9|6|8|1
B4A-FT-118-ENGLISH,B4A-FT-118,events_products_by_type,english,train,0.817510724067688,0.8061676621437073,0.7993600368499756,0.7948335409164429,0.793318510055542,0.7718086242675781,0.817510724067688,0.797166516383489,0.013922353507479416,0.011343061923980713,66.0,Build4All_Product_Events_and_Conversion_Policy_v2.0|Build4All_Product_Events_and_Conversion_Policy_v2.0|Build4All_Product_Events_and_Conversion_Policy_v2.0|Build4All_Product_Events_and_Conversion_Policy_v2.0|Build4All_Product_Events_and_Conversion_Policy_v2.0|Build4All_Product_Inventory_and_Coupon_Policy_v2.0,7|10|6|8|9|17
B4A-FT-118-ARABIC,B4A-FT-118,events_products_by_type,arabic,train,0.7753483653068542,0.7639794945716858,0.7638124227523804,0.7622895836830139,0.7617380619049072,0.7361376285552979,0.7753483653068542,0.7605509261290232,0.011844815799014478,0.011368870735168457,47.0,Build4All_Product_Events_and_Conversion_Policy_v2.0|Build4All_Product_Events_and_Conversion_Policy_v2.0|Build4All_Product_Events_and_Conversion_Policy_v2.0|Build4All_Product_Events_and_Conversion_Policy_v2.0|Build4All_Product_Events_and_Conversion_Policy_v2.0|Build4All_Product_Inventory_and_Coupon_Policy_v2.0,7|6|10|9|8|17
B4A-FT-118-FRENCH,B4A-FT-118,events_products_by_type,french,train,0.8124527931213379,0.8018808364868164,0.7999798059463501,0.7995190024375916,0.7951979041099548,0.7746140360832214,0.8124527931213379,0.7972740630308787,0.011414641647399365,0.010571956634521484,78.0,Build4All_Product_Events_and_Conversion_Policy_v2.0|Build4All_Product_Events_and_Conversion_Policy_v2.0|Build4All_Product_Events_and_Conversion_Policy_v2.0|Build4All_Product_Events_and_Conversion_Policy_v2.0|Build4All_Product_Events_and_Conversion_Policy_v2.0|Build4All_Product_Inventory_and_Coupon_Policy_v2.0,7|10|6|8|9|17
B4A-FT-118-LEBANESE_ARABIZI,B4A-FT-118,events_products_by_type,lebanese_arabizi,train,0.7992275357246399,0.7974905967712402,0.7930958271026611,0.7911231517791748,0.7706741690635681,0.7667422890663147,0.7992275357246399,0.7863922615845998,0.012834954040445838,0.0017369389533996582,61.0,Build4All_Product_Events_and_Conversion_Policy_v2.0|Build4All_Product_Events_and_Conversion_Policy_v2.0|Build4All_Product_Events_and_Conversion_Policy_v2.0|Build4All_Product_Events_and_Conversion_Policy_v2.0|Build4All_Product_Events_and_Conversion_Policy_v2.0|Build4All_Product_Inventory_and_Coupon_Policy_v2.0,10|7|6|9|8|17
B4A-FT-119-ENGLISH,B4A-FT-119,events_august_by_type,english,train,0.7765156030654907,0.770165205001831,0.7700847387313843,0.764008104801178,0.7531400322914124,0.7509822845458984,0.7765156030654907,0.7641493280728658,0.009300001836558776,0.006350398063659668,74.0,Build4All_Product_Events_and_Conversion_Policy_v2.0|Build4All_Product_Events_and_Conversion_Policy_v2.0|Build4All_Product_Events_and_Conversion_Policy_v2.0|Build4All_Product_Events_and_Conversion_Policy_v2.0|Build4All_Product_Events_and_Conversion_Policy_v2.0|Build4All_Product_Events_and_Conversion_Policy_v2.0,6|9|7|10|11|8
B4A-FT-119-ARABIC,B4A-FT-119,events_august_by_type,arabic,train,0.7443923354148865,0.740969181060791,0.7336792945861816,0.7336722612380981,0.7195227146148682,0.7189484238624573,0.7443923354148865,0.7318640351295471,0.009708656321998098,0.003423154354095459,53.0,Build4All_Product_Events_and_Conversion_Policy_v2.0|Build4All_Product_Events_and_Conversion_Policy_v2.0|Build4All_Product_Events_and_Conversion_Policy_v2.0|Build4All_Product_Events_and_Conversion_Policy_v2.0|Build4All_Product_Events_and_Conversion_Policy_v2.0|Build4All_Product_Events_and_Conversion_Policy_v2.0,9|6|7|10|8|11
B4A-FT-119-FRENCH,B4A-FT-119,events_august_by_type,french,train,0.7766048908233643,0.7685874700546265,0.7635903358459473,0.7626268863677979,0.7564465999603271,0.7527970671653748,0.7766048908233643,0.763442208369573,0.007774683135833571,0.008017420768737793,82.0,Build4All_Product_Events_and_Conversion_Policy_v2.0|Build4All_Product_Events_and_Conversion_Policy_v2.0|Build4All_Product_Events_and_Conversion_Policy_v2.0|Build4All_Product_Events_and_Conversion_Policy_v2.0|Build4All_Product_Events_and_Conversion_Policy_v2.0|Build4All_Product_Events_and_Conversion_Policy_v2.0,6|7|9|10|8|11
B4A-FT-119-LEBANESE_ARABIZI,B4A-FT-119,events_august_by_type,lebanese_arabizi,train,0.7688454389572144,0.7684252858161926,0.7643741369247437,0.7609046697616577,0.7557422518730164,0.7464872598648071,0.7688454389572144,0.7607965071996053,0.007811260626006025,0.0004201531410217285,61.0,Build4All_Product_Events_and_Conversion_Policy_v2.0|Build4All_Product_Events_and_Conversion_Policy_v2.0|Build4All_Product_Events_and_Conversion_Policy_v2.0|Build4All_Product_Events_and_Conversion_Policy_v2.0|Build4All_Product_Events_and_Conversion_Policy_v2.0|Build4All_Product_Inventory_and_Coupon_Policy_v2.0,6|9|10|7|11|17
B4A-FT-121-ENGLISH,B4A-FT-121,active_products_below_stock_threshold,english,train,0.8280677795410156,0.826400637626648,0.8043093085289001,0.8008130192756653,0.7909595966339111,0.7873535752296448,0.8280677795410156,0.8063173194726309,0.015844214803173697,0.0016671419143676758,50.0,Build4All_Product_Inventory_and_Coupon_Policy_v2.0|Build4All_Product_Inventory_and_Coupon_Policy_v2.0|Build4All_Product_Inventory_and_Coupon_Policy_v2.0|Build4All_Product_Inventory_and_Coupon_Policy_v2.0|Build4All_Product_Inventory_and_Coupon_Policy_v2.0|Build4All_Product_Inventory_and_Coupon_Policy_v2.0,13|17|14|12|16|15
B4A-FT-121-ARABIC,B4A-FT-121,active_products_below_stock_threshold,arabic,train,0.7472373843193054,0.7448306083679199,0.7387393712997437,0.7340573072433472,0.7268949151039124,0.7247944474220276,0.7472373843193054,0.736092338959376,0.008405875736591588,0.002406775951385498,39.0,Build4All_Product_Inventory_and_Coupon_Policy_v2.0|Build4All_Product_Inventory_and_Coupon_Policy_v2.0|Build4All_Product_Events_and_Conversion_Policy_v2.0|Build4All_Product_Events_and_Conversion_Policy_v2.0|Build4All_Product_Events_and_Conversion_Policy_v2.0|Build4All_Product_Inventory_and_Coupon_Policy_v2.0,17|12|6|10|8|13
B4A-FT-121-FRENCH,B4A-FT-121,active_products_below_stock_threshold,french,train,0.8200786709785461,0.8195046782493591,0.801599383354187,0.7959448099136353,0.7851065993309021,0.7805997133255005,0.8200786709785461,0.8004723091920217,0.015272165019689555,0.0005739927291870117,62.0,Build4All_Product_Inventory_and_Coupon_Policy_v2.0|Build4All_Product_Inventory_and_Coupon_Policy_v2.0|Build4All_Product_Inventory_and_Coupon_Policy_v2.0|Build4All_Product_Inventory_and_Coupon_Policy_v2.0|Build4All_Product_Events_and_Conversion_Policy_v2.0|Build4All_Product_Inventory_and_Coupon_Policy_v2.0,13|17|12|14|6|15
B4A-FT-121-LEBANESE_ARABIZI,B4A-FT-121,active_products_below_stock_threshold,lebanese_arabizi,train,0.808344841003418,0.8080448508262634,0.7996575832366943,0.7984240055084229,0.7978340983390808,0.7863947153091431,0.808344841003418,0.7997833490371704,0.0073764295761601355,0.000299990177154541,54.0,Build4All_Product_Inventory_and_Coupon_Policy_v2.0|Build4All_Product_Inventory_and_Coupon_Policy_v2.0|Build4All_Product_Inventory_and_Coupon_Policy_v2.0|Build4All_Product_Inventory_and_Coupon_Policy_v2.0|Build4All_Product_Events_and_Conversion_Policy_v2.0|Build4All_Product_Inventory_and_Coupon_Policy_v2.0,14|17|12|13|6|16
B4A-FT-122-ENGLISH,B4A-FT-122,active_products_below_stock_threshold,english,train,0.8376827239990234,0.8375606536865234,0.8027462959289551,0.796526312828064,0.792570948600769,0.7841395139694214,0.8376827239990234,0.8085377415021261,0.021290790964323958,0.0001220703125,51.0,Build4All_Product_Inventory_and_Coupon_Policy_v2.0|Build4All_Product_Inventory_and_Coupon_Policy_v2.0|Build4All_Product_Inventory_and_Coupon_Policy_v2.0|Build4All_Product_Inventory_and_Coupon_Policy_v2.0|Build4All_Product_Inventory_and_Coupon_Policy_v2.0|Build4All_Product_Inventory_and_Coupon_Policy_v2.0,13|17|14|16|12|15
B4A-FT-122-ARABIC,B4A-FT-122,active_products_below_stock_threshold,arabic,train,0.757597804069519,0.7394566535949707,0.738968014717102,0.7346380949020386,0.7335183620452881,0.7327314615249634,0.757597804069519,0.7394850651423136,0.008495540869399163,0.01814115047454834,40.0,Build4All_Product_Inventory_and_Coupon_Policy_v2.0|Build4All_Product_Inventory_and_Coupon_Policy_v2.0|Build4All_Product_Events_and_Conversion_Policy_v2.0|Build4All_Product_Events_and_Conversion_Policy_v2.0|Build4All_Product_Events_and_Conversion_Policy_v2.0|Build4All_Product_Inventory_and_Coupon_Policy_v2.0,17|12|10|8|6|13
B4A-FT-122-FRENCH,B4A-FT-122,active_products_below_stock_threshold,french,train,0.829261064529419,0.8280611038208008,0.7929625511169434,0.7926609516143799,0.7858707308769226,0.7772037386894226,0.829261064529419,0.8010033567746481,0.02024964275328403,0.001199960708618164,63.0,Build4All_Product_Inventory_and_Coupon_Policy_v2.0|Build4All_Product_Inventory_and_Coupon_Policy_v2.0|Build4All_Product_Inventory_and_Coupon_Policy_v2.0|Build4All_Product_Inventory_and_Coupon_Policy_v2.0|Build4All_Product_Inventory_and_Coupon_Policy_v2.0|Build4All_Product_Inventory_and_Coupon_Policy_v2.0,17|13|14|12|16|15
B4A-FT-122-LEBANESE_ARABIZI,B4A-FT-122,active_products_below_stock_threshold,lebanese_arabizi,train,0.8174352645874023,0.8060598373413086,0.80530846118927,0.7923407554626465,0.7916415333747864,0.7902405858039856,0.8174352645874023,0.8005044062932333,0.009925870595226292,0.01137542724609375,55.0,Build4All_Product_Inventory_and_Coupon_Policy_v2.0|Build4All_Product_Inventory_and_Coupon_Policy_v2.0|Build4All_Product_Inventory_and_Coupon_Policy_v2.0|Build4All_Product_Inventory_and_Coupon_Policy_v2.0|Build4All_Product_Events_and_Conversion_Policy_v2.0|Build4All_Product_Inventory_and_Coupon_Policy_v2.0,17|14|13|12|6|16
B4A-FT-123-ENGLISH,B4A-FT-123,active_products_below_stock_threshold,english,train,0.8216278553009033,0.820103108882904,0.7978392243385315,0.7926004528999329,0.791102409362793,0.7790288925170898,0.8216278553009033,0.8003836572170258,0.015542375791504352,0.0015247464179992676,51.0,Build4All_Product_Inventory_and_Coupon_Policy_v2.0|Build4All_Product_Inventory_and_Coupon_Policy_v2.0|Build4All_Product_Inventory_and_Coupon_Policy_v2.0|Build4All_Product_Inventory_and_Coupon_Policy_v2.0|Build4All_Product_Inventory_and_Coupon_Policy_v2.0|Build4All_Product_Inventory_and_Coupon_Policy_v2.0,17|13|14|16|12|15
B4A-FT-123-ARABIC,B4A-FT-123,active_products_below_stock_threshold,arabic,train,0.7446902394294739,0.7376639246940613,0.732287585735321,0.7283394932746887,0.7266455292701721,0.7218465805053711,0.7446902394294739,0.731912225484848,0.007509108833010886,0.007026314735412598,40.0,Build4All_Product_Inventory_and_Coupon_Policy_v2.0|Build4All_Product_Inventory_and_Coupon_Policy_v2.0|Build4All_Product_Events_and_Conversion_Policy_v2.0|Build4All_Product_Events_and_Conversion_Policy_v2.0|Build4All_Product_Events_and_Conversion_Policy_v2.0|Build4All_Product_Events_and_Conversion_Policy_v2.0,17|12|6|10|8|7
B4A-FT-123-FRENCH,B4A-FT-123,active_products_below_stock_threshold,french,train,0.8133389353752136,0.8097488880157471,0.7898843288421631,0.7872127294540405,0.7796944379806519,0.7728977799415588,0.8133389353752136,0.7921295166015625,0.014798582324804185,0.0035900473594665527,63.0,Build4All_Product_Inventory_and_Coupon_Policy_v2.0|Build4All_Product_Inventory_and_Coupon_Policy_v2.0|Build4All_Product_Inventory_and_Coupon_Policy_v2.0|Build4All_Product_Inventory_and_Coupon_Policy_v2.0|Build4All_Product_Inventory_and_Coupon_Policy_v2.0|Build4All_Product_Events_and_Conversion_Policy_v2.0,17|13|12|14|16|6
B4A-FT-123-LEBANESE_ARABIZI,B4A-FT-123,active_products_below_stock_threshold,lebanese_arabizi,train,0.8028449416160583,0.7989652156829834,0.7883563041687012,0.7882523536682129,0.7880469560623169,0.785133421421051,0.8028449416160583,0.7919331987698873,0.0065344987544753656,0.003879725933074951,55.0,Build4All_Product_Inventory_and_Coupon_Policy_v2.0|Build4All_Product_Inventory_and_Coupon_Policy_v2.0|Build4All_Product_Inventory_and_Coupon_Policy_v2.0|Build4All_Product_Events_and_Conversion_Policy_v2.0|Build4All_Product_Inventory_and_Coupon_Policy_v2.0|Build4All_Product_Inventory_and_Coupon_Policy_v2.0,17|14|13|6|12|16
B4A-FT-124-ENGLISH,B4A-FT-124,active_products_below_stock_threshold,english,train,0.8289147615432739,0.8264168500900269,0.8039811253547668,0.7952319979667664,0.79076087474823,0.7854560613632202,0.8289147615432739,0.805126945177714,0.016890188432041604,0.0024979114532470703,51.0,Build4All_Product_Inventory_and_Coupon_Policy_v2.0|Build4All_Product_Inventory_and_Coupon_Policy_v2.0|Build4All_Product_Inventory_and_Coupon_Policy_v2.0|Build4All_Product_Inventory_and_Coupon_Policy_v2.0|Build4All_Product_Inventory_and_Coupon_Policy_v2.0|Build4All_Product_Inventory_and_Coupon_Policy_v2.0,17|13|14|16|12|15
B4A-FT-124-ARABIC,B4A-FT-124,active_products_below_stock_threshold,arabic,train,0.7504566311836243,0.740327000617981,0.7351820468902588,0.7345195412635803,0.7299311757087708,0.7249691486358643,0.7504566311836243,0.7358975907166799,0.008052176817636857,0.01012963056564331,40.0,Build4All_Product_Inventory_and_Coupon_Policy_v2.0|Build4All_Product_Inventory_and_Coupon_Policy_v2.0|Build4All_Product_Events_and_Conversion_Policy_v2.0|Build4All_Product_Events_and_Conversion_Policy_v2.0|Build4All_Product_Events_and_Conversion_Policy_v2.0|Build4All_Product_Inventory_and_Coupon_Policy_v2.0,17|12|10|6|8|13
B4A-FT-124-FRENCH,B4A-FT-124,active_products_below_stock_threshold,french,train,0.8209614753723145,0.8167248964309692,0.7936436533927917,0.7904882431030273,0.7851585149765015,0.7776016592979431,0.8209614753723145,0.7974297404289246,0.01598071864362795,0.004236578941345215,63.0,Build4All_Product_Inventory_and_Coupon_Policy_v2.0|Build4All_Product_Inventory_and_Coupon_Policy_v2.0|Build4All_Product_Inventory_and_Coupon_Policy_v2.0|Build4All_Product_Inventory_and_Coupon_Policy_v2.0|Build4All_Product_Inventory_and_Coupon_Policy_v2.0|Build4All_Product_Inventory_and_Coupon_Policy_v2.0,17|13|14|12|16|15
B4A-FT-124-LEBANESE_ARABIZI,B4A-FT-124,active_products_below_stock_threshold,lebanese_arabizi,train,0.8093297481536865,0.8054936528205872,0.7960697412490845,0.792121410369873,0.791755735874176,0.7890856862068176,0.8093297481536865,0.7973093291123708,0.0075099423869587935,0.0038360953330993652,55.0,Build4All_Product_Inventory_and_Coupon_Policy_v2.0|Build4All_Product_Inventory_and_Coupon_Policy_v2.0|Build4All_Product_Inventory_and_Coupon_Policy_v2.0|Build4All_Product_Events_and_Conversion_Policy_v2.0|Build4All_Product_Inventory_and_Coupon_Policy_v2.0|Build4All_Product_Inventory_and_Coupon_Policy_v2.0,17|14|13|6|12|16
B4A-FT-125-ENGLISH,B4A-FT-125,active_products_below_stock_threshold,english,train,0.8258610963821411,0.8221186399459839,0.8054735660552979,0.7960306406021118,0.7841733694076538,0.7840128540992737,0.8258610963821411,0.8029450277487437,0.016622165010662996,0.0037424564361572266,51.0,Build4All_Product_Inventory_and_Coupon_Policy_v2.0|Build4All_Product_Inventory_and_Coupon_Policy_v2.0|Build4All_Product_Inventory_and_Coupon_Policy_v2.0|Build4All_Product_Inventory_and_Coupon_Policy_v2.0|Build4All_Product_Inventory_and_Coupon_Policy_v2.0|Build4All_Product_Inventory_and_Coupon_Policy_v2.0,13|17|14|12|15|16
B4A-FT-125-ARABIC,B4A-FT-125,active_products_below_stock_threshold,arabic,train,0.7452065944671631,0.7434821724891663,0.7367473840713501,0.7349516153335571,0.7320541143417358,0.7248390913009644,0.7452065944671631,0.7362134953339895,0.006858867681936373,0.0017244219779968262,40.0,Build4All_Product_Inventory_and_Coupon_Policy_v2.0|Build4All_Product_Inventory_and_Coupon_Policy_v2.0|Build4All_Product_Events_and_Conversion_Policy_v2.0|Build4All_Product_Events_and_Conversion_Policy_v2.0|Build4All_Product_Events_and_Conversion_Policy_v2.0|Build4All_Product_Inventory_and_Coupon_Policy_v2.0,17|12|6|8|10|13
B4A-FT-125-FRENCH,B4A-FT-125,active_products_below_stock_threshold,french,train,0.8187991380691528,0.8160452842712402,0.7972680330276489,0.796882152557373,0.780655026435852,0.7784578800201416,0.8187991380691528,0.7980179190635681,0.015506785730201528,0.0027538537979125977,63.0,Build4All_Product_Inventory_and_Coupon_Policy_v2.0|Build4All_Product_Inventory_and_Coupon_Policy_v2.0|Build4All_Product_Inventory_and_Coupon_Policy_v2.0|Build4All_Product_Inventory_and_Coupon_Policy_v2.0|Build4All_Product_Events_and_Conversion_Policy_v2.0|Build4All_Product_Inventory_and_Coupon_Policy_v2.0,13|17|12|14|6|15
B4A-FT-125-LEBANESE_ARABIZI,B4A-FT-125,active_products_below_stock_threshold,lebanese_arabizi,train,0.8097667694091797,0.8070477247238159,0.7977458238601685,0.7964688539505005,0.7963442206382751,0.7836591601371765,0.8097667694091797,0.798505425453186,0.00846163658988029,0.0027190446853637695,55.0,Build4All_Product_Inventory_and_Coupon_Policy_v2.0|Build4All_Product_Inventory_and_Coupon_Policy_v2.0|Build4All_Product_Inventory_and_Coupon_Policy_v2.0|Build4All_Product_Events_and_Conversion_Policy_v2.0|Build4All_Product_Inventory_and_Coupon_Policy_v2.0|Build4All_Product_Inventory_and_Coupon_Policy_v2.0,14|17|13|6|12|16
B4A-FT-126-ENGLISH,B4A-FT-126,active_products_above_price_threshold,english,train,0.8139111995697021,0.8090403079986572,0.8017310500144958,0.7916051149368286,0.7859734296798706,0.7855305671691895,0.8139111995697021,0.797965278228124,0.011030169814440804,0.004870891571044922,52.0,Build4All_Product_Inventory_and_Coupon_Policy_v2.0|Build4All_Product_Inventory_and_Coupon_Policy_v2.0|Build4All_Product_Inventory_and_Coupon_Policy_v2.0|Build4All_Product_Inventory_and_Coupon_Policy_v2.0|Build4All_Product_Events_and_Conversion_Policy_v2.0|Build4All_Product_Inventory_and_Coupon_Policy_v2.0,17|14|13|15|6|12
B4A-FT-126-ARABIC,B4A-FT-126,active_products_above_price_threshold,arabic,train,0.7604180574417114,0.7530060410499573,0.7477537393569946,0.7380300164222717,0.7324923276901245,0.730533242225647,0.7604180574417114,0.7437055706977844,0.010906057979337302,0.00741201639175415,38.0,Build4All_Product_Inventory_and_Coupon_Policy_v2.0|Build4All_Product_Inventory_and_Coupon_Policy_v2.0|Build4All_Product_Events_and_Conversion_Policy_v2.0|Build4All_Product_Inventory_and_Coupon_Policy_v2.0|Build4All_Customer_Regional_and_Shipping_Policy_v2.0|Build4All_Product_Events_and_Conversion_Policy_v2.0,17|12|6|15|5|8
B4A-FT-126-FRENCH,B4A-FT-126,active_products_above_price_threshold,french,train,0.8043226003646851,0.7978684306144714,0.7949320673942566,0.7863320708274841,0.7853916883468628,0.7771665453910828,0.8043226003646851,0.7910022338231405,0.008988282487136689,0.006454169750213623,65.0,Build4All_Product_Inventory_and_Coupon_Policy_v2.0|Build4All_Product_Inventory_and_Coupon_Policy_v2.0|Build4All_Product_Inventory_and_Coupon_Policy_v2.0|Build4All_Product_Inventory_and_Coupon_Policy_v2.0|Build4All_Product_Inventory_and_Coupon_Policy_v2.0|Build4All_Product_Events_and_Conversion_Policy_v2.0,17|14|13|12|15|6
B4A-FT-126-LEBANESE_ARABIZI,B4A-FT-126,active_products_above_price_threshold,lebanese_arabizi,train,0.8108644485473633,0.8067471981048584,0.7931931018829346,0.7899632453918457,0.7894399762153625,0.784784734249115,0.8108644485473633,0.79583211739858,0.00956924040412618,0.004117250442504883,50.0,Build4All_Product_Inventory_and_Coupon_Policy_v2.0|Build4All_Product_Inventory_and_Coupon_Policy_v2.0|Build4All_Product_Events_and_Conversion_Policy_v2.0|Build4All_Product_Inventory_and_Coupon_Policy_v2.0|Build4All_Product_Inventory_and_Coupon_Policy_v2.0|Build4All_Product_Events_and_Conversion_Policy_v2.0,17|14|6|13|15|10
B4A-FT-127-ENGLISH,B4A-FT-127,active_products_above_price_threshold,english,train,0.8090070486068726,0.8086252212524414,0.8006337285041809,0.786618173122406,0.7861181497573853,0.7860190272331238,0.8090070486068726,0.7961702247460684,0.010288882052583045,0.00038182735443115234,52.0,Build4All_Product_Inventory_and_Coupon_Policy_v2.0|Build4All_Product_Inventory_and_Coupon_Policy_v2.0|Build4All_Product_Inventory_and_Coupon_Policy_v2.0|Build4All_Product_Inventory_and_Coupon_Policy_v2.0|Build4All_Product_Inventory_and_Coupon_Policy_v2.0|Build4All_Product_Events_and_Conversion_Policy_v2.0,14|17|13|12|15|6
B4A-FT-127-ARABIC,B4A-FT-127,active_products_above_price_threshold,arabic,train,0.7550143003463745,0.7525907754898071,0.7467327117919922,0.7404601573944092,0.7336677312850952,0.7331161499023438,0.7550143003463745,0.7435969710350037,0.008557197854363716,0.002423524856567383,38.0,Build4All_Product_Inventory_and_Coupon_Policy_v2.0|Build4All_Product_Inventory_and_Coupon_Policy_v2.0|Build4All_Product_Events_and_Conversion_Policy_v2.0|Build4All_Product_Events_and_Conversion_Policy_v2.0|Build4All_Product_Inventory_and_Coupon_Policy_v2.0|Build4All_Customer_Regional_and_Shipping_Policy_v2.0,17|12|6|8|15|5
B4A-FT-127-FRENCH,B4A-FT-127,active_products_above_price_threshold,french,train,0.8007816076278687,0.7999482154846191,0.7962024211883545,0.7898229956626892,0.7827634215354919,0.7790830135345459,0.8007816076278687,0.7914336125055949,0.008295868509541449,0.0008333921432495117,65.0,Build4All_Product_Inventory_and_Coupon_Policy_v2.0|Build4All_Product_Inventory_and_Coupon_Policy_v2.0|Build4All_Product_Inventory_and_Coupon_Policy_v2.0|Build4All_Product_Inventory_and_Coupon_Policy_v2.0|Build4All_Product_Inventory_and_Coupon_Policy_v2.0|Build4All_Product_Events_and_Conversion_Policy_v2.0,17|14|13|12|15|6
B4A-FT-127-LEBANESE_ARABIZI,B4A-FT-127,active_products_above_price_threshold,lebanese_arabizi,train,0.80665123462677,0.8054358959197998,0.7928240299224854,0.7887730598449707,0.7849289178848267,0.7843224406242371,0.80665123462677,0.7938225964705149,0.009085594057036468,0.0012153387069702148,50.0,Build4All_Product_Inventory_and_Coupon_Policy_v2.0|Build4All_Product_Inventory_and_Coupon_Policy_v2.0|Build4All_Product_Events_and_Conversion_Policy_v2.0|Build4All_Product_Inventory_and_Coupon_Policy_v2.0|Build4All_Product_Events_and_Conversion_Policy_v2.0|Build4All_Product_Inventory_and_Coupon_Policy_v2.0,17|14|6|13|10|15
B4A-FT-128-ENGLISH,B4A-FT-128,active_products_above_price_threshold,english,train,0.8123552799224854,0.8116615414619446,0.8073781728744507,0.7895830273628235,0.7844486236572266,0.7831873893737793,0.8123552799224854,0.798102339108785,0.012612809138568796,0.0006937384605407715,53.0,Build4All_Product_Inventory_and_Coupon_Policy_v2.0|Build4All_Product_Inventory_and_Coupon_Policy_v2.0|Build4All_Product_Inventory_and_Coupon_Policy_v2.0|Build4All_Product_Inventory_and_Coupon_Policy_v2.0|Build4All_Product_Inventory_and_Coupon_Policy_v2.0|Build4All_Product_Inventory_and_Coupon_Policy_v2.0,17|14|13|15|12|16
B4A-FT-128-ARABIC,B4A-FT-128,active_products_above_price_threshold,arabic,train,0.7527161240577698,0.7473405599594116,0.7462081909179688,0.7398371696472168,0.7321537733078003,0.73122239112854,0.7527161240577698,0.7415797015031179,0.007935035491834594,0.005375564098358154,39.0,Build4All_Product_Inventory_and_Coupon_Policy_v2.0|Build4All_Product_Events_and_Conversion_Policy_v2.0|Build4All_Product_Inventory_and_Coupon_Policy_v2.0|Build4All_Product_Events_and_Conversion_Policy_v2.0|Build4All_Customer_Regional_and_Shipping_Policy_v2.0|Build4All_Product_Inventory_and_Coupon_Policy_v2.0,17|8|12|6|5|15
B4A-FT-128-FRENCH,B4A-FT-128,active_products_above_price_threshold,french,train,0.8014978766441345,0.8004040122032166,0.7988734245300293,0.7863945364952087,0.7833555936813354,0.7729451656341553,0.8014978766441345,0.7905784348646799,0.010529242268089729,0.0010938644409179688,66.0,Build4All_Product_Inventory_and_Coupon_Policy_v2.0|Build4All_Product_Inventory_and_Coupon_Policy_v2.0|Build4All_Product_Inventory_and_Coupon_Policy_v2.0|Build4All_Product_Inventory_and_Coupon_Policy_v2.0|Build4All_Product_Inventory_and_Coupon_Policy_v2.0|Build4All_Product_Events_and_Conversion_Policy_v2.0,17|13|14|12|15|6
B4A-FT-128-LEBANESE_ARABIZI,B4A-FT-128,active_products_above_price_threshold,lebanese_arabizi,train,0.8042319416999817,0.8029656410217285,0.7880139350891113,0.7858956456184387,0.7819103002548218,0.7815886735916138,0.8042319416999817,0.7907676895459493,0.009346155723589464,0.0012663006782531738,51.0,Build4All_Product_Inventory_and_Coupon_Policy_v2.0|Build4All_Product_Inventory_and_Coupon_Policy_v2.0|Build4All_Product_Inventory_and_Coupon_Policy_v2.0|Build4All_Product_Events_and_Conversion_Policy_v2.0|Build4All_Product_Inventory_and_Coupon_Policy_v2.0|Build4All_Product_Events_and_Conversion_Policy_v2.0,17|14|13|6|15|10
B4A-FT-129-ENGLISH,B4A-FT-129,active_products_above_price_threshold,english,train,0.8079577684402466,0.8079085350036621,0.8014070987701416,0.791429877281189,0.7894629836082458,0.7887112498283386,0.8079577684402466,0.7978129188219706,0.00827710280653489,4.9233436584472656e-05,53.0,Build4All_Product_Inventory_and_Coupon_Policy_v2.0|Build4All_Product_Inventory_and_Coupon_Policy_v2.0|Build4All_Product_Inventory_and_Coupon_Policy_v2.0|Build4All_Product_Inventory_and_Coupon_Policy_v2.0|Build4All_Product_Events_and_Conversion_Policy_v2.0|Build4All_Product_Inventory_and_Coupon_Policy_v2.0,14|17|13|15|6|12
B4A-FT-129-ARABIC,B4A-FT-129,active_products_above_price_threshold,arabic,train,0.7533237934112549,0.7511467933654785,0.7499752044677734,0.7368159294128418,0.7346370220184326,0.7290865778923035,0.7533237934112549,0.7424975534280142,0.009326084915021893,0.002177000045776367,39.0,Build4All_Product_Inventory_and_Coupon_Policy_v2.0|Build4All_Product_Inventory_and_Coupon_Policy_v2.0|Build4All_Product_Events_and_Conversion_Policy_v2.0|Build4All_Product_Inventory_and_Coupon_Policy_v2.0|Build4All_Product_Events_and_Conversion_Policy_v2.0|Build4All_Product_Events_and_Conversion_Policy_v2.0,12|17|6|15|8|7
B4A-FT-129-FRENCH,B4A-FT-129,active_products_above_price_threshold,french,train,0.7973333597183228,0.7957563996315002,0.7918808460235596,0.7879367470741272,0.7846536040306091,0.7800775766372681,0.7973333597183228,0.7896064221858978,0.006066546383687677,0.0015769600868225098,66.0,Build4All_Product_Inventory_and_Coupon_Policy_v2.0|Build4All_Product_Inventory_and_Coupon_Policy_v2.0|Build4All_Product_Inventory_and_Coupon_Policy_v2.0|Build4All_Product_Inventory_and_Coupon_Policy_v2.0|Build4All_Product_Inventory_and_Coupon_Policy_v2.0|Build4All_Product_Events_and_Conversion_Policy_v2.0,17|14|13|12|15|6
B4A-FT-129-LEBANESE_ARABIZI,B4A-FT-129,active_products_above_price_threshold,lebanese_arabizi,train,0.8055112361907959,0.804247260093689,0.7946773767471313,0.7882245779037476,0.7873085141181946,0.7845081686973572,0.8055112361907959,0.7940795222918192,0.00822761751390086,0.0012639760971069336,51.0,Build4All_Product_Inventory_and_Coupon_Policy_v2.0|Build4All_Product_Inventory_and_Coupon_Policy_v2.0|Build4All_Product_Events_and_Conversion_Policy_v2.0|Build4All_Product_Inventory_and_Coupon_Policy_v2.0|Build4All_Product_Inventory_and_Coupon_Policy_v2.0|Build4All_Product_Inventory_and_Coupon_Policy_v2.0,17|14|6|13|15|12
B4A-FT-130-ENGLISH,B4A-FT-130,active_products_above_price_threshold,english,train,0.8051437139511108,0.8049574494361877,0.801633894443512,0.79094398021698,0.7898778915405273,0.7856683731079102,0.8051437139511108,0.7963708837827047,0.007794708733213242,0.0001862645149230957,53.0,Build4All_Product_Inventory_and_Coupon_Policy_v2.0|Build4All_Product_Inventory_and_Coupon_Policy_v2.0|Build4All_Product_Inventory_and_Coupon_Policy_v2.0|Build4All_Product_Events_and_Conversion_Policy_v2.0|Build4All_Product_Inventory_and_Coupon_Policy_v2.0|Build4All_Product_Inventory_and_Coupon_Policy_v2.0,17|14|13|6|12|15
B4A-FT-130-ARABIC,B4A-FT-130,active_products_above_price_threshold,arabic,train,0.7537961006164551,0.7506842613220215,0.7475179433822632,0.7343591451644897,0.7313159108161926,0.7301678657531738,0.7537961006164551,0.741306871175766,0.0096147572631039,0.0031118392944335938,39.0,Build4All_Product_Inventory_and_Coupon_Policy_v2.0|Build4All_Product_Events_and_Conversion_Policy_v2.0|Build4All_Product_Inventory_and_Coupon_Policy_v2.0|Build4All_Product_Events_and_Conversion_Policy_v2.0|Build4All_Customer_Regional_and_Shipping_Policy_v2.0|Build4All_Customer_Regional_and_Shipping_Policy_v2.0,12|6|17|8|5|0
B4A-FT-130-FRENCH,B4A-FT-130,active_products_above_price_threshold,french,train,0.7961439490318298,0.7943962216377258,0.794166088104248,0.7909947037696838,0.7820504307746887,0.7794432640075684,0.7961439490318298,0.7895324428876241,0.0064388051147894155,0.001747727394104004,66.0,Build4All_Product_Inventory_and_Coupon_Policy_v2.0|Build4All_Product_Inventory_and_Coupon_Policy_v2.0|Build4All_Product_Inventory_and_Coupon_Policy_v2.0|Build4All_Product_Inventory_and_Coupon_Policy_v2.0|Build4All_Product_Events_and_Conversion_Policy_v2.0|Build4All_Product_Inventory_and_Coupon_Policy_v2.0,17|13|14|12|6|15
B4A-FT-130-LEBANESE_ARABIZI,B4A-FT-130,active_products_above_price_threshold,lebanese_arabizi,train,0.802843451499939,0.8026912808418274,0.7947825193405151,0.7886967658996582,0.7851947546005249,0.7839836478233337,0.802843451499939,0.7930320700009664,0.00768895259575284,0.00015217065811157227,51.0,Build4All_Product_Inventory_and_Coupon_Policy_v2.0|Build4All_Product_Inventory_and_Coupon_Policy_v2.0|Build4All_Product_Events_and_Conversion_Policy_v2.0|Build4All_Product_Inventory_and_Coupon_Policy_v2.0|Build4All_Product_Inventory_and_Coupon_Policy_v2.0|Build4All_Product_Events_and_Conversion_Policy_v2.0,14|17|6|13|12|10
B4A-FT-131-ENGLISH,B4A-FT-131,top_products_by_recognized_units,english,train,0.8252924680709839,0.8169399499893188,0.8156254291534424,0.8146761059761047,0.8140032291412354,0.8097178339958191,0.8252924680709839,0.8160425027211508,0.004700502317429111,0.008352518081665039,69.0,Build4All_Customer_Regional_and_Shipping_Policy_v2.0|Build4All_Sales_and_Order_Analytics_Policy_v2.0|Build4All_Customer_Regional_and_Shipping_Policy_v2.0|Build4All_Sales_and_Order_Analytics_Policy_v2.0|Build4All_Sales_and_Order_Analytics_Policy_v2.0|Build4All_Customer_Regional_and_Shipping_Policy_v2.0,4|22|5|20|19|1
B4A-FT-131-ARABIC,B4A-FT-131,top_products_by_recognized_units,arabic,train,0.8030805587768555,0.8029175996780396,0.8024529218673706,0.7965891361236572,0.7931373715400696,0.7929913997650146,0.8030805587768555,0.7985281646251678,0.004451056030849356,0.00016295909881591797,71.0,Build4All_Product_Inventory_and_Coupon_Policy_v2.0|Build4All_Customer_Regional_and_Shipping_Policy_v2.0|Build4All_Customer_Regional_and_Shipping_Policy_v2.0|Build4All_Product_Events_and_Conversion_Policy_v2.0|Build4All_Customer_Regional_and_Shipping_Policy_v2.0|Build4All_Product_Inventory_and_Coupon_Policy_v2.0,17|5|4|7|1|12
B4A-FT-131-FRENCH,B4A-FT-131,top_products_by_recognized_units,french,train,0.8131924867630005,0.8104844689369202,0.8043348789215088,0.8033339381217957,0.8020990490913391,0.7972350120544434,0.8131924867630005,0.805113305648168,0.005307980031089972,0.0027080178260803223,96.0,Build4All_Customer_Regional_and_Shipping_Policy_v2.0|Build4All_Customer_Regional_and_Shipping_Policy_v2.0|Build4All_Sales_and_Order_Analytics_Policy_v2.0|Build4All_Sales_and_Order_Analytics_Policy_v2.0|Build4All_Customer_Regional_and_Shipping_Policy_v2.0|Build4All_Product_Inventory_and_Coupon_Policy_v2.0,4|5|20|19|1|17
B4A-FT-131-LEBANESE_ARABIZI,B4A-FT-131,top_products_by_recognized_units,lebanese_arabizi,train,0.7943820953369141,0.7890574336051941,0.7851095795631409,0.7829853296279907,0.7811235189437866,0.7798863649368286,0.7943820953369141,0.7854240536689758,0.0049775299197737785,0.005324661731719971,71.0,Build4All_Customer_Regional_and_Shipping_Policy_v2.0|Build4All_Sales_and_Order_Analytics_Policy_v2.0|Build4All_Product_Events_and_Conversion_Policy_v2.0|Build4All_Sales_and_Order_Analytics_Policy_v2.0|Build4All_Sales_and_Order_Analytics_Policy_v2.0|Build4All_Product_Inventory_and_Coupon_Policy_v2.0,4|20|6|22|24|12
B4A-FT-132-ENGLISH,B4A-FT-132,top_products_by_recognized_units,english,train,0.8278308510780334,0.8218997120857239,0.8193860054016113,0.8157088756561279,0.8142666816711426,0.8116960525512695,0.8278308510780334,0.8184646964073181,0.00534486375999556,0.00593113899230957,70.0,Build4All_Customer_Regional_and_Shipping_Policy_v2.0|Build4All_Sales_and_Order_Analytics_Policy_v2.0|Build4All_Sales_and_Order_Analytics_Policy_v2.0|Build4All_Sales_and_Order_Analytics_Policy_v2.0|Build4All_Customer_Regional_and_Shipping_Policy_v2.0|Build4All_Customer_Regional_and_Shipping_Policy_v2.0,4|22|19|20|5|1
B4A-FT-132-ARABIC,B4A-FT-132,top_products_by_recognized_units,arabic,train,0.8145238161087036,0.805024266242981,0.8011453747749329,0.7993881702423096,0.7988652586936951,0.7955567240715027,0.8145238161087036,0.8024172683556875,0.0061079446305037175,0.009499549865722656,72.0,Build4All_Product_Inventory_and_Coupon_Policy_v2.0|Build4All_Customer_Regional_and_Shipping_Policy_v2.0|Build4All_Customer_Regional_and_Shipping_Policy_v2.0|Build4All_Product_Events_and_Conversion_Policy_v2.0|Build4All_Product_Events_and_Conversion_Policy_v2.0|Build4All_Sales_and_Order_Analytics_Policy_v2.0,17|4|5|7|10|24
B4A-FT-132-FRENCH,B4A-FT-132,top_products_by_recognized_units,french,train,0.8130693435668945,0.8065810203552246,0.8060870170593262,0.8058835864067078,0.8036983013153076,0.801594614982605,0.8130693435668945,0.8061523139476776,0.003533184681651851,0.006488323211669922,97.0,Build4All_Customer_Regional_and_Shipping_Policy_v2.0|Build4All_Sales_and_Order_Analytics_Policy_v2.0|Build4All_Product_Inventory_and_Coupon_Policy_v2.0|Build4All_Customer_Regional_and_Shipping_Policy_v2.0|Build4All_Sales_and_Order_Analytics_Policy_v2.0|Build4All_Customer_Regional_and_Shipping_Policy_v2.0,4|19|17|5|20|1
B4A-FT-132-LEBANESE_ARABIZI,B4A-FT-132,top_products_by_recognized_units,lebanese_arabizi,train,0.7946878671646118,0.7907211184501648,0.7866196632385254,0.7843307256698608,0.7811651229858398,0.781141996383667,0.7946878671646118,0.7864444156487783,0.00494519392733916,0.0039667487144470215,72.0,Build4All_Customer_Regional_and_Shipping_Policy_v2.0|Build4All_Sales_and_Order_Analytics_Policy_v2.0|Build4All_Sales_and_Order_Analytics_Policy_v2.0|Build4All_Sales_and_Order_Analytics_Policy_v2.0|Build4All_Customer_Regional_and_Shipping_Policy_v2.0|Build4All_Product_Inventory_and_Coupon_Policy_v2.0,4|20|22|24|3|17
B4A-FT-133-ENGLISH,B4A-FT-133,top_products_by_recognized_units,english,train,0.819056510925293,0.8169060349464417,0.8134833574295044,0.8102316856384277,0.8084746599197388,0.801612138748169,0.819056510925293,0.8116273979345957,0.005754614098753315,0.0021504759788513184,70.0,Build4All_Customer_Regional_and_Shipping_Policy_v2.0|Build4All_Sales_and_Order_Analytics_Policy_v2.0|Build4All_Sales_and_Order_Analytics_Policy_v2.0|Build4All_Customer_Regional_and_Shipping_Policy_v2.0|Build4All_Sales_and_Order_Analytics_Policy_v2.0|Build4All_Customer_Regional_and_Shipping_Policy_v2.0,4|22|20|5|19|1
B4A-FT-133-ARABIC,B4A-FT-133,top_products_by_recognized_units,arabic,train,0.8037444353103638,0.798953652381897,0.7980980277061462,0.7939877510070801,0.7879074215888977,0.7877206802368164,0.8037444353103638,0.7950686613718668,0.005859235134584878,0.004790782928466797,72.0,Build4All_Product_Inventory_and_Coupon_Policy_v2.0|Build4All_Customer_Regional_and_Shipping_Policy_v2.0|Build4All_Customer_Regional_and_Shipping_Policy_v2.0|Build4All_Product_Events_and_Conversion_Policy_v2.0|Build4All_Product_Inventory_and_Coupon_Policy_v2.0|Build4All_Customer_Regional_and_Shipping_Policy_v2.0,17|5|4|7|15|1
B4A-FT-133-FRENCH,B4A-FT-133,top_products_by_recognized_units,french,train,0.8078562021255493,0.8049616813659668,0.8048741817474365,0.799710214138031,0.7972885370254517,0.7959352135658264,0.8078562021255493,0.8017710049947103,0.004382457176778108,0.0028945207595825195,97.0,Build4All_Customer_Regional_and_Shipping_Policy_v2.0|Build4All_Sales_and_Order_Analytics_Policy_v2.0|Build4All_Customer_Regional_and_Shipping_Policy_v2.0|Build4All_Sales_and_Order_Analytics_Policy_v2.0|Build4All_Sales_and_Order_Analytics_Policy_v2.0|Build4All_Product_Inventory_and_Coupon_Policy_v2.0,4|20|5|19|22|17
B4A-FT-133-LEBANESE_ARABIZI,B4A-FT-133,top_products_by_recognized_units,lebanese_arabizi,train,0.7909504175186157,0.7893821001052856,0.7837924957275391,0.7786809802055359,0.7773948907852173,0.7770373225212097,0.7909504175186157,0.7828730344772339,0.005628741311329834,0.0015683174133300781,72.0,Build4All_Sales_and_Order_Analytics_Policy_v2.0|Build4All_Customer_Regional_and_Shipping_Policy_v2.0|Build4All_Sales_and_Order_Analytics_Policy_v2.0|Build4All_Product_Events_and_Conversion_Policy_v2.0|Build4All_Customer_Regional_and_Shipping_Policy_v2.0|Build4All_Sales_and_Order_Analytics_Policy_v2.0,20|4|22|6|5|24
B4A-FT-134-ENGLISH,B4A-FT-134,top_products_by_recognized_units,english,train,0.8199547529220581,0.8163538575172424,0.808487057685852,0.8077601194381714,0.8063552975654602,0.8030561208724976,0.8199547529220581,0.8103278676668803,0.005882615637022231,0.003600895404815674,70.0,Build4All_Customer_Regional_and_Shipping_Policy_v2.0|Build4All_Sales_and_Order_Analytics_Policy_v2.0|Build4All_Customer_Regional_and_Shipping_Policy_v2.0|Build4All_Sales_and_Order_Analytics_Policy_v2.0|Build4All_Sales_and_Order_Analytics_Policy_v2.0|Build4All_Customer_Regional_and_Shipping_Policy_v2.0,4|22|5|20|19|1
B4A-FT-134-ARABIC,B4A-FT-134,top_products_by_recognized_units,arabic,train,0.801647424697876,0.7946766018867493,0.7945687770843506,0.7924311757087708,0.7881271243095398,0.784946084022522,0.801647424697876,0.7927328646183014,0.005300249720544384,0.006970822811126709,72.0,Build4All_Product_Inventory_and_Coupon_Policy_v2.0|Build4All_Customer_Regional_and_Shipping_Policy_v2.0|Build4All_Customer_Regional_and_Shipping_Policy_v2.0|Build4All_Product_Events_and_Conversion_Policy_v2.0|Build4All_Sales_and_Order_Analytics_Policy_v2.0|Build4All_Product_Events_and_Conversion_Policy_v2.0,17|4|5|7|24|10
B4A-FT-134-FRENCH,B4A-FT-134,top_products_by_recognized_units,french,train,0.8029951453208923,0.7992696762084961,0.794786810874939,0.7924723625183105,0.7920419573783875,0.7919972538948059,0.8029951453208923,0.7955938676993052,0.004168079328406474,0.0037254691123962402,97.0,Build4All_Customer_Regional_and_Shipping_Policy_v2.0|Build4All_Customer_Regional_and_Shipping_Policy_v2.0|Build4All_Sales_and_Order_Analytics_Policy_v2.0|Build4All_Product_Inventory_and_Coupon_Policy_v2.0|Build4All_Sales_and_Order_Analytics_Policy_v2.0|Build4All_Sales_and_Order_Analytics_Policy_v2.0,4|5|20|17|24|19
B4A-FT-134-LEBANESE_ARABIZI,B4A-FT-134,top_products_by_recognized_units,lebanese_arabizi,train,0.78993821144104,0.7889856696128845,0.7859746217727661,0.7805005311965942,0.7781945466995239,0.7780064344406128,0.78993821144104,0.7836000025272369,0.004914787176270726,0.0009525418281555176,72.0,Build4All_Customer_Regional_and_Shipping_Policy_v2.0|Build4All_Sales_and_Order_Analytics_Policy_v2.0|Build4All_Sales_and_Order_Analytics_Policy_v2.0|Build4All_Sales_and_Order_Analytics_Policy_v2.0|Build4All_Product_Events_and_Conversion_Policy_v2.0|Build4All_Customer_Regional_and_Shipping_Policy_v2.0,4|20|22|24|6|3
B4A-FT-135-ENGLISH,B4A-FT-135,top_products_by_recognized_units,english,train,0.8223435282707214,0.8144391775131226,0.8116445541381836,0.811198353767395,0.8096458911895752,0.8037341833114624,0.8223435282707214,0.81216761469841,0.005588740588119359,0.007904350757598877,70.0,Build4All_Customer_Regional_and_Shipping_Policy_v2.0|Build4All_Sales_and_Order_Analytics_Policy_v2.0|Build4All_Customer_Regional_and_Shipping_Policy_v2.0|Build4All_Sales_and_Order_Analytics_Policy_v2.0|Build4All_Sales_and_Order_Analytics_Policy_v2.0|Build4All_Product_Inventory_and_Coupon_Policy_v2.0,4|22|5|20|19|15
B4A-FT-135-ARABIC,B4A-FT-135,top_products_by_recognized_units,arabic,train,0.8043830394744873,0.7981356382369995,0.7974857687950134,0.7962434887886047,0.7899672985076904,0.7892690300941467,0.8043830394744873,0.7959140439828237,0.0051438994572866326,0.006247401237487793,72.0,Build4All_Product_Inventory_and_Coupon_Policy_v2.0|Build4All_Customer_Regional_and_Shipping_Policy_v2.0|Build4All_Customer_Regional_and_Shipping_Policy_v2.0|Build4All_Product_Events_and_Conversion_Policy_v2.0|Build4All_Product_Events_and_Conversion_Policy_v2.0|Build4All_Product_Inventory_and_Coupon_Policy_v2.0,17|4|5|7|6|15
B4A-FT-135-FRENCH,B4A-FT-135,top_products_by_recognized_units,french,train,0.8071252107620239,0.8029156923294067,0.8000547885894775,0.798334002494812,0.7968604564666748,0.794344425201416,0.8071252107620239,0.7999390959739685,0.004160697932990603,0.0042095184326171875,97.0,Build4All_Customer_Regional_and_Shipping_Policy_v2.0|Build4All_Customer_Regional_and_Shipping_Policy_v2.0|Build4All_Sales_and_Order_Analytics_Policy_v2.0|Build4All_Sales_and_Order_Analytics_Policy_v2.0|Build4All_Product_Inventory_and_Coupon_Policy_v2.0|Build4All_Product_Events_and_Conversion_Policy_v2.0,4|5|20|19|17|7
B4A-FT-135-LEBANESE_ARABIZI,B4A-FT-135,top_products_by_recognized_units,lebanese_arabizi,train,0.7892347574234009,0.7885831594467163,0.7812874913215637,0.7800748944282532,0.7776284217834473,0.7774379253387451,0.7892347574234009,0.7823744416236877,0.004812750175256083,0.0006515979766845703,72.0,Build4All_Customer_Regional_and_Shipping_Policy_v2.0|Build4All_Sales_and_Order_Analytics_Policy_v2.0|Build4All_Sales_and_Order_Analytics_Policy_v2.0|Build4All_Product_Events_and_Conversion_Policy_v2.0|Build4All_Sales_and_Order_Analytics_Policy_v2.0|Build4All_Customer_Regional_and_Shipping_Policy_v2.0,4|20|22|6|24|5
B4A-FT-136-ENGLISH,B4A-FT-136,customers_by_minimum_order_count,english,train,0.7847896218299866,0.7818721532821655,0.7772718667984009,0.7752695083618164,0.7735080122947693,0.7715393304824829,0.7847896218299866,0.7773750821749369,0.00463057535320587,0.002917468547821045,58.0,Build4All_Customer_Regional_and_Shipping_Policy_v2.0|Build4All_Customer_Regional_and_Shipping_Policy_v2.0|Build4All_Customer_Regional_and_Shipping_Policy_v2.0|Build4All_Sales_and_Order_Analytics_Policy_v2.0|Build4All_Customer_Regional_and_Shipping_Policy_v2.0|Build4All_Product_Events_and_Conversion_Policy_v2.0,1|4|2|21|0|8
B4A-FT-136-ARABIC,B4A-FT-136,customers_by_minimum_order_count,arabic,train,0.7358134984970093,0.72504723072052,0.7248838543891907,0.7238450050354004,0.7129461169242859,0.7102654576301575,0.7358134984970093,0.7221335271994272,0.00847923268747509,0.010766267776489258,44.0,Build4All_Product_Events_and_Conversion_Policy_v2.0|Build4All_Product_Inventory_and_Coupon_Policy_v2.0|Build4All_Product_Events_and_Conversion_Policy_v2.0|Build4All_Product_Events_and_Conversion_Policy_v2.0|Build4All_Sales_and_Order_Analytics_Policy_v2.0|Build4All_Sales_and_Order_Analytics_Policy_v2.0,8|17|9|10|25|24
B4A-FT-136-FRENCH,B4A-FT-136,customers_by_minimum_order_count,french,train,0.7885251641273499,0.7831064462661743,0.7783129215240479,0.775963306427002,0.7741109728813171,0.7732349038124084,0.7885251641273499,0.7788756191730499,0.005390289632865385,0.005418717861175537,64.0,Build4All_Customer_Regional_and_Shipping_Policy_v2.0|Build4All_Customer_Regional_and_Shipping_Policy_v2.0|Build4All_Customer_Regional_and_Shipping_Policy_v2.0|Build4All_Product_Events_and_Conversion_Policy_v2.0|Build4All_Customer_Regional_and_Shipping_Policy_v2.0|Build4All_Product_Events_and_Conversion_Policy_v2.0,4|1|0|6|2|8
B4A-FT-136-LEBANESE_ARABIZI,B4A-FT-136,customers_by_minimum_order_count,lebanese_arabizi,train,0.8228694796562195,0.8136674761772156,0.8125231862068176,0.8055983781814575,0.7998933792114258,0.7991079092025757,0.8228694796562195,0.8089433014392853,0.008355600776466361,0.009202003479003906,55.0,Build4All_Customer_Regional_and_Shipping_Policy_v2.0|Build4All_Customer_Regional_and_Shipping_Policy_v2.0|Build4All_Customer_Regional_and_Shipping_Policy_v2.0|Build4All_Sales_and_Order_Analytics_Policy_v2.0|Build4All_Customer_Regional_and_Shipping_Policy_v2.0|Build4All_Product_Events_and_Conversion_Policy_v2.0,1|0|4|20|2|6
B4A-FT-137-ENGLISH,B4A-FT-137,customers_by_minimum_order_count,english,train,0.7841341495513916,0.781360387802124,0.7762501835823059,0.7746248841285706,0.7732605934143066,0.7705699801445007,0.7841341495513916,0.7767000297705332,0.004670847456892169,0.002773761749267578,58.0,Build4All_Customer_Regional_and_Shipping_Policy_v2.0|Build4All_Customer_Regional_and_Shipping_Policy_v2.0|Build4All_Customer_Regional_and_Shipping_Policy_v2.0|Build4All_Sales_and_Order_Analytics_Policy_v2.0|Build4All_Customer_Regional_and_Shipping_Policy_v2.0|Build4All_Product_Events_and_Conversion_Policy_v2.0,1|4|0|21|2|8
B4A-FT-137-ARABIC,B4A-FT-137,customers_by_minimum_order_count,arabic,train,0.7344110012054443,0.727345883846283,0.7252747416496277,0.7229431867599487,0.7127922773361206,0.710056483745575,0.7344110012054443,0.7221372624238332,0.008381941406898652,0.007065117359161377,44.0,Build4All_Product_Events_and_Conversion_Policy_v2.0|Build4All_Product_Inventory_and_Coupon_Policy_v2.0|Build4All_Product_Events_and_Conversion_Policy_v2.0|Build4All_Product_Events_and_Conversion_Policy_v2.0|Build4All_Sales_and_Order_Analytics_Policy_v2.0|Build4All_Sales_and_Order_Analytics_Policy_v2.0,8|17|9|10|25|24
B4A-FT-137-FRENCH,B4A-FT-137,customers_by_minimum_order_count,french,train,0.7886085510253906,0.7828865051269531,0.7808198928833008,0.7775121927261353,0.7741881608963013,0.7730645537376404,0.7886085510253906,0.7795133093992869,0.0053191032163496495,0.0057220458984375,64.0,Build4All_Customer_Regional_and_Shipping_Policy_v2.0|Build4All_Customer_Regional_and_Shipping_Policy_v2.0|Build4All_Customer_Regional_and_Shipping_Policy_v2.0|Build4All_Product_Events_and_Conversion_Policy_v2.0|Build4All_Product_Events_and_Conversion_Policy_v2.0|Build4All_Product_Events_and_Conversion_Policy_v2.0,4|1|0|6|8|10
B4A-FT-137-LEBANESE_ARABIZI,B4A-FT-137,customers_by_minimum_order_count,lebanese_arabizi,train,0.8236100077629089,0.8146753907203674,0.812187671661377,0.8079069256782532,0.8015002608299255,0.800769567489624,0.8236100077629089,0.8101083040237427,0.007891287694111756,0.008934617042541504,55.0,Build4All_Customer_Regional_and_Shipping_Policy_v2.0|Build4All_Customer_Regional_and_Shipping_Policy_v2.0|Build4All_Customer_Regional_and_Shipping_Policy_v2.0|Build4All_Sales_and_Order_Analytics_Policy_v2.0|Build4All_Sales_and_Order_Analytics_Policy_v2.0|Build4All_Product_Events_and_Conversion_Policy_v2.0,1|0|4|20|18|6
B4A-FT-138-ENGLISH,B4A-FT-138,customers_by_minimum_order_count,english,train,0.7835486531257629,0.7821082472801208,0.7782111763954163,0.7752971053123474,0.7742071151733398,0.773055374622345,0.7835486531257629,0.777737945318222,0.003946279722375436,0.0014404058456420898,58.0,Build4All_Customer_Regional_and_Shipping_Policy_v2.0|Build4All_Customer_Regional_and_Shipping_Policy_v2.0|Build4All_Customer_Regional_and_Shipping_Policy_v2.0|Build4All_Customer_Regional_and_Shipping_Policy_v2.0|Build4All_Sales_and_Order_Analytics_Policy_v2.0|Build4All_Product_Events_and_Conversion_Policy_v2.0,1|4|0|2|21|8
B4A-FT-138-ARABIC,B4A-FT-138,customers_by_minimum_order_count,arabic,train,0.7352858185768127,0.7270702719688416,0.7255474328994751,0.7226195931434631,0.7119191288948059,0.7096706628799438,0.7352858185768127,0.722018818060557,0.008839524876719155,0.008215546607971191,44.0,Build4All_Product_Events_and_Conversion_Policy_v2.0|Build4All_Product_Events_and_Conversion_Policy_v2.0|Build4All_Product_Inventory_and_Coupon_Policy_v2.0|Build4All_Product_Events_and_Conversion_Policy_v2.0|Build4All_Sales_and_Order_Analytics_Policy_v2.0|Build4All_Sales_and_Order_Analytics_Policy_v2.0,8|9|17|10|25|18
B4A-FT-138-FRENCH,B4A-FT-138,customers_by_minimum_order_count,french,train,0.7891431450843811,0.7834384441375732,0.7828680276870728,0.7819474935531616,0.775244951248169,0.7737237811088562,0.7891431450843811,0.7810609738032023,0.005207138270522287,0.005704700946807861,64.0,Build4All_Customer_Regional_and_Shipping_Policy_v2.0|Build4All_Customer_Regional_and_Shipping_Policy_v2.0|Build4All_Customer_Regional_and_Shipping_Policy_v2.0|Build4All_Product_Events_and_Conversion_Policy_v2.0|Build4All_Product_Events_and_Conversion_Policy_v2.0|Build4All_Customer_Regional_and_Shipping_Policy_v2.0,4|0|1|6|8|2
B4A-FT-138-LEBANESE_ARABIZI,B4A-FT-138,customers_by_minimum_order_count,lebanese_arabizi,train,0.8254685401916504,0.8178428411483765,0.814730167388916,0.8093124628067017,0.8057976961135864,0.8053562045097351,0.8254685401916504,0.8130846520264944,0.007138706811233867,0.007625699043273926,55.0,Build4All_Customer_Regional_and_Shipping_Policy_v2.0|Build4All_Customer_Regional_and_Shipping_Policy_v2.0|Build4All_Customer_Regional_and_Shipping_Policy_v2.0|Build4All_Sales_and_Order_Analytics_Policy_v2.0|Build4All_Sales_and_Order_Analytics_Policy_v2.0|Build4All_Product_Events_and_Conversion_Policy_v2.0,1|0|4|20|18|6
B4A-FT-139-ENGLISH,B4A-FT-139,customers_by_minimum_order_count,english,train,0.7847301959991455,0.7841650247573853,0.7812075614929199,0.7798260450363159,0.7755976915359497,0.7716797590255737,0.7847301959991455,0.779534379641215,0.004628112759405246,0.0005651712417602539,59.0,Build4All_Customer_Regional_and_Shipping_Policy_v2.0|Build4All_Customer_Regional_and_Shipping_Policy_v2.0|Build4All_Product_Events_and_Conversion_Policy_v2.0|Build4All_Sales_and_Order_Analytics_Policy_v2.0|Build4All_Customer_Regional_and_Shipping_Policy_v2.0|Build4All_Product_Events_and_Conversion_Policy_v2.0,1|4|8|21|2|7
B4A-FT-139-ARABIC,B4A-FT-139,customers_by_minimum_order_count,arabic,train,0.743833065032959,0.7346972227096558,0.727303147315979,0.7268622517585754,0.7125920653343201,0.7110986113548279,0.743833065032959,0.7260643939177195,0.011531845605735858,0.009135842323303223,45.0,Build4All_Product_Events_and_Conversion_Policy_v2.0|Build4All_Product_Inventory_and_Coupon_Policy_v2.0|Build4All_Product_Events_and_Conversion_Policy_v2.0|Build4All_Product_Events_and_Conversion_Policy_v2.0|Build4All_Sales_and_Order_Analytics_Policy_v2.0|Build4All_Sales_and_Order_Analytics_Policy_v2.0,8|17|9|10|25|24
B4A-FT-139-FRENCH,B4A-FT-139,customers_by_minimum_order_count,french,train,0.7889295816421509,0.7823499441146851,0.7813078761100769,0.7773421406745911,0.7766443490982056,0.7761892080307007,0.7889295816421509,0.780460516611735,0.004444931511824087,0.00657963752746582,65.0,Build4All_Customer_Regional_and_Shipping_Policy_v2.0|Build4All_Customer_Regional_and_Shipping_Policy_v2.0|Build4All_Product_Events_and_Conversion_Policy_v2.0|Build4All_Product_Events_and_Conversion_Policy_v2.0|Build4All_Product_Inventory_and_Coupon_Policy_v2.0|Build4All_Customer_Regional_and_Shipping_Policy_v2.0,4|1|8|10|17|0
B4A-FT-139-LEBANESE_ARABIZI,B4A-FT-139,customers_by_minimum_order_count,lebanese_arabizi,train,0.8275588154792786,0.8172575831413269,0.8128441572189331,0.811647891998291,0.8052555322647095,0.8049108982086182,0.8275588154792786,0.8132458130518595,0.00771347748361263,0.01030123233795166,56.0,Build4All_Customer_Regional_and_Shipping_Policy_v2.0|Build4All_Customer_Regional_and_Shipping_Policy_v2.0|Build4All_Customer_Regional_and_Shipping_Policy_v2.0|Build4All_Sales_and_Order_Analytics_Policy_v2.0|Build4All_Sales_and_Order_Analytics_Policy_v2.0|Build4All_Customer_Regional_and_Shipping_Policy_v2.0,1|4|0|20|24|2
B4A-FT-140-ENGLISH,B4A-FT-140,customers_by_minimum_order_count,english,train,0.7757309079170227,0.7752603888511658,0.7720946073532104,0.7696834802627563,0.7690315246582031,0.7670415043830872,0.7757309079170227,0.7714737355709076,0.0032057714290599343,0.0004705190658569336,59.0,Build4All_Customer_Regional_and_Shipping_Policy_v2.0|Build4All_Customer_Regional_and_Shipping_Policy_v2.0|Build4All_Sales_and_Order_Analytics_Policy_v2.0|Build4All_Product_Events_and_Conversion_Policy_v2.0|Build4All_Customer_Regional_and_Shipping_Policy_v2.0|Build4All_Customer_Regional_and_Shipping_Policy_v2.0,1|4|21|8|0|2
B4A-FT-140-ARABIC,B4A-FT-140,customers_by_minimum_order_count,arabic,train,0.738749623298645,0.7232770919799805,0.7209208607673645,0.7164396047592163,0.7072314023971558,0.7058110237121582,0.738749623298645,0.7187382678190867,0.011034977939654689,0.01547253131866455,45.0,Build4All_Product_Events_and_Conversion_Policy_v2.0|Build4All_Product_Inventory_and_Coupon_Policy_v2.0|Build4All_Product_Events_and_Conversion_Policy_v2.0|Build4All_Product_Events_and_Conversion_Policy_v2.0|Build4All_Sales_and_Order_Analytics_Policy_v2.0|Build4All_Product_Events_and_Conversion_Policy_v2.0,8|17|9|10|24|7
B4A-FT-140-FRENCH,B4A-FT-140,customers_by_minimum_order_count,french,train,0.7786173224449158,0.7726181149482727,0.770988941192627,0.7701470851898193,0.768101692199707,0.7624487280845642,0.7786173224449158,0.770486980676651,0.004853088187028791,0.005999207496643066,65.0,Build4All_Customer_Regional_and_Shipping_Policy_v2.0|Build4All_Customer_Regional_and_Shipping_Policy_v2.0|Build4All_Customer_Regional_and_Shipping_Policy_v2.0|Build4All_Product_Events_and_Conversion_Policy_v2.0|Build4All_Product_Events_and_Conversion_Policy_v2.0|Build4All_Product_Events_and_Conversion_Policy_v2.0,4|1|0|8|6|7
B4A-FT-140-LEBANESE_ARABIZI,B4A-FT-140,customers_by_minimum_order_count,lebanese_arabizi,train,0.8196403980255127,0.8095340132713318,0.8081074953079224,0.8055365085601807,0.7991031408309937,0.7978729009628296,0.8196403980255127,0.8066324094931284,0.00723904716841415,0.010106384754180908,56.0,Build4All_Customer_Regional_and_Shipping_Policy_v2.0|Build4All_Customer_Regional_and_Shipping_Policy_v2.0|Build4All_Customer_Regional_and_Shipping_Policy_v2.0|Build4All_Sales_and_Order_Analytics_Policy_v2.0|Build4All_Sales_and_Order_Analytics_Policy_v2.0|Build4All_Product_Events_and_Conversion_Policy_v2.0,1|4|0|20|24|6
B4A-FT-141-ENGLISH,B4A-FT-141,active_coupons_by_minimum_order,english,train,0.8376844525337219,0.8342034220695496,0.7986182570457458,0.7973614931106567,0.7967382669448853,0.7960788607597351,0.8376844525337219,0.8101141254107157,0.01830803109181456,0.0034810304641723633,68.0,Build4All_Product_Inventory_and_Coupon_Policy_v2.0|Build4All_Product_Inventory_and_Coupon_Policy_v2.0|Build4All_Sales_and_Order_Analytics_Policy_v2.0|Build4All_Sales_and_Order_Analytics_Policy_v2.0|Build4All_Product_Inventory_and_Coupon_Policy_v2.0|Build4All_Product_Events_and_Conversion_Policy_v2.0,16|17|21|22|12|8
B4A-FT-141-ARABIC,B4A-FT-141,active_coupons_by_minimum_order,arabic,train,0.7567591071128845,0.7510442137718201,0.7405692338943481,0.7379050850868225,0.7377521395683289,0.7368073463439941,0.7567591071128845,0.7434728542963663,0.0076423887723174495,0.005714893341064453,47.0,Build4All_Product_Inventory_and_Coupon_Policy_v2.0|Build4All_Product_Events_and_Conversion_Policy_v2.0|Build4All_Customer_Regional_and_Shipping_Policy_v2.0|Build4All_Product_Events_and_Conversion_Policy_v2.0|Build4All_Sales_and_Order_Analytics_Policy_v2.0|Build4All_Product_Events_and_Conversion_Policy_v2.0,17|8|4|11|24|9
B4A-FT-141-FRENCH,B4A-FT-141,active_coupons_by_minimum_order,french,train,0.8274778723716736,0.8092418909072876,0.7911949157714844,0.7891006469726562,0.7830067873001099,0.7829833030700684,0.8274778723716736,0.79716756939888,0.01616051100630792,0.018235981464385986,88.0,Build4All_Product_Inventory_and_Coupon_Policy_v2.0|Build4All_Product_Inventory_and_Coupon_Policy_v2.0|Build4All_Product_Inventory_and_Coupon_Policy_v2.0|Build4All_Product_Inventory_and_Coupon_Policy_v2.0|Build4All_Product_Events_and_Conversion_Policy_v2.0|Build4All_Product_Inventory_and_Coupon_Policy_v2.0,17|16|12|15|8|13
B4A-FT-141-LEBANESE_ARABIZI,B4A-FT-141,active_coupons_by_minimum_order,lebanese_arabizi,train,0.8372225761413574,0.8363621234893799,0.8070858716964722,0.8045797348022461,0.8010029196739197,0.8008866310119629,0.8372225761413574,0.814523309469223,0.01589098592811138,0.0008604526519775391,51.0,Build4All_Product_Inventory_and_Coupon_Policy_v2.0|Build4All_Product_Inventory_and_Coupon_Policy_v2.0|Build4All_Sales_and_Order_Analytics_Policy_v2.0|Build4All_Product_Inventory_and_Coupon_Policy_v2.0|Build4All_Sales_and_Order_Analytics_Policy_v2.0|Build4All_Product_Events_and_Conversion_Policy_v2.0,16|17|24|15|22|10
B4A-FT-142-ENGLISH,B4A-FT-142,active_coupons_by_minimum_order,english,train,0.8275876641273499,0.8227247595787048,0.7973927855491638,0.7954723834991455,0.7930040955543518,0.7893613576889038,0.8275876641273499,0.8042571743329366,0.015045336917213823,0.0048629045486450195,69.0,Build4All_Product_Inventory_and_Coupon_Policy_v2.0|Build4All_Product_Inventory_and_Coupon_Policy_v2.0|Build4All_Product_Inventory_and_Coupon_Policy_v2.0|Build4All_Sales_and_Order_Analytics_Policy_v2.0|Build4All_Sales_and_Order_Analytics_Policy_v2.0|Build4All_Product_Events_and_Conversion_Policy_v2.0,17|16|12|22|21|8
B4A-FT-142-ARABIC,B4A-FT-142,active_coupons_by_minimum_order,arabic,train,0.7512073516845703,0.7436972856521606,0.7357898354530334,0.7279539108276367,0.7270602583885193,0.7269332408905029,0.7512073516845703,0.7354403138160706,0.009269493701189796,0.007510066032409668,48.0,Build4All_Product_Inventory_and_Coupon_Policy_v2.0|Build4All_Product_Events_and_Conversion_Policy_v2.0|Build4All_Customer_Regional_and_Shipping_Policy_v2.0|Build4All_Product_Events_and_Conversion_Policy_v2.0|Build4All_Sales_and_Order_Analytics_Policy_v2.0|Build4All_Customer_Regional_and_Shipping_Policy_v2.0,17|8|4|9|24|5
B4A-FT-142-FRENCH,B4A-FT-142,active_coupons_by_minimum_order,french,train,0.825896143913269,0.7983167171478271,0.7917038202285767,0.7827399969100952,0.7813088893890381,0.7804502248764038,0.825896143913269,0.793402632077535,0.015867040043376232,0.027579426765441895,89.0,Build4All_Product_Inventory_and_Coupon_Policy_v2.0|Build4All_Product_Inventory_and_Coupon_Policy_v2.0|Build4All_Product_Inventory_and_Coupon_Policy_v2.0|Build4All_Product_Inventory_and_Coupon_Policy_v2.0|Build4All_Product_Inventory_and_Coupon_Policy_v2.0|Build4All_Product_Events_and_Conversion_Policy_v2.0,17|16|12|15|13|8
B4A-FT-142-LEBANESE_ARABIZI,B4A-FT-142,active_coupons_by_minimum_order,lebanese_arabizi,train,0.8298226594924927,0.8251197934150696,0.8011736869812012,0.7996648550033569,0.7962338924407959,0.7939333319664001,0.8298226594924927,0.8076580365498861,0.014265341379842051,0.004702866077423096,52.0,Build4All_Product_Inventory_and_Coupon_Policy_v2.0|Build4All_Product_Inventory_and_Coupon_Policy_v2.0|Build4All_Sales_and_Order_Analytics_Policy_v2.0|Build4All_Sales_and_Order_Analytics_Policy_v2.0|Build4All_Product_Inventory_and_Coupon_Policy_v2.0|Build4All_Product_Inventory_and_Coupon_Policy_v2.0,17|16|24|22|12|15
B4A-FT-143-ENGLISH,B4A-FT-143,active_coupons_by_minimum_order,english,train,0.8302537798881531,0.828688383102417,0.8025095462799072,0.8019812107086182,0.7960411310195923,0.7943285703659058,0.8302537798881531,0.8089671035607656,0.014798207217071644,0.001565396785736084,70.0,Build4All_Product_Inventory_and_Coupon_Policy_v2.0|Build4All_Product_Inventory_and_Coupon_Policy_v2.0|Build4All_Sales_and_Order_Analytics_Policy_v2.0|Build4All_Sales_and_Order_Analytics_Policy_v2.0|Build4All_Product_Events_and_Conversion_Policy_v2.0|Build4All_Product_Inventory_and_Coupon_Policy_v2.0,17|16|22|21|8|12
B4A-FT-143-ARABIC,B4A-FT-143,active_coupons_by_minimum_order,arabic,train,0.7519099116325378,0.7509891390800476,0.7354943156242371,0.7305272221565247,0.7303738594055176,0.7287863492965698,0.7519099116325378,0.7380134661992391,0.009724304004016693,0.0009207725524902344,49.0,Build4All_Product_Events_and_Conversion_Policy_v2.0|Build4All_Product_Inventory_and_Coupon_Policy_v2.0|Build4All_Customer_Regional_and_Shipping_Policy_v2.0|Build4All_Product_Events_and_Conversion_Policy_v2.0|Build4All_Sales_and_Order_Analytics_Policy_v2.0|Build4All_Sales_and_Order_Analytics_Policy_v2.0,8|17|4|9|24|23
B4A-FT-143-FRENCH,B4A-FT-143,active_coupons_by_minimum_order,french,train,0.8250671625137329,0.7997044324874878,0.7860916256904602,0.7858192920684814,0.7813512682914734,0.7806182503700256,0.8250671625137329,0.7931086719036102,0.015606998139086623,0.025362730026245117,90.0,Build4All_Product_Inventory_and_Coupon_Policy_v2.0|Build4All_Product_Inventory_and_Coupon_Policy_v2.0|Build4All_Product_Inventory_and_Coupon_Policy_v2.0|Build4All_Product_Events_and_Conversion_Policy_v2.0|Build4All_Product_Inventory_and_Coupon_Policy_v2.0|Build4All_Product_Inventory_and_Coupon_Policy_v2.0,17|16|12|8|15|13
B4A-FT-143-LEBANESE_ARABIZI,B4A-FT-143,active_coupons_by_minimum_order,lebanese_arabizi,train,0.8290187120437622,0.8259930610656738,0.8030176162719727,0.8004559278488159,0.797478437423706,0.7951227426528931,0.8290187120437622,0.808514416217804,0.013676092072706633,0.003025650978088379,53.0,Build4All_Product_Inventory_and_Coupon_Policy_v2.0|Build4All_Product_Inventory_and_Coupon_Policy_v2.0|Build4All_Sales_and_Order_Analytics_Policy_v2.0|Build4All_Sales_and_Order_Analytics_Policy_v2.0|Build4All_Product_Events_and_Conversion_Policy_v2.0|Build4All_Sales_and_Order_Analytics_Policy_v2.0,17|16|22|24|8|21
B4A-FT-144-ENGLISH,B4A-FT-144,active_coupons_by_minimum_order,english,train,0.8286441564559937,0.8250105977058411,0.8013058304786682,0.7966010570526123,0.7905268669128418,0.7850890159606934,0.8286441564559937,0.804529587427775,0.016574329674679665,0.003633558750152588,70.0,Build4All_Product_Inventory_and_Coupon_Policy_v2.0|Build4All_Product_Inventory_and_Coupon_Policy_v2.0|Build4All_Sales_and_Order_Analytics_Policy_v2.0|Build4All_Sales_and_Order_Analytics_Policy_v2.0|Build4All_Product_Inventory_and_Coupon_Policy_v2.0|Build4All_Product_Inventory_and_Coupon_Policy_v2.0,16|17|22|21|12|15
B4A-FT-144-ARABIC,B4A-FT-144,active_coupons_by_minimum_order,arabic,train,0.7475275993347168,0.7400885820388794,0.736871600151062,0.7297258377075195,0.7283485531806946,0.7254698276519775,0.7475275993347168,0.7346720000108083,0.007622056952097232,0.007439017295837402,49.0,Build4All_Product_Inventory_and_Coupon_Policy_v2.0|Build4All_Product_Events_and_Conversion_Policy_v2.0|Build4All_Customer_Regional_and_Shipping_Policy_v2.0|Build4All_Customer_Regional_and_Shipping_Policy_v2.0|Build4All_Sales_and_Order_Analytics_Policy_v2.0|Build4All_Customer_Regional_and_Shipping_Policy_v2.0,17|8|4|5|24|1
B4A-FT-144-FRENCH,B4A-FT-144,active_coupons_by_minimum_order,french,train,0.8217512369155884,0.7999211549758911,0.784040093421936,0.7799190282821655,0.777057409286499,0.7722222805023193,0.8217512369155884,0.7891518672307333,0.016945790178635775,0.021830081939697266,90.0,Build4All_Product_Inventory_and_Coupon_Policy_v2.0|Build4All_Product_Inventory_and_Coupon_Policy_v2.0|Build4All_Product_Inventory_and_Coupon_Policy_v2.0|Build4All_Product_Inventory_and_Coupon_Policy_v2.0|Build4All_Product_Inventory_and_Coupon_Policy_v2.0|Build4All_Product_Events_and_Conversion_Policy_v2.0,17|16|12|15|13|8
B4A-FT-144-LEBANESE_ARABIZI,B4A-FT-144,active_coupons_by_minimum_order,lebanese_arabizi,train,0.8283089399337769,0.8281134366989136,0.8041113018989563,0.7993939518928528,0.7939451336860657,0.7915928363800049,0.8283089399337769,0.8075776000817617,0.015120919113537397,0.00019550323486328125,53.0,Build4All_Product_Inventory_and_Coupon_Policy_v2.0|Build4All_Product_Inventory_and_Coupon_Policy_v2.0|Build4All_Sales_and_Order_Analytics_Policy_v2.0|Build4All_Sales_and_Order_Analytics_Policy_v2.0|Build4All_Product_Inventory_and_Coupon_Policy_v2.0|Build4All_Sales_and_Order_Analytics_Policy_v2.0,17|16|22|24|15|21
B4A-FT-145-ENGLISH,B4A-FT-145,active_coupons_by_minimum_order,english,train,0.8270114064216614,0.8257268667221069,0.8009412288665771,0.7982543706893921,0.7927556037902832,0.7876646518707275,0.8270114064216614,0.8053923547267914,0.015414268468959547,0.0012845396995544434,70.0,Build4All_Product_Inventory_and_Coupon_Policy_v2.0|Build4All_Product_Inventory_and_Coupon_Policy_v2.0|Build4All_Product_Inventory_and_Coupon_Policy_v2.0|Build4All_Sales_and_Order_Analytics_Policy_v2.0|Build4All_Sales_and_Order_Analytics_Policy_v2.0|Build4All_Product_Inventory_and_Coupon_Policy_v2.0,17|16|12|22|21|15
B4A-FT-145-ARABIC,B4A-FT-145,active_coupons_by_minimum_order,arabic,train,0.748282790184021,0.7414276599884033,0.7385859489440918,0.7317520380020142,0.7297208309173584,0.7292780876159668,0.748282790184021,0.7365078926086426,0.00692968351595411,0.006855130195617676,49.0,Build4All_Product_Inventory_and_Coupon_Policy_v2.0|Build4All_Product_Events_and_Conversion_Policy_v2.0|Build4All_Customer_Regional_and_Shipping_Policy_v2.0|Build4All_Customer_Regional_and_Shipping_Policy_v2.0|Build4All_Sales_and_Order_Analytics_Policy_v2.0|Build4All_Product_Events_and_Conversion_Policy_v2.0,17|8|4|0|24|9
B4A-FT-145-FRENCH,B4A-FT-145,active_coupons_by_minimum_order,french,train,0.8244792222976685,0.7982274889945984,0.7938973307609558,0.7829859256744385,0.7816740870475769,0.7768435478210449,0.8244792222976685,0.7930179337660471,0.015856966325267695,0.02625173330307007,90.0,Build4All_Product_Inventory_and_Coupon_Policy_v2.0|Build4All_Product_Inventory_and_Coupon_Policy_v2.0|Build4All_Product_Inventory_and_Coupon_Policy_v2.0|Build4All_Product_Inventory_and_Coupon_Policy_v2.0|Build4All_Product_Inventory_and_Coupon_Policy_v2.0|Build4All_Product_Events_and_Conversion_Policy_v2.0,17|16|12|15|13|8
B4A-FT-145-LEBANESE_ARABIZI,B4A-FT-145,active_coupons_by_minimum_order,lebanese_arabizi,train,0.8289087414741516,0.8261972665786743,0.8018803000450134,0.8018195629119873,0.7990953922271729,0.7948539853096008,0.8289087414741516,0.8087925414244334,0.013492624661135046,0.002711474895477295,53.0,Build4All_Product_Inventory_and_Coupon_Policy_v2.0|Build4All_Product_Inventory_and_Coupon_Policy_v2.0|Build4All_Sales_and_Order_Analytics_Policy_v2.0|Build4All_Sales_and_Order_Analytics_Policy_v2.0|Build4All_Product_Inventory_and_Coupon_Policy_v2.0|Build4All_Product_Inventory_and_Coupon_Policy_v2.0,17|16|24|22|12|15
B4A-FT-146-ENGLISH,B4A-FT-146,active_shipping_by_cost,english,train,0.8344457149505615,0.8069227337837219,0.7939249277114868,0.7897128462791443,0.789322018623352,0.7882939577102661,0.8344457149505615,0.8004370331764221,0.016467484531990692,0.0275229811668396,48.0,Build4All_Customer_Regional_and_Shipping_Policy_v2.0|Build4All_Customer_Regional_and_Shipping_Policy_v2.0|Build4All_Product_Events_and_Conversion_Policy_v2.0|Build4All_Product_Inventory_and_Coupon_Policy_v2.0|Build4All_Product_Inventory_and_Coupon_Policy_v2.0|Build4All_Customer_Regional_and_Shipping_Policy_v2.0,3|4|8|17|15|0
B4A-FT-146-ARABIC,B4A-FT-146,active_shipping_by_cost,arabic,train,0.7567324042320251,0.7551525235176086,0.7429381608963013,0.7343863248825073,0.7338312268257141,0.7322604656219482,0.7567324042320251,0.7425501843293508,0.010071841707583596,0.001579880714416504,38.0,Build4All_Product_Events_and_Conversion_Policy_v2.0|Build4All_Customer_Regional_and_Shipping_Policy_v2.0|Build4All_Product_Inventory_and_Coupon_Policy_v2.0|Build4All_Customer_Regional_and_Shipping_Policy_v2.0|Build4All_Product_Inventory_and_Coupon_Policy_v2.0|Build4All_Product_Events_and_Conversion_Policy_v2.0,8|4|15|3|17|10
B4A-FT-146-FRENCH,B4A-FT-146,active_shipping_by_cost,french,train,0.8055095672607422,0.7981058955192566,0.7922334671020508,0.7882200479507446,0.7829815149307251,0.7801457643508911,0.8055095672607422,0.7911993761857351,0.008680849582697674,0.007403671741485596,63.0,Build4All_Customer_Regional_and_Shipping_Policy_v2.0|Build4All_Customer_Regional_and_Shipping_Policy_v2.0|Build4All_Product_Events_and_Conversion_Policy_v2.0|Build4All_Product_Inventory_and_Coupon_Policy_v2.0|Build4All_Product_Inventory_and_Coupon_Policy_v2.0|Build4All_Product_Inventory_and_Coupon_Policy_v2.0,3|4|8|15|17|16
B4A-FT-146-LEBANESE_ARABIZI,B4A-FT-146,active_shipping_by_cost,lebanese_arabizi,train,0.817109227180481,0.7985759377479553,0.7971686720848083,0.7929840087890625,0.7927312850952148,0.7917054295539856,0.817109227180481,0.7983790934085846,0.008735600004470984,0.018533289432525635,51.0,Build4All_Customer_Regional_and_Shipping_Policy_v2.0|Build4All_Product_Inventory_and_Coupon_Policy_v2.0|Build4All_Customer_Regional_and_Shipping_Policy_v2.0|Build4All_Product_Inventory_and_Coupon_Policy_v2.0|Build4All_Product_Inventory_and_Coupon_Policy_v2.0|Build4All_Customer_Regional_and_Shipping_Policy_v2.0,3|17|4|15|16|5
B4A-FT-147-ENGLISH,B4A-FT-147,active_shipping_by_cost,english,train,0.8267672061920166,0.8050491213798523,0.7895886898040771,0.7828326225280762,0.7827194929122925,0.7800393104553223,0.8267672061920166,0.7944994072119395,0.01663629120066827,0.021718084812164307,48.0,Build4All_Customer_Regional_and_Shipping_Policy_v2.0|Build4All_Customer_Regional_and_Shipping_Policy_v2.0|Build4All_Customer_Regional_and_Shipping_Policy_v2.0|Build4All_Product_Events_and_Conversion_Policy_v2.0|Build4All_Product_Inventory_and_Coupon_Policy_v2.0|Build4All_Product_Inventory_and_Coupon_Policy_v2.0,3|4|0|6|17|14
B4A-FT-147-ARABIC,B4A-FT-147,active_shipping_by_cost,arabic,train,0.7590851783752441,0.7454468011856079,0.7365986108779907,0.7341257929801941,0.7336456775665283,0.7319639921188354,0.7590851783752441,0.7401443421840668,0.0095290543523421,0.01363837718963623,38.0,Build4All_Customer_Regional_and_Shipping_Policy_v2.0|Build4All_Product_Events_and_Conversion_Policy_v2.0|Build4All_Product_Inventory_and_Coupon_Policy_v2.0|Build4All_Product_Inventory_and_Coupon_Policy_v2.0|Build4All_Customer_Regional_and_Shipping_Policy_v2.0|Build4All_Customer_Regional_and_Shipping_Policy_v2.0,4|8|15|17|3|0
B4A-FT-147-FRENCH,B4A-FT-147,active_shipping_by_cost,french,train,0.7968983054161072,0.792963981628418,0.7781968712806702,0.7750105857849121,0.772905707359314,0.772315263748169,0.7968983054161072,0.7813817858695984,0.009829303461093236,0.003934323787689209,63.0,Build4All_Customer_Regional_and_Shipping_Policy_v2.0|Build4All_Customer_Regional_and_Shipping_Policy_v2.0|Build4All_Customer_Regional_and_Shipping_Policy_v2.0|Build4All_Product_Events_and_Conversion_Policy_v2.0|Build4All_Product_Inventory_and_Coupon_Policy_v2.0|Build4All_Product_Inventory_and_Coupon_Policy_v2.0,3|4|0|6|15|17
B4A-FT-147-LEBANESE_ARABIZI,B4A-FT-147,active_shipping_by_cost,lebanese_arabizi,train,0.814257800579071,0.7989523410797119,0.795512318611145,0.7921589612960815,0.78895503282547,0.7855104207992554,0.814257800579071,0.7958911458651224,0.009279428415056402,0.01530545949935913,51.0,Build4All_Customer_Regional_and_Shipping_Policy_v2.0|Build4All_Customer_Regional_and_Shipping_Policy_v2.0|Build4All_Product_Inventory_and_Coupon_Policy_v2.0|Build4All_Customer_Regional_and_Shipping_Policy_v2.0|Build4All_Customer_Regional_and_Shipping_Policy_v2.0|Build4All_Product_Inventory_and_Coupon_Policy_v2.0,3|4|17|0|5|14
B4A-FT-148-ENGLISH,B4A-FT-148,active_shipping_by_cost,english,train,0.824982762336731,0.8041995763778687,0.7954303026199341,0.7848621606826782,0.7812249660491943,0.7803943157196045,0.824982762336731,0.7951823472976685,0.01575561941903231,0.020783185958862305,49.0,Build4All_Customer_Regional_and_Shipping_Policy_v2.0|Build4All_Customer_Regional_and_Shipping_Policy_v2.0|Build4All_Product_Inventory_and_Coupon_Policy_v2.0|Build4All_Product_Inventory_and_Coupon_Policy_v2.0|Build4All_Customer_Regional_and_Shipping_Policy_v2.0|Build4All_Product_Events_and_Conversion_Policy_v2.0,3|4|17|13|0|8
B4A-FT-148-ARABIC,B4A-FT-148,active_shipping_by_cost,arabic,train,0.7596243619918823,0.7520736455917358,0.7421467304229736,0.7350709438323975,0.7336045503616333,0.7316989898681641,0.7596243619918823,0.7423698703447977,0.010294848066342012,0.007550716400146484,39.0,Build4All_Customer_Regional_and_Shipping_Policy_v2.0|Build4All_Product_Events_and_Conversion_Policy_v2.0|Build4All_Product_Inventory_and_Coupon_Policy_v2.0|Build4All_Customer_Regional_and_Shipping_Policy_v2.0|Build4All_Product_Inventory_and_Coupon_Policy_v2.0|Build4All_Product_Events_and_Conversion_Policy_v2.0,4|8|17|3|15|10
B4A-FT-148-FRENCH,B4A-FT-148,active_shipping_by_cost,french,train,0.7954040765762329,0.7923027276992798,0.7832664251327515,0.7774137258529663,0.7700631618499756,0.7692523002624512,0.7954040765762329,0.7812837362289429,0.010086021357600526,0.003101348876953125,64.0,Build4All_Customer_Regional_and_Shipping_Policy_v2.0|Build4All_Customer_Regional_and_Shipping_Policy_v2.0|Build4All_Product_Inventory_and_Coupon_Policy_v2.0|Build4All_Product_Events_and_Conversion_Policy_v2.0|Build4All_Customer_Regional_and_Shipping_Policy_v2.0|Build4All_Customer_Regional_and_Shipping_Policy_v2.0,3|4|17|8|0|1
B4A-FT-148-LEBANESE_ARABIZI,B4A-FT-148,active_shipping_by_cost,lebanese_arabizi,train,0.8136465549468994,0.8044008612632751,0.7984917163848877,0.7869781255722046,0.7851701378822327,0.7845930457115173,0.8136465549468994,0.7955467402935028,0.010922073167463409,0.009245693683624268,52.0,Build4All_Customer_Regional_and_Shipping_Policy_v2.0|Build4All_Product_Inventory_and_Coupon_Policy_v2.0|Build4All_Customer_Regional_and_Shipping_Policy_v2.0|Build4All_Product_Inventory_and_Coupon_Policy_v2.0|Build4All_Customer_Regional_and_Shipping_Policy_v2.0|Build4All_Product_Inventory_and_Coupon_Policy_v2.0,3|17|4|16|0|14
B4A-FT-149-ENGLISH,B4A-FT-149,active_shipping_by_cost,english,train,0.8191702365875244,0.7974970936775208,0.7781636714935303,0.7761337161064148,0.7717955112457275,0.7711178064346313,0.8191702365875244,0.7856463392575582,0.017386278551370357,0.021673142910003662,49.0,Build4All_Customer_Regional_and_Shipping_Policy_v2.0|Build4All_Customer_Regional_and_Shipping_Policy_v2.0|Build4All_Customer_Regional_and_Shipping_Policy_v2.0|Build4All_Product_Inventory_and_Coupon_Policy_v2.0|Build4All_Product_Events_and_Conversion_Policy_v2.0|Build4All_Product_Events_and_Conversion_Policy_v2.0,3|4|0|17|6|8
B4A-FT-149-ARABIC,B4A-FT-149,active_shipping_by_cost,arabic,train,0.7530811429023743,0.7432786226272583,0.728650689125061,0.728323221206665,0.7271944284439087,0.7229762077331543,0.7530811429023743,0.7339173853397369,0.010636592857365866,0.009802520275115967,39.0,Build4All_Customer_Regional_and_Shipping_Policy_v2.0|Build4All_Product_Events_and_Conversion_Policy_v2.0|Build4All_Customer_Regional_and_Shipping_Policy_v2.0|Build4All_Product_Inventory_and_Coupon_Policy_v2.0|Build4All_Product_Inventory_and_Coupon_Policy_v2.0|Build4All_Customer_Regional_and_Shipping_Policy_v2.0,4|8|3|17|15|0
B4A-FT-149-FRENCH,B4A-FT-149,active_shipping_by_cost,french,train,0.7875887751579285,0.7829979658126831,0.7656105756759644,0.7651520371437073,0.7638211846351624,0.7607848644256592,0.7875887751579285,0.7709925671418508,0.010313965147281414,0.004590809345245361,64.0,Build4All_Customer_Regional_and_Shipping_Policy_v2.0|Build4All_Customer_Regional_and_Shipping_Policy_v2.0|Build4All_Product_Events_and_Conversion_Policy_v2.0|Build4All_Customer_Regional_and_Shipping_Policy_v2.0|Build4All_Product_Inventory_and_Coupon_Policy_v2.0|Build4All_Product_Events_and_Conversion_Policy_v2.0,3|4|8|0|17|6
B4A-FT-149-LEBANESE_ARABIZI,B4A-FT-149,active_shipping_by_cost,lebanese_arabizi,train,0.805637001991272,0.7916189432144165,0.7903234958648682,0.7814837694168091,0.7808780670166016,0.7807470560073853,0.805637001991272,0.7884480555852255,0.008889535856012484,0.014018058776855469,52.0,Build4All_Customer_Regional_and_Shipping_Policy_v2.0|Build4All_Customer_Regional_and_Shipping_Policy_v2.0|Build4All_Product_Inventory_and_Coupon_Policy_v2.0|Build4All_Product_Inventory_and_Coupon_Policy_v2.0|Build4All_Customer_Regional_and_Shipping_Policy_v2.0|Build4All_Customer_Regional_and_Shipping_Policy_v2.0,3|4|17|16|5|0
B4A-FT-150-ENGLISH,B4A-FT-150,active_shipping_by_cost,english,train,0.819069504737854,0.7977796792984009,0.7821710109710693,0.7797207236289978,0.776636004447937,0.7763704061508179,0.819069504737854,0.7886245548725128,0.015413885609159347,0.021289825439453125,49.0,Build4All_Customer_Regional_and_Shipping_Policy_v2.0|Build4All_Customer_Regional_and_Shipping_Policy_v2.0|Build4All_Product_Events_and_Conversion_Policy_v2.0|Build4All_Product_Inventory_and_Coupon_Policy_v2.0|Build4All_Customer_Regional_and_Shipping_Policy_v2.0|Build4All_Product_Events_and_Conversion_Policy_v2.0,3|4|8|14|0|6
B4A-FT-150-ARABIC,B4A-FT-150,active_shipping_by_cost,arabic,train,0.7516918778419495,0.7493057250976562,0.7293391227722168,0.7272299528121948,0.7270603179931641,0.7236758470535278,0.7516918778419495,0.7347171405951182,0.01130255615938431,0.002386152744293213,39.0,Build4All_Customer_Regional_and_Shipping_Policy_v2.0|Build4All_Product_Events_and_Conversion_Policy_v2.0|Build4All_Product_Inventory_and_Coupon_Policy_v2.0|Build4All_Product_Inventory_and_Coupon_Policy_v2.0|Build4All_Customer_Regional_and_Shipping_Policy_v2.0|Build4All_Customer_Regional_and_Shipping_Policy_v2.0,4|8|15|17|3|5
B4A-FT-150-FRENCH,B4A-FT-150,active_shipping_by_cost,french,train,0.7905086278915405,0.7857151627540588,0.7797280550003052,0.7679256200790405,0.7667567729949951,0.7657932639122009,0.7905086278915405,0.7760712504386902,0.00977720923975995,0.0047934651374816895,64.0,Build4All_Customer_Regional_and_Shipping_Policy_v2.0|Build4All_Customer_Regional_and_Shipping_Policy_v2.0|Build4All_Product_Events_and_Conversion_Policy_v2.0|Build4All_Product_Events_and_Conversion_Policy_v2.0|Build4All_Product_Inventory_and_Coupon_Policy_v2.0|Build4All_Product_Inventory_and_Coupon_Policy_v2.0,3|4|8|6|15|17
B4A-FT-150-LEBANESE_ARABIZI,B4A-FT-150,active_shipping_by_cost,lebanese_arabizi,train,0.8085304498672485,0.7952384948730469,0.7916744351387024,0.7859625220298767,0.7859012484550476,0.7836549282073975,0.8085304498672485,0.79182701309522,0.008435601158091829,0.01329195499420166,52.0,Build4All_Customer_Regional_and_Shipping_Policy_v2.0|Build4All_Customer_Regional_and_Shipping_Policy_v2.0|Build4All_Product_Inventory_and_Coupon_Policy_v2.0|Build4All_Customer_Regional_and_Shipping_Policy_v2.0|Build4All_Product_Inventory_and_Coupon_Policy_v2.0|Build4All_Product_Events_and_Conversion_Policy_v2.0,3|4|17|5|14|8
B4A-FT-005-ENGLISH,B4A-FT-005,orders_average_tax_by_status,english,validation,0.8279680013656616,0.8276368379592896,0.825417160987854,0.8132994174957275,0.8100927472114563,0.7908685207366943,0.8279680013656616,0.8158804476261139,0.01317210594502572,0.0003311634063720703,70.0,Build4All_Sales_and_Order_Analytics_Policy_v2.0|Build4All_Sales_and_Order_Analytics_Policy_v2.0|Build4All_Sales_and_Order_Analytics_Policy_v2.0|Build4All_Sales_and_Order_Analytics_Policy_v2.0|Build4All_Sales_and_Order_Analytics_Policy_v2.0|Build4All_Sales_and_Order_Analytics_Policy_v2.0,19|21|20|23|18|24
B4A-FT-005-ARABIC,B4A-FT-005,orders_average_tax_by_status,arabic,validation,0.7619673013687134,0.7466023564338684,0.7460705637931824,0.7449157238006592,0.743815541267395,0.7392666339874268,0.7619673013687134,0.7471063534418741,0.007062390418993577,0.01536494493484497,54.0,Build4All_Sales_and_Order_Analytics_Policy_v2.0|Build4All_Sales_and_Order_Analytics_Policy_v2.0|Build4All_Sales_and_Order_Analytics_Policy_v2.0|Build4All_Product_Events_and_Conversion_Policy_v2.0|Build4All_Sales_and_Order_Analytics_Policy_v2.0|Build4All_Sales_and_Order_Analytics_Policy_v2.0,21|19|20|8|23|24
B4A-FT-005-FRENCH,B4A-FT-005,orders_average_tax_by_status,french,validation,0.7804595232009888,0.7775014638900757,0.7718780636787415,0.7718045711517334,0.7702626585960388,0.7614347338676453,0.7804595232009888,0.7722235023975372,0.006003140598806335,0.002958059310913086,69.0,Build4All_Sales_and_Order_Analytics_Policy_v2.0|Build4All_Sales_and_Order_Analytics_Policy_v2.0|Build4All_Sales_and_Order_Analytics_Policy_v2.0|Build4All_Sales_and_Order_Analytics_Policy_v2.0|Build4All_Product_Events_and_Conversion_Policy_v2.0|Build4All_Sales_and_Order_Analytics_Policy_v2.0,21|23|19|20|8|24
B4A-FT-005-LEBANESE_ARABIZI,B4A-FT-005,orders_average_tax_by_status,lebanese_arabizi,validation,0.7882019281387329,0.7820055484771729,0.7814068794250488,0.7775744795799255,0.7738347053527832,0.7731301784515381,0.7882019281387329,0.7793589532375336,0.005194483763197785,0.006196379661560059,67.0,Build4All_Sales_and_Order_Analytics_Policy_v2.0|Build4All_Sales_and_Order_Analytics_Policy_v2.0|Build4All_Product_Events_and_Conversion_Policy_v2.0|Build4All_Customer_Regional_and_Shipping_Policy_v2.0|Build4All_Product_Events_and_Conversion_Policy_v2.0|Build4All_Sales_and_Order_Analytics_Policy_v2.0,18|20|6|5|11|23
B4A-FT-010-ENGLISH,B4A-FT-010,orders_average_tax_by_status,english,validation,0.8422493934631348,0.8226699829101562,0.8195602297782898,0.8176201581954956,0.7936695218086243,0.7895764112472534,0.8422493934631348,0.8142242829004923,0.017919992324132338,0.019579410552978516,70.0,Build4All_Sales_and_Order_Analytics_Policy_v2.0|Build4All_Sales_and_Order_Analytics_Policy_v2.0|Build4All_Sales_and_Order_Analytics_Policy_v2.0|Build4All_Sales_and_Order_Analytics_Policy_v2.0|Build4All_Sales_and_Order_Analytics_Policy_v2.0|Build4All_Customer_Regional_and_Shipping_Policy_v2.0,19|23|20|18|24|1
B4A-FT-010-ARABIC,B4A-FT-010,orders_average_tax_by_status,arabic,validation,0.7643041014671326,0.7520894408226013,0.7419226169586182,0.7414475083351135,0.7404811382293701,0.7378936409950256,0.7643041014671326,0.7463564078013102,0.00917315272331799,0.01221466064453125,54.0,Build4All_Sales_and_Order_Analytics_Policy_v2.0|Build4All_Sales_and_Order_Analytics_Policy_v2.0|Build4All_Sales_and_Order_Analytics_Policy_v2.0|Build4All_Sales_and_Order_Analytics_Policy_v2.0|Build4All_Sales_and_Order_Analytics_Policy_v2.0|Build4All_Customer_Regional_and_Shipping_Policy_v2.0,19|23|18|20|24|1
B4A-FT-010-FRENCH,B4A-FT-010,orders_average_tax_by_status,french,validation,0.7892889976501465,0.785178542137146,0.767352819442749,0.760425329208374,0.759668231010437,0.7594013810157776,0.7892889976501465,0.770219216744105,0.012382267538488359,0.004110455513000488,69.0,Build4All_Sales_and_Order_Analytics_Policy_v2.0|Build4All_Sales_and_Order_Analytics_Policy_v2.0|Build4All_Sales_and_Order_Analytics_Policy_v2.0|Build4All_Sales_and_Order_Analytics_Policy_v2.0|Build4All_Sales_and_Order_Analytics_Policy_v2.0|Build4All_Product_Events_and_Conversion_Policy_v2.0,19|23|20|24|18|8
B4A-FT-010-LEBANESE_ARABIZI,B4A-FT-010,orders_average_tax_by_status,lebanese_arabizi,validation,0.7867405414581299,0.7777398824691772,0.7746914625167847,0.7739174962043762,0.7728899717330933,0.7710506319999695,0.7867405414581299,0.7761716643969218,0.00513853451309784,0.009000658988952637,67.0,Build4All_Sales_and_Order_Analytics_Policy_v2.0|Build4All_Customer_Regional_and_Shipping_Policy_v2.0|Build4All_Sales_and_Order_Analytics_Policy_v2.0|Build4All_Sales_and_Order_Analytics_Policy_v2.0|Build4All_Sales_and_Order_Analytics_Policy_v2.0|Build4All_Product_Events_and_Conversion_Policy_v2.0,18|5|19|20|23|6
B4A-FT-015-ENGLISH,B4A-FT-015,orders_average_tax_by_status,english,validation,0.829017162322998,0.8269266486167908,0.8173730373382568,0.8148322701454163,0.7946411967277527,0.7926822900772095,0.829017162322998,0.8125787675380707,0.014269852098031954,0.0020905137062072754,68.0,Build4All_Sales_and_Order_Analytics_Policy_v2.0|Build4All_Sales_and_Order_Analytics_Policy_v2.0|Build4All_Sales_and_Order_Analytics_Policy_v2.0|Build4All_Sales_and_Order_Analytics_Policy_v2.0|Build4All_Sales_and_Order_Analytics_Policy_v2.0|Build4All_Sales_and_Order_Analytics_Policy_v2.0,23|19|20|18|24|21
B4A-FT-015-ARABIC,B4A-FT-015,orders_average_tax_by_status,arabic,validation,0.7472466826438904,0.7356894016265869,0.7345897555351257,0.7313100099563599,0.7312172055244446,0.7276790142059326,0.7472466826438904,0.7346220115820566,0.00620872978156111,0.011557281017303467,52.0,Build4All_Sales_and_Order_Analytics_Policy_v2.0|Build4All_Product_Inventory_and_Coupon_Policy_v2.0|Build4All_Product_Events_and_Conversion_Policy_v2.0|Build4All_Sales_and_Order_Analytics_Policy_v2.0|Build4All_Sales_and_Order_Analytics_Policy_v2.0|Build4All_Sales_and_Order_Analytics_Policy_v2.0,23|17|8|24|19|20
B4A-FT-015-FRENCH,B4A-FT-015,orders_average_tax_by_status,french,validation,0.7963358163833618,0.772354245185852,0.7696179151535034,0.7681663036346436,0.7655681371688843,0.7598599195480347,0.7963358163833618,0.7719837228457133,0.011557665767201332,0.023981571197509766,67.0,Build4All_Sales_and_Order_Analytics_Policy_v2.0|Build4All_Sales_and_Order_Analytics_Policy_v2.0|Build4All_Sales_and_Order_Analytics_Policy_v2.0|Build4All_Product_Events_and_Conversion_Policy_v2.0|Build4All_Sales_and_Order_Analytics_Policy_v2.0|Build4All_Product_Inventory_and_Coupon_Policy_v2.0,23|19|20|8|24|17
B4A-FT-015-LEBANESE_ARABIZI,B4A-FT-015,orders_average_tax_by_status,lebanese_arabizi,validation,0.7955613136291504,0.7865235209465027,0.7847045063972473,0.7814419865608215,0.777404248714447,0.7758265137672424,0.7955613136291504,0.7835770150025686,0.0065359034976993965,0.009037792682647705,65.0,Build4All_Sales_and_Order_Analytics_Policy_v2.0|Build4All_Customer_Regional_and_Shipping_Policy_v2.0|Build4All_Sales_and_Order_Analytics_Policy_v2.0|Build4All_Sales_and_Order_Analytics_Policy_v2.0|Build4All_Product_Events_and_Conversion_Policy_v2.0|Build4All_Sales_and_Order_Analytics_Policy_v2.0,18|5|23|20|6|19
B4A-FT-020-ENGLISH,B4A-FT-020,orders_average_tax_by_status,english,validation,0.8355491757392883,0.827552080154419,0.8262598514556885,0.8176904916763306,0.801053524017334,0.7949351072311401,0.8355491757392883,0.8171733717123667,0.014620813854410416,0.007997095584869385,71.0,Build4All_Sales_and_Order_Analytics_Policy_v2.0|Build4All_Sales_and_Order_Analytics_Policy_v2.0|Build4All_Sales_and_Order_Analytics_Policy_v2.0|Build4All_Sales_and_Order_Analytics_Policy_v2.0|Build4All_Sales_and_Order_Analytics_Policy_v2.0|Build4All_Product_Events_and_Conversion_Policy_v2.0,19|23|20|18|21|8
B4A-FT-020-ARABIC,B4A-FT-020,orders_average_tax_by_status,arabic,validation,0.7530202865600586,0.7500944137573242,0.7469167709350586,0.7441458702087402,0.7437182664871216,0.7436894178390503,0.7530202865600586,0.7469308376312256,0.003551367323622642,0.002925872802734375,55.0,Build4All_Product_Events_and_Conversion_Policy_v2.0|Build4All_Sales_and_Order_Analytics_Policy_v2.0|Build4All_Sales_and_Order_Analytics_Policy_v2.0|Build4All_Product_Events_and_Conversion_Policy_v2.0|Build4All_Product_Events_and_Conversion_Policy_v2.0|Build4All_Sales_and_Order_Analytics_Policy_v2.0,8|23|19|11|9|20
B4A-FT-020-FRENCH,B4A-FT-020,orders_average_tax_by_status,french,validation,0.7889642715454102,0.7779386043548584,0.7748755216598511,0.7736746072769165,0.7641143798828125,0.7616922855377197,0.7889642715454102,0.7735432783762614,0.009020977388720215,0.011025667190551758,70.0,Build4All_Sales_and_Order_Analytics_Policy_v2.0|Build4All_Sales_and_Order_Analytics_Policy_v2.0|Build4All_Product_Events_and_Conversion_Policy_v2.0|Build4All_Sales_and_Order_Analytics_Policy_v2.0|Build4All_Sales_and_Order_Analytics_Policy_v2.0|Build4All_Product_Inventory_and_Coupon_Policy_v2.0,23|19|8|20|24|17
B4A-FT-020-LEBANESE_ARABIZI,B4A-FT-020,orders_average_tax_by_status,lebanese_arabizi,validation,0.7963553071022034,0.7911388278007507,0.7862271070480347,0.785258412361145,0.785102903842926,0.7846987247467041,0.7963553071022034,0.7881302138169607,0.004272249593756948,0.005216479301452637,68.0,Build4All_Sales_and_Order_Analytics_Policy_v2.0|Build4All_Customer_Regional_and_Shipping_Policy_v2.0|Build4All_Product_Events_and_Conversion_Policy_v2.0|Build4All_Product_Events_and_Conversion_Policy_v2.0|Build4All_Sales_and_Order_Analytics_Policy_v2.0|Build4All_Sales_and_Order_Analytics_Policy_v2.0,18|5|11|6|20|23
B4A-FT-025-ENGLISH,B4A-FT-025,orders_average_tax_by_status,english,validation,0.8443155288696289,0.8336997032165527,0.8298192024230957,0.8199322819709778,0.8121632933616638,0.8075104355812073,0.8443155288696289,0.824573407570521,0.012696817080529055,0.010615825653076172,69.0,Build4All_Sales_and_Order_Analytics_Policy_v2.0|Build4All_Sales_and_Order_Analytics_Policy_v2.0|Build4All_Sales_and_Order_Analytics_Policy_v2.0|Build4All_Sales_and_Order_Analytics_Policy_v2.0|Build4All_Sales_and_Order_Analytics_Policy_v2.0|Build4All_Sales_and_Order_Analytics_Policy_v2.0,19|24|23|21|18|20
B4A-FT-025-ARABIC,B4A-FT-025,orders_average_tax_by_status,arabic,validation,0.7786359786987305,0.7618322372436523,0.7575383186340332,0.7476363182067871,0.7444479465484619,0.7437357902526855,0.7786359786987305,0.7556377649307251,0.012259646640329129,0.016803741455078125,53.0,Build4All_Sales_and_Order_Analytics_Policy_v2.0|Build4All_Sales_and_Order_Analytics_Policy_v2.0|Build4All_Sales_and_Order_Analytics_Policy_v2.0|Build4All_Sales_and_Order_Analytics_Policy_v2.0|Build4All_Product_Events_and_Conversion_Policy_v2.0|Build4All_Product_Inventory_and_Coupon_Policy_v2.0,24|19|23|21|8|17
B4A-FT-025-FRENCH,B4A-FT-025,orders_average_tax_by_status,french,validation,0.8074569702148438,0.7997853755950928,0.7970784902572632,0.7790189981460571,0.7737741470336914,0.766453206539154,0.8074569702148438,0.7872611979643503,0.014966130527998753,0.0076715946197509766,68.0,Build4All_Sales_and_Order_Analytics_Policy_v2.0|Build4All_Sales_and_Order_Analytics_Policy_v2.0|Build4All_Sales_and_Order_Analytics_Policy_v2.0|Build4All_Sales_and_Order_Analytics_Policy_v2.0|Build4All_Product_Events_and_Conversion_Policy_v2.0|Build4All_Product_Inventory_and_Coupon_Policy_v2.0,24|23|19|21|8|17
B4A-FT-025-LEBANESE_ARABIZI,B4A-FT-025,orders_average_tax_by_status,lebanese_arabizi,validation,0.8008845448493958,0.7906772494316101,0.7890427112579346,0.7866125106811523,0.7843663692474365,0.778477132320404,0.8008845448493958,0.7883434196313223,0.006823637750526844,0.010207295417785645,66.0,Build4All_Sales_and_Order_Analytics_Policy_v2.0|Build4All_Sales_and_Order_Analytics_Policy_v2.0|Build4All_Sales_and_Order_Analytics_Policy_v2.0|Build4All_Sales_and_Order_Analytics_Policy_v2.0|Build4All_Customer_Regional_and_Shipping_Policy_v2.0|Build4All_Product_Events_and_Conversion_Policy_v2.0,24|18|23|19|5|11
B4A-FT-030-ENGLISH,B4A-FT-030,orders_average_tax_by_status,english,validation,0.8386093378067017,0.8233306407928467,0.8230199813842773,0.8203917145729065,0.8042871952056885,0.8037674427032471,0.8386093378067017,0.8189010520776113,0.012040323786085726,0.01527869701385498,68.0,Build4All_Sales_and_Order_Analytics_Policy_v2.0|Build4All_Sales_and_Order_Analytics_Policy_v2.0|Build4All_Sales_and_Order_Analytics_Policy_v2.0|Build4All_Sales_and_Order_Analytics_Policy_v2.0|Build4All_Sales_and_Order_Analytics_Policy_v2.0|Build4All_Customer_Regional_and_Shipping_Policy_v2.0,19|20|23|18|24|3
B4A-FT-030-ARABIC,B4A-FT-030,orders_average_tax_by_status,arabic,validation,0.7604898810386658,0.7543208599090576,0.7537290453910828,0.7530730962753296,0.7501934766769409,0.7498669624328613,0.7604898810386658,0.753612220287323,0.0035076928457122283,0.006169021129608154,52.0,Build4All_Sales_and_Order_Analytics_Policy_v2.0|Build4All_Sales_and_Order_Analytics_Policy_v2.0|Build4All_Sales_and_Order_Analytics_Policy_v2.0|Build4All_Customer_Regional_and_Shipping_Policy_v2.0|Build4All_Sales_and_Order_Analytics_Policy_v2.0|Build4All_Customer_Regional_and_Shipping_Policy_v2.0,19|24|23|0|20|5
B4A-FT-030-FRENCH,B4A-FT-030,orders_average_tax_by_status,french,validation,0.7867506742477417,0.7827135324478149,0.7730353474617004,0.7700661420822144,0.7691289782524109,0.7651508450508118,0.7867506742477417,0.7744742532571157,0.007698441762212223,0.004037141799926758,67.0,Build4All_Sales_and_Order_Analytics_Policy_v2.0|Build4All_Sales_and_Order_Analytics_Policy_v2.0|Build4All_Sales_and_Order_Analytics_Policy_v2.0|Build4All_Sales_and_Order_Analytics_Policy_v2.0|Build4All_Customer_Regional_and_Shipping_Policy_v2.0|Build4All_Product_Events_and_Conversion_Policy_v2.0,23|19|24|20|5|8
B4A-FT-030-LEBANESE_ARABIZI,B4A-FT-030,orders_average_tax_by_status,lebanese_arabizi,validation,0.7990888357162476,0.7932738661766052,0.7850180864334106,0.7841920852661133,0.7837100028991699,0.7817469835281372,0.7990888357162476,0.7878383100032806,0.00621175489592263,0.005814969539642334,65.0,Build4All_Sales_and_Order_Analytics_Policy_v2.0|Build4All_Customer_Regional_and_Shipping_Policy_v2.0|Build4All_Sales_and_Order_Analytics_Policy_v2.0|Build4All_Sales_and_Order_Analytics_Policy_v2.0|Build4All_Sales_and_Order_Analytics_Policy_v2.0|Build4All_Customer_Regional_and_Shipping_Policy_v2.0,18|5|20|19|23|0
B4A-FT-051-ENGLISH,B4A-FT-051,payment_method_count,english,validation,0.7849155068397522,0.7761658430099487,0.7725253105163574,0.7631196975708008,0.7626340985298157,0.7611719369888306,0.7849155068397522,0.7700887322425842,0.008625057290280218,0.008749663829803467,58.0,Build4All_Sales_and_Order_Analytics_Policy_v2.0|Build4All_Product_Events_and_Conversion_Policy_v2.0|Build4All_Customer_Regional_and_Shipping_Policy_v2.0|Build4All_Product_Events_and_Conversion_Policy_v2.0|Build4All_Sales_and_Order_Analytics_Policy_v2.0|Build4All_Product_Events_and_Conversion_Policy_v2.0,24|8|4|7|23|10
B4A-FT-051-ARABIC,B4A-FT-051,payment_method_count,arabic,validation,0.7689775824546814,0.766244649887085,0.7603260278701782,0.7555762529373169,0.7476224899291992,0.7470608353614807,0.7689775824546814,0.7576346397399902,0.00842934984965513,0.0027329325675964355,51.0,Build4All_Product_Events_and_Conversion_Policy_v2.0|Build4All_Customer_Regional_and_Shipping_Policy_v2.0|Build4All_Sales_and_Order_Analytics_Policy_v2.0|Build4All_Product_Events_and_Conversion_Policy_v2.0|Build4All_Product_Events_and_Conversion_Policy_v2.0|Build4All_Customer_Regional_and_Shipping_Policy_v2.0,8|4|24|7|10|1
B4A-FT-051-FRENCH,B4A-FT-051,payment_method_count,french,validation,0.7816402912139893,0.7814809679985046,0.7738527655601501,0.769174337387085,0.7660198211669922,0.7633054256439209,0.7816402912139893,0.7725789348284403,0.007113230011707613,0.00015932321548461914,74.0,Build4All_Sales_and_Order_Analytics_Policy_v2.0|Build4All_Customer_Regional_and_Shipping_Policy_v2.0|Build4All_Product_Events_and_Conversion_Policy_v2.0|Build4All_Customer_Regional_and_Shipping_Policy_v2.0|Build4All_Product_Events_and_Conversion_Policy_v2.0|Build4All_Product_Events_and_Conversion_Policy_v2.0,24|4|8|1|10|7
B4A-FT-051-LEBANESE_ARABIZI,B4A-FT-051,payment_method_count,lebanese_arabizi,validation,0.784493625164032,0.7748745679855347,0.7744187712669373,0.773949384689331,0.7725079655647278,0.7672179937362671,0.784493625164032,0.7745770514011383,0.005119941655400482,0.009619057178497314,50.0,Build4All_Sales_and_Order_Analytics_Policy_v2.0|Build4All_Product_Events_and_Conversion_Policy_v2.0|Build4All_Customer_Regional_and_Shipping_Policy_v2.0|Build4All_Customer_Regional_and_Shipping_Policy_v2.0|Build4All_Product_Events_and_Conversion_Policy_v2.0|Build4All_Product_Events_and_Conversion_Policy_v2.0,24|11|4|5|10|6
B4A-FT-055-ENGLISH,B4A-FT-055,payment_method_paid_total,english,validation,0.7986668348312378,0.7856512069702148,0.7769924402236938,0.7725141644477844,0.771799623966217,0.7672245502471924,0.7986668348312378,0.7788081367810568,0.01054676149698508,0.01301562786102295,80.0,Build4All_Sales_and_Order_Analytics_Policy_v2.0|Build4All_Sales_and_Order_Analytics_Policy_v2.0|Build4All_Product_Events_and_Conversion_Policy_v2.0|Build4All_Sales_and_Order_Analytics_Policy_v2.0|Build4All_Customer_Regional_and_Shipping_Policy_v2.0|Build4All_Customer_Regional_and_Shipping_Policy_v2.0,24|23|8|19|4|1
B4A-FT-055-ARABIC,B4A-FT-055,payment_method_paid_total,arabic,validation,0.7671501636505127,0.766160249710083,0.7532985806465149,0.7457442283630371,0.7417536973953247,0.741322934627533,0.7671501636505127,0.7525716423988342,0.010707372170613691,0.0009899139404296875,59.0,Build4All_Product_Events_and_Conversion_Policy_v2.0|Build4All_Sales_and_Order_Analytics_Policy_v2.0|Build4All_Customer_Regional_and_Shipping_Policy_v2.0|Build4All_Sales_and_Order_Analytics_Policy_v2.0|Build4All_Product_Events_and_Conversion_Policy_v2.0|Build4All_Product_Events_and_Conversion_Policy_v2.0,8|24|4|23|10|7
B4A-FT-055-FRENCH,B4A-FT-055,payment_method_paid_total,french,validation,0.7916812300682068,0.779787540435791,0.7792413234710693,0.7711838483810425,0.7711572051048279,0.7677872776985168,0.7916812300682068,0.7768064041932424,0.007968141532862679,0.011893689632415771,90.0,Build4All_Sales_and_Order_Analytics_Policy_v2.0|Build4All_Customer_Regional_and_Shipping_Policy_v2.0|Build4All_Product_Events_and_Conversion_Policy_v2.0|Build4All_Product_Events_and_Conversion_Policy_v2.0|Build4All_Customer_Regional_and_Shipping_Policy_v2.0|Build4All_Sales_and_Order_Analytics_Policy_v2.0,24|4|8|10|1|23
B4A-FT-055-LEBANESE_ARABIZI,B4A-FT-055,payment_method_paid_total,lebanese_arabizi,validation,0.7923998832702637,0.7731248140335083,0.7706475257873535,0.7681540250778198,0.7673060894012451,0.7662419080734253,0.7923998832702637,0.7729790409406027,0.008976621914840843,0.01927506923675537,57.0,Build4All_Sales_and_Order_Analytics_Policy_v2.0|Build4All_Customer_Regional_and_Shipping_Policy_v2.0|Build4All_Customer_Regional_and_Shipping_Policy_v2.0|Build4All_Product_Events_and_Conversion_Policy_v2.0|Build4All_Product_Events_and_Conversion_Policy_v2.0|Build4All_Product_Events_and_Conversion_Policy_v2.0,24|4|5|10|11|7
B4A-FT-056-ENGLISH,B4A-FT-056,payment_method_count,english,validation,0.7991780042648315,0.7984212636947632,0.7857091426849365,0.7835795879364014,0.7833475470542908,0.7816559076309204,0.7991780042648315,0.7886485755443573,0.00727676108546231,0.0007567405700683594,61.0,Build4All_Sales_and_Order_Analytics_Policy_v2.0|Build4All_Customer_Regional_and_Shipping_Policy_v2.0|Build4All_Product_Events_and_Conversion_Policy_v2.0|Build4All_Sales_and_Order_Analytics_Policy_v2.0|Build4All_Customer_Regional_and_Shipping_Policy_v2.0|Build4All_Sales_and_Order_Analytics_Policy_v2.0,24|4|8|19|1|23
B4A-FT-056-ARABIC,B4A-FT-056,payment_method_count,arabic,validation,0.7869841456413269,0.7760653495788574,0.7732445001602173,0.7663314342498779,0.7618364691734314,0.7589461207389832,0.7869841456413269,0.7705680032571157,0.009452782136361393,0.010918796062469482,54.0,Build4All_Customer_Regional_and_Shipping_Policy_v2.0|Build4All_Product_Events_and_Conversion_Policy_v2.0|Build4All_Sales_and_Order_Analytics_Policy_v2.0|Build4All_Customer_Regional_and_Shipping_Policy_v2.0|Build4All_Product_Events_and_Conversion_Policy_v2.0|Build4All_Product_Events_and_Conversion_Policy_v2.0,4|8|24|1|10|7
B4A-FT-056-FRENCH,B4A-FT-056,payment_method_count,french,validation,0.8019472360610962,0.7955567240715027,0.787071943283081,0.7843474745750427,0.7781062722206116,0.7774710655212402,0.8019472360610962,0.7874167859554291,0.008874450054195824,0.006390511989593506,77.0,Build4All_Customer_Regional_and_Shipping_Policy_v2.0|Build4All_Sales_and_Order_Analytics_Policy_v2.0|Build4All_Customer_Regional_and_Shipping_Policy_v2.0|Build4All_Customer_Regional_and_Shipping_Policy_v2.0|Build4All_Product_Events_and_Conversion_Policy_v2.0|Build4All_Sales_and_Order_Analytics_Policy_v2.0,4|24|1|3|10|19
B4A-FT-056-LEBANESE_ARABIZI,B4A-FT-056,payment_method_count,lebanese_arabizi,validation,0.802790641784668,0.7942519783973694,0.7864925861358643,0.7831658720970154,0.7816845774650574,0.7814979553222656,0.802790641784668,0.7883139352003733,0.007800226731209559,0.008538663387298584,53.0,Build4All_Sales_and_Order_Analytics_Policy_v2.0|Build4All_Customer_Regional_and_Shipping_Policy_v2.0|Build4All_Sales_and_Order_Analytics_Policy_v2.0|Build4All_Customer_Regional_and_Shipping_Policy_v2.0|Build4All_Customer_Regional_and_Shipping_Policy_v2.0|Build4All_Sales_and_Order_Analytics_Policy_v2.0,24|4|19|0|1|18
B4A-FT-060-ENGLISH,B4A-FT-060,payment_method_paid_total,english,validation,0.8085297346115112,0.8019532561302185,0.7988239526748657,0.7935940027236938,0.7852280139923096,0.7850697040557861,0.8085297346115112,0.7955331106980642,0.008567362272473018,0.006576478481292725,83.0,Build4All_Sales_and_Order_Analytics_Policy_v2.0|Build4All_Sales_and_Order_Analytics_Policy_v2.0|Build4All_Sales_and_Order_Analytics_Policy_v2.0|Build4All_Customer_Regional_and_Shipping_Policy_v2.0|Build4All_Customer_Regional_and_Shipping_Policy_v2.0|Build4All_Product_Events_and_Conversion_Policy_v2.0,24|19|23|4|1|8
B4A-FT-060-ARABIC,B4A-FT-060,payment_method_paid_total,arabic,validation,0.7793054580688477,0.7747809886932373,0.7726242542266846,0.7679446339607239,0.7607433795928955,0.7578680515289307,0.7793054580688477,0.76887779434522,0.007592471758632682,0.0045244693756103516,62.0,Build4All_Sales_and_Order_Analytics_Policy_v2.0|Build4All_Customer_Regional_and_Shipping_Policy_v2.0|Build4All_Product_Events_and_Conversion_Policy_v2.0|Build4All_Sales_and_Order_Analytics_Policy_v2.0|Build4All_Sales_and_Order_Analytics_Policy_v2.0|Build4All_Product_Inventory_and_Coupon_Policy_v2.0,24|4|8|19|23|15
B4A-FT-060-FRENCH,B4A-FT-060,payment_method_paid_total,french,validation,0.8007388114929199,0.7967262864112854,0.7939563989639282,0.7848178744316101,0.7822567820549011,0.7811316251754761,0.8007388114929199,0.7899379630883535,0.007546024605032722,0.0040125250816345215,93.0,Build4All_Sales_and_Order_Analytics_Policy_v2.0|Build4All_Customer_Regional_and_Shipping_Policy_v2.0|Build4All_Sales_and_Order_Analytics_Policy_v2.0|Build4All_Customer_Regional_and_Shipping_Policy_v2.0|Build4All_Sales_and_Order_Analytics_Policy_v2.0|Build4All_Product_Events_and_Conversion_Policy_v2.0,24|4|19|1|23|8
B4A-FT-060-LEBANESE_ARABIZI,B4A-FT-060,payment_method_paid_total,lebanese_arabizi,validation,0.8062559366226196,0.7898275256156921,0.7861095666885376,0.7787182331085205,0.7752189040184021,0.7748796939849854,0.8062559366226196,0.7851683100064596,0.010906664947631121,0.01642841100692749,60.0,Build4All_Sales_and_Order_Analytics_Policy_v2.0|Build4All_Customer_Regional_and_Shipping_Policy_v2.0|Build4All_Sales_and_Order_Analytics_Policy_v2.0|Build4All_Customer_Regional_and_Shipping_Policy_v2.0|Build4All_Sales_and_Order_Analytics_Policy_v2.0|Build4All_Sales_and_Order_Analytics_Policy_v2.0,24|4|19|1|23|18
B4A-FT-061-ENGLISH,B4A-FT-061,payment_method_count,english,validation,0.800509512424469,0.7917442321777344,0.7877453565597534,0.7783536911010742,0.7734991908073425,0.7730081081390381,0.800509512424469,0.784143348534902,0.010078120029938275,0.00876528024673462,56.0,Build4All_Sales_and_Order_Analytics_Policy_v2.0|Build4All_Customer_Regional_and_Shipping_Policy_v2.0|Build4All_Customer_Regional_and_Shipping_Policy_v2.0|Build4All_Product_Events_and_Conversion_Policy_v2.0|Build4All_Product_Events_and_Conversion_Policy_v2.0|Build4All_Customer_Regional_and_Shipping_Policy_v2.0,24|4|1|8|10|2
B4A-FT-061-ARABIC,B4A-FT-061,payment_method_count,arabic,validation,0.7742382287979126,0.7648112773895264,0.7612485885620117,0.759894847869873,0.7489625811576843,0.7478042840957642,0.7742382287979126,0.7594933013121287,0.009096384075958653,0.00942695140838623,49.0,Build4All_Customer_Regional_and_Shipping_Policy_v2.0|Build4All_Sales_and_Order_Analytics_Policy_v2.0|Build4All_Product_Events_and_Conversion_Policy_v2.0|Build4All_Customer_Regional_and_Shipping_Policy_v2.0|Build4All_Customer_Regional_and_Shipping_Policy_v2.0|Build4All_Product_Events_and_Conversion_Policy_v2.0,4|24|8|1|2|10
B4A-FT-061-FRENCH,B4A-FT-061,payment_method_count,french,validation,0.7970057725906372,0.7948871850967407,0.7882779836654663,0.7751718163490295,0.7718135714530945,0.7711264491081238,0.7970057725906372,0.7830471297105154,0.010744831884758886,0.0021185874938964844,72.0,Build4All_Customer_Regional_and_Shipping_Policy_v2.0|Build4All_Sales_and_Order_Analytics_Policy_v2.0|Build4All_Customer_Regional_and_Shipping_Policy_v2.0|Build4All_Product_Events_and_Conversion_Policy_v2.0|Build4All_Product_Events_and_Conversion_Policy_v2.0|Build4All_Customer_Regional_and_Shipping_Policy_v2.0,4|24|1|10|8|2
B4A-FT-061-LEBANESE_ARABIZI,B4A-FT-061,payment_method_count,lebanese_arabizi,validation,0.7990374565124512,0.7918164134025574,0.7868555784225464,0.7819675803184509,0.7786626815795898,0.7783654928207397,0.7990374565124512,0.7861175338427225,0.007448013340888646,0.007221043109893799,48.0,Build4All_Sales_and_Order_Analytics_Policy_v2.0|Build4All_Customer_Regional_and_Shipping_Policy_v2.0|Build4All_Customer_Regional_and_Shipping_Policy_v2.0|Build4All_Product_Events_and_Conversion_Policy_v2.0|Build4All_Customer_Regional_and_Shipping_Policy_v2.0|Build4All_Customer_Regional_and_Shipping_Policy_v2.0,24|4|1|10|0|5
B4A-FT-065-ENGLISH,B4A-FT-065,payment_method_paid_total,english,validation,0.8113028407096863,0.7887871265411377,0.7885919809341431,0.7801684141159058,0.7797333002090454,0.7778598666191101,0.8113028407096863,0.7877405881881714,0.011373089551703599,0.022515714168548584,78.0,Build4All_Sales_and_Order_Analytics_Policy_v2.0|Build4All_Customer_Regional_and_Shipping_Policy_v2.0|Build4All_Customer_Regional_and_Shipping_Policy_v2.0|Build4All_Product_Events_and_Conversion_Policy_v2.0|Build4All_Sales_and_Order_Analytics_Policy_v2.0|Build4All_Sales_and_Order_Analytics_Policy_v2.0,24|4|1|8|19|20
B4A-FT-065-ARABIC,B4A-FT-065,payment_method_paid_total,arabic,validation,0.7652261257171631,0.7580288648605347,0.7570451498031616,0.7416831254959106,0.7386036515235901,0.7378255724906921,0.7652261257171631,0.749735414981842,0.01074535190174108,0.007197260856628418,57.0,Build4All_Sales_and_Order_Analytics_Policy_v2.0|Build4All_Customer_Regional_and_Shipping_Policy_v2.0|Build4All_Product_Events_and_Conversion_Policy_v2.0|Build4All_Customer_Regional_and_Shipping_Policy_v2.0|Build4All_Product_Events_and_Conversion_Policy_v2.0|Build4All_Sales_and_Order_Analytics_Policy_v2.0,24|4|8|1|10|20
B4A-FT-065-FRENCH,B4A-FT-065,payment_method_paid_total,french,validation,0.8031058311462402,0.7930636405944824,0.7874724864959717,0.7786955833435059,0.7782025337219238,0.7743995189666748,0.8031058311462402,0.7858232657114664,0.009943267633043663,0.010042190551757812,88.0,Build4All_Sales_and_Order_Analytics_Policy_v2.0|Build4All_Customer_Regional_and_Shipping_Policy_v2.0|Build4All_Customer_Regional_and_Shipping_Policy_v2.0|Build4All_Product_Events_and_Conversion_Policy_v2.0|Build4All_Product_Events_and_Conversion_Policy_v2.0|Build4All_Sales_and_Order_Analytics_Policy_v2.0,24|4|1|10|8|19
B4A-FT-065-LEBANESE_ARABIZI,B4A-FT-065,payment_method_paid_total,lebanese_arabizi,validation,0.8040408492088318,0.7875968217849731,0.7822713851928711,0.776418149471283,0.7732645273208618,0.7712560892105103,0.8040408492088318,0.7824746370315552,0.011096114735176467,0.016444027423858643,55.0,Build4All_Sales_and_Order_Analytics_Policy_v2.0|Build4All_Customer_Regional_and_Shipping_Policy_v2.0|Build4All_Customer_Regional_and_Shipping_Policy_v2.0|Build4All_Product_Events_and_Conversion_Policy_v2.0|Build4All_Customer_Regional_and_Shipping_Policy_v2.0|Build4All_Customer_Regional_and_Shipping_Policy_v2.0,24|4|1|10|5|2
B4A-FT-066-ENGLISH,B4A-FT-066,payment_method_count,english,validation,0.79769366979599,0.7943912744522095,0.7796489000320435,0.7788893580436707,0.7752732038497925,0.768919825553894,0.79769366979599,0.7824693719546,0.01024741925601896,0.0033023953437805176,55.0,Build4All_Sales_and_Order_Analytics_Policy_v2.0|Build4All_Customer_Regional_and_Shipping_Policy_v2.0|Build4All_Customer_Regional_and_Shipping_Policy_v2.0|Build4All_Product_Events_and_Conversion_Policy_v2.0|Build4All_Product_Events_and_Conversion_Policy_v2.0|Build4All_Product_Events_and_Conversion_Policy_v2.0,24|4|1|8|10|11
B4A-FT-066-ARABIC,B4A-FT-066,payment_method_count,arabic,validation,0.7776163220405579,0.7660679817199707,0.764014720916748,0.7562530636787415,0.7542863488197327,0.7474853992462158,0.7776163220405579,0.7609539727369944,0.009670516861094672,0.011548340320587158,48.0,Build4All_Customer_Regional_and_Shipping_Policy_v2.0|Build4All_Product_Events_and_Conversion_Policy_v2.0|Build4All_Sales_and_Order_Analytics_Policy_v2.0|Build4All_Customer_Regional_and_Shipping_Policy_v2.0|Build4All_Product_Events_and_Conversion_Policy_v2.0|Build4All_Customer_Regional_and_Shipping_Policy_v2.0,4|8|24|1|10|2
B4A-FT-066-FRENCH,B4A-FT-066,payment_method_count,french,validation,0.795315682888031,0.7908031940460205,0.7804021835327148,0.7742444276809692,0.772510826587677,0.7656978368759155,0.795315682888031,0.7798290252685547,0.010368475478674847,0.004512488842010498,71.0,Build4All_Customer_Regional_and_Shipping_Policy_v2.0|Build4All_Sales_and_Order_Analytics_Policy_v2.0|Build4All_Customer_Regional_and_Shipping_Policy_v2.0|Build4All_Product_Events_and_Conversion_Policy_v2.0|Build4All_Product_Events_and_Conversion_Policy_v2.0|Build4All_Customer_Regional_and_Shipping_Policy_v2.0,4|24|1|10|8|2
B4A-FT-066-LEBANESE_ARABIZI,B4A-FT-066,payment_method_count,lebanese_arabizi,validation,0.7945947647094727,0.7906211018562317,0.7829034328460693,0.7802226543426514,0.7798973321914673,0.7796862125396729,0.7945947647094727,0.7846542497475942,0.005837111411542186,0.003973662853240967,47.0,Build4All_Sales_and_Order_Analytics_Policy_v2.0|Build4All_Customer_Regional_and_Shipping_Policy_v2.0|Build4All_Product_Events_and_Conversion_Policy_v2.0|Build4All_Customer_Regional_and_Shipping_Policy_v2.0|Build4All_Customer_Regional_and_Shipping_Policy_v2.0|Build4All_Product_Events_and_Conversion_Policy_v2.0,24|4|10|5|1|11
B4A-FT-070-ENGLISH,B4A-FT-070,payment_method_paid_total,english,validation,0.8082790374755859,0.7901182770729065,0.7848185300827026,0.7825871706008911,0.7808892130851746,0.7804282307624817,0.8082790374755859,0.7878534098466238,0.009686012075223268,0.018160760402679443,77.0,Build4All_Sales_and_Order_Analytics_Policy_v2.0|Build4All_Customer_Regional_and_Shipping_Policy_v2.0|Build4All_Sales_and_Order_Analytics_Policy_v2.0|Build4All_Sales_and_Order_Analytics_Policy_v2.0|Build4All_Customer_Regional_and_Shipping_Policy_v2.0|Build4All_Product_Events_and_Conversion_Policy_v2.0,24|4|23|19|1|8
B4A-FT-070-ARABIC,B4A-FT-070,payment_method_paid_total,arabic,validation,0.7647342681884766,0.7597008943557739,0.7585351467132568,0.7410611510276794,0.7408796548843384,0.7404426336288452,0.7647342681884766,0.750892291466395,0.01027703429443419,0.005033373832702637,56.0,Build4All_Sales_and_Order_Analytics_Policy_v2.0|Build4All_Product_Events_and_Conversion_Policy_v2.0|Build4All_Customer_Regional_and_Shipping_Policy_v2.0|Build4All_Product_Events_and_Conversion_Policy_v2.0|Build4All_Sales_and_Order_Analytics_Policy_v2.0|Build4All_Sales_and_Order_Analytics_Policy_v2.0,24|8|4|10|23|19
B4A-FT-070-FRENCH,B4A-FT-070,payment_method_paid_total,french,validation,0.79656583070755,0.7897019386291504,0.7784546613693237,0.7765141725540161,0.7764827013015747,0.7737364768981934,0.79656583070755,0.781909296909968,0.008294818144480041,0.006863892078399658,87.0,Build4All_Sales_and_Order_Analytics_Policy_v2.0|Build4All_Customer_Regional_and_Shipping_Policy_v2.0|Build4All_Customer_Regional_and_Shipping_Policy_v2.0|Build4All_Product_Events_and_Conversion_Policy_v2.0|Build4All_Product_Events_and_Conversion_Policy_v2.0|Build4All_Sales_and_Order_Analytics_Policy_v2.0,24|4|1|10|8|19
B4A-FT-070-LEBANESE_ARABIZI,B4A-FT-070,payment_method_paid_total,lebanese_arabizi,validation,0.8007906675338745,0.7878048419952393,0.7777826189994812,0.7767634987831116,0.7757552862167358,0.7728351950645447,0.8007906675338745,0.7819553514321645,0.009617438702936859,0.012985825538635254,54.0,Build4All_Sales_and_Order_Analytics_Policy_v2.0|Build4All_Customer_Regional_and_Shipping_Policy_v2.0|Build4All_Product_Events_and_Conversion_Policy_v2.0|Build4All_Customer_Regional_and_Shipping_Policy_v2.0|Build4All_Customer_Regional_and_Shipping_Policy_v2.0|Build4All_Product_Events_and_Conversion_Policy_v2.0,24|4|10|1|5|11
B4A-FT-071-ENGLISH,B4A-FT-071,payment_method_count,english,validation,0.7877995371818542,0.7773312330245972,0.7765411734580994,0.7718141078948975,0.7645688652992249,0.7630183696746826,0.7877995371818542,0.773512214422226,0.008375310187923712,0.01046830415725708,59.0,Build4All_Sales_and_Order_Analytics_Policy_v2.0|Build4All_Customer_Regional_and_Shipping_Policy_v2.0|Build4All_Product_Events_and_Conversion_Policy_v2.0|Build4All_Customer_Regional_and_Shipping_Policy_v2.0|Build4All_Product_Events_and_Conversion_Policy_v2.0|Build4All_Product_Events_and_Conversion_Policy_v2.0,24|4|8|1|10|7
B4A-FT-071-ARABIC,B4A-FT-071,payment_method_count,arabic,validation,0.7672570943832397,0.7630878686904907,0.7626556158065796,0.7519744634628296,0.7503479719161987,0.7450811862945557,0.7672570943832397,0.756734033425649,0.00801452126328776,0.0041692256927490234,52.0,Build4All_Customer_Regional_and_Shipping_Policy_v2.0|Build4All_Product_Events_and_Conversion_Policy_v2.0|Build4All_Sales_and_Order_Analytics_Policy_v2.0|Build4All_Customer_Regional_and_Shipping_Policy_v2.0|Build4All_Product_Events_and_Conversion_Policy_v2.0|Build4All_Product_Events_and_Conversion_Policy_v2.0,4|8|24|1|7|10
B4A-FT-071-FRENCH,B4A-FT-071,payment_method_count,french,validation,0.7861765027046204,0.7827733755111694,0.7741140127182007,0.7728508710861206,0.7674187421798706,0.7621304988861084,0.7861765027046204,0.7742440005143484,0.00827056654466019,0.0034031271934509277,75.0,Build4All_Sales_and_Order_Analytics_Policy_v2.0|Build4All_Customer_Regional_and_Shipping_Policy_v2.0|Build4All_Customer_Regional_and_Shipping_Policy_v2.0|Build4All_Product_Events_and_Conversion_Policy_v2.0|Build4All_Product_Events_and_Conversion_Policy_v2.0|Build4All_Product_Events_and_Conversion_Policy_v2.0,24|4|1|8|10|7
B4A-FT-071-LEBANESE_ARABIZI,B4A-FT-071,payment_method_count,lebanese_arabizi,validation,0.7835327386856079,0.7793410420417786,0.7749941349029541,0.77459716796875,0.7706642746925354,0.7695901989936829,0.7835327386856079,0.7754532595475515,0.004807050015258539,0.004191696643829346,51.0,Build4All_Sales_and_Order_Analytics_Policy_v2.0|Build4All_Customer_Regional_and_Shipping_Policy_v2.0|Build4All_Customer_Regional_and_Shipping_Policy_v2.0|Build4All_Product_Events_and_Conversion_Policy_v2.0|Build4All_Product_Events_and_Conversion_Policy_v2.0|Build4All_Customer_Regional_and_Shipping_Policy_v2.0,24|5|4|11|10|1
B4A-FT-075-ENGLISH,B4A-FT-075,payment_method_paid_total,english,validation,0.7984168529510498,0.7798810005187988,0.7776035070419312,0.7753384113311768,0.7741512060165405,0.7730071544647217,0.7984168529510498,0.7797330220540365,0.008653985953612369,0.018535852432250977,81.0,Build4All_Sales_and_Order_Analytics_Policy_v2.0|Build4All_Sales_and_Order_Analytics_Policy_v2.0|Build4All_Product_Events_and_Conversion_Policy_v2.0|Build4All_Sales_and_Order_Analytics_Policy_v2.0|Build4All_Customer_Regional_and_Shipping_Policy_v2.0|Build4All_Customer_Regional_and_Shipping_Policy_v2.0,24|23|8|19|4|1
B4A-FT-075-ARABIC,B4A-FT-075,payment_method_paid_total,arabic,validation,0.759951114654541,0.7555235624313354,0.747885525226593,0.7377728819847107,0.7367141246795654,0.7351956367492676,0.759951114654541,0.7455071409543356,0.009644314414828242,0.004427552223205566,60.0,Build4All_Sales_and_Order_Analytics_Policy_v2.0|Build4All_Product_Events_and_Conversion_Policy_v2.0|Build4All_Customer_Regional_and_Shipping_Policy_v2.0|Build4All_Sales_and_Order_Analytics_Policy_v2.0|Build4All_Sales_and_Order_Analytics_Policy_v2.0|Build4All_Customer_Regional_and_Shipping_Policy_v2.0,24|8|4|19|23|5
B4A-FT-075-FRENCH,B4A-FT-075,payment_method_paid_total,french,validation,0.7939820289611816,0.7781339287757874,0.777371883392334,0.7727149724960327,0.7718890905380249,0.7705758810043335,0.7939820289611816,0.7774446308612823,0.007899149541315426,0.015848100185394287,91.0,Build4All_Sales_and_Order_Analytics_Policy_v2.0|Build4All_Customer_Regional_and_Shipping_Policy_v2.0|Build4All_Product_Events_and_Conversion_Policy_v2.0|Build4All_Customer_Regional_and_Shipping_Policy_v2.0|Build4All_Sales_and_Order_Analytics_Policy_v2.0|Build4All_Product_Events_and_Conversion_Policy_v2.0,24|4|8|1|19|10
B4A-FT-075-LEBANESE_ARABIZI,B4A-FT-075,payment_method_paid_total,lebanese_arabizi,validation,0.7893184423446655,0.77579665184021,0.7733100652694702,0.7686762809753418,0.7669990062713623,0.7669121623039246,0.7893184423446655,0.7735021015008291,0.007793849784596644,0.013521790504455566,58.0,Build4All_Sales_and_Order_Analytics_Policy_v2.0|Build4All_Customer_Regional_and_Shipping_Policy_v2.0|Build4All_Customer_Regional_and_Shipping_Policy_v2.0|Build4All_Product_Events_and_Conversion_Policy_v2.0|Build4All_Product_Events_and_Conversion_Policy_v2.0|Build4All_Customer_Regional_and_Shipping_Policy_v2.0,24|5|4|11|10|1
B4A-FT-077-ENGLISH,B4A-FT-077,products_average_price_by_status,english,validation,0.8465770483016968,0.837983250617981,0.8268628120422363,0.8193451166152954,0.8183168172836304,0.8136566877365112,0.8465770483016968,0.8271236220995585,0.011660893506498292,0.00859379768371582,64.0,Build4All_Product_Inventory_and_Coupon_Policy_v2.0|Build4All_Product_Inventory_and_Coupon_Policy_v2.0|Build4All_Product_Inventory_and_Coupon_Policy_v2.0|Build4All_Product_Inventory_and_Coupon_Policy_v2.0|Build4All_Product_Inventory_and_Coupon_Policy_v2.0|Build4All_Product_Inventory_and_Coupon_Policy_v2.0,14|13|17|15|12|16
B4A-FT-077-ARABIC,B4A-FT-077,products_average_price_by_status,arabic,validation,0.8050365447998047,0.7991752624511719,0.7943207621574402,0.7830610871315002,0.7820930480957031,0.778082013130188,0.8050365447998047,0.7902947862943014,0.009841557495913646,0.0058612823486328125,53.0,Build4All_Product_Inventory_and_Coupon_Policy_v2.0|Build4All_Product_Inventory_and_Coupon_Policy_v2.0|Build4All_Product_Inventory_and_Coupon_Policy_v2.0|Build4All_Product_Inventory_and_Coupon_Policy_v2.0|Build4All_Product_Inventory_and_Coupon_Policy_v2.0|Build4All_Product_Events_and_Conversion_Policy_v2.0,14|17|13|12|15|8
B4A-FT-077-FRENCH,B4A-FT-077,products_average_price_by_status,french,validation,0.819360077381134,0.8125845789909363,0.8067200183868408,0.8027722239494324,0.7968186140060425,0.7850558757781982,0.819360077381134,0.8038852314154307,0.011021993346777089,0.006775498390197754,76.0,Build4All_Product_Inventory_and_Coupon_Policy_v2.0|Build4All_Product_Inventory_and_Coupon_Policy_v2.0|Build4All_Product_Inventory_and_Coupon_Policy_v2.0|Build4All_Product_Inventory_and_Coupon_Policy_v2.0|Build4All_Product_Inventory_and_Coupon_Policy_v2.0|Build4All_Product_Events_and_Conversion_Policy_v2.0,13|14|17|12|15|6
B4A-FT-077-LEBANESE_ARABIZI,B4A-FT-077,products_average_price_by_status,lebanese_arabizi,validation,0.8126694560050964,0.8099789619445801,0.8045099973678589,0.8029497861862183,0.8025414943695068,0.7976326942443848,0.8126694560050964,0.8050470650196075,0.004972629251829074,0.0026904940605163574,61.0,Build4All_Product_Inventory_and_Coupon_Policy_v2.0|Build4All_Product_Inventory_and_Coupon_Policy_v2.0|Build4All_Product_Inventory_and_Coupon_Policy_v2.0|Build4All_Product_Inventory_and_Coupon_Policy_v2.0|Build4All_Product_Inventory_and_Coupon_Policy_v2.0|Build4All_Product_Events_and_Conversion_Policy_v2.0,14|17|15|12|13|6
B4A-FT-079-ENGLISH,B4A-FT-079,products_inventory_value_by_status,english,validation,0.8934749960899353,0.8614117503166199,0.8532359004020691,0.8472833633422852,0.822687566280365,0.8207103610038757,0.8934749960899353,0.8498006562391917,0.024636585454204125,0.03206324577331543,93.0,Build4All_Product_Inventory_and_Coupon_Policy_v2.0|Build4All_Product_Inventory_and_Coupon_Policy_v2.0|Build4All_Product_Inventory_and_Coupon_Policy_v2.0|Build4All_Product_Inventory_and_Coupon_Policy_v2.0|Build4All_Product_Inventory_and_Coupon_Policy_v2.0|Build4All_Product_Inventory_and_Coupon_Policy_v2.0,14|15|13|17|12|16
B4A-FT-079-ARABIC,B4A-FT-079,products_inventory_value_by_status,arabic,validation,0.8058735132217407,0.7957339286804199,0.784757137298584,0.7845799326896667,0.7816295623779297,0.7711600065231323,0.8058735132217407,0.7872890134652456,0.010974394374414088,0.0101395845413208,79.0,Build4All_Product_Inventory_and_Coupon_Policy_v2.0|Build4All_Product_Inventory_and_Coupon_Policy_v2.0|Build4All_Product_Inventory_and_Coupon_Policy_v2.0|Build4All_Product_Inventory_and_Coupon_Policy_v2.0|Build4All_Product_Inventory_and_Coupon_Policy_v2.0|Build4All_Product_Inventory_and_Coupon_Policy_v2.0,14|17|16|15|13|12
B4A-FT-079-FRENCH,B4A-FT-079,products_inventory_value_by_status,french,validation,0.850159764289856,0.8372824192047119,0.8242099285125732,0.8228095769882202,0.8082984685897827,0.8021770715713501,0.850159764289856,0.8241562048594157,0.01625243058046639,0.012877345085144043,112.0,Build4All_Product_Inventory_and_Coupon_Policy_v2.0|Build4All_Product_Inventory_and_Coupon_Policy_v2.0|Build4All_Product_Inventory_and_Coupon_Policy_v2.0|Build4All_Product_Inventory_and_Coupon_Policy_v2.0|Build4All_Product_Inventory_and_Coupon_Policy_v2.0|Build4All_Product_Inventory_and_Coupon_Policy_v2.0,14|13|17|15|12|16
B4A-FT-079-LEBANESE_ARABIZI,B4A-FT-079,products_inventory_value_by_status,lebanese_arabizi,validation,0.8369174003601074,0.8316394090652466,0.8260486125946045,0.8215554356575012,0.8154091835021973,0.8133822679519653,0.8369174003601074,0.8241587181886038,0.008384308006421717,0.00527799129486084,86.0,Build4All_Product_Inventory_and_Coupon_Policy_v2.0|Build4All_Product_Inventory_and_Coupon_Policy_v2.0|Build4All_Product_Inventory_and_Coupon_Policy_v2.0|Build4All_Product_Inventory_and_Coupon_Policy_v2.0|Build4All_Product_Inventory_and_Coupon_Policy_v2.0|Build4All_Product_Inventory_and_Coupon_Policy_v2.0,14|17|15|13|12|16
B4A-FT-080-ENGLISH,B4A-FT-080,products_categories_by_status,english,validation,0.842901349067688,0.8170679807662964,0.8148069381713867,0.8113441467285156,0.8073217868804932,0.80512535572052,0.842901349067688,0.8164279262224833,0.012519278978391264,0.0258333683013916,78.0,Build4All_Product_Inventory_and_Coupon_Policy_v2.0|Build4All_Product_Inventory_and_Coupon_Policy_v2.0|Build4All_Product_Inventory_and_Coupon_Policy_v2.0|Build4All_Product_Inventory_and_Coupon_Policy_v2.0|Build4All_Product_Events_and_Conversion_Policy_v2.0|Build4All_Product_Inventory_and_Coupon_Policy_v2.0,13|12|17|14|6|16
B4A-FT-080-ARABIC,B4A-FT-080,products_categories_by_status,arabic,validation,0.7672431468963623,0.7640432119369507,0.7599596977233887,0.7577002048492432,0.7550191283226013,0.7550039887428284,0.7672431468963623,0.7598282297452291,0.004540440557998048,0.003199934959411621,54.0,Build4All_Product_Inventory_and_Coupon_Policy_v2.0|Build4All_Product_Events_and_Conversion_Policy_v2.0|Build4All_Product_Inventory_and_Coupon_Policy_v2.0|Build4All_Product_Events_and_Conversion_Policy_v2.0|Build4All_Product_Inventory_and_Coupon_Policy_v2.0|Build4All_Product_Events_and_Conversion_Policy_v2.0,13|8|14|9|17|6
B4A-FT-080-FRENCH,B4A-FT-080,products_categories_by_status,french,validation,0.8188377618789673,0.8041560649871826,0.8027637600898743,0.8025903701782227,0.7921355962753296,0.7909480333328247,0.8188377618789673,0.8019052644570669,0.009205879342943963,0.014681696891784668,89.0,Build4All_Product_Inventory_and_Coupon_Policy_v2.0|Build4All_Product_Events_and_Conversion_Policy_v2.0|Build4All_Product_Inventory_and_Coupon_Policy_v2.0|Build4All_Product_Inventory_and_Coupon_Policy_v2.0|Build4All_Product_Inventory_and_Coupon_Policy_v2.0|Build4All_Product_Events_and_Conversion_Policy_v2.0,13|6|17|12|14|7
B4A-FT-080-LEBANESE_ARABIZI,B4A-FT-080,products_categories_by_status,lebanese_arabizi,validation,0.8087594509124756,0.8013783097267151,0.7992106676101685,0.7971808910369873,0.7951955795288086,0.7922502756118774,0.8087594509124756,0.7989958624045054,0.005232734614099228,0.007381141185760498,60.0,Build4All_Product_Inventory_and_Coupon_Policy_v2.0|Build4All_Product_Inventory_and_Coupon_Policy_v2.0|Build4All_Product_Inventory_and_Coupon_Policy_v2.0|Build4All_Product_Inventory_and_Coupon_Policy_v2.0|Build4All_Product_Inventory_and_Coupon_Policy_v2.0|Build4All_Product_Events_and_Conversion_Policy_v2.0,17|12|13|15|16|6
B4A-FT-082-ENGLISH,B4A-FT-082,products_average_price_by_status,english,validation,0.8034058809280396,0.8007996082305908,0.7947346568107605,0.7942925095558167,0.7940316200256348,0.7919747829437256,0.8034058809280396,0.796539843082428,0.00409732101994136,0.0026062726974487305,70.0,Build4All_Product_Inventory_and_Coupon_Policy_v2.0|Build4All_Product_Inventory_and_Coupon_Policy_v2.0|Build4All_Product_Inventory_and_Coupon_Policy_v2.0|Build4All_Sales_and_Order_Analytics_Policy_v2.0|Build4All_Product_Inventory_and_Coupon_Policy_v2.0|Build4All_Product_Inventory_and_Coupon_Policy_v2.0,17|12|15|20|13|16
B4A-FT-082-ARABIC,B4A-FT-082,products_average_price_by_status,arabic,validation,0.7795901894569397,0.7688169479370117,0.7656165957450867,0.763095498085022,0.7593663930892944,0.7592778205871582,0.7795901894569397,0.7659605741500854,0.006956947195316012,0.010773241519927979,59.0,Build4All_Product_Inventory_and_Coupon_Policy_v2.0|Build4All_Product_Inventory_and_Coupon_Policy_v2.0|Build4All_Product_Events_and_Conversion_Policy_v2.0|Build4All_Product_Inventory_and_Coupon_Policy_v2.0|Build4All_Product_Inventory_and_Coupon_Policy_v2.0|Build4All_Sales_and_Order_Analytics_Policy_v2.0,17|12|8|15|13|21
B4A-FT-082-FRENCH,B4A-FT-082,products_average_price_by_status,french,validation,0.7926942110061646,0.7923189401626587,0.7881121635437012,0.7823301553726196,0.7777895927429199,0.771338939666748,0.7926942110061646,0.7840973337491354,0.007781464134382201,0.0003752708435058594,82.0,Build4All_Product_Inventory_and_Coupon_Policy_v2.0|Build4All_Product_Inventory_and_Coupon_Policy_v2.0|Build4All_Product_Inventory_and_Coupon_Policy_v2.0|Build4All_Product_Inventory_and_Coupon_Policy_v2.0|Build4All_Sales_and_Order_Analytics_Policy_v2.0|Build4All_Customer_Regional_and_Shipping_Policy_v2.0,17|12|13|15|20|5
B4A-FT-082-LEBANESE_ARABIZI,B4A-FT-082,products_average_price_by_status,lebanese_arabizi,validation,0.7932751774787903,0.791286826133728,0.7872798442840576,0.7849463224411011,0.7814189195632935,0.7781291604042053,0.7932751774787903,0.7860560417175293,0.005268531509054683,0.001988351345062256,67.0,Build4All_Product_Inventory_and_Coupon_Policy_v2.0|Build4All_Product_Inventory_and_Coupon_Policy_v2.0|Build4All_Product_Inventory_and_Coupon_Policy_v2.0|Build4All_Customer_Regional_and_Shipping_Policy_v2.0|Build4All_Product_Events_and_Conversion_Policy_v2.0|Build4All_Sales_and_Order_Analytics_Policy_v2.0,17|12|15|5|6|20
B4A-FT-084-ENGLISH,B4A-FT-084,products_inventory_value_by_status,english,validation,0.8396932482719421,0.8386074304580688,0.8289150595664978,0.8202464580535889,0.8084415197372437,0.806327760219574,0.8396932482719421,0.8237052460511526,0.013239807659725183,0.001085817813873291,99.0,Build4All_Product_Inventory_and_Coupon_Policy_v2.0|Build4All_Product_Inventory_and_Coupon_Policy_v2.0|Build4All_Product_Inventory_and_Coupon_Policy_v2.0|Build4All_Product_Inventory_and_Coupon_Policy_v2.0|Build4All_Product_Inventory_and_Coupon_Policy_v2.0|Build4All_Product_Inventory_and_Coupon_Policy_v2.0,15|14|17|13|12|16
B4A-FT-084-ARABIC,B4A-FT-084,products_inventory_value_by_status,arabic,validation,0.7814720869064331,0.7747071981430054,0.771477460861206,0.7703168392181396,0.7674540877342224,0.7655597925186157,0.7814720869064331,0.7718312442302704,0.005198175147591066,0.006764888763427734,85.0,Build4All_Product_Inventory_and_Coupon_Policy_v2.0|Build4All_Product_Inventory_and_Coupon_Policy_v2.0|Build4All_Product_Inventory_and_Coupon_Policy_v2.0|Build4All_Sales_and_Order_Analytics_Policy_v2.0|Build4All_Sales_and_Order_Analytics_Policy_v2.0|Build4All_Sales_and_Order_Analytics_Policy_v2.0,17|16|15|20|21|22
B4A-FT-084-FRENCH,B4A-FT-084,products_inventory_value_by_status,french,validation,0.8138433694839478,0.8135887384414673,0.8115030527114868,0.809343695640564,0.8005467057228088,0.7957521080970764,0.8138433694839478,0.8074296116828918,0.006868603147915673,0.00025463104248046875,118.0,Build4All_Product_Inventory_and_Coupon_Policy_v2.0|Build4All_Product_Inventory_and_Coupon_Policy_v2.0|Build4All_Product_Inventory_and_Coupon_Policy_v2.0|Build4All_Product_Inventory_and_Coupon_Policy_v2.0|Build4All_Product_Inventory_and_Coupon_Policy_v2.0|Build4All_Product_Inventory_and_Coupon_Policy_v2.0,13|17|15|14|12|16
B4A-FT-084-LEBANESE_ARABIZI,B4A-FT-084,products_inventory_value_by_status,lebanese_arabizi,validation,0.8184468150138855,0.8138654232025146,0.8086415529251099,0.8031790256500244,0.7993949055671692,0.7992579936981201,0.8184468150138855,0.8071309526761373,0.007224165257328419,0.00458139181137085,92.0,Build4All_Product_Inventory_and_Coupon_Policy_v2.0|Build4All_Product_Inventory_and_Coupon_Policy_v2.0|Build4All_Product_Inventory_and_Coupon_Policy_v2.0|Build4All_Product_Inventory_and_Coupon_Policy_v2.0|Build4All_Customer_Regional_and_Shipping_Policy_v2.0|Build4All_Product_Events_and_Conversion_Policy_v2.0,17|15|12|16|5|6
B4A-FT-085-ENGLISH,B4A-FT-085,products_categories_by_status,english,validation,0.7989416122436523,0.7971739768981934,0.7888743877410889,0.7856104969978333,0.7840231657028198,0.7820878624916077,0.7989416122436523,0.7894519170125326,0.006435257208221985,0.0017676353454589844,84.0,Build4All_Product_Inventory_and_Coupon_Policy_v2.0|Build4All_Product_Inventory_and_Coupon_Policy_v2.0|Build4All_Product_Inventory_and_Coupon_Policy_v2.0|Build4All_Product_Events_and_Conversion_Policy_v2.0|Build4All_Product_Inventory_and_Coupon_Policy_v2.0|Build4All_Product_Events_and_Conversion_Policy_v2.0,12|13|17|10|16|6
B4A-FT-085-ARABIC,B4A-FT-085,products_categories_by_status,arabic,validation,0.7544758319854736,0.7485833168029785,0.7409937381744385,0.7397407293319702,0.7396447658538818,0.7380979061126709,0.7544758319854736,0.7435893813769022,0.0059262126226376395,0.005892515182495117,60.0,Build4All_Product_Events_and_Conversion_Policy_v2.0|Build4All_Product_Events_and_Conversion_Policy_v2.0|Build4All_Product_Events_and_Conversion_Policy_v2.0|Build4All_Customer_Regional_and_Shipping_Policy_v2.0|Build4All_Product_Inventory_and_Coupon_Policy_v2.0|Build4All_Product_Events_and_Conversion_Policy_v2.0,8|9|7|4|17|10
B4A-FT-085-FRENCH,B4A-FT-085,products_categories_by_status,french,validation,0.7927984595298767,0.7905157208442688,0.7897853851318359,0.7862554788589478,0.7853140234947205,0.7846413850784302,0.7927984595298767,0.7882184088230133,0.0029942603093584736,0.00228273868560791,95.0,Build4All_Product_Inventory_and_Coupon_Policy_v2.0|Build4All_Product_Inventory_and_Coupon_Policy_v2.0|Build4All_Product_Inventory_and_Coupon_Policy_v2.0|Build4All_Product_Events_and_Conversion_Policy_v2.0|Build4All_Product_Events_and_Conversion_Policy_v2.0|Build4All_Product_Events_and_Conversion_Policy_v2.0,12|17|13|6|7|10
B4A-FT-085-LEBANESE_ARABIZI,B4A-FT-085,products_categories_by_status,lebanese_arabizi,validation,0.7904430627822876,0.7893946766853333,0.7802567481994629,0.7802169919013977,0.779634416103363,0.7792679667472839,0.7904430627822876,0.7832023104031881,0.004770941349781112,0.0010483860969543457,66.0,Build4All_Product_Inventory_and_Coupon_Policy_v2.0|Build4All_Product_Inventory_and_Coupon_Policy_v2.0|Build4All_Product_Events_and_Conversion_Policy_v2.0|Build4All_Product_Inventory_and_Coupon_Policy_v2.0|Build4All_Customer_Regional_and_Shipping_Policy_v2.0|Build4All_Product_Inventory_and_Coupon_Policy_v2.0,17|12|10|15|5|16
B4A-FT-087-ENGLISH,B4A-FT-087,products_average_price_by_status,english,validation,0.8167744874954224,0.8128265142440796,0.8120508193969727,0.8116186857223511,0.8059314489364624,0.796063244342804,0.8167744874954224,0.809210866689682,0.006680303697944672,0.0039479732513427734,70.0,Build4All_Product_Inventory_and_Coupon_Policy_v2.0|Build4All_Product_Inventory_and_Coupon_Policy_v2.0|Build4All_Product_Inventory_and_Coupon_Policy_v2.0|Build4All_Product_Inventory_and_Coupon_Policy_v2.0|Build4All_Product_Inventory_and_Coupon_Policy_v2.0|Build4All_Sales_and_Order_Analytics_Policy_v2.0,17|13|12|15|14|20
B4A-FT-087-ARABIC,B4A-FT-087,products_average_price_by_status,arabic,validation,0.789873480796814,0.7805370092391968,0.7784652709960938,0.7769150733947754,0.767038106918335,0.7605424523353577,0.789873480796814,0.7755618989467621,0.009469886965824232,0.009336471557617188,59.0,Build4All_Product_Inventory_and_Coupon_Policy_v2.0|Build4All_Product_Inventory_and_Coupon_Policy_v2.0|Build4All_Product_Inventory_and_Coupon_Policy_v2.0|Build4All_Product_Inventory_and_Coupon_Policy_v2.0|Build4All_Product_Inventory_and_Coupon_Policy_v2.0|Build4All_Product_Events_and_Conversion_Policy_v2.0,17|13|12|15|14|8
B4A-FT-087-FRENCH,B4A-FT-087,products_average_price_by_status,french,validation,0.8094791769981384,0.8046934604644775,0.802907407283783,0.7964761257171631,0.7807794213294983,0.7792122960090637,0.8094791769981384,0.7955913146336874,0.01167400471458974,0.004785716533660889,82.0,Build4All_Product_Inventory_and_Coupon_Policy_v2.0|Build4All_Product_Inventory_and_Coupon_Policy_v2.0|Build4All_Product_Inventory_and_Coupon_Policy_v2.0|Build4All_Product_Inventory_and_Coupon_Policy_v2.0|Build4All_Sales_and_Order_Analytics_Policy_v2.0|Build4All_Product_Inventory_and_Coupon_Policy_v2.0,13|17|12|15|20|14
B4A-FT-087-LEBANESE_ARABIZI,B4A-FT-087,products_average_price_by_status,lebanese_arabizi,validation,0.8046705722808838,0.7980715036392212,0.7914093732833862,0.7909106016159058,0.7831859588623047,0.7801184058189392,0.8046705722808838,0.7913944025834402,0.008322672839885043,0.006599068641662598,67.0,Build4All_Product_Inventory_and_Coupon_Policy_v2.0|Build4All_Product_Inventory_and_Coupon_Policy_v2.0|Build4All_Product_Inventory_and_Coupon_Policy_v2.0|Build4All_Product_Inventory_and_Coupon_Policy_v2.0|Build4All_Customer_Regional_and_Shipping_Policy_v2.0|Build4All_Product_Events_and_Conversion_Policy_v2.0,17|12|15|13|5|6
B4A-FT-089-ENGLISH,B4A-FT-089,products_inventory_value_by_status,english,validation,0.8547747135162354,0.8536103367805481,0.8394802212715149,0.8323664665222168,0.8167976140975952,0.8044795989990234,0.8547747135162354,0.8335848251978556,0.018326652824196016,0.0011643767356872559,99.0,Build4All_Product_Inventory_and_Coupon_Policy_v2.0|Build4All_Product_Inventory_and_Coupon_Policy_v2.0|Build4All_Product_Inventory_and_Coupon_Policy_v2.0|Build4All_Product_Inventory_and_Coupon_Policy_v2.0|Build4All_Product_Inventory_and_Coupon_Policy_v2.0|Build4All_Sales_and_Order_Analytics_Policy_v2.0,15|14|17|13|12|20
B4A-FT-089-ARABIC,B4A-FT-089,products_inventory_value_by_status,arabic,validation,0.7913377285003662,0.7810201048851013,0.7754560708999634,0.7731447219848633,0.7723200917243958,0.7714583873748779,0.7913377285003662,0.7774561842282613,0.00695630379741594,0.010317623615264893,85.0,Build4All_Product_Inventory_and_Coupon_Policy_v2.0|Build4All_Product_Inventory_and_Coupon_Policy_v2.0|Build4All_Product_Inventory_and_Coupon_Policy_v2.0|Build4All_Sales_and_Order_Analytics_Policy_v2.0|Build4All_Product_Inventory_and_Coupon_Policy_v2.0|Build4All_Product_Inventory_and_Coupon_Policy_v2.0,17|15|14|20|16|13
B4A-FT-089-FRENCH,B4A-FT-089,products_inventory_value_by_status,french,validation,0.8250735998153687,0.8242013454437256,0.8223015069961548,0.819349467754364,0.8071903586387634,0.8009899854660034,0.8250735998153687,0.81651771068573,0.009145330105729493,0.0008722543716430664,118.0,Build4All_Product_Inventory_and_Coupon_Policy_v2.0|Build4All_Product_Inventory_and_Coupon_Policy_v2.0|Build4All_Product_Inventory_and_Coupon_Policy_v2.0|Build4All_Product_Inventory_and_Coupon_Policy_v2.0|Build4All_Product_Inventory_and_Coupon_Policy_v2.0|Build4All_Sales_and_Order_Analytics_Policy_v2.0,15|17|13|14|12|20
B4A-FT-089-LEBANESE_ARABIZI,B4A-FT-089,products_inventory_value_by_status,lebanese_arabizi,validation,0.8322292566299438,0.823112428188324,0.817046046257019,0.8154703378677368,0.8118331432342529,0.8032873868942261,0.8322292566299438,0.8171630998452505,0.009001912574781319,0.009116828441619873,92.0,Build4All_Product_Inventory_and_Coupon_Policy_v2.0|Build4All_Product_Inventory_and_Coupon_Policy_v2.0|Build4All_Product_Inventory_and_Coupon_Policy_v2.0|Build4All_Product_Inventory_and_Coupon_Policy_v2.0|Build4All_Product_Inventory_and_Coupon_Policy_v2.0|Build4All_Product_Inventory_and_Coupon_Policy_v2.0,17|15|13|12|14|16
B4A-FT-090-ENGLISH,B4A-FT-090,products_categories_by_status,english,validation,0.8245729804039001,0.8117479085922241,0.8100584745407104,0.8021324872970581,0.7938995361328125,0.7925095558166504,0.8245729804039001,0.8058201571305593,0.011087847504454927,0.012825071811676025,84.0,Build4All_Product_Inventory_and_Coupon_Policy_v2.0|Build4All_Product_Inventory_and_Coupon_Policy_v2.0|Build4All_Product_Inventory_and_Coupon_Policy_v2.0|Build4All_Product_Inventory_and_Coupon_Policy_v2.0|Build4All_Product_Events_and_Conversion_Policy_v2.0|Build4All_Product_Events_and_Conversion_Policy_v2.0,13|12|17|15|7|6
B4A-FT-090-ARABIC,B4A-FT-090,products_categories_by_status,arabic,validation,0.7673012614250183,0.7667606472969055,0.7609336972236633,0.7574235200881958,0.7569690346717834,0.7482948303222656,0.7673012614250183,0.759613831837972,0.006478526098069968,0.000540614128112793,60.0,Build4All_Product_Inventory_and_Coupon_Policy_v2.0|Build4All_Product_Events_and_Conversion_Policy_v2.0|Build4All_Product_Events_and_Conversion_Policy_v2.0|Build4All_Product_Events_and_Conversion_Policy_v2.0|Build4All_Product_Inventory_and_Coupon_Policy_v2.0|Build4All_Customer_Regional_and_Shipping_Policy_v2.0,13|9|7|8|17|4
B4A-FT-090-FRENCH,B4A-FT-090,products_categories_by_status,french,validation,0.8113198280334473,0.8050129413604736,0.8024561405181885,0.7951960563659668,0.7931032180786133,0.7917776107788086,0.8113198280334473,0.7998109658559164,0.007039619667810847,0.006306886672973633,95.0,Build4All_Product_Inventory_and_Coupon_Policy_v2.0|Build4All_Product_Inventory_and_Coupon_Policy_v2.0|Build4All_Product_Inventory_and_Coupon_Policy_v2.0|Build4All_Product_Events_and_Conversion_Policy_v2.0|Build4All_Product_Inventory_and_Coupon_Policy_v2.0|Build4All_Product_Events_and_Conversion_Policy_v2.0,13|17|12|7|15|6
B4A-FT-090-LEBANESE_ARABIZI,B4A-FT-090,products_categories_by_status,lebanese_arabizi,validation,0.8070143461227417,0.8011022806167603,0.7930178046226501,0.7910900115966797,0.7830504775047302,0.7797367572784424,0.8070143461227417,0.7925019462903341,0.009479060093478838,0.005912065505981445,66.0,Build4All_Product_Inventory_and_Coupon_Policy_v2.0|Build4All_Product_Inventory_and_Coupon_Policy_v2.0|Build4All_Product_Inventory_and_Coupon_Policy_v2.0|Build4All_Product_Inventory_and_Coupon_Policy_v2.0|Build4All_Customer_Regional_and_Shipping_Policy_v2.0|Build4All_Product_Events_and_Conversion_Policy_v2.0,17|12|13|15|5|10
B4A-FT-003-ENGLISH,B4A-FT-003,orders_average_amount_by_status,english,final_test,0.8464454412460327,0.8359194993972778,0.8302739262580872,0.8190555572509766,0.8116250038146973,0.8035683035850525,0.8464454412460327,0.8244812885920206,0.014599582643161869,0.010525941848754883,72.0,Build4All_Sales_and_Order_Analytics_Policy_v2.0|Build4All_Sales_and_Order_Analytics_Policy_v2.0|Build4All_Sales_and_Order_Analytics_Policy_v2.0|Build4All_Sales_and_Order_Analytics_Policy_v2.0|Build4All_Sales_and_Order_Analytics_Policy_v2.0|Build4All_Sales_and_Order_Analytics_Policy_v2.0,21|20|19|18|24|22
B4A-FT-003-ARABIC,B4A-FT-003,orders_average_amount_by_status,arabic,final_test,0.776516318321228,0.7600818872451782,0.7570169568061829,0.7506146430969238,0.7483656406402588,0.7463646531105042,0.776516318321228,0.756493349870046,0.010142980980365982,0.016434431076049805,52.0,Build4All_Sales_and_Order_Analytics_Policy_v2.0|Build4All_Sales_and_Order_Analytics_Policy_v2.0|Build4All_Product_Events_and_Conversion_Policy_v2.0|Build4All_Product_Inventory_and_Coupon_Policy_v2.0|Build4All_Sales_and_Order_Analytics_Policy_v2.0|Build4All_Sales_and_Order_Analytics_Policy_v2.0,21|20|8|17|19|18
B4A-FT-003-FRENCH,B4A-FT-003,orders_average_amount_by_status,french,final_test,0.8040961623191833,0.8006497025489807,0.7962104082107544,0.7859652042388916,0.7825257182121277,0.7799301147460938,0.8040961623191833,0.7915628850460052,0.009215734034409052,0.0034464597702026367,72.0,Build4All_Sales_and_Order_Analytics_Policy_v2.0|Build4All_Sales_and_Order_Analytics_Policy_v2.0|Build4All_Sales_and_Order_Analytics_Policy_v2.0|Build4All_Sales_and_Order_Analytics_Policy_v2.0|Build4All_Sales_and_Order_Analytics_Policy_v2.0|Build4All_Product_Inventory_and_Coupon_Policy_v2.0,20|21|19|24|18|17
B4A-FT-003-LEBANESE_ARABIZI,B4A-FT-003,orders_average_amount_by_status,lebanese_arabizi,final_test,0.7925512790679932,0.7871882319450378,0.7866061925888062,0.7815729379653931,0.7751972675323486,0.774955153465271,0.7925512790679932,0.7830118437608083,0.006447359896104222,0.005363047122955322,75.0,Build4All_Sales_and_Order_Analytics_Policy_v2.0|Build4All_Product_Events_and_Conversion_Policy_v2.0|Build4All_Customer_Regional_and_Shipping_Policy_v2.0|Build4All_Sales_and_Order_Analytics_Policy_v2.0|Build4All_Customer_Regional_and_Shipping_Policy_v2.0|Build4All_Sales_and_Order_Analytics_Policy_v2.0,18|6|5|20|1|21
B4A-FT-008-ENGLISH,B4A-FT-008,orders_average_amount_by_status,english,final_test,0.847809910774231,0.8352845907211304,0.8308533430099487,0.8183680176734924,0.8084077835083008,0.8079564571380615,0.847809910774231,0.8247800171375275,0.014547641827436172,0.012525320053100586,72.0,Build4All_Sales_and_Order_Analytics_Policy_v2.0|Build4All_Sales_and_Order_Analytics_Policy_v2.0|Build4All_Sales_and_Order_Analytics_Policy_v2.0|Build4All_Sales_and_Order_Analytics_Policy_v2.0|Build4All_Customer_Regional_and_Shipping_Policy_v2.0|Build4All_Sales_and_Order_Analytics_Policy_v2.0,19|20|18|24|1|21
B4A-FT-008-ARABIC,B4A-FT-008,orders_average_amount_by_status,arabic,final_test,0.770826518535614,0.7585223317146301,0.7569940090179443,0.7484558820724487,0.7460391521453857,0.7452911138534546,0.770826518535614,0.7543548345565796,0.008960551460551852,0.012304186820983887,52.0,Build4All_Sales_and_Order_Analytics_Policy_v2.0|Build4All_Sales_and_Order_Analytics_Policy_v2.0|Build4All_Sales_and_Order_Analytics_Policy_v2.0|Build4All_Product_Events_and_Conversion_Policy_v2.0|Build4All_Sales_and_Order_Analytics_Policy_v2.0|Build4All_Product_Inventory_and_Coupon_Policy_v2.0,19|20|18|8|24|17
B4A-FT-008-FRENCH,B4A-FT-008,orders_average_amount_by_status,french,final_test,0.8152887225151062,0.8025190830230713,0.7922906875610352,0.7887480854988098,0.7875457406044006,0.7802586555480957,0.8152887225151062,0.7944418291250864,0.011442607298003215,0.012769639492034912,72.0,Build4All_Sales_and_Order_Analytics_Policy_v2.0|Build4All_Sales_and_Order_Analytics_Policy_v2.0|Build4All_Sales_and_Order_Analytics_Policy_v2.0|Build4All_Customer_Regional_and_Shipping_Policy_v2.0|Build4All_Sales_and_Order_Analytics_Policy_v2.0|Build4All_Customer_Regional_and_Shipping_Policy_v2.0,19|20|18|1|24|5
B4A-FT-008-LEBANESE_ARABIZI,B4A-FT-008,orders_average_amount_by_status,lebanese_arabizi,final_test,0.7920311093330383,0.7884310483932495,0.7779110670089722,0.7776385545730591,0.777306318283081,0.7740581631660461,0.7920311093330383,0.7812293767929077,0.006573474179077805,0.0036000609397888184,75.0,Build4All_Sales_and_Order_Analytics_Policy_v2.0|Build4All_Customer_Regional_and_Shipping_Policy_v2.0|Build4All_Sales_and_Order_Analytics_Policy_v2.0|Build4All_Customer_Regional_and_Shipping_Policy_v2.0|Build4All_Product_Events_and_Conversion_Policy_v2.0|Build4All_Sales_and_Order_Analytics_Policy_v2.0,18|5|19|1|6|20
B4A-FT-013-ENGLISH,B4A-FT-013,orders_average_amount_by_status,english,final_test,0.8316282033920288,0.8302327394485474,0.8255783915519714,0.8186119794845581,0.8127912878990173,0.8070791363716125,0.8316282033920288,0.8209869563579559,0.009000359936782375,0.0013954639434814453,70.0,Build4All_Sales_and_Order_Analytics_Policy_v2.0|Build4All_Sales_and_Order_Analytics_Policy_v2.0|Build4All_Sales_and_Order_Analytics_Policy_v2.0|Build4All_Sales_and_Order_Analytics_Policy_v2.0|Build4All_Sales_and_Order_Analytics_Policy_v2.0|Build4All_Sales_and_Order_Analytics_Policy_v2.0,20|19|18|24|21|23
B4A-FT-013-ARABIC,B4A-FT-013,orders_average_amount_by_status,arabic,final_test,0.7513783574104309,0.7513415813446045,0.7493793964385986,0.7442746162414551,0.7440313100814819,0.7433934211730957,0.7513783574104309,0.7472997804482778,0.003473468655216201,3.6776065826416016e-05,50.0,Build4All_Product_Inventory_and_Coupon_Policy_v2.0|Build4All_Product_Events_and_Conversion_Policy_v2.0|Build4All_Sales_and_Order_Analytics_Policy_v2.0|Build4All_Sales_and_Order_Analytics_Policy_v2.0|Build4All_Sales_and_Order_Analytics_Policy_v2.0|Build4All_Sales_and_Order_Analytics_Policy_v2.0,17|8|20|18|19|24
B4A-FT-013-FRENCH,B4A-FT-013,orders_average_amount_by_status,french,final_test,0.8070816993713379,0.8013107776641846,0.7957904934883118,0.7916299700737,0.7845257520675659,0.7826734781265259,0.8070816993713379,0.7938353617986044,0.008672658901127278,0.00577092170715332,70.0,Build4All_Sales_and_Order_Analytics_Policy_v2.0|Build4All_Sales_and_Order_Analytics_Policy_v2.0|Build4All_Sales_and_Order_Analytics_Policy_v2.0|Build4All_Sales_and_Order_Analytics_Policy_v2.0|Build4All_Product_Inventory_and_Coupon_Policy_v2.0|Build4All_Sales_and_Order_Analytics_Policy_v2.0,20|19|24|18|17|21
B4A-FT-013-LEBANESE_ARABIZI,B4A-FT-013,orders_average_amount_by_status,lebanese_arabizi,final_test,0.8016033172607422,0.798423707485199,0.7855170965194702,0.7852028608322144,0.7818803787231445,0.7818166613578796,0.8016033172607422,0.7890740036964417,0.00792101901216468,0.003179609775543213,73.0,Build4All_Sales_and_Order_Analytics_Policy_v2.0|Build4All_Customer_Regional_and_Shipping_Policy_v2.0|Build4All_Customer_Regional_and_Shipping_Policy_v2.0|Build4All_Product_Events_and_Conversion_Policy_v2.0|Build4All_Customer_Regional_and_Shipping_Policy_v2.0|Build4All_Sales_and_Order_Analytics_Policy_v2.0,18|5|1|6|4|20
B4A-FT-018-ENGLISH,B4A-FT-018,orders_average_amount_by_status,english,final_test,0.8396091461181641,0.8380246162414551,0.8285741209983826,0.8177671432495117,0.8172391653060913,0.8055853843688965,0.8396091461181641,0.8244665960470835,0.01213539638695382,0.0015845298767089844,73.0,Build4All_Sales_and_Order_Analytics_Policy_v2.0|Build4All_Sales_and_Order_Analytics_Policy_v2.0|Build4All_Sales_and_Order_Analytics_Policy_v2.0|Build4All_Sales_and_Order_Analytics_Policy_v2.0|Build4All_Sales_and_Order_Analytics_Policy_v2.0|Build4All_Customer_Regional_and_Shipping_Policy_v2.0,20|19|18|21|24|1
B4A-FT-018-ARABIC,B4A-FT-018,orders_average_amount_by_status,arabic,final_test,0.7593930959701538,0.7566547393798828,0.7547500133514404,0.7507206201553345,0.7476620674133301,0.7464874982833862,0.7593930959701538,0.7526113390922546,0.004699056187619373,0.002738356590270996,53.0,Build4All_Product_Events_and_Conversion_Policy_v2.0|Build4All_Product_Events_and_Conversion_Policy_v2.0|Build4All_Sales_and_Order_Analytics_Policy_v2.0|Build4All_Product_Inventory_and_Coupon_Policy_v2.0|Build4All_Sales_and_Order_Analytics_Policy_v2.0|Build4All_Sales_and_Order_Analytics_Policy_v2.0,8|9|20|17|19|18
B4A-FT-018-FRENCH,B4A-FT-018,orders_average_amount_by_status,french,final_test,0.8027114272117615,0.7964810132980347,0.7867203950881958,0.7819000482559204,0.781051754951477,0.7809511423110962,0.8027114272117615,0.7883026301860809,0.008412445849002415,0.006230413913726807,73.0,Build4All_Sales_and_Order_Analytics_Policy_v2.0|Build4All_Sales_and_Order_Analytics_Policy_v2.0|Build4All_Sales_and_Order_Analytics_Policy_v2.0|Build4All_Product_Events_and_Conversion_Policy_v2.0|Build4All_Product_Inventory_and_Coupon_Policy_v2.0|Build4All_Sales_and_Order_Analytics_Policy_v2.0,20|19|24|8|17|18
B4A-FT-018-LEBANESE_ARABIZI,B4A-FT-018,orders_average_amount_by_status,lebanese_arabizi,final_test,0.8037883043289185,0.8012387752532959,0.7927677631378174,0.7886233329772949,0.788448691368103,0.7862294912338257,0.8037883043289185,0.7935160597165426,0.0066886766202897885,0.0025495290756225586,76.0,Build4All_Customer_Regional_and_Shipping_Policy_v2.0|Build4All_Sales_and_Order_Analytics_Policy_v2.0|Build4All_Product_Events_and_Conversion_Policy_v2.0|Build4All_Product_Events_and_Conversion_Policy_v2.0|Build4All_Customer_Regional_and_Shipping_Policy_v2.0|Build4All_Product_Inventory_and_Coupon_Policy_v2.0,5|18|6|11|1|17
B4A-FT-023-ENGLISH,B4A-FT-023,orders_average_amount_by_status,english,final_test,0.857933759689331,0.8485371470451355,0.838559091091156,0.8227562308311462,0.8187370300292969,0.8084394335746765,0.857933759689331,0.832493782043457,0.01733998177090905,0.009396612644195557,71.0,Build4All_Sales_and_Order_Analytics_Policy_v2.0|Build4All_Sales_and_Order_Analytics_Policy_v2.0|Build4All_Sales_and_Order_Analytics_Policy_v2.0|Build4All_Sales_and_Order_Analytics_Policy_v2.0|Build4All_Sales_and_Order_Analytics_Policy_v2.0|Build4All_Sales_and_Order_Analytics_Policy_v2.0,24|19|21|18|20|23
B4A-FT-023-ARABIC,B4A-FT-023,orders_average_amount_by_status,arabic,final_test,0.7896580696105957,0.7727532386779785,0.7679603695869446,0.759190022945404,0.7580323815345764,0.7486386299133301,0.7896580696105957,0.7660387853781382,0.013041091571174872,0.016904830932617188,51.0,Build4All_Sales_and_Order_Analytics_Policy_v2.0|Build4All_Sales_and_Order_Analytics_Policy_v2.0|Build4All_Sales_and_Order_Analytics_Policy_v2.0|Build4All_Product_Events_and_Conversion_Policy_v2.0|Build4All_Product_Inventory_and_Coupon_Policy_v2.0|Build4All_Sales_and_Order_Analytics_Policy_v2.0,24|19|21|8|17|18
B4A-FT-023-FRENCH,B4A-FT-023,orders_average_amount_by_status,french,final_test,0.8354758620262146,0.8263686895370483,0.8030818700790405,0.799887478351593,0.7947584390640259,0.7917571663856506,0.8354758620262146,0.8085549175739288,0.016429920559600922,0.00910717248916626,71.0,Build4All_Sales_and_Order_Analytics_Policy_v2.0|Build4All_Sales_and_Order_Analytics_Policy_v2.0|Build4All_Sales_and_Order_Analytics_Policy_v2.0|Build4All_Sales_and_Order_Analytics_Policy_v2.0|Build4All_Sales_and_Order_Analytics_Policy_v2.0|Build4All_Customer_Regional_and_Shipping_Policy_v2.0,24|19|21|20|18|4
B4A-FT-023-LEBANESE_ARABIZI,B4A-FT-023,orders_average_amount_by_status,lebanese_arabizi,final_test,0.8155033588409424,0.8001476526260376,0.7992151975631714,0.7973933219909668,0.7888165712356567,0.7879457473754883,0.8155033588409424,0.7981703082720438,0.009111111129670306,0.015355706214904785,74.0,Build4All_Sales_and_Order_Analytics_Policy_v2.0|Build4All_Sales_and_Order_Analytics_Policy_v2.0|Build4All_Customer_Regional_and_Shipping_Policy_v2.0|Build4All_Sales_and_Order_Analytics_Policy_v2.0|Build4All_Customer_Regional_and_Shipping_Policy_v2.0|Build4All_Customer_Regional_and_Shipping_Policy_v2.0,24|18|5|19|0|4
B4A-FT-028-ENGLISH,B4A-FT-028,orders_average_amount_by_status,english,final_test,0.8409481048583984,0.8358750343322754,0.8314194083213806,0.8240612745285034,0.8206065893173218,0.8179556131362915,0.8409481048583984,0.8284776707490286,0.0082770637878664,0.005073070526123047,70.0,Build4All_Sales_and_Order_Analytics_Policy_v2.0|Build4All_Sales_and_Order_Analytics_Policy_v2.0|Build4All_Sales_and_Order_Analytics_Policy_v2.0|Build4All_Sales_and_Order_Analytics_Policy_v2.0|Build4All_Customer_Regional_and_Shipping_Policy_v2.0|Build4All_Sales_and_Order_Analytics_Policy_v2.0,19|20|18|24|3|22
B4A-FT-028-ARABIC,B4A-FT-028,orders_average_amount_by_status,arabic,final_test,0.7674530744552612,0.7658605575561523,0.7599518299102783,0.7593063116073608,0.7565087080001831,0.75374436378479,0.7674530744552612,0.7604708075523376,0.00483683993645422,0.0015925168991088867,50.0,Build4All_Sales_and_Order_Analytics_Policy_v2.0|Build4All_Sales_and_Order_Analytics_Policy_v2.0|Build4All_Sales_and_Order_Analytics_Policy_v2.0|Build4All_Sales_and_Order_Analytics_Policy_v2.0|Build4All_Customer_Regional_and_Shipping_Policy_v2.0|Build4All_Product_Events_and_Conversion_Policy_v2.0,19|20|24|18|0|8
B4A-FT-028-FRENCH,B4A-FT-028,orders_average_amount_by_status,french,final_test,0.8067317605018616,0.801971435546875,0.7966951727867126,0.79148268699646,0.7888671159744263,0.7878677845001221,0.8067317605018616,0.7956026593844095,0.006925578122740481,0.004760324954986572,70.0,Build4All_Sales_and_Order_Analytics_Policy_v2.0|Build4All_Sales_and_Order_Analytics_Policy_v2.0|Build4All_Sales_and_Order_Analytics_Policy_v2.0|Build4All_Sales_and_Order_Analytics_Policy_v2.0|Build4All_Customer_Regional_and_Shipping_Policy_v2.0|Build4All_Sales_and_Order_Analytics_Policy_v2.0,19|20|24|18|4|22
B4A-FT-028-LEBANESE_ARABIZI,B4A-FT-028,orders_average_amount_by_status,lebanese_arabizi,final_test,0.8034905791282654,0.8028094172477722,0.791988730430603,0.7917661666870117,0.7914373874664307,0.7858619689941406,0.8034905791282654,0.7945590416590372,0.006424322366036124,0.0006811618804931641,73.0,Build4All_Sales_and_Order_Analytics_Policy_v2.0|Build4All_Customer_Regional_and_Shipping_Policy_v2.0|Build4All_Customer_Regional_and_Shipping_Policy_v2.0|Build4All_Customer_Regional_and_Shipping_Policy_v2.0|Build4All_Customer_Regional_and_Shipping_Policy_v2.0|Build4All_Sales_and_Order_Analytics_Policy_v2.0,18|5|0|4|1|19
B4A-FT-034-ENGLISH,B4A-FT-034,payments_orders_by_status,english,final_test,0.8143414258956909,0.7999697327613831,0.7987271547317505,0.794438362121582,0.791384756565094,0.7901467084884644,0.8143414258956909,0.7981680234273275,0.00805607749747514,0.014371693134307861,71.0,Build4All_Sales_and_Order_Analytics_Policy_v2.0|Build4All_Customer_Regional_and_Shipping_Policy_v2.0|Build4All_Sales_and_Order_Analytics_Policy_v2.0|Build4All_Sales_and_Order_Analytics_Policy_v2.0|Build4All_Sales_and_Order_Analytics_Policy_v2.0|Build4All_Sales_and_Order_Analytics_Policy_v2.0,24|4|19|23|18|20
B4A-FT-034-ARABIC,B4A-FT-034,payments_orders_by_status,arabic,final_test,0.7910710573196411,0.7699882388114929,0.7690293788909912,0.7687782049179077,0.7636131048202515,0.761662483215332,0.7910710573196411,0.7706904113292694,0.009607905536616263,0.021082818508148193,55.0,Build4All_Sales_and_Order_Analytics_Policy_v2.0|Build4All_Product_Events_and_Conversion_Policy_v2.0|Build4All_Sales_and_Order_Analytics_Policy_v2.0|Build4All_Customer_Regional_and_Shipping_Policy_v2.0|Build4All_Sales_and_Order_Analytics_Policy_v2.0|Build4All_Sales_and_Order_Analytics_Policy_v2.0,24|8|23|4|21|18
B4A-FT-034-FRENCH,B4A-FT-034,payments_orders_by_status,french,final_test,0.818350613117218,0.804110050201416,0.8023544549942017,0.7989546656608582,0.7977359890937805,0.7924716472625732,0.818350613117218,0.8023295700550079,0.008057234400542861,0.014240562915802002,87.0,Build4All_Sales_and_Order_Analytics_Policy_v2.0|Build4All_Customer_Regional_and_Shipping_Policy_v2.0|Build4All_Sales_and_Order_Analytics_Policy_v2.0|Build4All_Customer_Regional_and_Shipping_Policy_v2.0|Build4All_Sales_and_Order_Analytics_Policy_v2.0|Build4All_Sales_and_Order_Analytics_Policy_v2.0,24|4|19|1|18|20
B4A-FT-034-LEBANESE_ARABIZI,B4A-FT-034,payments_orders_by_status,lebanese_arabizi,final_test,0.7973706722259521,0.7765138745307922,0.7759640216827393,0.7756462097167969,0.774726390838623,0.774711549282074,0.7973706722259521,0.779155453046163,0.008171465009567497,0.020856797695159912,69.0,Build4All_Sales_and_Order_Analytics_Policy_v2.0|Build4All_Sales_and_Order_Analytics_Policy_v2.0|Build4All_Sales_and_Order_Analytics_Policy_v2.0|Build4All_Customer_Regional_and_Shipping_Policy_v2.0|Build4All_Product_Events_and_Conversion_Policy_v2.0|Build4All_Sales_and_Order_Analytics_Policy_v2.0,24|23|18|5|10|19
B4A-FT-039-ENGLISH,B4A-FT-039,payments_orders_by_status,english,final_test,0.817245364189148,0.8088867664337158,0.8020968437194824,0.7998316287994385,0.7989964485168457,0.7919325232505798,0.817245364189148,0.803164929151535,0.008029040453101422,0.008358597755432129,69.0,Build4All_Sales_and_Order_Analytics_Policy_v2.0|Build4All_Sales_and_Order_Analytics_Policy_v2.0|Build4All_Customer_Regional_and_Shipping_Policy_v2.0|Build4All_Customer_Regional_and_Shipping_Policy_v2.0|Build4All_Sales_and_Order_Analytics_Policy_v2.0|Build4All_Sales_and_Order_Analytics_Policy_v2.0,24|19|4|1|18|20
B4A-FT-039-ARABIC,B4A-FT-039,payments_orders_by_status,arabic,final_test,0.7971211671829224,0.7712366580963135,0.7704271078109741,0.7661954164505005,0.7633107304573059,0.7607453465461731,0.7971211671829224,0.7715060710906982,0.012031415450549608,0.025884509086608887,53.0,Build4All_Sales_and_Order_Analytics_Policy_v2.0|Build4All_Customer_Regional_and_Shipping_Policy_v2.0|Build4All_Customer_Regional_and_Shipping_Policy_v2.0|Build4All_Product_Events_and_Conversion_Policy_v2.0|Build4All_Customer_Regional_and_Shipping_Policy_v2.0|Build4All_Sales_and_Order_Analytics_Policy_v2.0,24|1|4|8|2|19
B4A-FT-039-FRENCH,B4A-FT-039,payments_orders_by_status,french,final_test,0.8162372708320618,0.8056238889694214,0.803466796875,0.8009606599807739,0.7936428785324097,0.7872573733329773,0.8162372708320618,0.801198144753774,0.009150526961220254,0.01061338186264038,85.0,Build4All_Sales_and_Order_Analytics_Policy_v2.0|Build4All_Customer_Regional_and_Shipping_Policy_v2.0|Build4All_Sales_and_Order_Analytics_Policy_v2.0|Build4All_Customer_Regional_and_Shipping_Policy_v2.0|Build4All_Sales_and_Order_Analytics_Policy_v2.0|Build4All_Sales_and_Order_Analytics_Policy_v2.0,24|1|19|4|18|20
B4A-FT-039-LEBANESE_ARABIZI,B4A-FT-039,payments_orders_by_status,lebanese_arabizi,final_test,0.8023858070373535,0.7855247855186462,0.7826557159423828,0.7809385061264038,0.7754567861557007,0.7702335119247437,0.8023858070373535,0.7828658521175385,0.010052592234992198,0.016861021518707275,67.0,Build4All_Sales_and_Order_Analytics_Policy_v2.0|Build4All_Sales_and_Order_Analytics_Policy_v2.0|Build4All_Sales_and_Order_Analytics_Policy_v2.0|Build4All_Customer_Regional_and_Shipping_Policy_v2.0|Build4All_Customer_Regional_and_Shipping_Policy_v2.0|Build4All_Sales_and_Order_Analytics_Policy_v2.0,24|19|18|1|5|23
B4A-FT-044-ENGLISH,B4A-FT-044,payments_orders_by_status,english,final_test,0.8127043843269348,0.8057752847671509,0.8054029941558838,0.8021385669708252,0.7992215752601624,0.7949134707450867,0.8127043843269348,0.8033593793710073,0.0055869976462013336,0.0069290995597839355,72.0,Build4All_Sales_and_Order_Analytics_Policy_v2.0|Build4All_Customer_Regional_and_Shipping_Policy_v2.0|Build4All_Sales_and_Order_Analytics_Policy_v2.0|Build4All_Sales_and_Order_Analytics_Policy_v2.0|Build4All_Customer_Regional_and_Shipping_Policy_v2.0|Build4All_Sales_and_Order_Analytics_Policy_v2.0,24|4|19|18|1|20
B4A-FT-044-ARABIC,B4A-FT-044,payments_orders_by_status,arabic,final_test,0.7838698029518127,0.7694779634475708,0.7648958563804626,0.7618666291236877,0.7617988586425781,0.7606847882270813,0.7838698029518127,0.7670989831288656,0.008045541794515693,0.014391839504241943,56.0,Build4All_Sales_and_Order_Analytics_Policy_v2.0|Build4All_Customer_Regional_and_Shipping_Policy_v2.0|Build4All_Product_Events_and_Conversion_Policy_v2.0|Build4All_Sales_and_Order_Analytics_Policy_v2.0|Build4All_Customer_Regional_and_Shipping_Policy_v2.0|Build4All_Product_Events_and_Conversion_Policy_v2.0,24|4|8|18|1|9
B4A-FT-044-FRENCH,B4A-FT-044,payments_orders_by_status,french,final_test,0.8148378133773804,0.8056747317314148,0.8025570511817932,0.8024531602859497,0.8018632531166077,0.7964342832565308,0.8148378133773804,0.803970048824946,0.005575812559870162,0.009163081645965576,88.0,Build4All_Sales_and_Order_Analytics_Policy_v2.0|Build4All_Customer_Regional_and_Shipping_Policy_v2.0|Build4All_Customer_Regional_and_Shipping_Policy_v2.0|Build4All_Sales_and_Order_Analytics_Policy_v2.0|Build4All_Sales_and_Order_Analytics_Policy_v2.0|Build4All_Sales_and_Order_Analytics_Policy_v2.0,24|4|1|18|19|20
B4A-FT-044-LEBANESE_ARABIZI,B4A-FT-044,payments_orders_by_status,lebanese_arabizi,final_test,0.7976812124252319,0.7893611788749695,0.7837234735488892,0.783525824546814,0.7819787263870239,0.7749040126800537,0.7976812124252319,0.7851957380771637,0.0070055087447947,0.008320033550262451,70.0,Build4All_Sales_and_Order_Analytics_Policy_v2.0|Build4All_Sales_and_Order_Analytics_Policy_v2.0|Build4All_Customer_Regional_and_Shipping_Policy_v2.0|Build4All_Sales_and_Order_Analytics_Policy_v2.0|Build4All_Customer_Regional_and_Shipping_Policy_v2.0|Build4All_Customer_Regional_and_Shipping_Policy_v2.0,24|18|5|19|1|4
B4A-FT-049-ENGLISH,B4A-FT-049,payments_orders_by_status,english,final_test,0.8475097417831421,0.8224351406097412,0.8137810230255127,0.8124058842658997,0.8023119568824768,0.7964047193527222,0.8475097417831421,0.8158080776532491,0.016448064382273597,0.02507460117340088,73.0,Build4All_Sales_and_Order_Analytics_Policy_v2.0|Build4All_Sales_and_Order_Analytics_Policy_v2.0|Build4All_Sales_and_Order_Analytics_Policy_v2.0|Build4All_Customer_Regional_and_Shipping_Policy_v2.0|Build4All_Sales_and_Order_Analytics_Policy_v2.0|Build4All_Customer_Regional_and_Shipping_Policy_v2.0,24|19|21|4|18|1
B4A-FT-049-ARABIC,B4A-FT-049,payments_orders_by_status,arabic,final_test,0.8211542367935181,0.7844949960708618,0.7808430194854736,0.7776846289634705,0.7752261757850647,0.769024670124054,0.8211542367935181,0.7847379545370737,0.016973046303734914,0.03665924072265625,57.0,Build4All_Sales_and_Order_Analytics_Policy_v2.0|Build4All_Sales_and_Order_Analytics_Policy_v2.0|Build4All_Customer_Regional_and_Shipping_Policy_v2.0|Build4All_Sales_and_Order_Analytics_Policy_v2.0|Build4All_Product_Events_and_Conversion_Policy_v2.0|Build4All_Customer_Regional_and_Shipping_Policy_v2.0,24|21|4|19|8|2
B4A-FT-049-FRENCH,B4A-FT-049,payments_orders_by_status,french,final_test,0.8445073366165161,0.8207725286483765,0.8159103393554688,0.8087760210037231,0.8040948510169983,0.803447961807251,0.8445073366165161,0.8162515064080557,0.014062633018610585,0.02373480796813965,89.0,Build4All_Sales_and_Order_Analytics_Policy_v2.0|Build4All_Sales_and_Order_Analytics_Policy_v2.0|Build4All_Customer_Regional_and_Shipping_Policy_v2.0|Build4All_Customer_Regional_and_Shipping_Policy_v2.0|Build4All_Sales_and_Order_Analytics_Policy_v2.0|Build4All_Sales_and_Order_Analytics_Policy_v2.0,24|19|4|1|18|21
B4A-FT-049-LEBANESE_ARABIZI,B4A-FT-049,payments_orders_by_status,lebanese_arabizi,final_test,0.8201662302017212,0.7905135154724121,0.7836940288543701,0.7824922204017639,0.7802256345748901,0.7769066691398621,0.8201662302017212,0.7889997164408366,0.014533680989303644,0.029652714729309082,71.0,Build4All_Sales_and_Order_Analytics_Policy_v2.0|Build4All_Sales_and_Order_Analytics_Policy_v2.0|Build4All_Customer_Regional_and_Shipping_Policy_v2.0|Build4All_Sales_and_Order_Analytics_Policy_v2.0|Build4All_Sales_and_Order_Analytics_Policy_v2.0|Build4All_Customer_Regional_and_Shipping_Policy_v2.0,24|19|5|18|21|1
B4A-FT-076-ENGLISH,B4A-FT-076,products_count_by_status,english,final_test,0.8465988636016846,0.825935423374176,0.818782389163971,0.8168967962265015,0.8125593662261963,0.8052970767021179,0.8465988636016846,0.8210116525491079,0.013033543803830304,0.020663440227508545,64.0,Build4All_Product_Inventory_and_Coupon_Policy_v2.0|Build4All_Product_Inventory_and_Coupon_Policy_v2.0|Build4All_Product_Inventory_and_Coupon_Policy_v2.0|Build4All_Product_Inventory_and_Coupon_Policy_v2.0|Build4All_Product_Inventory_and_Coupon_Policy_v2.0|Build4All_Product_Events_and_Conversion_Policy_v2.0,13|14|12|17|16|6
B4A-FT-076-ARABIC,B4A-FT-076,products_count_by_status,arabic,final_test,0.80743408203125,0.7930738925933838,0.7845949530601501,0.7775726914405823,0.7761554718017578,0.7683324813842773,0.80743408203125,0.7845272620519003,0.0127703805901531,0.014360189437866211,48.0,Build4All_Product_Inventory_and_Coupon_Policy_v2.0|Build4All_Product_Inventory_and_Coupon_Policy_v2.0|Build4All_Product_Inventory_and_Coupon_Policy_v2.0|Build4All_Product_Events_and_Conversion_Policy_v2.0|Build4All_Product_Inventory_and_Coupon_Policy_v2.0|Build4All_Product_Events_and_Conversion_Policy_v2.0,13|14|17|6|12|9
B4A-FT-076-FRENCH,B4A-FT-076,products_count_by_status,french,final_test,0.8290790319442749,0.8148476481437683,0.8032135963439941,0.8025726079940796,0.8024488091468811,0.7875532507896423,0.8290790319442749,0.8066191573937734,0.012786888024409738,0.014231383800506592,74.0,Build4All_Product_Inventory_and_Coupon_Policy_v2.0|Build4All_Product_Inventory_and_Coupon_Policy_v2.0|Build4All_Product_Inventory_and_Coupon_Policy_v2.0|Build4All_Product_Inventory_and_Coupon_Policy_v2.0|Build4All_Product_Events_and_Conversion_Policy_v2.0|Build4All_Product_Inventory_and_Coupon_Policy_v2.0,13|14|12|17|6|16
B4A-FT-076-LEBANESE_ARABIZI,B4A-FT-076,products_count_by_status,lebanese_arabizi,final_test,0.8007413148880005,0.795427680015564,0.7916386127471924,0.7887192964553833,0.7881207466125488,0.7850350141525269,0.8007413148880005,0.791613777478536,0.005191624993478508,0.0053136348724365234,58.0,Build4All_Product_Inventory_and_Coupon_Policy_v2.0|Build4All_Product_Inventory_and_Coupon_Policy_v2.0|Build4All_Product_Inventory_and_Coupon_Policy_v2.0|Build4All_Product_Inventory_and_Coupon_Policy_v2.0|Build4All_Product_Inventory_and_Coupon_Policy_v2.0|Build4All_Product_Events_and_Conversion_Policy_v2.0,17|12|16|14|13|6
B4A-FT-081-ENGLISH,B4A-FT-081,products_count_by_status,english,final_test,0.7975833415985107,0.7949671149253845,0.7894502878189087,0.7883962392807007,0.7794994115829468,0.777962327003479,0.7975833415985107,0.787976453701655,0.007253194962161377,0.0026162266731262207,70.0,Build4All_Product_Inventory_and_Coupon_Policy_v2.0|Build4All_Product_Inventory_and_Coupon_Policy_v2.0|Build4All_Product_Inventory_and_Coupon_Policy_v2.0|Build4All_Product_Inventory_and_Coupon_Policy_v2.0|Build4All_Sales_and_Order_Analytics_Policy_v2.0|Build4All_Product_Events_and_Conversion_Policy_v2.0,12|13|17|16|20|10
B4A-FT-081-ARABIC,B4A-FT-081,products_count_by_status,arabic,final_test,0.7696399092674255,0.7685335278511047,0.7638921141624451,0.7604233026504517,0.7555789947509766,0.755364179611206,0.7696399092674255,0.7622386713822683,0.0056574862910349554,0.0011063814163208008,54.0,Build4All_Product_Inventory_and_Coupon_Policy_v2.0|Build4All_Product_Inventory_and_Coupon_Policy_v2.0|Build4All_Product_Inventory_and_Coupon_Policy_v2.0|Build4All_Product_Events_and_Conversion_Policy_v2.0|Build4All_Product_Events_and_Conversion_Policy_v2.0|Build4All_Product_Events_and_Conversion_Policy_v2.0,13|17|12|10|7|9
B4A-FT-081-FRENCH,B4A-FT-081,products_count_by_status,french,final_test,0.7964539527893066,0.794110119342804,0.7908941507339478,0.7834877967834473,0.7791686058044434,0.7789282202720642,0.7964539527893066,0.7871738076210022,0.006996833930098024,0.0023438334465026855,80.0,Build4All_Product_Inventory_and_Coupon_Policy_v2.0|Build4All_Product_Inventory_and_Coupon_Policy_v2.0|Build4All_Product_Inventory_and_Coupon_Policy_v2.0|Build4All_Product_Events_and_Conversion_Policy_v2.0|Build4All_Product_Inventory_and_Coupon_Policy_v2.0|Build4All_Sales_and_Order_Analytics_Policy_v2.0,13|12|17|6|16|20
B4A-FT-081-LEBANESE_ARABIZI,B4A-FT-081,products_count_by_status,lebanese_arabizi,final_test,0.7818747758865356,0.7803539633750916,0.7725890874862671,0.7716791033744812,0.7661980390548706,0.7645809054374695,0.7818747758865356,0.7728793124357859,0.006478380383637985,0.0015208125114440918,64.0,Build4All_Product_Inventory_and_Coupon_Policy_v2.0|Build4All_Product_Inventory_and_Coupon_Policy_v2.0|Build4All_Customer_Regional_and_Shipping_Policy_v2.0|Build4All_Product_Inventory_and_Coupon_Policy_v2.0|Build4All_Product_Events_and_Conversion_Policy_v2.0|Build4All_Product_Events_and_Conversion_Policy_v2.0,12|17|5|16|6|10
B4A-FT-086-ENGLISH,B4A-FT-086,products_count_by_status,english,final_test,0.823283314704895,0.8124282956123352,0.8101595640182495,0.7908197045326233,0.790145754814148,0.788277268409729,0.823283314704895,0.8025189836819967,0.013419679285558279,0.010855019092559814,70.0,Build4All_Product_Inventory_and_Coupon_Policy_v2.0|Build4All_Product_Inventory_and_Coupon_Policy_v2.0|Build4All_Product_Inventory_and_Coupon_Policy_v2.0|Build4All_Product_Inventory_and_Coupon_Policy_v2.0|Build4All_Product_Events_and_Conversion_Policy_v2.0|Build4All_Sales_and_Order_Analytics_Policy_v2.0,13|12|17|15|6|20
B4A-FT-086-ARABIC,B4A-FT-086,products_count_by_status,arabic,final_test,0.7971576452255249,0.7822771668434143,0.7749001383781433,0.768336296081543,0.7665662169456482,0.7613428831100464,0.7971576452255249,0.77509672443072,0.011873799771796121,0.014880478382110596,54.0,Build4All_Product_Inventory_and_Coupon_Policy_v2.0|Build4All_Product_Inventory_and_Coupon_Policy_v2.0|Build4All_Product_Inventory_and_Coupon_Policy_v2.0|Build4All_Product_Events_and_Conversion_Policy_v2.0|Build4All_Product_Events_and_Conversion_Policy_v2.0|Build4All_Product_Events_and_Conversion_Policy_v2.0,13|17|12|7|9|6
B4A-FT-086-FRENCH,B4A-FT-086,products_count_by_status,french,final_test,0.8196337223052979,0.8061374425888062,0.8060816526412964,0.790114164352417,0.7893702983856201,0.7857129573822021,0.8196337223052979,0.7995083729426066,0.012065981508529168,0.0134962797164917,80.0,Build4All_Product_Inventory_and_Coupon_Policy_v2.0|Build4All_Product_Inventory_and_Coupon_Policy_v2.0|Build4All_Product_Inventory_and_Coupon_Policy_v2.0|Build4All_Product_Events_and_Conversion_Policy_v2.0|Build4All_Product_Events_and_Conversion_Policy_v2.0|Build4All_Sales_and_Order_Analytics_Policy_v2.0,13|17|12|6|7|20
B4A-FT-086-LEBANESE_ARABIZI,B4A-FT-086,products_count_by_status,lebanese_arabizi,final_test,0.8021211624145508,0.7983877062797546,0.7857840061187744,0.780441164970398,0.7773923873901367,0.7748078107833862,0.8021211624145508,0.7864890396595001,0.01034581703140158,0.0037334561347961426,64.0,Build4All_Product_Inventory_and_Coupon_Policy_v2.0|Build4All_Product_Inventory_and_Coupon_Policy_v2.0|Build4All_Product_Inventory_and_Coupon_Policy_v2.0|Build4All_Customer_Regional_and_Shipping_Policy_v2.0|Build4All_Product_Inventory_and_Coupon_Policy_v2.0|Build4All_Product_Events_and_Conversion_Policy_v2.0,17|12|13|5|15|6
B4A-FT-091-ENGLISH,B4A-FT-091,events_count_by_type,english,final_test,0.8334177732467651,0.8263156414031982,0.818541407585144,0.8139340877532959,0.8032276630401611,0.7899765372276306,0.8334177732467651,0.8142355183760325,0.014388600013162401,0.0071021318435668945,58.0,Build4All_Product_Events_and_Conversion_Policy_v2.0|Build4All_Product_Events_and_Conversion_Policy_v2.0|Build4All_Product_Events_and_Conversion_Policy_v2.0|Build4All_Product_Events_and_Conversion_Policy_v2.0|Build4All_Product_Events_and_Conversion_Policy_v2.0|Build4All_Customer_Regional_and_Shipping_Policy_v2.0,7|6|10|8|9|4
B4A-FT-091-ARABIC,B4A-FT-091,events_count_by_type,arabic,final_test,0.7998707294464111,0.7938756942749023,0.7854017019271851,0.7834960222244263,0.7807695865631104,0.7575977444648743,0.7998707294464111,0.7835019131501516,0.013276886417874422,0.005995035171508789,40.0,Build4All_Product_Events_and_Conversion_Policy_v2.0|Build4All_Product_Events_and_Conversion_Policy_v2.0|Build4All_Product_Events_and_Conversion_Policy_v2.0|Build4All_Product_Events_and_Conversion_Policy_v2.0|Build4All_Product_Events_and_Conversion_Policy_v2.0|Build4All_Customer_Regional_and_Shipping_Policy_v2.0,7|6|10|8|9|4
B4A-FT-091-FRENCH,B4A-FT-091,events_count_by_type,french,final_test,0.817765474319458,0.8160771131515503,0.811263918876648,0.8101644515991211,0.7978779077529907,0.7909616827964783,0.817765474319458,0.8073517580827078,0.009714095958880222,0.0016883611679077148,72.0,Build4All_Product_Events_and_Conversion_Policy_v2.0|Build4All_Product_Events_and_Conversion_Policy_v2.0|Build4All_Product_Events_and_Conversion_Policy_v2.0|Build4All_Product_Events_and_Conversion_Policy_v2.0|Build4All_Product_Events_and_Conversion_Policy_v2.0|Build4All_Customer_Regional_and_Shipping_Policy_v2.0,7|6|10|8|9|4
B4A-FT-091-LEBANESE_ARABIZI,B4A-FT-091,events_count_by_type,lebanese_arabizi,final_test,0.8180662989616394,0.8159337043762207,0.8126699924468994,0.7997143268585205,0.7975193858146667,0.7870044708251953,0.8180662989616394,0.805151363213857,0.011230185354448217,0.002132594585418701,49.0,Build4All_Product_Events_and_Conversion_Policy_v2.0|Build4All_Product_Events_and_Conversion_Policy_v2.0|Build4All_Product_Events_and_Conversion_Policy_v2.0|Build4All_Product_Events_and_Conversion_Policy_v2.0|Build4All_Product_Events_and_Conversion_Policy_v2.0|Build4All_Customer_Regional_and_Shipping_Policy_v2.0,7|10|6|8|9|4
B4A-FT-095-ENGLISH,B4A-FT-095,events_top_products_by_type,english,final_test,0.8387413620948792,0.8330867290496826,0.8260506987571716,0.8077869415283203,0.8021800518035889,0.8001738786697388,0.8387413620948792,0.8180032769838969,0.015247814635660011,0.005654633045196533,74.0,Build4All_Product_Events_and_Conversion_Policy_v2.0|Build4All_Product_Events_and_Conversion_Policy_v2.0|Build4All_Product_Events_and_Conversion_Policy_v2.0|Build4All_Product_Events_and_Conversion_Policy_v2.0|Build4All_Product_Events_and_Conversion_Policy_v2.0|Build4All_Customer_Regional_and_Shipping_Policy_v2.0,7|6|10|9|8|4
B4A-FT-095-ARABIC,B4A-FT-095,events_top_products_by_type,arabic,final_test,0.7992059588432312,0.79603111743927,0.7880648374557495,0.7806921601295471,0.7752634286880493,0.7576484680175781,0.7992059588432312,0.7828176617622375,0.013939016304294465,0.0031748414039611816,61.0,Build4All_Product_Events_and_Conversion_Policy_v2.0|Build4All_Product_Events_and_Conversion_Policy_v2.0|Build4All_Product_Events_and_Conversion_Policy_v2.0|Build4All_Product_Events_and_Conversion_Policy_v2.0|Build4All_Product_Events_and_Conversion_Policy_v2.0|Build4All_Customer_Regional_and_Shipping_Policy_v2.0,7|6|10|9|8|4
B4A-FT-095-FRENCH,B4A-FT-095,events_top_products_by_type,french,final_test,0.8234824538230896,0.823284387588501,0.8134016990661621,0.803135871887207,0.801966667175293,0.7939329147338867,0.8234824538230896,0.8098673323790232,0.011101947179166072,0.00019806623458862305,101.0,Build4All_Product_Events_and_Conversion_Policy_v2.0|Build4All_Product_Events_and_Conversion_Policy_v2.0|Build4All_Product_Events_and_Conversion_Policy_v2.0|Build4All_Product_Events_and_Conversion_Policy_v2.0|Build4All_Product_Events_and_Conversion_Policy_v2.0|Build4All_Customer_Regional_and_Shipping_Policy_v2.0,7|6|10|9|8|4
B4A-FT-095-LEBANESE_ARABIZI,B4A-FT-095,events_top_products_by_type,lebanese_arabizi,final_test,0.8296194076538086,0.8218135833740234,0.8201465606689453,0.8025662302970886,0.7935317754745483,0.7932237386703491,0.8296194076538086,0.8101502160231272,0.0143480864480578,0.007805824279785156,70.0,Build4All_Product_Events_and_Conversion_Policy_v2.0|Build4All_Product_Events_and_Conversion_Policy_v2.0|Build4All_Product_Events_and_Conversion_Policy_v2.0|Build4All_Product_Events_and_Conversion_Policy_v2.0|Build4All_Customer_Regional_and_Shipping_Policy_v2.0|Build4All_Product_Events_and_Conversion_Policy_v2.0,6|7|10|9|4|8
B4A-FT-096-ENGLISH,B4A-FT-096,events_count_by_type,english,final_test,0.8515777587890625,0.847763180732727,0.8433796167373657,0.8253700733184814,0.8193967938423157,0.7889158129692078,0.8515777587890625,0.8294005393981934,0.021524261179508907,0.0038145780563354492,55.0,Build4All_Product_Events_and_Conversion_Policy_v2.0|Build4All_Product_Events_and_Conversion_Policy_v2.0|Build4All_Product_Events_and_Conversion_Policy_v2.0|Build4All_Product_Events_and_Conversion_Policy_v2.0|Build4All_Product_Events_and_Conversion_Policy_v2.0|Build4All_Customer_Regional_and_Shipping_Policy_v2.0,7|6|8|10|9|1
B4A-FT-096-ARABIC,B4A-FT-096,events_count_by_type,arabic,final_test,0.807011604309082,0.8030484914779663,0.7938989996910095,0.7818502187728882,0.7797898650169373,0.7589174509048462,0.807011604309082,0.7874194383621216,0.016184843053936214,0.003963112831115723,37.0,Build4All_Product_Events_and_Conversion_Policy_v2.0|Build4All_Product_Events_and_Conversion_Policy_v2.0|Build4All_Product_Events_and_Conversion_Policy_v2.0|Build4All_Product_Events_and_Conversion_Policy_v2.0|Build4All_Product_Events_and_Conversion_Policy_v2.0|Build4All_Product_Events_and_Conversion_Policy_v2.0,6|7|8|9|10|11
B4A-FT-096-FRENCH,B4A-FT-096,events_count_by_type,french,final_test,0.8262427449226379,0.82042396068573,0.8194382190704346,0.8099735975265503,0.8036661148071289,0.7880132794380188,0.8262427449226379,0.8112929860750834,0.012748003112099587,0.005818784236907959,69.0,Build4All_Product_Events_and_Conversion_Policy_v2.0|Build4All_Product_Events_and_Conversion_Policy_v2.0|Build4All_Product_Events_and_Conversion_Policy_v2.0|Build4All_Product_Events_and_Conversion_Policy_v2.0|Build4All_Product_Events_and_Conversion_Policy_v2.0|Build4All_Product_Events_and_Conversion_Policy_v2.0,6|7|8|10|9|11
B4A-FT-096-LEBANESE_ARABIZI,B4A-FT-096,events_count_by_type,lebanese_arabizi,final_test,0.8298267126083374,0.8247232437133789,0.8140867948532104,0.8097445964813232,0.8036775588989258,0.7834134697914124,0.8298267126083374,0.8109120627244314,0.015102236373882125,0.005103468894958496,46.0,Build4All_Product_Events_and_Conversion_Policy_v2.0|Build4All_Product_Events_and_Conversion_Policy_v2.0|Build4All_Product_Events_and_Conversion_Policy_v2.0|Build4All_Product_Events_and_Conversion_Policy_v2.0|Build4All_Product_Events_and_Conversion_Policy_v2.0|Build4All_Product_Inventory_and_Coupon_Policy_v2.0,6|7|10|8|9|17
B4A-FT-100-ENGLISH,B4A-FT-100,events_top_products_by_type,english,final_test,0.857018232345581,0.8510194420814514,0.8331576585769653,0.8278965950012207,0.8205320835113525,0.7997540831565857,0.857018232345581,0.8315630157788595,0.01904379060287902,0.005998790264129639,71.0,Build4All_Product_Events_and_Conversion_Policy_v2.0|Build4All_Product_Events_and_Conversion_Policy_v2.0|Build4All_Product_Events_and_Conversion_Policy_v2.0|Build4All_Product_Events_and_Conversion_Policy_v2.0|Build4All_Product_Events_and_Conversion_Policy_v2.0|Build4All_Product_Inventory_and_Coupon_Policy_v2.0,7|6|10|8|9|17
B4A-FT-100-ARABIC,B4A-FT-100,events_top_products_by_type,arabic,final_test,0.8085169792175293,0.8036901950836182,0.7860556840896606,0.7845573425292969,0.7821172475814819,0.7636367082595825,0.8085169792175293,0.7880956927935282,0.014781084368070942,0.004826784133911133,58.0,Build4All_Product_Events_and_Conversion_Policy_v2.0|Build4All_Product_Events_and_Conversion_Policy_v2.0|Build4All_Product_Events_and_Conversion_Policy_v2.0|Build4All_Product_Events_and_Conversion_Policy_v2.0|Build4All_Product_Events_and_Conversion_Policy_v2.0|Build4All_Product_Inventory_and_Coupon_Policy_v2.0,6|7|10|8|9|17
B4A-FT-100-FRENCH,B4A-FT-100,events_top_products_by_type,french,final_test,0.8251868486404419,0.8215649724006653,0.8078489303588867,0.8076754808425903,0.8009265661239624,0.7867752313613892,0.8251868486404419,0.8083296716213226,0.012776257586072585,0.0036218762397766113,98.0,Build4All_Product_Events_and_Conversion_Policy_v2.0|Build4All_Product_Events_and_Conversion_Policy_v2.0|Build4All_Product_Events_and_Conversion_Policy_v2.0|Build4All_Product_Events_and_Conversion_Policy_v2.0|Build4All_Product_Events_and_Conversion_Policy_v2.0|Build4All_Product_Inventory_and_Coupon_Policy_v2.0,6|7|8|10|9|17
B4A-FT-100-LEBANESE_ARABIZI,B4A-FT-100,events_top_products_by_type,lebanese_arabizi,final_test,0.8439273834228516,0.8291283249855042,0.8229486346244812,0.8077206611633301,0.8030708432197571,0.7887994050979614,0.8439273834228516,0.8159325420856476,0.018148144033392516,0.014799058437347412,67.0,Build4All_Product_Events_and_Conversion_Policy_v2.0|Build4All_Product_Events_and_Conversion_Policy_v2.0|Build4All_Product_Events_and_Conversion_Policy_v2.0|Build4All_Product_Events_and_Conversion_Policy_v2.0|Build4All_Product_Events_and_Conversion_Policy_v2.0|Build4All_Product_Inventory_and_Coupon_Policy_v2.0,6|7|10|9|8|12
B4A-FT-101-ENGLISH,B4A-FT-101,events_count_by_type,english,final_test,0.8299888372421265,0.8216221928596497,0.8153696060180664,0.8099314570426941,0.8025113940238953,0.7850519418716431,0.8299888372421265,0.8107459048430125,0.014367863026662524,0.008366644382476807,63.0,Build4All_Product_Events_and_Conversion_Policy_v2.0|Build4All_Product_Events_and_Conversion_Policy_v2.0|Build4All_Product_Events_and_Conversion_Policy_v2.0|Build4All_Product_Events_and_Conversion_Policy_v2.0|Build4All_Product_Events_and_Conversion_Policy_v2.0|Build4All_Product_Events_and_Conversion_Policy_v2.0,7|6|10|8|9|11
B4A-FT-101-ARABIC,B4A-FT-101,events_count_by_type,arabic,final_test,0.7944861650466919,0.791032075881958,0.782760500907898,0.7811053991317749,0.7790218591690063,0.7580301761627197,0.7944861650466919,0.7810726960500082,0.011669931494803778,0.0034540891647338867,45.0,Build4All_Product_Events_and_Conversion_Policy_v2.0|Build4All_Product_Events_and_Conversion_Policy_v2.0|Build4All_Product_Events_and_Conversion_Policy_v2.0|Build4All_Product_Events_and_Conversion_Policy_v2.0|Build4All_Product_Events_and_Conversion_Policy_v2.0|Build4All_Product_Events_and_Conversion_Policy_v2.0,7|6|10|9|8|11
B4A-FT-101-FRENCH,B4A-FT-101,events_count_by_type,french,final_test,0.817826509475708,0.8137338161468506,0.8119697570800781,0.8097538948059082,0.8003910779953003,0.7926415205001831,0.817826509475708,0.8077194293340048,0.008578833657858964,0.004092693328857422,77.0,Build4All_Product_Events_and_Conversion_Policy_v2.0|Build4All_Product_Events_and_Conversion_Policy_v2.0|Build4All_Product_Events_and_Conversion_Policy_v2.0|Build4All_Product_Events_and_Conversion_Policy_v2.0|Build4All_Product_Events_and_Conversion_Policy_v2.0|Build4All_Product_Events_and_Conversion_Policy_v2.0,7|6|10|8|9|11
B4A-FT-101-LEBANESE_ARABIZI,B4A-FT-101,events_count_by_type,lebanese_arabizi,final_test,0.8147959113121033,0.8133360147476196,0.8072155714035034,0.7965772151947021,0.7936408519744873,0.7848781943321228,0.8147959113121033,0.8017406264940897,0.010889423723064576,0.0014598965644836426,54.0,Build4All_Product_Events_and_Conversion_Policy_v2.0|Build4All_Product_Events_and_Conversion_Policy_v2.0|Build4All_Product_Events_and_Conversion_Policy_v2.0|Build4All_Product_Events_and_Conversion_Policy_v2.0|Build4All_Product_Events_and_Conversion_Policy_v2.0|Build4All_Product_Events_and_Conversion_Policy_v2.0,7|10|6|9|8|11
B4A-FT-105-ENGLISH,B4A-FT-105,events_top_products_by_type,english,final_test,0.8368781805038452,0.8283126354217529,0.8248953819274902,0.8069525361061096,0.8017262816429138,0.791550874710083,0.8368781805038452,0.8150526483853658,0.016044717445399773,0.008565545082092285,79.0,Build4All_Product_Events_and_Conversion_Policy_v2.0|Build4All_Product_Events_and_Conversion_Policy_v2.0|Build4All_Product_Events_and_Conversion_Policy_v2.0|Build4All_Product_Events_and_Conversion_Policy_v2.0|Build4All_Product_Events_and_Conversion_Policy_v2.0|Build4All_Customer_Regional_and_Shipping_Policy_v2.0,7|6|10|9|8|4
B4A-FT-105-ARABIC,B4A-FT-105,events_top_products_by_type,arabic,final_test,0.7962294816970825,0.7932983636856079,0.7870744466781616,0.780840277671814,0.7733697891235352,0.7584028840065002,0.7962294816970825,0.7815358738104502,0.012827302136275882,0.0029311180114746094,66.0,Build4All_Product_Events_and_Conversion_Policy_v2.0|Build4All_Product_Events_and_Conversion_Policy_v2.0|Build4All_Product_Events_and_Conversion_Policy_v2.0|Build4All_Product_Events_and_Conversion_Policy_v2.0|Build4All_Product_Events_and_Conversion_Policy_v2.0|Build4All_Product_Inventory_and_Coupon_Policy_v2.0,7|6|10|9|8|17
B4A-FT-105-FRENCH,B4A-FT-105,events_top_products_by_type,french,final_test,0.8217417001724243,0.8191542625427246,0.8129866123199463,0.8026277422904968,0.7996909618377686,0.7869125604629517,0.8217417001724243,0.8071856399377187,0.012088013893739584,0.002587437629699707,106.0,Build4All_Product_Events_and_Conversion_Policy_v2.0|Build4All_Product_Events_and_Conversion_Policy_v2.0|Build4All_Product_Events_and_Conversion_Policy_v2.0|Build4All_Product_Events_and_Conversion_Policy_v2.0|Build4All_Product_Events_and_Conversion_Policy_v2.0|Build4All_Customer_Regional_and_Shipping_Policy_v2.0,7|6|10|9|8|4
B4A-FT-105-LEBANESE_ARABIZI,B4A-FT-105,events_top_products_by_type,lebanese_arabizi,final_test,0.8222447633743286,0.8181712627410889,0.8180010318756104,0.7989015579223633,0.7880516052246094,0.7865062952041626,0.8222447633743286,0.8053127527236938,0.014752175933159306,0.004073500633239746,75.0,Build4All_Product_Events_and_Conversion_Policy_v2.0|Build4All_Product_Events_and_Conversion_Policy_v2.0|Build4All_Product_Events_and_Conversion_Policy_v2.0|Build4All_Product_Events_and_Conversion_Policy_v2.0|Build4All_Product_Events_and_Conversion_Policy_v2.0|Build4All_Product_Inventory_and_Coupon_Policy_v2.0,6|10|7|9|8|17
B4A-FT-106-ENGLISH,B4A-FT-106,events_count_by_type,english,final_test,0.8235481381416321,0.8232349157333374,0.8102447986602783,0.8086998462677002,0.8055828213691711,0.7947006821632385,0.8235481381416321,0.8110018670558929,0.010066640745764964,0.00031322240829467773,53.0,Build4All_Product_Events_and_Conversion_Policy_v2.0|Build4All_Product_Events_and_Conversion_Policy_v2.0|Build4All_Product_Events_and_Conversion_Policy_v2.0|Build4All_Product_Events_and_Conversion_Policy_v2.0|Build4All_Product_Events_and_Conversion_Policy_v2.0|Build4All_Product_Events_and_Conversion_Policy_v2.0,7|6|8|9|10|11
B4A-FT-106-ARABIC,B4A-FT-106,events_count_by_type,arabic,final_test,0.7860842347145081,0.7780725955963135,0.7770791053771973,0.7674490213394165,0.7605114579200745,0.7596953511238098,0.7860842347145081,0.7714819610118866,0.009691332895090636,0.00801163911819458,35.0,Build4All_Product_Events_and_Conversion_Policy_v2.0|Build4All_Product_Events_and_Conversion_Policy_v2.0|Build4All_Product_Events_and_Conversion_Policy_v2.0|Build4All_Product_Events_and_Conversion_Policy_v2.0|Build4All_Product_Events_and_Conversion_Policy_v2.0|Build4All_Product_Events_and_Conversion_Policy_v2.0,6|9|7|8|11|10
B4A-FT-106-FRENCH,B4A-FT-106,events_count_by_type,french,final_test,0.8160521984100342,0.8099570274353027,0.8057248592376709,0.8043997287750244,0.8020286560058594,0.8001217246055603,0.8160521984100342,0.806380699078242,0.005304046151047305,0.006095170974731445,67.0,Build4All_Product_Events_and_Conversion_Policy_v2.0|Build4All_Product_Events_and_Conversion_Policy_v2.0|Build4All_Product_Events_and_Conversion_Policy_v2.0|Build4All_Product_Events_and_Conversion_Policy_v2.0|Build4All_Product_Events_and_Conversion_Policy_v2.0|Build4All_Product_Events_and_Conversion_Policy_v2.0,6|7|8|9|10|11
B4A-FT-106-LEBANESE_ARABIZI,B4A-FT-106,events_count_by_type,lebanese_arabizi,final_test,0.8081091642379761,0.7973578572273254,0.7971996665000916,0.7934426665306091,0.7924256324768066,0.7784006595611572,0.8081091642379761,0.7944892744223276,0.008806001035507292,0.010751307010650635,44.0,Build4All_Product_Events_and_Conversion_Policy_v2.0|Build4All_Product_Events_and_Conversion_Policy_v2.0|Build4All_Product_Events_and_Conversion_Policy_v2.0|Build4All_Product_Events_and_Conversion_Policy_v2.0|Build4All_Product_Events_and_Conversion_Policy_v2.0|Build4All_Product_Events_and_Conversion_Policy_v2.0,6|7|10|9|11|8
B4A-FT-110-ENGLISH,B4A-FT-110,events_top_products_by_type,english,final_test,0.8412843346595764,0.840516984462738,0.8253360390663147,0.8203270435333252,0.8054891228675842,0.7983443737030029,0.8412843346595764,0.821882983048757,0.01612868964625267,0.0007673501968383789,69.0,Build4All_Product_Events_and_Conversion_Policy_v2.0|Build4All_Product_Events_and_Conversion_Policy_v2.0|Build4All_Product_Events_and_Conversion_Policy_v2.0|Build4All_Product_Events_and_Conversion_Policy_v2.0|Build4All_Product_Events_and_Conversion_Policy_v2.0|Build4All_Product_Inventory_and_Coupon_Policy_v2.0,7|6|10|9|8|17
B4A-FT-110-ARABIC,B4A-FT-110,events_top_products_by_type,arabic,final_test,0.7963502407073975,0.7854663133621216,0.7811481952667236,0.7720821499824524,0.7635743618011475,0.7608330845832825,0.7963502407073975,0.7765757242838541,0.012436772799402468,0.010883927345275879,56.0,Build4All_Product_Events_and_Conversion_Policy_v2.0|Build4All_Product_Events_and_Conversion_Policy_v2.0|Build4All_Product_Events_and_Conversion_Policy_v2.0|Build4All_Product_Events_and_Conversion_Policy_v2.0|Build4All_Product_Events_and_Conversion_Policy_v2.0|Build4All_Product_Inventory_and_Coupon_Policy_v2.0,6|7|9|10|8|17
B4A-FT-110-FRENCH,B4A-FT-110,events_top_products_by_type,french,final_test,0.8243921995162964,0.8183890581130981,0.8078877925872803,0.8074074983596802,0.7997399568557739,0.7945300936698914,0.8243921995162964,0.80872443318367,0.010194101650933674,0.006003141403198242,96.0,Build4All_Product_Events_and_Conversion_Policy_v2.0|Build4All_Product_Events_and_Conversion_Policy_v2.0|Build4All_Product_Events_and_Conversion_Policy_v2.0|Build4All_Product_Events_and_Conversion_Policy_v2.0|Build4All_Product_Events_and_Conversion_Policy_v2.0|Build4All_Product_Events_and_Conversion_Policy_v2.0,6|7|9|10|8|11
B4A-FT-110-LEBANESE_ARABIZI,B4A-FT-110,events_top_products_by_type,lebanese_arabizi,final_test,0.83338862657547,0.8162308931350708,0.8153418302536011,0.8056811094284058,0.792108416557312,0.7909212112426758,0.83338862657547,0.8089453478654226,0.014778785698643633,0.01715773344039917,65.0,Build4All_Product_Events_and_Conversion_Policy_v2.0|Build4All_Product_Events_and_Conversion_Policy_v2.0|Build4All_Product_Events_and_Conversion_Policy_v2.0|Build4All_Product_Events_and_Conversion_Policy_v2.0|Build4All_Product_Events_and_Conversion_Policy_v2.0|Build4All_Product_Inventory_and_Coupon_Policy_v2.0,6|10|7|9|11|12
B4A-FT-111-ENGLISH,B4A-FT-111,events_count_by_type,english,final_test,0.8527330160140991,0.8475551009178162,0.8298646211624146,0.8222334384918213,0.8220634460449219,0.7844755053520203,0.8527330160140991,0.8264875213305155,0.022161350942712134,0.005177915096282959,51.0,Build4All_Product_Events_and_Conversion_Policy_v2.0|Build4All_Product_Events_and_Conversion_Policy_v2.0|Build4All_Product_Events_and_Conversion_Policy_v2.0|Build4All_Product_Events_and_Conversion_Policy_v2.0|Build4All_Product_Events_and_Conversion_Policy_v2.0|Build4All_Product_Events_and_Conversion_Policy_v2.0,7|8|6|9|10|11
B4A-FT-111-ARABIC,B4A-FT-111,events_count_by_type,arabic,final_test,0.807781457901001,0.8038399815559387,0.7963351011276245,0.7884129285812378,0.7789311408996582,0.7516679167747498,0.807781457901001,0.7878280878067017,0.018770289765378412,0.003941476345062256,33.0,Build4All_Product_Events_and_Conversion_Policy_v2.0|Build4All_Product_Events_and_Conversion_Policy_v2.0|Build4All_Product_Events_and_Conversion_Policy_v2.0|Build4All_Product_Events_and_Conversion_Policy_v2.0|Build4All_Product_Events_and_Conversion_Policy_v2.0|Build4All_Product_Events_and_Conversion_Policy_v2.0,7|8|6|9|10|11
B4A-FT-111-FRENCH,B4A-FT-111,events_count_by_type,french,final_test,0.8330810070037842,0.8328186273574829,0.8197199702262878,0.8130593299865723,0.8129351139068604,0.786880373954773,0.8330810070037842,0.8164157370726267,0.015563964088892365,0.00026237964630126953,65.0,Build4All_Product_Events_and_Conversion_Policy_v2.0|Build4All_Product_Events_and_Conversion_Policy_v2.0|Build4All_Product_Events_and_Conversion_Policy_v2.0|Build4All_Product_Events_and_Conversion_Policy_v2.0|Build4All_Product_Events_and_Conversion_Policy_v2.0|Build4All_Product_Events_and_Conversion_Policy_v2.0,7|8|6|10|9|11
B4A-FT-111-LEBANESE_ARABIZI,B4A-FT-111,events_count_by_type,lebanese_arabizi,final_test,0.825055718421936,0.8140376806259155,0.8140056133270264,0.8127614855766296,0.8058419227600098,0.7820591926574707,0.825055718421936,0.8089602688948313,0.013279936868655381,0.011018037796020508,42.0,Build4All_Product_Events_and_Conversion_Policy_v2.0|Build4All_Product_Events_and_Conversion_Policy_v2.0|Build4All_Product_Events_and_Conversion_Policy_v2.0|Build4All_Product_Events_and_Conversion_Policy_v2.0|Build4All_Product_Events_and_Conversion_Policy_v2.0|Build4All_Product_Events_and_Conversion_Policy_v2.0,7|6|8|10|9|11
B4A-FT-115-ENGLISH,B4A-FT-115,events_top_products_by_type,english,final_test,0.8651589751243591,0.8463762402534485,0.8390123844146729,0.8375688791275024,0.8331359624862671,0.7826854586601257,0.8651589751243591,0.8339896500110626,0.02515234256940383,0.018782734870910645,67.0,Build4All_Product_Events_and_Conversion_Policy_v2.0|Build4All_Product_Events_and_Conversion_Policy_v2.0|Build4All_Product_Events_and_Conversion_Policy_v2.0|Build4All_Product_Events_and_Conversion_Policy_v2.0|Build4All_Product_Events_and_Conversion_Policy_v2.0|Build4All_Product_Events_and_Conversion_Policy_v2.0,7|6|10|8|9|11
B4A-FT-115-ARABIC,B4A-FT-115,events_top_products_by_type,arabic,final_test,0.8116533756256104,0.8043768405914307,0.7965370416641235,0.7926411628723145,0.7890978455543518,0.7446280717849731,0.8116533756256104,0.789822389682134,0.021542621925131903,0.0072765350341796875,54.0,Build4All_Product_Events_and_Conversion_Policy_v2.0|Build4All_Product_Events_and_Conversion_Policy_v2.0|Build4All_Product_Events_and_Conversion_Policy_v2.0|Build4All_Product_Events_and_Conversion_Policy_v2.0|Build4All_Product_Events_and_Conversion_Policy_v2.0|Build4All_Product_Events_and_Conversion_Policy_v2.0,7|6|8|9|10|11
B4A-FT-115-FRENCH,B4A-FT-115,events_top_products_by_type,french,final_test,0.838294506072998,0.8284369707107544,0.8241896629333496,0.8170674443244934,0.8168669939041138,0.7837383151054382,0.838294506072998,0.8180989821751913,0.01700522905599934,0.009857535362243652,94.0,Build4All_Product_Events_and_Conversion_Policy_v2.0|Build4All_Product_Events_and_Conversion_Policy_v2.0|Build4All_Product_Events_and_Conversion_Policy_v2.0|Build4All_Product_Events_and_Conversion_Policy_v2.0|Build4All_Product_Events_and_Conversion_Policy_v2.0|Build4All_Product_Events_and_Conversion_Policy_v2.0,7|6|8|10|9|11
B4A-FT-115-LEBANESE_ARABIZI,B4A-FT-115,events_top_products_by_type,lebanese_arabizi,final_test,0.8404351472854614,0.8368004560470581,0.8300336003303528,0.817110002040863,0.8113839030265808,0.7840571403503418,0.8404351472854614,0.819970041513443,0.01903941829269649,0.0036346912384033203,63.0,Build4All_Product_Events_and_Conversion_Policy_v2.0|Build4All_Product_Events_and_Conversion_Policy_v2.0|Build4All_Product_Events_and_Conversion_Policy_v2.0|Build4All_Product_Events_and_Conversion_Policy_v2.0|Build4All_Product_Events_and_Conversion_Policy_v2.0|Build4All_Product_Events_and_Conversion_Policy_v2.0,6|7|10|9|8|11
B4A-FT-116-ENGLISH,B4A-FT-116,events_count_by_type,english,final_test,0.813117504119873,0.8010819554328918,0.7997428178787231,0.7962630987167358,0.7946913242340088,0.7664217948913574,0.813117504119873,0.795219749212265,0.014176525355217004,0.012035548686981201,55.0,Build4All_Product_Events_and_Conversion_Policy_v2.0|Build4All_Product_Events_and_Conversion_Policy_v2.0|Build4All_Product_Events_and_Conversion_Policy_v2.0|Build4All_Product_Events_and_Conversion_Policy_v2.0|Build4All_Product_Events_and_Conversion_Policy_v2.0|Build4All_Product_Events_and_Conversion_Policy_v2.0,7|8|6|10|9|11
B4A-FT-116-ARABIC,B4A-FT-116,events_count_by_type,arabic,final_test,0.773195743560791,0.7666769027709961,0.7648835182189941,0.7625136375427246,0.7619965076446533,0.7365095615386963,0.773195743560791,0.7609626452128092,0.011540525909968485,0.006518840789794922,37.0,Build4All_Product_Events_and_Conversion_Policy_v2.0|Build4All_Product_Events_and_Conversion_Policy_v2.0|Build4All_Product_Events_and_Conversion_Policy_v2.0|Build4All_Product_Events_and_Conversion_Policy_v2.0|Build4All_Product_Events_and_Conversion_Policy_v2.0|Build4All_Product_Events_and_Conversion_Policy_v2.0,7|6|9|8|10|11
B4A-FT-116-FRENCH,B4A-FT-116,events_count_by_type,french,final_test,0.8002101182937622,0.796404242515564,0.795339822769165,0.7910540103912354,0.7905470132827759,0.7711387276649475,0.8002101182937622,0.7907823224862417,0.009374256678757468,0.003805875778198242,69.0,Build4All_Product_Events_and_Conversion_Policy_v2.0|Build4All_Product_Events_and_Conversion_Policy_v2.0|Build4All_Product_Events_and_Conversion_Policy_v2.0|Build4All_Product_Events_and_Conversion_Policy_v2.0|Build4All_Product_Events_and_Conversion_Policy_v2.0|Build4All_Product_Events_and_Conversion_Policy_v2.0,7|8|6|10|9|11
B4A-FT-116-LEBANESE_ARABIZI,B4A-FT-116,events_count_by_type,lebanese_arabizi,final_test,0.7892524003982544,0.7882882356643677,0.786906361579895,0.781044602394104,0.7708534002304077,0.765632152557373,0.7892524003982544,0.7803295254707336,0.009060303464898093,0.0009641647338867188,46.0,Build4All_Product_Events_and_Conversion_Policy_v2.0|Build4All_Product_Events_and_Conversion_Policy_v2.0|Build4All_Product_Events_and_Conversion_Policy_v2.0|Build4All_Product_Events_and_Conversion_Policy_v2.0|Build4All_Product_Events_and_Conversion_Policy_v2.0|Build4All_Product_Events_and_Conversion_Policy_v2.0,10|7|6|9|8|11
B4A-FT-120-ENGLISH,B4A-FT-120,events_top_products_by_type,english,final_test,0.8309822082519531,0.8190317749977112,0.8166359663009644,0.8062028884887695,0.7983250617980957,0.7853325605392456,0.8309822082519531,0.8094184100627899,0.01484945227806819,0.011950433254241943,71.0,Build4All_Product_Events_and_Conversion_Policy_v2.0|Build4All_Product_Events_and_Conversion_Policy_v2.0|Build4All_Product_Events_and_Conversion_Policy_v2.0|Build4All_Product_Events_and_Conversion_Policy_v2.0|Build4All_Product_Events_and_Conversion_Policy_v2.0|Build4All_Product_Inventory_and_Coupon_Policy_v2.0,7|6|10|9|8|17
B4A-FT-120-ARABIC,B4A-FT-120,events_top_products_by_type,arabic,final_test,0.7819446325302124,0.7791273593902588,0.7732859253883362,0.7695167064666748,0.7611023187637329,0.7455720901489258,0.7819446325302124,0.7684248387813568,0.012233959075076932,0.0028172731399536133,58.0,Build4All_Product_Events_and_Conversion_Policy_v2.0|Build4All_Product_Events_and_Conversion_Policy_v2.0|Build4All_Product_Events_and_Conversion_Policy_v2.0|Build4All_Product_Events_and_Conversion_Policy_v2.0|Build4All_Product_Events_and_Conversion_Policy_v2.0|Build4All_Product_Inventory_and_Coupon_Policy_v2.0,7|6|10|9|8|17
B4A-FT-120-FRENCH,B4A-FT-120,events_top_products_by_type,french,final_test,0.8110611438751221,0.807161808013916,0.7982149124145508,0.7959644794464111,0.7933281660079956,0.7711867094039917,0.8110611438751221,0.7961528698603312,0.012773859920413664,0.0038993358612060547,98.0,Build4All_Product_Events_and_Conversion_Policy_v2.0|Build4All_Product_Events_and_Conversion_Policy_v2.0|Build4All_Product_Events_and_Conversion_Policy_v2.0|Build4All_Product_Events_and_Conversion_Policy_v2.0|Build4All_Product_Events_and_Conversion_Policy_v2.0|Build4All_Product_Inventory_and_Coupon_Policy_v2.0,7|6|10|9|8|17
B4A-FT-120-LEBANESE_ARABIZI,B4A-FT-120,events_top_products_by_type,lebanese_arabizi,final_test,0.8190515041351318,0.8125483989715576,0.8108373880386353,0.7982076406478882,0.7815650701522827,0.7781286239624023,0.8190515041351318,0.8000564376513163,0.01559523578492661,0.006503105163574219,67.0,Build4All_Product_Events_and_Conversion_Policy_v2.0|Build4All_Product_Events_and_Conversion_Policy_v2.0|Build4All_Product_Events_and_Conversion_Policy_v2.0|Build4All_Product_Events_and_Conversion_Policy_v2.0|Build4All_Product_Events_and_Conversion_Policy_v2.0|Build4All_Product_Inventory_and_Coupon_Policy_v2.0,6|10|7|9|8|17
