sql,latency_seconds,sql_safe,sql_executed,execution_correct,execution_error,extra,question_id,intent_id,template_family,language,split,question,gold_sql,experiment
SELECT AVG(tax_amount) AS average_tax_amount FROM build4all_research.orders WHERE status = 'cancelled';,3.9834,True,True,False,,"{'shot_ids': ['B4A-FT-002-ENGLISH', 'B4A-FT-001-ENGLISH', 'B4A-FT-004-ENGLISH'], 'shot_families': ['orders_total_amount_by_status', 'orders_count_by_status', 'orders_discount_amount_by_status']}",B4A-FT-005-ENGLISH,B4A-FT-005,orders_average_tax_by_status,english,validation,What is the average tax amount for orders whose status is 'cancelled'?,"SELECT ROUND(AVG(tax_amount), 2) AS average_tax_amount FROM build4all_research.orders WHERE status = 'cancelled';",B6_qwen25coder7b_fewshot3
SELECT AVG(tax_amount) AS average_tax_amount FROM build4all_research.orders WHERE status = 'cancelled';,3.8027,True,True,False,,"{'shot_ids': ['B4A-FT-002-ARABIC', 'B4A-FT-004-ARABIC', 'B4A-FT-001-ARABIC'], 'shot_families': ['orders_total_amount_by_status', 'orders_discount_amount_by_status', 'orders_count_by_status']}",B4A-FT-005-ARABIC,B4A-FT-005,orders_average_tax_by_status,arabic,validation,ما متوسط مبلغ الضريبة للطلبات التي حالتها 'cancelled'؟,"SELECT ROUND(AVG(tax_amount), 2) AS average_tax_amount FROM build4all_research.orders WHERE status = 'cancelled';",B6_qwen25coder7b_fewshot3
"SELECT ROUND(AVG(tax_amount), 2) AS average_tax_amount FROM build4all_research.orders WHERE status = 'cancelled';",4.2153,True,True,True,,"{'shot_ids': ['B4A-FT-004-FRENCH', 'B4A-FT-002-FRENCH', 'B4A-FT-033-FRENCH'], 'shot_families': ['orders_discount_amount_by_status', 'orders_total_amount_by_status', 'payments_average_by_status']}",B4A-FT-005-FRENCH,B4A-FT-005,orders_average_tax_by_status,french,validation,Quel est le montant moyen de la taxe dont le statut est 'cancelled' ?,"SELECT ROUND(AVG(tax_amount), 2) AS average_tax_amount FROM build4all_research.orders WHERE status = 'cancelled';",B6_qwen25coder7b_fewshot3
"SELECT ROUND(SUM(tax_amount), 2) AS total_tax_amount FROM build4all_research.orders WHERE status = 'cancelled';",4.1712,True,True,False,,"{'shot_ids': ['B4A-FT-001-LEBANESE_ARABIZI', 'B4A-FT-002-LEBANESE_ARABIZI', 'B4A-FT-004-LEBANESE_ARABIZI'], 'shot_families': ['orders_count_by_status', 'orders_total_amount_by_status', 'orders_discount_amount_by_status']}",B4A-FT-005-LEBANESE_ARABIZI,B4A-FT-005,orders_average_tax_by_status,lebanese_arabizi,validation,Adde moutawassit el tax lal orders yalli status taba3a 'cancelled'?,"SELECT ROUND(AVG(tax_amount), 2) AS average_tax_amount FROM build4all_research.orders WHERE status = 'cancelled';",B6_qwen25coder7b_fewshot3
SELECT AVG(tax_amount) AS average_tax_amount FROM build4all_research.orders WHERE status = 'completed';,3.7729,True,True,False,,"{'shot_ids': ['B4A-FT-007-ENGLISH', 'B4A-FT-006-ENGLISH', 'B4A-FT-009-ENGLISH'], 'shot_families': ['orders_total_amount_by_status', 'orders_count_by_status', 'orders_discount_amount_by_status']}",B4A-FT-010-ENGLISH,B4A-FT-010,orders_average_tax_by_status,english,validation,What is the average tax amount for orders whose status is 'completed'?,"SELECT ROUND(AVG(tax_amount), 2) AS average_tax_amount FROM build4all_research.orders WHERE status = 'completed';",B6_qwen25coder7b_fewshot3
SELECT AVG(tax_amount) AS average_tax_amount FROM build4all_research.orders WHERE status = 'completed';,3.9571,True,True,False,,"{'shot_ids': ['B4A-FT-007-ARABIC', 'B4A-FT-009-ARABIC', 'B4A-FT-006-ARABIC'], 'shot_families': ['orders_total_amount_by_status', 'orders_discount_amount_by_status', 'orders_count_by_status']}",B4A-FT-010-ARABIC,B4A-FT-010,orders_average_tax_by_status,arabic,validation,ما متوسط مبلغ الضريبة للطلبات التي حالتها 'completed'؟,"SELECT ROUND(AVG(tax_amount), 2) AS average_tax_amount FROM build4all_research.orders WHERE status = 'completed';",B6_qwen25coder7b_fewshot3
SELECT AVG(tax_amount) AS average_tax_amount FROM build4all_research.orders WHERE status = 'completed';,3.8281,True,True,False,,"{'shot_ids': ['B4A-FT-009-FRENCH', 'B4A-FT-007-FRENCH', 'B4A-FT-037-FRENCH'], 'shot_families': ['orders_discount_amount_by_status', 'orders_total_amount_by_status', 'payments_total_by_status']}",B4A-FT-010-FRENCH,B4A-FT-010,orders_average_tax_by_status,french,validation,Quel est le montant moyen de la taxe dont le statut est 'completed' ?,"SELECT ROUND(AVG(tax_amount), 2) AS average_tax_amount FROM build4all_research.orders WHERE status = 'completed';",B6_qwen25coder7b_fewshot3
"SELECT ROUND(SUM(tax_amount), 2) AS total_tax_amount FROM build4all_research.orders WHERE status = 'completed';",4.2422,True,True,False,,"{'shot_ids': ['B4A-FT-006-LEBANESE_ARABIZI', 'B4A-FT-007-LEBANESE_ARABIZI', 'B4A-FT-009-LEBANESE_ARABIZI'], 'shot_families': ['orders_count_by_status', 'orders_total_amount_by_status', 'orders_discount_amount_by_status']}",B4A-FT-010-LEBANESE_ARABIZI,B4A-FT-010,orders_average_tax_by_status,lebanese_arabizi,validation,Adde moutawassit el tax lal orders yalli status taba3a 'completed'?,"SELECT ROUND(AVG(tax_amount), 2) AS average_tax_amount FROM build4all_research.orders WHERE status = 'completed';",B6_qwen25coder7b_fewshot3
SELECT AVG(tax_amount) AS average_tax_amount FROM build4all_research.orders WHERE status = 'pending';,3.7999,True,True,False,,"{'shot_ids': ['B4A-FT-012-ENGLISH', 'B4A-FT-011-ENGLISH', 'B4A-FT-014-ENGLISH'], 'shot_families': ['orders_total_amount_by_status', 'orders_count_by_status', 'orders_discount_amount_by_status']}",B4A-FT-015-ENGLISH,B4A-FT-015,orders_average_tax_by_status,english,validation,What is the average tax amount for orders whose status is 'pending'?,"SELECT ROUND(AVG(tax_amount), 2) AS average_tax_amount FROM build4all_research.orders WHERE status = 'pending';",B6_qwen25coder7b_fewshot3
SELECT AVG(tax_amount) AS average_tax_amount FROM build4all_research.orders WHERE status = 'pending';,3.8304,True,True,False,,"{'shot_ids': ['B4A-FT-012-ARABIC', 'B4A-FT-014-ARABIC', 'B4A-FT-011-ARABIC'], 'shot_families': ['orders_total_amount_by_status', 'orders_discount_amount_by_status', 'orders_count_by_status']}",B4A-FT-015-ARABIC,B4A-FT-015,orders_average_tax_by_status,arabic,validation,ما متوسط مبلغ الضريبة للطلبات التي حالتها 'pending'؟,"SELECT ROUND(AVG(tax_amount), 2) AS average_tax_amount FROM build4all_research.orders WHERE status = 'pending';",B6_qwen25coder7b_fewshot3
"SELECT ROUND(AVG(tax_amount), 2) AS average_tax_amount FROM build4all_research.orders WHERE status = 'pending';",4.3177,True,True,True,,"{'shot_ids': ['B4A-FT-043-FRENCH', 'B4A-FT-042-FRENCH', 'B4A-FT-014-FRENCH'], 'shot_families': ['payments_average_by_status', 'payments_total_by_status', 'orders_discount_amount_by_status']}",B4A-FT-015-FRENCH,B4A-FT-015,orders_average_tax_by_status,french,validation,Quel est le montant moyen de la taxe dont le statut est 'pending' ?,"SELECT ROUND(AVG(tax_amount), 2) AS average_tax_amount FROM build4all_research.orders WHERE status = 'pending';",B6_qwen25coder7b_fewshot3
"SELECT ROUND(SUM(tax_amount), 2) AS total_tax_amount FROM build4all_research.orders WHERE status = 'pending';",4.2292,True,True,False,,"{'shot_ids': ['B4A-FT-011-LEBANESE_ARABIZI', 'B4A-FT-012-LEBANESE_ARABIZI', 'B4A-FT-014-LEBANESE_ARABIZI'], 'shot_families': ['orders_count_by_status', 'orders_total_amount_by_status', 'orders_discount_amount_by_status']}",B4A-FT-015-LEBANESE_ARABIZI,B4A-FT-015,orders_average_tax_by_status,lebanese_arabizi,validation,Adde moutawassit el tax lal orders yalli status taba3a 'pending'?,"SELECT ROUND(AVG(tax_amount), 2) AS average_tax_amount FROM build4all_research.orders WHERE status = 'pending';",B6_qwen25coder7b_fewshot3
SELECT AVG(tax_amount) AS average_tax_amount FROM build4all_research.orders WHERE status = 'processing';,3.9258,True,True,False,,"{'shot_ids': ['B4A-FT-017-ENGLISH', 'B4A-FT-016-ENGLISH', 'B4A-FT-019-ENGLISH'], 'shot_families': ['orders_total_amount_by_status', 'orders_count_by_status', 'orders_discount_amount_by_status']}",B4A-FT-020-ENGLISH,B4A-FT-020,orders_average_tax_by_status,english,validation,What is the average tax amount for orders whose status is 'processing'?,"SELECT ROUND(AVG(tax_amount), 2) AS average_tax_amount FROM build4all_research.orders WHERE status = 'processing';",B6_qwen25coder7b_fewshot3
SELECT AVG(tax_amount) AS average_tax_amount FROM build4all_research.orders WHERE status = 'processing';,3.848,True,True,False,,"{'shot_ids': ['B4A-FT-017-ARABIC', 'B4A-FT-019-ARABIC', 'B4A-FT-016-ARABIC'], 'shot_families': ['orders_total_amount_by_status', 'orders_discount_amount_by_status', 'orders_count_by_status']}",B4A-FT-020-ARABIC,B4A-FT-020,orders_average_tax_by_status,arabic,validation,ما متوسط مبلغ الضريبة للطلبات التي حالتها 'processing'؟,"SELECT ROUND(AVG(tax_amount), 2) AS average_tax_amount FROM build4all_research.orders WHERE status = 'processing';",B6_qwen25coder7b_fewshot3
"SELECT ROUND(AVG(tax_amount), 2) AS average_tax_amount FROM build4all_research.orders WHERE status = 'processing';",4.2026,True,True,True,,"{'shot_ids': ['B4A-FT-019-FRENCH', 'B4A-FT-017-FRENCH', 'B4A-FT-043-FRENCH'], 'shot_families': ['orders_discount_amount_by_status', 'orders_total_amount_by_status', 'payments_average_by_status']}",B4A-FT-020-FRENCH,B4A-FT-020,orders_average_tax_by_status,french,validation,Quel est le montant moyen de la taxe dont le statut est 'processing' ?,"SELECT ROUND(AVG(tax_amount), 2) AS average_tax_amount FROM build4all_research.orders WHERE status = 'processing';",B6_qwen25coder7b_fewshot3
"SELECT ROUND(SUM(tax_amount), 2) AS total_tax_amount FROM build4all_research.orders WHERE status = 'processing';",4.2153,True,True,False,,"{'shot_ids': ['B4A-FT-016-LEBANESE_ARABIZI', 'B4A-FT-017-LEBANESE_ARABIZI', 'B4A-FT-019-LEBANESE_ARABIZI'], 'shot_families': ['orders_count_by_status', 'orders_total_amount_by_status', 'orders_discount_amount_by_status']}",B4A-FT-020-LEBANESE_ARABIZI,B4A-FT-020,orders_average_tax_by_status,lebanese_arabizi,validation,Adde moutawassit el tax lal orders yalli status taba3a 'processing'?,"SELECT ROUND(AVG(tax_amount), 2) AS average_tax_amount FROM build4all_research.orders WHERE status = 'processing';",B6_qwen25coder7b_fewshot3
SELECT AVG(tax_amount) AS average_tax_amount FROM build4all_research.orders WHERE status = 'refunded';,3.8898,True,True,False,,"{'shot_ids': ['B4A-FT-022-ENGLISH', 'B4A-FT-021-ENGLISH', 'B4A-FT-024-ENGLISH'], 'shot_families': ['orders_total_amount_by_status', 'orders_count_by_status', 'orders_discount_amount_by_status']}",B4A-FT-025-ENGLISH,B4A-FT-025,orders_average_tax_by_status,english,validation,What is the average tax amount for orders whose status is 'refunded'?,"SELECT ROUND(AVG(tax_amount), 2) AS average_tax_amount FROM build4all_research.orders WHERE status = 'refunded';",B6_qwen25coder7b_fewshot3
SELECT AVG(tax_amount) AS average_tax_amount FROM build4all_research.orders WHERE status = 'refunded';,4.0487,True,True,False,,"{'shot_ids': ['B4A-FT-022-ARABIC', 'B4A-FT-024-ARABIC', 'B4A-FT-021-ARABIC'], 'shot_families': ['orders_total_amount_by_status', 'orders_discount_amount_by_status', 'orders_count_by_status']}",B4A-FT-025-ARABIC,B4A-FT-025,orders_average_tax_by_status,arabic,validation,ما متوسط مبلغ الضريبة للطلبات التي حالتها 'refunded'؟,"SELECT ROUND(AVG(tax_amount), 2) AS average_tax_amount FROM build4all_research.orders WHERE status = 'refunded';",B6_qwen25coder7b_fewshot3
"SELECT ROUND(AVG(tax_amount), 2) AS average_tax_amount FROM build4all_research.orders WHERE status = 'refunded';",4.2531,True,True,True,,"{'shot_ids': ['B4A-FT-048-FRENCH', 'B4A-FT-024-FRENCH', 'B4A-FT-047-FRENCH'], 'shot_families': ['payments_average_by_status', 'orders_discount_amount_by_status', 'payments_total_by_status']}",B4A-FT-025-FRENCH,B4A-FT-025,orders_average_tax_by_status,french,validation,Quel est le montant moyen de la taxe dont le statut est 'refunded' ?,"SELECT ROUND(AVG(tax_amount), 2) AS average_tax_amount FROM build4all_research.orders WHERE status = 'refunded';",B6_qwen25coder7b_fewshot3
"SELECT ROUND(SUM(tax_amount), 2) AS total_tax_amount FROM build4all_research.orders WHERE status = 'refunded';",4.3198,True,True,False,,"{'shot_ids': ['B4A-FT-021-LEBANESE_ARABIZI', 'B4A-FT-022-LEBANESE_ARABIZI', 'B4A-FT-024-LEBANESE_ARABIZI'], 'shot_families': ['orders_count_by_status', 'orders_total_amount_by_status', 'orders_discount_amount_by_status']}",B4A-FT-025-LEBANESE_ARABIZI,B4A-FT-025,orders_average_tax_by_status,lebanese_arabizi,validation,Adde moutawassit el tax lal orders yalli status taba3a 'refunded'?,"SELECT ROUND(AVG(tax_amount), 2) AS average_tax_amount FROM build4all_research.orders WHERE status = 'refunded';",B6_qwen25coder7b_fewshot3
SELECT AVG(tax_amount) AS average_tax_amount FROM build4all_research.orders WHERE status = 'shipped';,3.9117,True,True,False,,"{'shot_ids': ['B4A-FT-027-ENGLISH', 'B4A-FT-026-ENGLISH', 'B4A-FT-029-ENGLISH'], 'shot_families': ['orders_total_amount_by_status', 'orders_count_by_status', 'orders_discount_amount_by_status']}",B4A-FT-030-ENGLISH,B4A-FT-030,orders_average_tax_by_status,english,validation,What is the average tax amount for orders whose status is 'shipped'?,"SELECT ROUND(AVG(tax_amount), 2) AS average_tax_amount FROM build4all_research.orders WHERE status = 'shipped';",B6_qwen25coder7b_fewshot3
SELECT AVG(tax_amount) AS average_tax_amount FROM build4all_research.orders WHERE status = 'shipped';,3.9099,True,True,False,,"{'shot_ids': ['B4A-FT-027-ARABIC', 'B4A-FT-029-ARABIC', 'B4A-FT-026-ARABIC'], 'shot_families': ['orders_total_amount_by_status', 'orders_discount_amount_by_status', 'orders_count_by_status']}",B4A-FT-030-ARABIC,B4A-FT-030,orders_average_tax_by_status,arabic,validation,ما متوسط مبلغ الضريبة للطلبات التي حالتها 'shipped'؟,"SELECT ROUND(AVG(tax_amount), 2) AS average_tax_amount FROM build4all_research.orders WHERE status = 'shipped';",B6_qwen25coder7b_fewshot3
SELECT AVG(tax_amount) AS average_tax_amount FROM build4all_research.orders WHERE status = 'shipped';,4.0383,True,True,False,,"{'shot_ids': ['B4A-FT-029-FRENCH', 'B4A-FT-027-FRENCH', 'B4A-FT-026-FRENCH'], 'shot_families': ['orders_discount_amount_by_status', 'orders_total_amount_by_status', 'orders_count_by_status']}",B4A-FT-030-FRENCH,B4A-FT-030,orders_average_tax_by_status,french,validation,Quel est le montant moyen de la taxe dont le statut est 'shipped' ?,"SELECT ROUND(AVG(tax_amount), 2) AS average_tax_amount FROM build4all_research.orders WHERE status = 'shipped';",B6_qwen25coder7b_fewshot3
"SELECT ROUND(SUM(tax_amount), 2) AS total_tax_amount FROM build4all_research.orders WHERE status = 'shipped';",4.2942,True,True,False,,"{'shot_ids': ['B4A-FT-026-LEBANESE_ARABIZI', 'B4A-FT-027-LEBANESE_ARABIZI', 'B4A-FT-029-LEBANESE_ARABIZI'], 'shot_families': ['orders_count_by_status', 'orders_total_amount_by_status', 'orders_discount_amount_by_status']}",B4A-FT-030-LEBANESE_ARABIZI,B4A-FT-030,orders_average_tax_by_status,lebanese_arabizi,validation,Adde moutawassit el tax lal orders yalli status taba3a 'shipped'?,"SELECT ROUND(AVG(tax_amount), 2) AS average_tax_amount FROM build4all_research.orders WHERE status = 'shipped';",B6_qwen25coder7b_fewshot3
SELECT COUNT(*) AS bank_transfer_payment_count FROM build4all_research.payments WHERE payment_method = 'bank_transfer';,4.0842,True,True,True,,"{'shot_ids': ['B4A-FT-054-ENGLISH', 'B4A-FT-052-ENGLISH', 'B4A-FT-053-ENGLISH'], 'shot_families': ['payment_method_paid_count', 'payment_method_total', 'payment_method_average']}",B4A-FT-051-ENGLISH,B4A-FT-051,payment_method_count,english,validation,What is the number of payments made using 'bank_transfer'?,SELECT COUNT(*) AS payment_count FROM build4all_research.payments WHERE payment_method = 'bank_transfer';,B6_qwen25coder7b_fewshot3
SELECT COUNT(*) AS bank_transfer_payment_count FROM build4all_research.payments WHERE payment_method = 'bank_transfer';,3.9512,True,True,True,,"{'shot_ids': ['B4A-FT-054-ARABIC', 'B4A-FT-052-ARABIC', 'B4A-FT-054-FRENCH'], 'shot_families': ['payment_method_paid_count', 'payment_method_total', 'payment_method_paid_count']}",B4A-FT-051-ARABIC,B4A-FT-051,payment_method_count,arabic,validation,ما عدد عمليات الدفع باستخدام طريقة 'bank_transfer'؟,SELECT COUNT(*) AS payment_count FROM build4all_research.payments WHERE payment_method = 'bank_transfer';,B6_qwen25coder7b_fewshot3
SELECT COUNT(*) AS paid_payment_count FROM build4all_research.payments WHERE payment_method = 'bank_transfer';,3.8953,True,True,True,,"{'shot_ids': ['B4A-FT-054-FRENCH', 'B4A-FT-052-FRENCH', 'B4A-FT-053-FRENCH'], 'shot_families': ['payment_method_paid_count', 'payment_method_total', 'payment_method_average']}",B4A-FT-051-FRENCH,B4A-FT-051,payment_method_count,french,validation,Quel est le nombre de paiements effectué avec la méthode 'bank_transfer' ?,SELECT COUNT(*) AS payment_count FROM build4all_research.payments WHERE payment_method = 'bank_transfer';,B6_qwen25coder7b_fewshot3
SELECT COUNT(*) AS paid_payment_count FROM build4all_research.payments WHERE payment_method = 'bank_transfer' AND payment_status = 'paid';,4.3743,True,True,False,,"{'shot_ids': ['B4A-FT-054-LEBANESE_ARABIZI', 'B4A-FT-052-LEBANESE_ARABIZI', 'B4A-FT-053-LEBANESE_ARABIZI'], 'shot_families': ['payment_method_paid_count', 'payment_method_total', 'payment_method_average']}",B4A-FT-051-LEBANESE_ARABIZI,B4A-FT-051,payment_method_count,lebanese_arabizi,validation,Adde 3adad el payments bi tari2et 'bank_transfer'?,SELECT COUNT(*) AS payment_count FROM build4all_research.payments WHERE payment_method = 'bank_transfer';,B6_qwen25coder7b_fewshot3
"SELECT ROUND(SUM(paid_amount), 2) AS total_paid_amount 
FROM build4all_research.payments 
WHERE payment_method = 'bank_transfer' AND payment_status = 'paid';",4.9854,True,True,True,,"{'shot_ids': ['B4A-FT-054-ENGLISH', 'B4A-FT-052-ENGLISH', 'B4A-FT-053-ENGLISH'], 'shot_families': ['payment_method_paid_count', 'payment_method_total', 'payment_method_average']}",B4A-FT-055-ENGLISH,B4A-FT-055,payment_method_paid_total,english,validation,What is the total amount of successful paid payments made using 'bank_transfer'?,"SELECT ROUND(SUM(paid_amount), 2) AS paid_total_amount FROM build4all_research.payments WHERE payment_method = 'bank_transfer' AND payment_status = 'paid';",B6_qwen25coder7b_fewshot3
SELECT SUM(paid_amount) AS total_paid_amount FROM build4all_research.payments WHERE payment_method = 'bank_transfer' AND payment_status = 'paid';,4.6815,True,True,True,,"{'shot_ids': ['B4A-FT-054-ARABIC', 'B4A-FT-052-ARABIC', 'B4A-FT-053-ARABIC'], 'shot_families': ['payment_method_paid_count', 'payment_method_total', 'payment_method_average']}",B4A-FT-055-ARABIC,B4A-FT-055,payment_method_paid_total,arabic,validation,ما إجمالي المدفوعات الناجحة باستخدام طريقة 'bank_transfer'؟,"SELECT ROUND(SUM(paid_amount), 2) AS paid_total_amount FROM build4all_research.payments WHERE payment_method = 'bank_transfer' AND payment_status = 'paid';",B6_qwen25coder7b_fewshot3
"SELECT ROUND(SUM(paid_amount), 2) AS total_paid_amount 
FROM build4all_research.payments 
WHERE payment_method = 'bank_transfer' AND payment_status = 'paid';",5.0411,True,True,True,,"{'shot_ids': ['B4A-FT-054-FRENCH', 'B4A-FT-052-FRENCH', 'B4A-FT-053-FRENCH'], 'shot_families': ['payment_method_paid_count', 'payment_method_total', 'payment_method_average']}",B4A-FT-055-FRENCH,B4A-FT-055,payment_method_paid_total,french,validation,Quel est le montant total des paiements réussis effectué avec la méthode 'bank_transfer' ?,"SELECT ROUND(SUM(paid_amount), 2) AS paid_total_amount FROM build4all_research.payments WHERE payment_method = 'bank_transfer' AND payment_status = 'paid';",B6_qwen25coder7b_fewshot3
"SELECT ROUND(SUM(paid_amount), 2) AS total_paid_amount FROM build4all_research.payments WHERE payment_method = 'bank_transfer';",4.582,True,True,True,,"{'shot_ids': ['B4A-FT-052-LEBANESE_ARABIZI', 'B4A-FT-054-LEBANESE_ARABIZI', 'B4A-FT-053-LEBANESE_ARABIZI'], 'shot_families': ['payment_method_total', 'payment_method_paid_count', 'payment_method_average']}",B4A-FT-055-LEBANESE_ARABIZI,B4A-FT-055,payment_method_paid_total,lebanese_arabizi,validation,Adde majmou3 el paid payments bi tari2et 'bank_transfer'?,"SELECT ROUND(SUM(paid_amount), 2) AS paid_total_amount FROM build4all_research.payments WHERE payment_method = 'bank_transfer' AND payment_status = 'paid';",B6_qwen25coder7b_fewshot3
SELECT COUNT(*) AS cash_on_delivery_payment_count FROM build4all_research.payments WHERE payment_method = 'cash_on_delivery';,4.0075,True,True,True,,"{'shot_ids': ['B4A-FT-059-ENGLISH', 'B4A-FT-057-ENGLISH', 'B4A-FT-058-ENGLISH'], 'shot_families': ['payment_method_paid_count', 'payment_method_total', 'payment_method_average']}",B4A-FT-056-ENGLISH,B4A-FT-056,payment_method_count,english,validation,What is the number of payments made using 'cash_on_delivery'?,SELECT COUNT(*) AS payment_count FROM build4all_research.payments WHERE payment_method = 'cash_on_delivery';,B6_qwen25coder7b_fewshot3
SELECT COUNT(*) AS payment_count FROM build4all_research.payments WHERE payment_method = 'cash_on_delivery';,3.8985,True,True,True,,"{'shot_ids': ['B4A-FT-059-ARABIC', 'B4A-FT-057-ARABIC', 'B4A-FT-059-FRENCH'], 'shot_families': ['payment_method_paid_count', 'payment_method_total', 'payment_method_paid_count']}",B4A-FT-056-ARABIC,B4A-FT-056,payment_method_count,arabic,validation,ما عدد عمليات الدفع باستخدام طريقة 'cash_on_delivery'؟,SELECT COUNT(*) AS payment_count FROM build4all_research.payments WHERE payment_method = 'cash_on_delivery';,B6_qwen25coder7b_fewshot3
SELECT COUNT(*) AS paid_payment_count FROM build4all_research.payments WHERE payment_method = 'cash_on_delivery';,3.904,True,True,True,,"{'shot_ids': ['B4A-FT-059-FRENCH', 'B4A-FT-057-FRENCH', 'B4A-FT-058-FRENCH'], 'shot_families': ['payment_method_paid_count', 'payment_method_total', 'payment_method_average']}",B4A-FT-056-FRENCH,B4A-FT-056,payment_method_count,french,validation,Quel est le nombre de paiements effectué avec la méthode 'cash_on_delivery' ?,SELECT COUNT(*) AS payment_count FROM build4all_research.payments WHERE payment_method = 'cash_on_delivery';,B6_qwen25coder7b_fewshot3
SELECT COUNT(*) AS paid_payment_count FROM build4all_research.payments WHERE payment_method = 'cash_on_delivery' AND payment_status = 'paid';,4.4379,True,True,False,,"{'shot_ids': ['B4A-FT-059-LEBANESE_ARABIZI', 'B4A-FT-057-LEBANESE_ARABIZI', 'B4A-FT-058-LEBANESE_ARABIZI'], 'shot_families': ['payment_method_paid_count', 'payment_method_total', 'payment_method_average']}",B4A-FT-056-LEBANESE_ARABIZI,B4A-FT-056,payment_method_count,lebanese_arabizi,validation,Adde 3adad el payments bi tari2et 'cash_on_delivery'?,SELECT COUNT(*) AS payment_count FROM build4all_research.payments WHERE payment_method = 'cash_on_delivery';,B6_qwen25coder7b_fewshot3
"SELECT ROUND(SUM(paid_amount), 2) AS total_paid_amount 
FROM build4all_research.payments 
WHERE payment_method = 'cash_on_delivery' AND payment_status = 'paid';",5.2201,True,True,True,,"{'shot_ids': ['B4A-FT-059-ENGLISH', 'B4A-FT-057-ENGLISH', 'B4A-FT-058-ENGLISH'], 'shot_families': ['payment_method_paid_count', 'payment_method_total', 'payment_method_average']}",B4A-FT-060-ENGLISH,B4A-FT-060,payment_method_paid_total,english,validation,What is the total amount of successful paid payments made using 'cash_on_delivery'?,"SELECT ROUND(SUM(paid_amount), 2) AS paid_total_amount FROM build4all_research.payments WHERE payment_method = 'cash_on_delivery' AND payment_status = 'paid';",B6_qwen25coder7b_fewshot3
SELECT COUNT(*) AS successful_cash_on_delivery_payments FROM build4all_research.payments WHERE payment_method = 'cash_on_delivery' AND payment_status = 'paid';,4.5419,True,True,False,,"{'shot_ids': ['B4A-FT-059-ARABIC', 'B4A-FT-057-ARABIC', 'B4A-FT-058-ARABIC'], 'shot_families': ['payment_method_paid_count', 'payment_method_total', 'payment_method_average']}",B4A-FT-060-ARABIC,B4A-FT-060,payment_method_paid_total,arabic,validation,ما إجمالي المدفوعات الناجحة باستخدام طريقة 'cash_on_delivery'؟,"SELECT ROUND(SUM(paid_amount), 2) AS paid_total_amount FROM build4all_research.payments WHERE payment_method = 'cash_on_delivery' AND payment_status = 'paid';",B6_qwen25coder7b_fewshot3
"SELECT ROUND(SUM(paid_amount), 2) AS total_paid_amount 
FROM build4all_research.payments 
WHERE payment_method = 'cash_on_delivery' AND payment_status = 'paid';",5.3062,True,True,True,,"{'shot_ids': ['B4A-FT-059-FRENCH', 'B4A-FT-057-FRENCH', 'B4A-FT-058-FRENCH'], 'shot_families': ['payment_method_paid_count', 'payment_method_total', 'payment_method_average']}",B4A-FT-060-FRENCH,B4A-FT-060,payment_method_paid_total,french,validation,Quel est le montant total des paiements réussis effectué avec la méthode 'cash_on_delivery' ?,"SELECT ROUND(SUM(paid_amount), 2) AS paid_total_amount FROM build4all_research.payments WHERE payment_method = 'cash_on_delivery' AND payment_status = 'paid';",B6_qwen25coder7b_fewshot3
"SELECT ROUND(SUM(paid_amount), 2) AS total_paid_amount FROM build4all_research.payments WHERE payment_method = 'cash_on_delivery';",4.4945,True,True,True,,"{'shot_ids': ['B4A-FT-057-LEBANESE_ARABIZI', 'B4A-FT-059-LEBANESE_ARABIZI', 'B4A-FT-058-LEBANESE_ARABIZI'], 'shot_families': ['payment_method_total', 'payment_method_paid_count', 'payment_method_average']}",B4A-FT-060-LEBANESE_ARABIZI,B4A-FT-060,payment_method_paid_total,lebanese_arabizi,validation,Adde majmou3 el paid payments bi tari2et 'cash_on_delivery'?,"SELECT ROUND(SUM(paid_amount), 2) AS paid_total_amount FROM build4all_research.payments WHERE payment_method = 'cash_on_delivery' AND payment_status = 'paid';",B6_qwen25coder7b_fewshot3
SELECT COUNT(*) AS credit_card_payment_count FROM build4all_research.payments WHERE payment_method = 'credit_card';,3.9852,True,True,True,,"{'shot_ids': ['B4A-FT-064-ENGLISH', 'B4A-FT-062-ENGLISH', 'B4A-FT-063-ENGLISH'], 'shot_families': ['payment_method_paid_count', 'payment_method_total', 'payment_method_average']}",B4A-FT-061-ENGLISH,B4A-FT-061,payment_method_count,english,validation,What is the number of payments made using 'credit_card'?,SELECT COUNT(*) AS payment_count FROM build4all_research.payments WHERE payment_method = 'credit_card';,B6_qwen25coder7b_fewshot3
SELECT COUNT(*) AS credit_card_payment_count FROM build4all_research.payments WHERE payment_method = 'credit_card';,3.9508,True,True,True,,"{'shot_ids': ['B4A-FT-064-ARABIC', 'B4A-FT-062-ARABIC', 'B4A-FT-064-FRENCH'], 'shot_families': ['payment_method_paid_count', 'payment_method_total', 'payment_method_paid_count']}",B4A-FT-061-ARABIC,B4A-FT-061,payment_method_count,arabic,validation,ما عدد عمليات الدفع باستخدام طريقة 'credit_card'؟,SELECT COUNT(*) AS payment_count FROM build4all_research.payments WHERE payment_method = 'credit_card';,B6_qwen25coder7b_fewshot3
SELECT COUNT(*) AS credit_card_payment_count FROM build4all_research.payments WHERE payment_method = 'credit_card';,3.9084,True,True,True,,"{'shot_ids': ['B4A-FT-064-FRENCH', 'B4A-FT-062-FRENCH', 'B4A-FT-069-FRENCH'], 'shot_families': ['payment_method_paid_count', 'payment_method_total', 'payment_method_paid_count']}",B4A-FT-061-FRENCH,B4A-FT-061,payment_method_count,french,validation,Quel est le nombre de paiements effectué avec la méthode 'credit_card' ?,SELECT COUNT(*) AS payment_count FROM build4all_research.payments WHERE payment_method = 'credit_card';,B6_qwen25coder7b_fewshot3
SELECT COUNT(*) AS paid_payment_count FROM build4all_research.payments WHERE payment_method = 'credit_card' AND payment_status = 'paid';,4.3381,True,True,False,,"{'shot_ids': ['B4A-FT-064-LEBANESE_ARABIZI', 'B4A-FT-069-LEBANESE_ARABIZI', 'B4A-FT-062-LEBANESE_ARABIZI'], 'shot_families': ['payment_method_paid_count', 'payment_method_paid_count', 'payment_method_total']}",B4A-FT-061-LEBANESE_ARABIZI,B4A-FT-061,payment_method_count,lebanese_arabizi,validation,Adde 3adad el payments bi tari2et 'credit_card'?,SELECT COUNT(*) AS payment_count FROM build4all_research.payments WHERE payment_method = 'credit_card';,B6_qwen25coder7b_fewshot3
"SELECT ROUND(SUM(paid_amount), 2) AS total_paid_amount 
FROM build4all_research.payments 
WHERE payment_method = 'credit_card' AND payment_status = 'paid';",5.0195,True,True,True,,"{'shot_ids': ['B4A-FT-064-ENGLISH', 'B4A-FT-069-ENGLISH', 'B4A-FT-062-ENGLISH'], 'shot_families': ['payment_method_paid_count', 'payment_method_paid_count', 'payment_method_total']}",B4A-FT-065-ENGLISH,B4A-FT-065,payment_method_paid_total,english,validation,What is the total amount of successful paid payments made using 'credit_card'?,"SELECT ROUND(SUM(paid_amount), 2) AS paid_total_amount FROM build4all_research.payments WHERE payment_method = 'credit_card' AND payment_status = 'paid';",B6_qwen25coder7b_fewshot3
SELECT SUM(paid_amount) AS total_paid_amount FROM build4all_research.payments WHERE payment_method = 'credit_card' AND payment_status = 'paid';,4.657,True,True,True,,"{'shot_ids': ['B4A-FT-064-ARABIC', 'B4A-FT-069-ARABIC', 'B4A-FT-062-ARABIC'], 'shot_families': ['payment_method_paid_count', 'payment_method_paid_count', 'payment_method_total']}",B4A-FT-065-ARABIC,B4A-FT-065,payment_method_paid_total,arabic,validation,ما إجمالي المدفوعات الناجحة باستخدام طريقة 'credit_card'؟,"SELECT ROUND(SUM(paid_amount), 2) AS paid_total_amount FROM build4all_research.payments WHERE payment_method = 'credit_card' AND payment_status = 'paid';",B6_qwen25coder7b_fewshot3
"SELECT ROUND(SUM(paid_amount), 2) AS total_paid_amount 
FROM build4all_research.payments 
WHERE payment_method = 'credit_card' AND payment_status = 'paid';",5.0415,True,True,True,,"{'shot_ids': ['B4A-FT-064-FRENCH', 'B4A-FT-062-FRENCH', 'B4A-FT-069-FRENCH'], 'shot_families': ['payment_method_paid_count', 'payment_method_total', 'payment_method_paid_count']}",B4A-FT-065-FRENCH,B4A-FT-065,payment_method_paid_total,french,validation,Quel est le montant total des paiements réussis effectué avec la méthode 'credit_card' ?,"SELECT ROUND(SUM(paid_amount), 2) AS paid_total_amount FROM build4all_research.payments WHERE payment_method = 'credit_card' AND payment_status = 'paid';",B6_qwen25coder7b_fewshot3
"SELECT ROUND(SUM(paid_amount), 2) AS total_paid_amount 
FROM build4all_research.payments 
WHERE payment_method = 'credit_card';",4.7321,True,True,True,,"{'shot_ids': ['B4A-FT-062-LEBANESE_ARABIZI', 'B4A-FT-064-LEBANESE_ARABIZI', 'B4A-FT-067-LEBANESE_ARABIZI'], 'shot_families': ['payment_method_total', 'payment_method_paid_count', 'payment_method_total']}",B4A-FT-065-LEBANESE_ARABIZI,B4A-FT-065,payment_method_paid_total,lebanese_arabizi,validation,Adde majmou3 el paid payments bi tari2et 'credit_card'?,"SELECT ROUND(SUM(paid_amount), 2) AS paid_total_amount FROM build4all_research.payments WHERE payment_method = 'credit_card' AND payment_status = 'paid';",B6_qwen25coder7b_fewshot3
SELECT COUNT(*) AS debit_card_payment_count FROM build4all_research.payments WHERE payment_method = 'debit_card';,3.9093,True,True,True,,"{'shot_ids': ['B4A-FT-069-ENGLISH', 'B4A-FT-067-ENGLISH', 'B4A-FT-068-ENGLISH'], 'shot_families': ['payment_method_paid_count', 'payment_method_total', 'payment_method_average']}",B4A-FT-066-ENGLISH,B4A-FT-066,payment_method_count,english,validation,What is the number of payments made using 'debit_card'?,SELECT COUNT(*) AS payment_count FROM build4all_research.payments WHERE payment_method = 'debit_card';,B6_qwen25coder7b_fewshot3
SELECT COUNT(*) AS debit_card_payment_count FROM build4all_research.payments WHERE payment_method = 'debit_card';,4.0151,True,True,True,,"{'shot_ids': ['B4A-FT-069-ARABIC', 'B4A-FT-067-ARABIC', 'B4A-FT-069-FRENCH'], 'shot_families': ['payment_method_paid_count', 'payment_method_total', 'payment_method_paid_count']}",B4A-FT-066-ARABIC,B4A-FT-066,payment_method_count,arabic,validation,ما عدد عمليات الدفع باستخدام طريقة 'debit_card'؟,SELECT COUNT(*) AS payment_count FROM build4all_research.payments WHERE payment_method = 'debit_card';,B6_qwen25coder7b_fewshot3
SELECT COUNT(*) AS debit_card_payment_count FROM build4all_research.payments WHERE payment_method = 'debit_card';,3.9057,True,True,True,,"{'shot_ids': ['B4A-FT-069-FRENCH', 'B4A-FT-067-FRENCH', 'B4A-FT-064-FRENCH'], 'shot_families': ['payment_method_paid_count', 'payment_method_total', 'payment_method_paid_count']}",B4A-FT-066-FRENCH,B4A-FT-066,payment_method_count,french,validation,Quel est le nombre de paiements effectué avec la méthode 'debit_card' ?,SELECT COUNT(*) AS payment_count FROM build4all_research.payments WHERE payment_method = 'debit_card';,B6_qwen25coder7b_fewshot3
SELECT COUNT(*) AS paid_payment_count FROM build4all_research.payments WHERE payment_method = 'debit_card' AND payment_status = 'paid';,4.3435,True,True,False,,"{'shot_ids': ['B4A-FT-069-LEBANESE_ARABIZI', 'B4A-FT-064-LEBANESE_ARABIZI', 'B4A-FT-067-LEBANESE_ARABIZI'], 'shot_families': ['payment_method_paid_count', 'payment_method_paid_count', 'payment_method_total']}",B4A-FT-066-LEBANESE_ARABIZI,B4A-FT-066,payment_method_count,lebanese_arabizi,validation,Adde 3adad el payments bi tari2et 'debit_card'?,SELECT COUNT(*) AS payment_count FROM build4all_research.payments WHERE payment_method = 'debit_card';,B6_qwen25coder7b_fewshot3
"SELECT ROUND(SUM(paid_amount), 2) AS total_paid_amount 
FROM build4all_research.payments 
WHERE payment_method = 'debit_card' AND payment_status = 'paid';",5.0742,True,True,True,,"{'shot_ids': ['B4A-FT-069-ENGLISH', 'B4A-FT-064-ENGLISH', 'B4A-FT-067-ENGLISH'], 'shot_families': ['payment_method_paid_count', 'payment_method_paid_count', 'payment_method_total']}",B4A-FT-070-ENGLISH,B4A-FT-070,payment_method_paid_total,english,validation,What is the total amount of successful paid payments made using 'debit_card'?,"SELECT ROUND(SUM(paid_amount), 2) AS paid_total_amount FROM build4all_research.payments WHERE payment_method = 'debit_card' AND payment_status = 'paid';",B6_qwen25coder7b_fewshot3
SELECT SUM(paid_amount) AS total_paid_amount FROM build4all_research.payments WHERE payment_method = 'debit_card' AND payment_status = 'paid';,4.5566,True,True,True,,"{'shot_ids': ['B4A-FT-069-ARABIC', 'B4A-FT-064-ARABIC', 'B4A-FT-067-ARABIC'], 'shot_families': ['payment_method_paid_count', 'payment_method_paid_count', 'payment_method_total']}",B4A-FT-070-ARABIC,B4A-FT-070,payment_method_paid_total,arabic,validation,ما إجمالي المدفوعات الناجحة باستخدام طريقة 'debit_card'؟,"SELECT ROUND(SUM(paid_amount), 2) AS paid_total_amount FROM build4all_research.payments WHERE payment_method = 'debit_card' AND payment_status = 'paid';",B6_qwen25coder7b_fewshot3
"SELECT ROUND(SUM(paid_amount), 2) AS total_paid_amount 
FROM build4all_research.payments 
WHERE payment_method = 'debit_card' AND payment_status = 'paid';",5.1468,True,True,True,,"{'shot_ids': ['B4A-FT-069-FRENCH', 'B4A-FT-067-FRENCH', 'B4A-FT-064-FRENCH'], 'shot_families': ['payment_method_paid_count', 'payment_method_total', 'payment_method_paid_count']}",B4A-FT-070-FRENCH,B4A-FT-070,payment_method_paid_total,french,validation,Quel est le montant total des paiements réussis effectué avec la méthode 'debit_card' ?,"SELECT ROUND(SUM(paid_amount), 2) AS paid_total_amount FROM build4all_research.payments WHERE payment_method = 'debit_card' AND payment_status = 'paid';",B6_qwen25coder7b_fewshot3
"SELECT ROUND(SUM(paid_amount), 2) AS total_paid_amount FROM build4all_research.payments WHERE payment_method = 'debit_card';",4.4065,True,True,True,,"{'shot_ids': ['B4A-FT-067-LEBANESE_ARABIZI', 'B4A-FT-069-LEBANESE_ARABIZI', 'B4A-FT-062-LEBANESE_ARABIZI'], 'shot_families': ['payment_method_total', 'payment_method_paid_count', 'payment_method_total']}",B4A-FT-070-LEBANESE_ARABIZI,B4A-FT-070,payment_method_paid_total,lebanese_arabizi,validation,Adde majmou3 el paid payments bi tari2et 'debit_card'?,"SELECT ROUND(SUM(paid_amount), 2) AS paid_total_amount FROM build4all_research.payments WHERE payment_method = 'debit_card' AND payment_status = 'paid';",B6_qwen25coder7b_fewshot3
SELECT COUNT(*) AS digital_wallet_payment_count FROM build4all_research.payments WHERE payment_method = 'digital_wallet';,3.9792,True,True,True,,"{'shot_ids': ['B4A-FT-074-ENGLISH', 'B4A-FT-072-ENGLISH', 'B4A-FT-073-ENGLISH'], 'shot_families': ['payment_method_paid_count', 'payment_method_total', 'payment_method_average']}",B4A-FT-071-ENGLISH,B4A-FT-071,payment_method_count,english,validation,What is the number of payments made using 'digital_wallet'?,SELECT COUNT(*) AS payment_count FROM build4all_research.payments WHERE payment_method = 'digital_wallet';,B6_qwen25coder7b_fewshot3
SELECT COUNT(*) AS digital_wallet_payment_count FROM build4all_research.payments WHERE payment_method = 'digital_wallet';,3.9299,True,True,True,,"{'shot_ids': ['B4A-FT-074-ARABIC', 'B4A-FT-072-ARABIC', 'B4A-FT-073-ARABIC'], 'shot_families': ['payment_method_paid_count', 'payment_method_total', 'payment_method_average']}",B4A-FT-071-ARABIC,B4A-FT-071,payment_method_count,arabic,validation,ما عدد عمليات الدفع باستخدام طريقة 'digital_wallet'؟,SELECT COUNT(*) AS payment_count FROM build4all_research.payments WHERE payment_method = 'digital_wallet';,B6_qwen25coder7b_fewshot3
SELECT COUNT(*) AS digital_wallet_payment_count FROM build4all_research.payments WHERE payment_method = 'digital_wallet';,3.9533,True,True,True,,"{'shot_ids': ['B4A-FT-074-FRENCH', 'B4A-FT-072-FRENCH', 'B4A-FT-073-FRENCH'], 'shot_families': ['payment_method_paid_count', 'payment_method_total', 'payment_method_average']}",B4A-FT-071-FRENCH,B4A-FT-071,payment_method_count,french,validation,Quel est le nombre de paiements effectué avec la méthode 'digital_wallet' ?,SELECT COUNT(*) AS payment_count FROM build4all_research.payments WHERE payment_method = 'digital_wallet';,B6_qwen25coder7b_fewshot3
SELECT COUNT(*) AS paid_payment_count FROM build4all_research.payments WHERE payment_method = 'digital_wallet' AND payment_status = 'paid';,4.3573,True,True,False,,"{'shot_ids': ['B4A-FT-074-LEBANESE_ARABIZI', 'B4A-FT-072-LEBANESE_ARABIZI', 'B4A-FT-073-LEBANESE_ARABIZI'], 'shot_families': ['payment_method_paid_count', 'payment_method_total', 'payment_method_average']}",B4A-FT-071-LEBANESE_ARABIZI,B4A-FT-071,payment_method_count,lebanese_arabizi,validation,Adde 3adad el payments bi tari2et 'digital_wallet'?,SELECT COUNT(*) AS payment_count FROM build4all_research.payments WHERE payment_method = 'digital_wallet';,B6_qwen25coder7b_fewshot3
"SELECT ROUND(SUM(paid_amount), 2) AS total_paid_amount 
FROM build4all_research.payments 
WHERE payment_method = 'digital_wallet' AND payment_status = 'paid';",4.9906,True,True,True,,"{'shot_ids': ['B4A-FT-074-ENGLISH', 'B4A-FT-072-ENGLISH', 'B4A-FT-073-ENGLISH'], 'shot_families': ['payment_method_paid_count', 'payment_method_total', 'payment_method_average']}",B4A-FT-075-ENGLISH,B4A-FT-075,payment_method_paid_total,english,validation,What is the total amount of successful paid payments made using 'digital_wallet'?,"SELECT ROUND(SUM(paid_amount), 2) AS paid_total_amount FROM build4all_research.payments WHERE payment_method = 'digital_wallet' AND payment_status = 'paid';",B6_qwen25coder7b_fewshot3
SELECT SUM(paid_amount) AS total_paid_amount FROM build4all_research.payments WHERE payment_method = 'digital_wallet' AND payment_status = 'paid';,4.6156,True,True,True,,"{'shot_ids': ['B4A-FT-074-ARABIC', 'B4A-FT-072-ARABIC', 'B4A-FT-073-ARABIC'], 'shot_families': ['payment_method_paid_count', 'payment_method_total', 'payment_method_average']}",B4A-FT-075-ARABIC,B4A-FT-075,payment_method_paid_total,arabic,validation,ما إجمالي المدفوعات الناجحة باستخدام طريقة 'digital_wallet'؟,"SELECT ROUND(SUM(paid_amount), 2) AS paid_total_amount FROM build4all_research.payments WHERE payment_method = 'digital_wallet' AND payment_status = 'paid';",B6_qwen25coder7b_fewshot3
"SELECT ROUND(SUM(paid_amount), 2) AS total_paid_amount 
FROM build4all_research.payments 
WHERE payment_method = 'digital_wallet' AND payment_status = 'paid';",5.0483,True,True,True,,"{'shot_ids': ['B4A-FT-074-FRENCH', 'B4A-FT-072-FRENCH', 'B4A-FT-073-FRENCH'], 'shot_families': ['payment_method_paid_count', 'payment_method_total', 'payment_method_average']}",B4A-FT-075-FRENCH,B4A-FT-075,payment_method_paid_total,french,validation,Quel est le montant total des paiements réussis effectué avec la méthode 'digital_wallet' ?,"SELECT ROUND(SUM(paid_amount), 2) AS paid_total_amount FROM build4all_research.payments WHERE payment_method = 'digital_wallet' AND payment_status = 'paid';",B6_qwen25coder7b_fewshot3
"SELECT ROUND(SUM(paid_amount), 2) AS total_paid_amount FROM build4all_research.payments WHERE payment_method = 'digital_wallet';",4.5245,True,True,True,,"{'shot_ids': ['B4A-FT-072-LEBANESE_ARABIZI', 'B4A-FT-074-LEBANESE_ARABIZI', 'B4A-FT-073-LEBANESE_ARABIZI'], 'shot_families': ['payment_method_total', 'payment_method_paid_count', 'payment_method_average']}",B4A-FT-075-LEBANESE_ARABIZI,B4A-FT-075,payment_method_paid_total,lebanese_arabizi,validation,Adde majmou3 el paid payments bi tari2et 'digital_wallet'?,"SELECT ROUND(SUM(paid_amount), 2) AS paid_total_amount FROM build4all_research.payments WHERE payment_method = 'digital_wallet' AND payment_status = 'paid';",B6_qwen25coder7b_fewshot3
SELECT AVG(price) AS average_list_price FROM build4all_research.products WHERE status = 'active';,3.6579,True,True,False,,"{'shot_ids': ['B4A-FT-078-ENGLISH', 'B4A-FT-128-ENGLISH', 'B4A-FT-129-ENGLISH'], 'shot_families': ['products_stock_by_status', 'active_products_above_price_threshold', 'active_products_above_price_threshold']}",B4A-FT-077-ENGLISH,B4A-FT-077,products_average_price_by_status,english,validation,What is the average list price where product status is 'active'?,"SELECT ROUND(AVG(price), 2) AS average_price FROM build4all_research.products WHERE status = 'active';",B6_qwen25coder7b_fewshot3
SELECT AVG(price) AS average_list_price FROM build4all_research.products WHERE status = 'active';,3.7495,True,True,False,,"{'shot_ids': ['B4A-FT-078-ARABIC', 'B4A-FT-128-FRENCH', 'B4A-FT-127-FRENCH'], 'shot_families': ['products_stock_by_status', 'active_products_above_price_threshold', 'active_products_above_price_threshold']}",B4A-FT-077-ARABIC,B4A-FT-077,products_average_price_by_status,arabic,validation,ما متوسط سعر القائمة عندما تكون حالة المنتج 'active'؟,"SELECT ROUND(AVG(price), 2) AS average_price FROM build4all_research.products WHERE status = 'active';",B6_qwen25coder7b_fewshot3
SELECT AVG(price) AS average_price FROM build4all_research.products WHERE status = 'active';,3.6098,True,True,False,,"{'shot_ids': ['B4A-FT-128-FRENCH', 'B4A-FT-127-FRENCH', 'B4A-FT-126-FRENCH'], 'shot_families': ['active_products_above_price_threshold', 'active_products_above_price_threshold', 'active_products_above_price_threshold']}",B4A-FT-077-FRENCH,B4A-FT-077,products_average_price_by_status,french,validation,Quel est le prix catalogue moyen lorsque le statut du produit est 'active' ?,"SELECT ROUND(AVG(price), 2) AS average_price FROM build4all_research.products WHERE status = 'active';",B6_qwen25coder7b_fewshot3
SELECT AVG(price) AS average_price FROM build4all_research.products WHERE status = 'active';,3.648,True,True,False,,"{'shot_ids': ['B4A-FT-043-LEBANESE_ARABIZI', 'B4A-FT-038-LEBANESE_ARABIZI', 'B4A-FT-048-LEBANESE_ARABIZI'], 'shot_families': ['payments_average_by_status', 'payments_average_by_status', 'payments_average_by_status']}",B4A-FT-077-LEBANESE_ARABIZI,B4A-FT-077,products_average_price_by_status,lebanese_arabizi,validation,Adde moutawassit el price lama product status ykoun 'active'?,"SELECT ROUND(AVG(price), 2) AS average_price FROM build4all_research.products WHERE status = 'active';",B6_qwen25coder7b_fewshot3
"SELECT SUM(COALESCE(sale_price, price) * stock) AS inventory_value 
FROM build4all_research.products 
WHERE status = 'active';",4.6696,True,True,True,,"{'shot_ids': ['B4A-FT-078-ENGLISH', 'B4A-FT-078-FRENCH', 'B4A-FT-088-ENGLISH'], 'shot_families': ['products_stock_by_status', 'products_stock_by_status', 'products_stock_by_status']}",B4A-FT-079-ENGLISH,B4A-FT-079,products_inventory_value_by_status,english,validation,What is the inventory value using sale price when available where product status is 'active'?,"SELECT ROUND(SUM(stock * COALESCE(sale_price, price)), 2) AS inventory_value FROM build4all_research.products WHERE status = 'active';",B6_qwen25coder7b_fewshot3
"SELECT SUM(COALESCE(sale_price, price) * stock) AS total_inventory_value 
FROM build4all_research.products 
WHERE status = 'active';",4.5549,True,True,True,,"{'shot_ids': ['B4A-FT-078-ARABIC', 'B4A-FT-083-ARABIC', 'B4A-FT-088-ARABIC'], 'shot_families': ['products_stock_by_status', 'products_stock_by_status', 'products_stock_by_status']}",B4A-FT-079-ARABIC,B4A-FT-079,products_inventory_value_by_status,arabic,validation,ما قيمة المخزون باستخدام سعر التخفيض عند توفره عندما تكون حالة المنتج 'active'؟,"SELECT ROUND(SUM(stock * COALESCE(sale_price, price)), 2) AS inventory_value FROM build4all_research.products WHERE status = 'active';",B6_qwen25coder7b_fewshot3
"SELECT SUM(sale_price * stock) AS total_sale_stock_value 
FROM build4all_research.products 
WHERE status = 'active';",4.2544,True,True,False,,"{'shot_ids': ['B4A-FT-078-FRENCH', 'B4A-FT-083-FRENCH', 'B4A-FT-088-FRENCH'], 'shot_families': ['products_stock_by_status', 'products_stock_by_status', 'products_stock_by_status']}",B4A-FT-079-FRENCH,B4A-FT-079,products_inventory_value_by_status,french,validation,Quel est le valeur du stock utilisant le prix soldé lorsqu'il existe lorsque le statut du produit est 'active' ?,"SELECT ROUND(SUM(stock * COALESCE(sale_price, price)), 2) AS inventory_value FROM build4all_research.products WHERE status = 'active';",B6_qwen25coder7b_fewshot3
"SELECT SUM(sale_price * stock) AS total_inventory_value 
FROM build4all_research.products 
WHERE status = 'active';",4.1497,True,True,False,,"{'shot_ids': ['B4A-FT-045-LEBANESE_ARABIZI', 'B4A-FT-078-LEBANESE_ARABIZI', 'B4A-FT-040-LEBANESE_ARABIZI'], 'shot_families': ['payments_dated_by_status', 'products_stock_by_status', 'payments_dated_by_status']}",B4A-FT-079-LEBANESE_ARABIZI,B4A-FT-079,products_inventory_value_by_status,lebanese_arabizi,validation,Adde 2imet el inventory 3a sale price iza mawjoude lama product status ykoun 'active'?,"SELECT ROUND(SUM(stock * COALESCE(sale_price, price)), 2) AS inventory_value FROM build4all_research.products WHERE status = 'active';",B6_qwen25coder7b_fewshot3
SELECT COUNT(DISTINCT category_id) AS represented_categories FROM build4all_research.products WHERE status = 'active';,3.8918,True,True,True,,"{'shot_ids': ['B4A-FT-078-ENGLISH', 'B4A-FT-122-ENGLISH', 'B4A-FT-121-ENGLISH'], 'shot_families': ['products_stock_by_status', 'active_products_below_stock_threshold', 'active_products_below_stock_threshold']}",B4A-FT-080-ENGLISH,B4A-FT-080,products_categories_by_status,english,validation,What is the number of represented categories where product status is 'active'?,SELECT COUNT(DISTINCT category_id) AS category_count FROM build4all_research.products WHERE status = 'active';,B6_qwen25coder7b_fewshot3
"SELECT COUNT(DISTINCT category_id) AS active_categories_count 
FROM build4all_research.products 
WHERE status = 'active';",4.1101,True,True,True,,"{'shot_ids': ['B4A-FT-078-ARABIC', 'B4A-FT-078-FRENCH', 'B4A-FT-078-ENGLISH'], 'shot_families': ['products_stock_by_status', 'products_stock_by_status', 'products_stock_by_status']}",B4A-FT-080-ARABIC,B4A-FT-080,products_categories_by_status,arabic,validation,ما عدد الفئات الممثلة عندما تكون حالة المنتج 'active'؟,SELECT COUNT(DISTINCT category_id) AS category_count FROM build4all_research.products WHERE status = 'active';,B6_qwen25coder7b_fewshot3
SELECT COUNT(DISTINCT category_id) AS distinct_categories FROM build4all_research.products WHERE status = 'active';,3.9345,True,True,True,,"{'shot_ids': ['B4A-FT-078-FRENCH', 'B4A-FT-083-FRENCH', 'B4A-FT-127-FRENCH'], 'shot_families': ['products_stock_by_status', 'products_stock_by_status', 'active_products_above_price_threshold']}",B4A-FT-080-FRENCH,B4A-FT-080,products_categories_by_status,french,validation,Quel est le nombre de catégories représentées lorsque le statut du produit est 'active' ?,SELECT COUNT(DISTINCT category_id) AS category_count FROM build4all_research.products WHERE status = 'active';,B6_qwen25coder7b_fewshot3
"SELECT COUNT(DISTINCT category_id) AS active_categories_count 
FROM build4all_research.products 
WHERE status = 'active';",4.2269,True,True,True,,"{'shot_ids': ['B4A-FT-078-LEBANESE_ARABIZI', 'B4A-FT-041-LEBANESE_ARABIZI', 'B4A-FT-036-LEBANESE_ARABIZI'], 'shot_families': ['products_stock_by_status', 'payments_count_by_status', 'payments_count_by_status']}",B4A-FT-080-LEBANESE_ARABIZI,B4A-FT-080,products_categories_by_status,lebanese_arabizi,validation,Adde 3adad el categories lama product status ykoun 'active'?,SELECT COUNT(DISTINCT category_id) AS category_count FROM build4all_research.products WHERE status = 'active';,B6_qwen25coder7b_fewshot3
SELECT AVG(price) AS average_list_price FROM build4all_research.products WHERE status = 'discontinued';,3.7613,True,True,False,,"{'shot_ids': ['B4A-FT-083-ENGLISH', 'B4A-FT-083-FRENCH', 'B4A-FT-004-ENGLISH'], 'shot_families': ['products_stock_by_status', 'products_stock_by_status', 'orders_discount_amount_by_status']}",B4A-FT-082-ENGLISH,B4A-FT-082,products_average_price_by_status,english,validation,What is the average list price where product status is 'discontinued'?,"SELECT ROUND(AVG(price), 2) AS average_price FROM build4all_research.products WHERE status = 'discontinued';",B6_qwen25coder7b_fewshot3
SELECT AVG(price) AS average_list_price FROM build4all_research.products WHERE status = 'discontinued';,3.8289,True,True,False,,"{'shot_ids': ['B4A-FT-083-ARABIC', 'B4A-FT-083-FRENCH', 'B4A-FT-083-ENGLISH'], 'shot_families': ['products_stock_by_status', 'products_stock_by_status', 'products_stock_by_status']}",B4A-FT-082-ARABIC,B4A-FT-082,products_average_price_by_status,arabic,validation,ما متوسط سعر القائمة عندما تكون حالة المنتج 'discontinued'؟,"SELECT ROUND(AVG(price), 2) AS average_price FROM build4all_research.products WHERE status = 'discontinued';",B6_qwen25coder7b_fewshot3
SELECT AVG(price) AS average_catalog_price FROM build4all_research.products WHERE status = 'discontinued';,3.7692,True,True,False,,"{'shot_ids': ['B4A-FT-083-FRENCH', 'B4A-FT-128-FRENCH', 'B4A-FT-083-ENGLISH'], 'shot_families': ['products_stock_by_status', 'active_products_above_price_threshold', 'products_stock_by_status']}",B4A-FT-082-FRENCH,B4A-FT-082,products_average_price_by_status,french,validation,Quel est le prix catalogue moyen lorsque le statut du produit est 'discontinued' ?,"SELECT ROUND(AVG(price), 2) AS average_price FROM build4all_research.products WHERE status = 'discontinued';",B6_qwen25coder7b_fewshot3
SELECT AVG(price) AS average_price FROM build4all_research.products WHERE status = 'discontinued';,3.7191,True,True,False,,"{'shot_ids': ['B4A-FT-048-LEBANESE_ARABIZI', 'B4A-FT-033-LEBANESE_ARABIZI', 'B4A-FT-043-LEBANESE_ARABIZI'], 'shot_families': ['payments_average_by_status', 'payments_average_by_status', 'payments_average_by_status']}",B4A-FT-082-LEBANESE_ARABIZI,B4A-FT-082,products_average_price_by_status,lebanese_arabizi,validation,Adde moutawassit el price lama product status ykoun 'discontinued'?,"SELECT ROUND(AVG(price), 2) AS average_price FROM build4all_research.products WHERE status = 'discontinued';",B6_qwen25coder7b_fewshot3
"SELECT SUM(COALESCE(sale_price, price) * stock) AS inventory_value 
FROM build4all_research.products 
WHERE status = 'discontinued';",4.726,True,True,True,,"{'shot_ids': ['B4A-FT-083-ENGLISH', 'B4A-FT-083-FRENCH', 'B4A-FT-088-ENGLISH'], 'shot_families': ['products_stock_by_status', 'products_stock_by_status', 'products_stock_by_status']}",B4A-FT-084-ENGLISH,B4A-FT-084,products_inventory_value_by_status,english,validation,What is the inventory value using sale price when available where product status is 'discontinued'?,"SELECT ROUND(SUM(stock * COALESCE(sale_price, price)), 2) AS inventory_value FROM build4all_research.products WHERE status = 'discontinued';",B6_qwen25coder7b_fewshot3
"SELECT SUM(stock * COALESCE(sale_price, price)) AS total_stock_value 
FROM build4all_research.products 
WHERE status = 'discontinued';",4.5135,True,True,True,,"{'shot_ids': ['B4A-FT-083-ARABIC', 'B4A-FT-078-ARABIC', 'B4A-FT-088-ARABIC'], 'shot_families': ['products_stock_by_status', 'products_stock_by_status', 'products_stock_by_status']}",B4A-FT-084-ARABIC,B4A-FT-084,products_inventory_value_by_status,arabic,validation,ما قيمة المخزون باستخدام سعر التخفيض عند توفره عندما تكون حالة المنتج 'discontinued'؟,"SELECT ROUND(SUM(stock * COALESCE(sale_price, price)), 2) AS inventory_value FROM build4all_research.products WHERE status = 'discontinued';",B6_qwen25coder7b_fewshot3
SELECT SUM(sale_price * stock) AS total_stock_value FROM build4all_research.products WHERE status = 'discontinued';,4.142,True,True,False,,"{'shot_ids': ['B4A-FT-083-FRENCH', 'B4A-FT-078-FRENCH', 'B4A-FT-088-FRENCH'], 'shot_families': ['products_stock_by_status', 'products_stock_by_status', 'products_stock_by_status']}",B4A-FT-084-FRENCH,B4A-FT-084,products_inventory_value_by_status,french,validation,Quel est le valeur du stock utilisant le prix soldé lorsqu'il existe lorsque le statut du produit est 'discontinued' ?,"SELECT ROUND(SUM(stock * COALESCE(sale_price, price)), 2) AS inventory_value FROM build4all_research.products WHERE status = 'discontinued';",B6_qwen25coder7b_fewshot3
"SELECT SUM(sale_price * stock) AS discontinued_inventory_value 
FROM build4all_research.products 
WHERE status = 'discontinued';",4.2271,True,True,False,,"{'shot_ids': ['B4A-FT-050-LEBANESE_ARABIZI', 'B4A-FT-045-LEBANESE_ARABIZI', 'B4A-FT-035-LEBANESE_ARABIZI'], 'shot_families': ['payments_dated_by_status', 'payments_dated_by_status', 'payments_dated_by_status']}",B4A-FT-084-LEBANESE_ARABIZI,B4A-FT-084,products_inventory_value_by_status,lebanese_arabizi,validation,Adde 2imet el inventory 3a sale price iza mawjoude lama product status ykoun 'discontinued'?,"SELECT ROUND(SUM(stock * COALESCE(sale_price, price)), 2) AS inventory_value FROM build4all_research.products WHERE status = 'discontinued';",B6_qwen25coder7b_fewshot3
SELECT COUNT(DISTINCT category_id) AS represented_categories FROM build4all_research.products WHERE status = 'discontinued';,3.9584,True,True,True,,"{'shot_ids': ['B4A-FT-083-ENGLISH', 'B4A-FT-083-FRENCH', 'B4A-FT-083-ARABIC'], 'shot_families': ['products_stock_by_status', 'products_stock_by_status', 'products_stock_by_status']}",B4A-FT-085-ENGLISH,B4A-FT-085,products_categories_by_status,english,validation,What is the number of represented categories where product status is 'discontinued'?,SELECT COUNT(DISTINCT category_id) AS category_count FROM build4all_research.products WHERE status = 'discontinued';,B6_qwen25coder7b_fewshot3
"SELECT COUNT(DISTINCT category_id) AS distinct_categories_count 
FROM build4all_research.products 
WHERE status = 'discontinued';",4.1596,True,True,True,,"{'shot_ids': ['B4A-FT-083-ARABIC', 'B4A-FT-083-FRENCH', 'B4A-FT-083-ENGLISH'], 'shot_families': ['products_stock_by_status', 'products_stock_by_status', 'products_stock_by_status']}",B4A-FT-085-ARABIC,B4A-FT-085,products_categories_by_status,arabic,validation,ما عدد الفئات الممثلة عندما تكون حالة المنتج 'discontinued'؟,SELECT COUNT(DISTINCT category_id) AS category_count FROM build4all_research.products WHERE status = 'discontinued';,B6_qwen25coder7b_fewshot3
"SELECT COUNT(DISTINCT category_id) AS number_of_categories 
FROM build4all_research.products 
WHERE status = 'discontinued';",4.1513,True,True,True,,"{'shot_ids': ['B4A-FT-083-FRENCH', 'B4A-FT-083-ENGLISH', 'B4A-FT-078-FRENCH'], 'shot_families': ['products_stock_by_status', 'products_stock_by_status', 'products_stock_by_status']}",B4A-FT-085-FRENCH,B4A-FT-085,products_categories_by_status,french,validation,Quel est le nombre de catégories représentées lorsque le statut du produit est 'discontinued' ?,SELECT COUNT(DISTINCT category_id) AS category_count FROM build4all_research.products WHERE status = 'discontinued';,B6_qwen25coder7b_fewshot3
"SELECT COUNT(DISTINCT category_id) AS category_count 
FROM build4all_research.products 
WHERE status = 'discontinued';",4.1986,True,True,True,,"{'shot_ids': ['B4A-FT-083-LEBANESE_ARABIZI', 'B4A-FT-041-LEBANESE_ARABIZI', 'B4A-FT-031-LEBANESE_ARABIZI'], 'shot_families': ['products_stock_by_status', 'payments_count_by_status', 'payments_count_by_status']}",B4A-FT-085-LEBANESE_ARABIZI,B4A-FT-085,products_categories_by_status,lebanese_arabizi,validation,Adde 3adad el categories lama product status ykoun 'discontinued'?,SELECT COUNT(DISTINCT category_id) AS category_count FROM build4all_research.products WHERE status = 'discontinued';,B6_qwen25coder7b_fewshot3
SELECT AVG(price) AS average_list_price FROM build4all_research.products WHERE status = 'out_of_stock';,3.8198,True,True,False,,"{'shot_ids': ['B4A-FT-088-ENGLISH', 'B4A-FT-088-FRENCH', 'B4A-FT-088-LEBANESE_ARABIZI'], 'shot_families': ['products_stock_by_status', 'products_stock_by_status', 'products_stock_by_status']}",B4A-FT-087-ENGLISH,B4A-FT-087,products_average_price_by_status,english,validation,What is the average list price where product status is 'out_of_stock'?,"SELECT ROUND(AVG(price), 2) AS average_price FROM build4all_research.products WHERE status = 'out_of_stock';",B6_qwen25coder7b_fewshot3
SELECT AVG(price) AS average_list_price FROM build4all_research.products WHERE status = 'out_of_stock';,3.8859,True,True,False,,"{'shot_ids': ['B4A-FT-088-ARABIC', 'B4A-FT-088-FRENCH', 'B4A-FT-088-ENGLISH'], 'shot_families': ['products_stock_by_status', 'products_stock_by_status', 'products_stock_by_status']}",B4A-FT-087-ARABIC,B4A-FT-087,products_average_price_by_status,arabic,validation,ما متوسط سعر القائمة عندما تكون حالة المنتج 'out_of_stock'؟,"SELECT ROUND(AVG(price), 2) AS average_price FROM build4all_research.products WHERE status = 'out_of_stock';",B6_qwen25coder7b_fewshot3
SELECT AVG(price) AS average_catalog_price FROM build4all_research.products WHERE status = 'out_of_stock';,3.8052,True,True,False,,"{'shot_ids': ['B4A-FT-088-FRENCH', 'B4A-FT-088-ENGLISH', 'B4A-FT-083-FRENCH'], 'shot_families': ['products_stock_by_status', 'products_stock_by_status', 'products_stock_by_status']}",B4A-FT-087-FRENCH,B4A-FT-087,products_average_price_by_status,french,validation,Quel est le prix catalogue moyen lorsque le statut du produit est 'out_of_stock' ?,"SELECT ROUND(AVG(price), 2) AS average_price FROM build4all_research.products WHERE status = 'out_of_stock';",B6_qwen25coder7b_fewshot3
SELECT AVG(price) AS average_price FROM build4all_research.products WHERE status = 'out_of_stock';,3.8028,True,True,False,,"{'shot_ids': ['B4A-FT-088-LEBANESE_ARABIZI', 'B4A-FT-043-LEBANESE_ARABIZI', 'B4A-FT-033-LEBANESE_ARABIZI'], 'shot_families': ['products_stock_by_status', 'payments_average_by_status', 'payments_average_by_status']}",B4A-FT-087-LEBANESE_ARABIZI,B4A-FT-087,products_average_price_by_status,lebanese_arabizi,validation,Adde moutawassit el price lama product status ykoun 'out_of_stock'?,"SELECT ROUND(AVG(price), 2) AS average_price FROM build4all_research.products WHERE status = 'out_of_stock';",B6_qwen25coder7b_fewshot3
SELECT SUM(sale_price * stock) AS inventory_value FROM build4all_research.products WHERE status = 'out_of_stock';,4.173,True,True,True,,"{'shot_ids': ['B4A-FT-088-ENGLISH', 'B4A-FT-088-FRENCH', 'B4A-FT-078-ENGLISH'], 'shot_families': ['products_stock_by_status', 'products_stock_by_status', 'products_stock_by_status']}",B4A-FT-089-ENGLISH,B4A-FT-089,products_inventory_value_by_status,english,validation,What is the inventory value using sale price when available where product status is 'out_of_stock'?,"SELECT ROUND(SUM(stock * COALESCE(sale_price, price)), 2) AS inventory_value FROM build4all_research.products WHERE status = 'out_of_stock';",B6_qwen25coder7b_fewshot3
"SELECT SUM(stock * COALESCE(sale_price, price)) AS total_stock_value 
FROM build4all_research.products 
WHERE status = 'out_of_stock';",4.5896,True,True,True,,"{'shot_ids': ['B4A-FT-088-ARABIC', 'B4A-FT-078-ARABIC', 'B4A-FT-083-ARABIC'], 'shot_families': ['products_stock_by_status', 'products_stock_by_status', 'products_stock_by_status']}",B4A-FT-089-ARABIC,B4A-FT-089,products_inventory_value_by_status,arabic,validation,ما قيمة المخزون باستخدام سعر التخفيض عند توفره عندما تكون حالة المنتج 'out_of_stock'؟,"SELECT ROUND(SUM(stock * COALESCE(sale_price, price)), 2) AS inventory_value FROM build4all_research.products WHERE status = 'out_of_stock';",B6_qwen25coder7b_fewshot3
SELECT SUM(sale_price * stock) AS total_stock_value FROM build4all_research.products WHERE status = 'out_of_stock';,4.2435,True,True,True,,"{'shot_ids': ['B4A-FT-088-FRENCH', 'B4A-FT-083-FRENCH', 'B4A-FT-078-FRENCH'], 'shot_families': ['products_stock_by_status', 'products_stock_by_status', 'products_stock_by_status']}",B4A-FT-089-FRENCH,B4A-FT-089,products_inventory_value_by_status,french,validation,Quel est le valeur du stock utilisant le prix soldé lorsqu'il existe lorsque le statut du produit est 'out_of_stock' ?,"SELECT ROUND(SUM(stock * COALESCE(sale_price, price)), 2) AS inventory_value FROM build4all_research.products WHERE status = 'out_of_stock';",B6_qwen25coder7b_fewshot3
"SELECT SUM(sale_price * stock) AS total_inventory_value 
FROM build4all_research.products 
WHERE status = 'out_of_stock';",4.3253,True,True,True,,"{'shot_ids': ['B4A-FT-088-LEBANESE_ARABIZI', 'B4A-FT-045-LEBANESE_ARABIZI', 'B4A-FT-050-LEBANESE_ARABIZI'], 'shot_families': ['products_stock_by_status', 'payments_dated_by_status', 'payments_dated_by_status']}",B4A-FT-089-LEBANESE_ARABIZI,B4A-FT-089,products_inventory_value_by_status,lebanese_arabizi,validation,Adde 2imet el inventory 3a sale price iza mawjoude lama product status ykoun 'out_of_stock'?,"SELECT ROUND(SUM(stock * COALESCE(sale_price, price)), 2) AS inventory_value FROM build4all_research.products WHERE status = 'out_of_stock';",B6_qwen25coder7b_fewshot3
SELECT COUNT(DISTINCT category_id) AS represented_categories FROM build4all_research.products WHERE status = 'out_of_stock';,4.1028,True,True,True,,"{'shot_ids': ['B4A-FT-088-ENGLISH', 'B4A-FT-088-FRENCH', 'B4A-FT-083-ENGLISH'], 'shot_families': ['products_stock_by_status', 'products_stock_by_status', 'products_stock_by_status']}",B4A-FT-090-ENGLISH,B4A-FT-090,products_categories_by_status,english,validation,What is the number of represented categories where product status is 'out_of_stock'?,SELECT COUNT(DISTINCT category_id) AS category_count FROM build4all_research.products WHERE status = 'out_of_stock';,B6_qwen25coder7b_fewshot3
"SELECT COUNT(DISTINCT category_id) AS distinct_categories_with_out_of_stock_products 
FROM build4all_research.products 
WHERE status = 'out_of_stock';",4.5197,True,True,True,,"{'shot_ids': ['B4A-FT-088-ARABIC', 'B4A-FT-088-FRENCH', 'B4A-FT-088-ENGLISH'], 'shot_families': ['products_stock_by_status', 'products_stock_by_status', 'products_stock_by_status']}",B4A-FT-090-ARABIC,B4A-FT-090,products_categories_by_status,arabic,validation,ما عدد الفئات الممثلة عندما تكون حالة المنتج 'out_of_stock'؟,SELECT COUNT(DISTINCT category_id) AS category_count FROM build4all_research.products WHERE status = 'out_of_stock';,B6_qwen25coder7b_fewshot3
SELECT COUNT(DISTINCT category_id) AS distinct_categories FROM build4all_research.products WHERE status = 'out_of_stock';,4.0479,True,True,True,,"{'shot_ids': ['B4A-FT-088-FRENCH', 'B4A-FT-088-ENGLISH', 'B4A-FT-083-FRENCH'], 'shot_families': ['products_stock_by_status', 'products_stock_by_status', 'products_stock_by_status']}",B4A-FT-090-FRENCH,B4A-FT-090,products_categories_by_status,french,validation,Quel est le nombre de catégories représentées lorsque le statut du produit est 'out_of_stock' ?,SELECT COUNT(DISTINCT category_id) AS category_count FROM build4all_research.products WHERE status = 'out_of_stock';,B6_qwen25coder7b_fewshot3
SELECT COUNT(DISTINCT category_id) AS total_categories FROM build4all_research.products WHERE status = 'out_of_stock';,4.1565,True,True,True,,"{'shot_ids': ['B4A-FT-088-LEBANESE_ARABIZI', 'B4A-FT-088-ENGLISH', 'B4A-FT-083-LEBANESE_ARABIZI'], 'shot_families': ['products_stock_by_status', 'products_stock_by_status', 'products_stock_by_status']}",B4A-FT-090-LEBANESE_ARABIZI,B4A-FT-090,products_categories_by_status,lebanese_arabizi,validation,Adde 3adad el categories lama product status ykoun 'out_of_stock'?,SELECT COUNT(DISTINCT category_id) AS category_count FROM build4all_research.products WHERE status = 'out_of_stock';,B6_qwen25coder7b_fewshot3
SELECT AVG(total_amount) AS average_order_amount FROM build4all_research.orders WHERE status = 'cancelled';,3.7421,True,True,False,,"{'shot_ids': ['B4A-FT-002-ENGLISH', 'B4A-FT-001-ENGLISH', 'B4A-FT-004-ENGLISH'], 'shot_families': ['orders_total_amount_by_status', 'orders_count_by_status', 'orders_discount_amount_by_status']}",B4A-FT-003-ENGLISH,B4A-FT-003,orders_average_amount_by_status,english,final_test,What is the average order amount for orders whose status is 'cancelled'?,"SELECT ROUND(AVG(total_amount), 2) AS average_order_amount FROM build4all_research.orders WHERE status = 'cancelled';",B6_qwen25coder7b_fewshot3
SELECT AVG(total_amount) AS average_order_amount FROM build4all_research.orders WHERE status = 'cancelled';,3.8331,True,True,False,,"{'shot_ids': ['B4A-FT-002-ARABIC', 'B4A-FT-001-ARABIC', 'B4A-FT-004-ARABIC'], 'shot_families': ['orders_total_amount_by_status', 'orders_count_by_status', 'orders_discount_amount_by_status']}",B4A-FT-003-ARABIC,B4A-FT-003,orders_average_amount_by_status,arabic,final_test,ما متوسط قيمة الطلب للطلبات التي حالتها 'cancelled'؟,"SELECT ROUND(AVG(total_amount), 2) AS average_order_amount FROM build4all_research.orders WHERE status = 'cancelled';",B6_qwen25coder7b_fewshot3
SELECT AVG(total_amount) AS average_order_amount FROM build4all_research.orders WHERE status = 'cancelled';,3.7781,True,True,False,,"{'shot_ids': ['B4A-FT-002-FRENCH', 'B4A-FT-001-FRENCH', 'B4A-FT-022-FRENCH'], 'shot_families': ['orders_total_amount_by_status', 'orders_count_by_status', 'orders_total_amount_by_status']}",B4A-FT-003-FRENCH,B4A-FT-003,orders_average_amount_by_status,french,final_test,Quel est le montant moyen des commandes dont le statut est 'cancelled' ?,"SELECT ROUND(AVG(total_amount), 2) AS average_order_amount FROM build4all_research.orders WHERE status = 'cancelled';",B6_qwen25coder7b_fewshot3
"SELECT ROUND(AVG(total_amount), 2) AS average_order_amount FROM build4all_research.orders WHERE status = 'cancelled';",4.1236,True,True,True,,"{'shot_ids': ['B4A-FT-002-LEBANESE_ARABIZI', 'B4A-FT-001-LEBANESE_ARABIZI', 'B4A-FT-004-LEBANESE_ARABIZI'], 'shot_families': ['orders_total_amount_by_status', 'orders_count_by_status', 'orders_discount_amount_by_status']}",B4A-FT-003-LEBANESE_ARABIZI,B4A-FT-003,orders_average_amount_by_status,lebanese_arabizi,final_test,Adde moutawassit 2imet el order lal orders yalli status taba3a 'cancelled'?,"SELECT ROUND(AVG(total_amount), 2) AS average_order_amount FROM build4all_research.orders WHERE status = 'cancelled';",B6_qwen25coder7b_fewshot3
SELECT AVG(total_amount) AS average_order_amount FROM build4all_research.orders WHERE status = 'completed';,3.8747,True,True,False,,"{'shot_ids': ['B4A-FT-007-ENGLISH', 'B4A-FT-006-ENGLISH', 'B4A-FT-009-ENGLISH'], 'shot_families': ['orders_total_amount_by_status', 'orders_count_by_status', 'orders_discount_amount_by_status']}",B4A-FT-008-ENGLISH,B4A-FT-008,orders_average_amount_by_status,english,final_test,What is the average order amount for orders whose status is 'completed'?,"SELECT ROUND(AVG(total_amount), 2) AS average_order_amount FROM build4all_research.orders WHERE status = 'completed';",B6_qwen25coder7b_fewshot3
SELECT AVG(total_amount) AS average_order_amount FROM build4all_research.orders WHERE status = 'completed';,3.7706,True,True,False,,"{'shot_ids': ['B4A-FT-007-ARABIC', 'B4A-FT-006-ARABIC', 'B4A-FT-012-ARABIC'], 'shot_families': ['orders_total_amount_by_status', 'orders_count_by_status', 'orders_total_amount_by_status']}",B4A-FT-008-ARABIC,B4A-FT-008,orders_average_amount_by_status,arabic,final_test,ما متوسط قيمة الطلب للطلبات التي حالتها 'completed'؟,"SELECT ROUND(AVG(total_amount), 2) AS average_order_amount FROM build4all_research.orders WHERE status = 'completed';",B6_qwen25coder7b_fewshot3
SELECT AVG(total_amount) AS average_order_amount FROM build4all_research.orders WHERE status = 'completed';,3.8408,True,True,False,,"{'shot_ids': ['B4A-FT-007-FRENCH', 'B4A-FT-006-FRENCH', 'B4A-FT-012-FRENCH'], 'shot_families': ['orders_total_amount_by_status', 'orders_count_by_status', 'orders_total_amount_by_status']}",B4A-FT-008-FRENCH,B4A-FT-008,orders_average_amount_by_status,french,final_test,Quel est le montant moyen des commandes dont le statut est 'completed' ?,"SELECT ROUND(AVG(total_amount), 2) AS average_order_amount FROM build4all_research.orders WHERE status = 'completed';",B6_qwen25coder7b_fewshot3
"SELECT ROUND(AVG(total_amount), 2) AS average_order_amount FROM build4all_research.orders WHERE status = 'completed';",4.1363,True,True,True,,"{'shot_ids': ['B4A-FT-007-LEBANESE_ARABIZI', 'B4A-FT-006-LEBANESE_ARABIZI', 'B4A-FT-009-LEBANESE_ARABIZI'], 'shot_families': ['orders_total_amount_by_status', 'orders_count_by_status', 'orders_discount_amount_by_status']}",B4A-FT-008-LEBANESE_ARABIZI,B4A-FT-008,orders_average_amount_by_status,lebanese_arabizi,final_test,Adde moutawassit 2imet el order lal orders yalli status taba3a 'completed'?,"SELECT ROUND(AVG(total_amount), 2) AS average_order_amount FROM build4all_research.orders WHERE status = 'completed';",B6_qwen25coder7b_fewshot3
SELECT AVG(total_amount) AS average_order_amount FROM build4all_research.orders WHERE status = 'pending';,3.752,True,True,False,,"{'shot_ids': ['B4A-FT-012-ENGLISH', 'B4A-FT-011-ENGLISH', 'B4A-FT-014-ENGLISH'], 'shot_families': ['orders_total_amount_by_status', 'orders_count_by_status', 'orders_discount_amount_by_status']}",B4A-FT-013-ENGLISH,B4A-FT-013,orders_average_amount_by_status,english,final_test,What is the average order amount for orders whose status is 'pending'?,"SELECT ROUND(AVG(total_amount), 2) AS average_order_amount FROM build4all_research.orders WHERE status = 'pending';",B6_qwen25coder7b_fewshot3
SELECT AVG(total_amount) AS average_order_amount FROM build4all_research.orders WHERE status = 'pending';,3.9068,True,True,False,,"{'shot_ids': ['B4A-FT-012-ARABIC', 'B4A-FT-011-ARABIC', 'B4A-FT-014-ARABIC'], 'shot_families': ['orders_total_amount_by_status', 'orders_count_by_status', 'orders_discount_amount_by_status']}",B4A-FT-013-ARABIC,B4A-FT-013,orders_average_amount_by_status,arabic,final_test,ما متوسط قيمة الطلب للطلبات التي حالتها 'pending'؟,"SELECT ROUND(AVG(total_amount), 2) AS average_order_amount FROM build4all_research.orders WHERE status = 'pending';",B6_qwen25coder7b_fewshot3
"SELECT ROUND(AVG(total_amount), 2) AS average_order_amount FROM build4all_research.orders WHERE status = 'pending';",4.0851,True,True,True,,"{'shot_ids': ['B4A-FT-012-FRENCH', 'B4A-FT-011-FRENCH', 'B4A-FT-043-FRENCH'], 'shot_families': ['orders_total_amount_by_status', 'orders_count_by_status', 'payments_average_by_status']}",B4A-FT-013-FRENCH,B4A-FT-013,orders_average_amount_by_status,french,final_test,Quel est le montant moyen des commandes dont le statut est 'pending' ?,"SELECT ROUND(AVG(total_amount), 2) AS average_order_amount FROM build4all_research.orders WHERE status = 'pending';",B6_qwen25coder7b_fewshot3
"SELECT ROUND(AVG(total_amount), 2) AS average_order_amount FROM build4all_research.orders WHERE status = 'pending';",4.1848,True,True,True,,"{'shot_ids': ['B4A-FT-012-LEBANESE_ARABIZI', 'B4A-FT-011-LEBANESE_ARABIZI', 'B4A-FT-014-LEBANESE_ARABIZI'], 'shot_families': ['orders_total_amount_by_status', 'orders_count_by_status', 'orders_discount_amount_by_status']}",B4A-FT-013-LEBANESE_ARABIZI,B4A-FT-013,orders_average_amount_by_status,lebanese_arabizi,final_test,Adde moutawassit 2imet el order lal orders yalli status taba3a 'pending'?,"SELECT ROUND(AVG(total_amount), 2) AS average_order_amount FROM build4all_research.orders WHERE status = 'pending';",B6_qwen25coder7b_fewshot3
SELECT AVG(total_amount) AS average_order_amount FROM build4all_research.orders WHERE status = 'processing';,3.7486,True,True,False,,"{'shot_ids': ['B4A-FT-017-ENGLISH', 'B4A-FT-016-ENGLISH', 'B4A-FT-019-ENGLISH'], 'shot_families': ['orders_total_amount_by_status', 'orders_count_by_status', 'orders_discount_amount_by_status']}",B4A-FT-018-ENGLISH,B4A-FT-018,orders_average_amount_by_status,english,final_test,What is the average order amount for orders whose status is 'processing'?,"SELECT ROUND(AVG(total_amount), 2) AS average_order_amount FROM build4all_research.orders WHERE status = 'processing';",B6_qwen25coder7b_fewshot3
SELECT AVG(total_amount) AS average_order_amount FROM build4all_research.orders WHERE status = 'processing';,3.7808,True,True,False,,"{'shot_ids': ['B4A-FT-017-ARABIC', 'B4A-FT-016-ARABIC', 'B4A-FT-019-ARABIC'], 'shot_families': ['orders_total_amount_by_status', 'orders_count_by_status', 'orders_discount_amount_by_status']}",B4A-FT-018-ARABIC,B4A-FT-018,orders_average_amount_by_status,arabic,final_test,ما متوسط قيمة الطلب للطلبات التي حالتها 'processing'؟,"SELECT ROUND(AVG(total_amount), 2) AS average_order_amount FROM build4all_research.orders WHERE status = 'processing';",B6_qwen25coder7b_fewshot3
SELECT AVG(total_amount) AS average_order_amount FROM build4all_research.orders WHERE status = 'processing';,3.7759,True,True,False,,"{'shot_ids': ['B4A-FT-017-FRENCH', 'B4A-FT-016-FRENCH', 'B4A-FT-012-FRENCH'], 'shot_families': ['orders_total_amount_by_status', 'orders_count_by_status', 'orders_total_amount_by_status']}",B4A-FT-018-FRENCH,B4A-FT-018,orders_average_amount_by_status,french,final_test,Quel est le montant moyen des commandes dont le statut est 'processing' ?,"SELECT ROUND(AVG(total_amount), 2) AS average_order_amount FROM build4all_research.orders WHERE status = 'processing';",B6_qwen25coder7b_fewshot3
SELECT AVG(total_amount) AS average_order_amount FROM build4all_research.orders WHERE status = 'processing';,3.7768,True,True,False,,"{'shot_ids': ['B4A-FT-017-LEBANESE_ARABIZI', 'B4A-FT-016-LEBANESE_ARABIZI', 'B4A-FT-019-LEBANESE_ARABIZI'], 'shot_families': ['orders_total_amount_by_status', 'orders_count_by_status', 'orders_discount_amount_by_status']}",B4A-FT-018-LEBANESE_ARABIZI,B4A-FT-018,orders_average_amount_by_status,lebanese_arabizi,final_test,Adde moutawassit 2imet el order lal orders yalli status taba3a 'processing'?,"SELECT ROUND(AVG(total_amount), 2) AS average_order_amount FROM build4all_research.orders WHERE status = 'processing';",B6_qwen25coder7b_fewshot3
SELECT AVG(total_amount) AS average_order_amount FROM build4all_research.orders WHERE status = 'refunded';,3.9171,True,True,False,,"{'shot_ids': ['B4A-FT-022-ENGLISH', 'B4A-FT-021-ENGLISH', 'B4A-FT-024-ENGLISH'], 'shot_families': ['orders_total_amount_by_status', 'orders_count_by_status', 'orders_discount_amount_by_status']}",B4A-FT-023-ENGLISH,B4A-FT-023,orders_average_amount_by_status,english,final_test,What is the average order amount for orders whose status is 'refunded'?,"SELECT ROUND(AVG(total_amount), 2) AS average_order_amount FROM build4all_research.orders WHERE status = 'refunded';",B6_qwen25coder7b_fewshot3
SELECT AVG(total_amount) AS average_order_amount FROM build4all_research.orders WHERE status = 'refunded';,3.8538,True,True,False,,"{'shot_ids': ['B4A-FT-022-ARABIC', 'B4A-FT-021-ARABIC', 'B4A-FT-024-ARABIC'], 'shot_families': ['orders_total_amount_by_status', 'orders_count_by_status', 'orders_discount_amount_by_status']}",B4A-FT-023-ARABIC,B4A-FT-023,orders_average_amount_by_status,arabic,final_test,ما متوسط قيمة الطلب للطلبات التي حالتها 'refunded'؟,"SELECT ROUND(AVG(total_amount), 2) AS average_order_amount FROM build4all_research.orders WHERE status = 'refunded';",B6_qwen25coder7b_fewshot3
"SELECT ROUND(AVG(total_amount), 2) AS average_order_amount FROM build4all_research.orders WHERE status = 'refunded';",4.1905,True,True,True,,"{'shot_ids': ['B4A-FT-022-FRENCH', 'B4A-FT-021-FRENCH', 'B4A-FT-048-FRENCH'], 'shot_families': ['orders_total_amount_by_status', 'orders_count_by_status', 'payments_average_by_status']}",B4A-FT-023-FRENCH,B4A-FT-023,orders_average_amount_by_status,french,final_test,Quel est le montant moyen des commandes dont le statut est 'refunded' ?,"SELECT ROUND(AVG(total_amount), 2) AS average_order_amount FROM build4all_research.orders WHERE status = 'refunded';",B6_qwen25coder7b_fewshot3
"SELECT ROUND(SUM(total_amount), 2) AS total_order_amount FROM build4all_research.orders WHERE status = 'refunded';",4.2164,True,True,False,,"{'shot_ids': ['B4A-FT-022-LEBANESE_ARABIZI', 'B4A-FT-021-LEBANESE_ARABIZI', 'B4A-FT-024-LEBANESE_ARABIZI'], 'shot_families': ['orders_total_amount_by_status', 'orders_count_by_status', 'orders_discount_amount_by_status']}",B4A-FT-023-LEBANESE_ARABIZI,B4A-FT-023,orders_average_amount_by_status,lebanese_arabizi,final_test,Adde moutawassit 2imet el order lal orders yalli status taba3a 'refunded'?,"SELECT ROUND(AVG(total_amount), 2) AS average_order_amount FROM build4all_research.orders WHERE status = 'refunded';",B6_qwen25coder7b_fewshot3
SELECT AVG(total_amount) AS average_order_amount FROM build4all_research.orders WHERE status = 'shipped';,3.8366,True,True,False,,"{'shot_ids': ['B4A-FT-027-ENGLISH', 'B4A-FT-026-ENGLISH', 'B4A-FT-029-ENGLISH'], 'shot_families': ['orders_total_amount_by_status', 'orders_count_by_status', 'orders_discount_amount_by_status']}",B4A-FT-028-ENGLISH,B4A-FT-028,orders_average_amount_by_status,english,final_test,What is the average order amount for orders whose status is 'shipped'?,"SELECT ROUND(AVG(total_amount), 2) AS average_order_amount FROM build4all_research.orders WHERE status = 'shipped';",B6_qwen25coder7b_fewshot3
SELECT AVG(total_amount) AS average_order_amount FROM build4all_research.orders WHERE status = 'shipped';,3.9891,True,True,False,,"{'shot_ids': ['B4A-FT-027-ARABIC', 'B4A-FT-026-ARABIC', 'B4A-FT-029-ARABIC'], 'shot_families': ['orders_total_amount_by_status', 'orders_count_by_status', 'orders_discount_amount_by_status']}",B4A-FT-028-ARABIC,B4A-FT-028,orders_average_amount_by_status,arabic,final_test,ما متوسط قيمة الطلب للطلبات التي حالتها 'shipped'؟,"SELECT ROUND(AVG(total_amount), 2) AS average_order_amount FROM build4all_research.orders WHERE status = 'shipped';",B6_qwen25coder7b_fewshot3
SELECT AVG(total_amount) AS average_order_amount FROM build4all_research.orders WHERE status = 'shipped';,3.8293,True,True,False,,"{'shot_ids': ['B4A-FT-027-FRENCH', 'B4A-FT-026-FRENCH', 'B4A-FT-029-FRENCH'], 'shot_families': ['orders_total_amount_by_status', 'orders_count_by_status', 'orders_discount_amount_by_status']}",B4A-FT-028-FRENCH,B4A-FT-028,orders_average_amount_by_status,french,final_test,Quel est le montant moyen des commandes dont le statut est 'shipped' ?,"SELECT ROUND(AVG(total_amount), 2) AS average_order_amount FROM build4all_research.orders WHERE status = 'shipped';",B6_qwen25coder7b_fewshot3
"SELECT ROUND(SUM(total_amount), 2) AS total_order_amount FROM build4all_research.orders WHERE status = 'shipped';",4.2475,True,True,False,,"{'shot_ids': ['B4A-FT-027-LEBANESE_ARABIZI', 'B4A-FT-026-LEBANESE_ARABIZI', 'B4A-FT-029-LEBANESE_ARABIZI'], 'shot_families': ['orders_total_amount_by_status', 'orders_count_by_status', 'orders_discount_amount_by_status']}",B4A-FT-028-LEBANESE_ARABIZI,B4A-FT-028,orders_average_amount_by_status,lebanese_arabizi,final_test,Adde moutawassit 2imet el order lal orders yalli status taba3a 'shipped'?,"SELECT ROUND(AVG(total_amount), 2) AS average_order_amount FROM build4all_research.orders WHERE status = 'shipped';",B6_qwen25coder7b_fewshot3
SELECT COUNT(DISTINCT order_id) AS failed_order_count FROM build4all_research.payments WHERE payment_status = 'failed';,4.111,True,True,True,,"{'shot_ids': ['B4A-FT-031-ENGLISH', 'B4A-FT-035-ENGLISH', 'B4A-FT-032-ENGLISH'], 'shot_families': ['payments_count_by_status', 'payments_dated_by_status', 'payments_total_by_status']}",B4A-FT-034-ENGLISH,B4A-FT-034,payments_orders_by_status,english,final_test,What is the number of distinct orders where payment status is 'failed'?,SELECT COUNT(DISTINCT order_id) AS distinct_order_count FROM build4all_research.payments WHERE payment_status = 'failed';,B6_qwen25coder7b_fewshot3
SELECT COUNT(DISTINCT order_id) AS distinct_order_count FROM build4all_research.payments WHERE payment_status = 'failed';,4.1295,True,True,True,,"{'shot_ids': ['B4A-FT-031-ARABIC', 'B4A-FT-035-ARABIC', 'B4A-FT-032-ARABIC'], 'shot_families': ['payments_count_by_status', 'payments_dated_by_status', 'payments_total_by_status']}",B4A-FT-034-ARABIC,B4A-FT-034,payments_orders_by_status,arabic,final_test,ما عدد الطلبات المختلفة عندما تكون حالة الدفع 'failed'؟,SELECT COUNT(DISTINCT order_id) AS distinct_order_count FROM build4all_research.payments WHERE payment_status = 'failed';,B6_qwen25coder7b_fewshot3
SELECT COUNT(DISTINCT order_id) AS distinct_order_count FROM build4all_research.payments WHERE payment_status = 'failed';,4.2647,True,True,True,,"{'shot_ids': ['B4A-FT-031-FRENCH', 'B4A-FT-035-FRENCH', 'B4A-FT-032-FRENCH'], 'shot_families': ['payments_count_by_status', 'payments_dated_by_status', 'payments_total_by_status']}",B4A-FT-034-FRENCH,B4A-FT-034,payments_orders_by_status,french,final_test,Quel est le nombre de commandes distinctes lorsque le statut de paiement est 'failed' ?,SELECT COUNT(DISTINCT order_id) AS distinct_order_count FROM build4all_research.payments WHERE payment_status = 'failed';,B6_qwen25coder7b_fewshot3
"SELECT COUNT(DISTINCT o.order_id) AS failed_payment_orders_count 
FROM build4all_research.orders o
JOIN build4all_research.payments p ON o.order_id = p.order_id
WHERE p.payment_status = 'failed';",5.7667,True,True,True,,"{'shot_ids': ['B4A-FT-035-LEBANESE_ARABIZI', 'B4A-FT-032-LEBANESE_ARABIZI', 'B4A-FT-033-LEBANESE_ARABIZI'], 'shot_families': ['payments_dated_by_status', 'payments_total_by_status', 'payments_average_by_status']}",B4A-FT-034-LEBANESE_ARABIZI,B4A-FT-034,payments_orders_by_status,lebanese_arabizi,final_test,Adde 3adad el orders el mokhtalfe lama payment status ykoun 'failed'?,SELECT COUNT(DISTINCT order_id) AS distinct_order_count FROM build4all_research.payments WHERE payment_status = 'failed';,B6_qwen25coder7b_fewshot3
SELECT COUNT(DISTINCT order_id) AS paid_order_count FROM build4all_research.payments WHERE payment_status = 'paid';,4.2137,True,True,True,,"{'shot_ids': ['B4A-FT-036-ENGLISH', 'B4A-FT-040-ENGLISH', 'B4A-FT-037-ENGLISH'], 'shot_families': ['payments_count_by_status', 'payments_dated_by_status', 'payments_total_by_status']}",B4A-FT-039-ENGLISH,B4A-FT-039,payments_orders_by_status,english,final_test,What is the number of distinct orders where payment status is 'paid'?,SELECT COUNT(DISTINCT order_id) AS distinct_order_count FROM build4all_research.payments WHERE payment_status = 'paid';,B6_qwen25coder7b_fewshot3
SELECT COUNT(DISTINCT order_id) AS distinct_order_count FROM build4all_research.payments WHERE payment_status = 'paid';,4.1193,True,True,True,,"{'shot_ids': ['B4A-FT-036-ARABIC', 'B4A-FT-040-ARABIC', 'B4A-FT-037-ARABIC'], 'shot_families': ['payments_count_by_status', 'payments_dated_by_status', 'payments_total_by_status']}",B4A-FT-039-ARABIC,B4A-FT-039,payments_orders_by_status,arabic,final_test,ما عدد الطلبات المختلفة عندما تكون حالة الدفع 'paid'؟,SELECT COUNT(DISTINCT order_id) AS distinct_order_count FROM build4all_research.payments WHERE payment_status = 'paid';,B6_qwen25coder7b_fewshot3
SELECT COUNT(DISTINCT order_id) AS distinct_order_count FROM build4all_research.payments WHERE payment_status = 'paid';,4.2362,True,True,True,,"{'shot_ids': ['B4A-FT-036-FRENCH', 'B4A-FT-040-FRENCH', 'B4A-FT-037-FRENCH'], 'shot_families': ['payments_count_by_status', 'payments_dated_by_status', 'payments_total_by_status']}",B4A-FT-039-FRENCH,B4A-FT-039,payments_orders_by_status,french,final_test,Quel est le nombre de commandes distinctes lorsque le statut de paiement est 'paid' ?,SELECT COUNT(DISTINCT order_id) AS distinct_order_count FROM build4all_research.payments WHERE payment_status = 'paid';,B6_qwen25coder7b_fewshot3
"SELECT COUNT(DISTINCT o.order_id) AS distinct_paid_orders_count 
FROM build4all_research.orders o
JOIN build4all_research.payments p ON o.order_id = p.order_id
WHERE p.payment_status = 'paid';",5.6943,True,True,True,,"{'shot_ids': ['B4A-FT-040-LEBANESE_ARABIZI', 'B4A-FT-037-LEBANESE_ARABIZI', 'B4A-FT-038-LEBANESE_ARABIZI'], 'shot_families': ['payments_dated_by_status', 'payments_total_by_status', 'payments_average_by_status']}",B4A-FT-039-LEBANESE_ARABIZI,B4A-FT-039,payments_orders_by_status,lebanese_arabizi,final_test,Adde 3adad el orders el mokhtalfe lama payment status ykoun 'paid'?,SELECT COUNT(DISTINCT order_id) AS distinct_order_count FROM build4all_research.payments WHERE payment_status = 'paid';,B6_qwen25coder7b_fewshot3
SELECT COUNT(DISTINCT order_id) AS pending_order_count FROM build4all_research.payments WHERE payment_status = 'pending';,4.1265,True,True,True,,"{'shot_ids': ['B4A-FT-041-ENGLISH', 'B4A-FT-045-ENGLISH', 'B4A-FT-011-ENGLISH'], 'shot_families': ['payments_count_by_status', 'payments_dated_by_status', 'orders_count_by_status']}",B4A-FT-044-ENGLISH,B4A-FT-044,payments_orders_by_status,english,final_test,What is the number of distinct orders where payment status is 'pending'?,SELECT COUNT(DISTINCT order_id) AS distinct_order_count FROM build4all_research.payments WHERE payment_status = 'pending';,B6_qwen25coder7b_fewshot3
SELECT COUNT(DISTINCT order_id) AS distinct_order_count FROM build4all_research.orders WHERE status = 'pending';,3.9239,True,True,False,,"{'shot_ids': ['B4A-FT-041-ARABIC', 'B4A-FT-011-ARABIC', 'B4A-FT-045-ARABIC'], 'shot_families': ['payments_count_by_status', 'orders_count_by_status', 'payments_dated_by_status']}",B4A-FT-044-ARABIC,B4A-FT-044,payments_orders_by_status,arabic,final_test,ما عدد الطلبات المختلفة عندما تكون حالة الدفع 'pending'؟,SELECT COUNT(DISTINCT order_id) AS distinct_order_count FROM build4all_research.payments WHERE payment_status = 'pending';,B6_qwen25coder7b_fewshot3
SELECT COUNT(DISTINCT order_id) AS distinct_order_count FROM build4all_research.payments WHERE payment_status = 'pending';,4.0954,True,True,True,,"{'shot_ids': ['B4A-FT-041-FRENCH', 'B4A-FT-011-FRENCH', 'B4A-FT-012-FRENCH'], 'shot_families': ['payments_count_by_status', 'orders_count_by_status', 'orders_total_amount_by_status']}",B4A-FT-044-FRENCH,B4A-FT-044,payments_orders_by_status,french,final_test,Quel est le nombre de commandes distinctes lorsque le statut de paiement est 'pending' ?,SELECT COUNT(DISTINCT order_id) AS distinct_order_count FROM build4all_research.payments WHERE payment_status = 'pending';,B6_qwen25coder7b_fewshot3
"SELECT COUNT(DISTINCT o.order_id) AS pending_order_count 
FROM build4all_research.orders o
JOIN build4all_research.payments p ON o.order_id = p.order_id
WHERE p.payment_status = 'pending';",5.7276,True,True,True,,"{'shot_ids': ['B4A-FT-045-LEBANESE_ARABIZI', 'B4A-FT-042-LEBANESE_ARABIZI', 'B4A-FT-043-LEBANESE_ARABIZI'], 'shot_families': ['payments_dated_by_status', 'payments_total_by_status', 'payments_average_by_status']}",B4A-FT-044-LEBANESE_ARABIZI,B4A-FT-044,payments_orders_by_status,lebanese_arabizi,final_test,Adde 3adad el orders el mokhtalfe lama payment status ykoun 'pending'?,SELECT COUNT(DISTINCT order_id) AS distinct_order_count FROM build4all_research.payments WHERE payment_status = 'pending';,B6_qwen25coder7b_fewshot3
SELECT COUNT(DISTINCT order_id) AS refunded_order_count FROM build4all_research.payments WHERE payment_status = 'refunded';,4.1322,True,True,True,,"{'shot_ids': ['B4A-FT-021-ENGLISH', 'B4A-FT-046-ENGLISH', 'B4A-FT-022-ENGLISH'], 'shot_families': ['orders_count_by_status', 'payments_count_by_status', 'orders_total_amount_by_status']}",B4A-FT-049-ENGLISH,B4A-FT-049,payments_orders_by_status,english,final_test,What is the number of distinct orders where payment status is 'refunded'?,SELECT COUNT(DISTINCT order_id) AS distinct_order_count FROM build4all_research.payments WHERE payment_status = 'refunded';,B6_qwen25coder7b_fewshot3
SELECT COUNT(DISTINCT order_id) AS distinct_order_count FROM build4all_research.payments WHERE payment_status = 'refunded';,4.2394,True,True,True,,"{'shot_ids': ['B4A-FT-021-ARABIC', 'B4A-FT-046-ARABIC', 'B4A-FT-022-ARABIC'], 'shot_families': ['orders_count_by_status', 'payments_count_by_status', 'orders_total_amount_by_status']}",B4A-FT-049-ARABIC,B4A-FT-049,payments_orders_by_status,arabic,final_test,ما عدد الطلبات المختلفة عندما تكون حالة الدفع 'refunded'؟,SELECT COUNT(DISTINCT order_id) AS distinct_order_count FROM build4all_research.payments WHERE payment_status = 'refunded';,B6_qwen25coder7b_fewshot3
SELECT COUNT(DISTINCT order_id) AS distinct_order_count FROM build4all_research.payments WHERE payment_status = 'refunded';,4.1784,True,True,True,,"{'shot_ids': ['B4A-FT-021-FRENCH', 'B4A-FT-046-FRENCH', 'B4A-FT-022-FRENCH'], 'shot_families': ['orders_count_by_status', 'payments_count_by_status', 'orders_total_amount_by_status']}",B4A-FT-049-FRENCH,B4A-FT-049,payments_orders_by_status,french,final_test,Quel est le nombre de commandes distinctes lorsque le statut de paiement est 'refunded' ?,SELECT COUNT(DISTINCT order_id) AS distinct_order_count FROM build4all_research.payments WHERE payment_status = 'refunded';,B6_qwen25coder7b_fewshot3
"SELECT COUNT(DISTINCT o.order_id) AS refunded_order_count 
FROM build4all_research.orders o
JOIN build4all_research.payments p ON o.order_id = p.order_id
WHERE p.payment_status = 'refunded';",5.9814,True,True,True,,"{'shot_ids': ['B4A-FT-050-LEBANESE_ARABIZI', 'B4A-FT-047-LEBANESE_ARABIZI', 'B4A-FT-048-LEBANESE_ARABIZI'], 'shot_families': ['payments_dated_by_status', 'payments_total_by_status', 'payments_average_by_status']}",B4A-FT-049-LEBANESE_ARABIZI,B4A-FT-049,payments_orders_by_status,lebanese_arabizi,final_test,Adde 3adad el orders el mokhtalfe lama payment status ykoun 'refunded'?,SELECT COUNT(DISTINCT order_id) AS distinct_order_count FROM build4all_research.payments WHERE payment_status = 'refunded';,B6_qwen25coder7b_fewshot3
SELECT COUNT(*) AS product_count FROM build4all_research.products WHERE status = 'active';,3.5648,True,True,True,,"{'shot_ids': ['B4A-FT-078-ENGLISH', 'B4A-FT-122-ENGLISH', 'B4A-FT-078-FRENCH'], 'shot_families': ['products_stock_by_status', 'active_products_below_stock_threshold', 'products_stock_by_status']}",B4A-FT-076-ENGLISH,B4A-FT-076,products_count_by_status,english,final_test,What is the number of products where product status is 'active'?,SELECT COUNT(*) AS product_count FROM build4all_research.products WHERE status = 'active';,B6_qwen25coder7b_fewshot3
SELECT COUNT(*) AS active_product_count FROM build4all_research.products WHERE status = 'active';,3.626,True,True,True,,"{'shot_ids': ['B4A-FT-078-ARABIC', 'B4A-FT-078-FRENCH', 'B4A-FT-078-ENGLISH'], 'shot_families': ['products_stock_by_status', 'products_stock_by_status', 'products_stock_by_status']}",B4A-FT-076-ARABIC,B4A-FT-076,products_count_by_status,arabic,final_test,ما عدد المنتجات عندما تكون حالة المنتج 'active'؟,SELECT COUNT(*) AS product_count FROM build4all_research.products WHERE status = 'active';,B6_qwen25coder7b_fewshot3
SELECT COUNT(*) AS product_count FROM build4all_research.products WHERE status = 'active';,3.5848,True,True,True,,"{'shot_ids': ['B4A-FT-078-FRENCH', 'B4A-FT-083-FRENCH', 'B4A-FT-122-FRENCH'], 'shot_families': ['products_stock_by_status', 'products_stock_by_status', 'active_products_below_stock_threshold']}",B4A-FT-076-FRENCH,B4A-FT-076,products_count_by_status,french,final_test,Quel est le nombre de produits lorsque le statut du produit est 'active' ?,SELECT COUNT(*) AS product_count FROM build4all_research.products WHERE status = 'active';,B6_qwen25coder7b_fewshot3
SELECT COUNT(*) AS active_product_count FROM build4all_research.products WHERE status = 'active';,3.6125,True,True,True,,"{'shot_ids': ['B4A-FT-078-LEBANESE_ARABIZI', 'B4A-FT-083-LEBANESE_ARABIZI', 'B4A-FT-041-LEBANESE_ARABIZI'], 'shot_families': ['products_stock_by_status', 'products_stock_by_status', 'payments_count_by_status']}",B4A-FT-076-LEBANESE_ARABIZI,B4A-FT-076,products_count_by_status,lebanese_arabizi,final_test,Adde 3adad el products lama product status ykoun 'active'?,SELECT COUNT(*) AS product_count FROM build4all_research.products WHERE status = 'active';,B6_qwen25coder7b_fewshot3
SELECT COUNT(*) AS discontinued_products_count FROM build4all_research.products WHERE status = 'discontinued';,3.7466,True,True,True,,"{'shot_ids': ['B4A-FT-083-ENGLISH', 'B4A-FT-083-FRENCH', 'B4A-FT-088-ENGLISH'], 'shot_families': ['products_stock_by_status', 'products_stock_by_status', 'products_stock_by_status']}",B4A-FT-081-ENGLISH,B4A-FT-081,products_count_by_status,english,final_test,What is the number of products where product status is 'discontinued'?,SELECT COUNT(*) AS product_count FROM build4all_research.products WHERE status = 'discontinued';,B6_qwen25coder7b_fewshot3
SELECT COUNT(*) AS total_products_discontinued FROM build4all_research.products WHERE status = 'discontinued';,3.7679,True,True,True,,"{'shot_ids': ['B4A-FT-083-ARABIC', 'B4A-FT-083-FRENCH', 'B4A-FT-083-ENGLISH'], 'shot_families': ['products_stock_by_status', 'products_stock_by_status', 'products_stock_by_status']}",B4A-FT-081-ARABIC,B4A-FT-081,products_count_by_status,arabic,final_test,ما عدد المنتجات عندما تكون حالة المنتج 'discontinued'؟,SELECT COUNT(*) AS product_count FROM build4all_research.products WHERE status = 'discontinued';,B6_qwen25coder7b_fewshot3
SELECT COUNT(*) AS number_of_products FROM build4all_research.products WHERE status = 'discontinued';,3.7007,True,True,True,,"{'shot_ids': ['B4A-FT-083-FRENCH', 'B4A-FT-078-FRENCH', 'B4A-FT-083-ENGLISH'], 'shot_families': ['products_stock_by_status', 'products_stock_by_status', 'products_stock_by_status']}",B4A-FT-081-FRENCH,B4A-FT-081,products_count_by_status,french,final_test,Quel est le nombre de produits lorsque le statut du produit est 'discontinued' ?,SELECT COUNT(*) AS product_count FROM build4all_research.products WHERE status = 'discontinued';,B6_qwen25coder7b_fewshot3
SELECT COUNT(*) AS product_count FROM build4all_research.products WHERE status = 'discontinued';,3.6397,True,True,True,,"{'shot_ids': ['B4A-FT-083-LEBANESE_ARABIZI', 'B4A-FT-041-LEBANESE_ARABIZI', 'B4A-FT-031-LEBANESE_ARABIZI'], 'shot_families': ['products_stock_by_status', 'payments_count_by_status', 'payments_count_by_status']}",B4A-FT-081-LEBANESE_ARABIZI,B4A-FT-081,products_count_by_status,lebanese_arabizi,final_test,Adde 3adad el products lama product status ykoun 'discontinued'?,SELECT COUNT(*) AS product_count FROM build4all_research.products WHERE status = 'discontinued';,B6_qwen25coder7b_fewshot3
SELECT COUNT(*) AS out_of_stock_products FROM build4all_research.products WHERE status = 'out_of_stock';,3.8421,True,True,True,,"{'shot_ids': ['B4A-FT-088-ENGLISH', 'B4A-FT-088-FRENCH', 'B4A-FT-083-ENGLISH'], 'shot_families': ['products_stock_by_status', 'products_stock_by_status', 'products_stock_by_status']}",B4A-FT-086-ENGLISH,B4A-FT-086,products_count_by_status,english,final_test,What is the number of products where product status is 'out_of_stock'?,SELECT COUNT(*) AS product_count FROM build4all_research.products WHERE status = 'out_of_stock';,B6_qwen25coder7b_fewshot3
SELECT COUNT(*) AS total_products_out_of_stock FROM build4all_research.products WHERE status = 'out_of_stock';,4.0123,True,True,True,,"{'shot_ids': ['B4A-FT-088-ARABIC', 'B4A-FT-088-FRENCH', 'B4A-FT-088-ENGLISH'], 'shot_families': ['products_stock_by_status', 'products_stock_by_status', 'products_stock_by_status']}",B4A-FT-086-ARABIC,B4A-FT-086,products_count_by_status,arabic,final_test,ما عدد المنتجات عندما تكون حالة المنتج 'out_of_stock'؟,SELECT COUNT(*) AS product_count FROM build4all_research.products WHERE status = 'out_of_stock';,B6_qwen25coder7b_fewshot3
SELECT COUNT(*) AS total_products FROM build4all_research.products WHERE status = 'out_of_stock';,3.7312,True,True,True,,"{'shot_ids': ['B4A-FT-088-FRENCH', 'B4A-FT-083-FRENCH', 'B4A-FT-078-FRENCH'], 'shot_families': ['products_stock_by_status', 'products_stock_by_status', 'products_stock_by_status']}",B4A-FT-086-FRENCH,B4A-FT-086,products_count_by_status,french,final_test,Quel est le nombre de produits lorsque le statut du produit est 'out_of_stock' ?,SELECT COUNT(*) AS product_count FROM build4all_research.products WHERE status = 'out_of_stock';,B6_qwen25coder7b_fewshot3
SELECT COUNT(*) AS total_products FROM build4all_research.products WHERE status = 'out_of_stock';,3.6955,True,True,True,,"{'shot_ids': ['B4A-FT-088-LEBANESE_ARABIZI', 'B4A-FT-088-ENGLISH', 'B4A-FT-083-LEBANESE_ARABIZI'], 'shot_families': ['products_stock_by_status', 'products_stock_by_status', 'products_stock_by_status']}",B4A-FT-086-LEBANESE_ARABIZI,B4A-FT-086,products_count_by_status,lebanese_arabizi,final_test,Adde 3adad el products lama product status ykoun 'out_of_stock'?,SELECT COUNT(*) AS product_count FROM build4all_research.products WHERE status = 'out_of_stock';,B6_qwen25coder7b_fewshot3
SELECT COUNT(*) AS event_count FROM build4all_research.product_events WHERE event_type = 'add_to_cart';,3.909,True,True,True,,"{'shot_ids': ['B4A-FT-093-ENGLISH', 'B4A-FT-092-ENGLISH', 'B4A-FT-093-FRENCH'], 'shot_families': ['events_products_by_type', 'events_customers_by_type', 'events_products_by_type']}",B4A-FT-091-ENGLISH,B4A-FT-091,events_count_by_type,english,final_test,What is the number of events for event type 'add_to_cart'?,SELECT COUNT(*) AS event_count FROM build4all_research.product_events WHERE event_type = 'add_to_cart';,B6_qwen25coder7b_fewshot3
SELECT COUNT(*) AS add_to_cart_event_count FROM build4all_research.product_events WHERE event_type = 'add_to_cart';,4.1663,True,True,True,,"{'shot_ids': ['B4A-FT-093-ARABIC', 'B4A-FT-092-ARABIC', 'B4A-FT-094-ARABIC'], 'shot_families': ['events_products_by_type', 'events_customers_by_type', 'events_august_by_type']}",B4A-FT-091-ARABIC,B4A-FT-091,events_count_by_type,arabic,final_test,ما عدد الأحداث لنوع الحدث 'add_to_cart'؟,SELECT COUNT(*) AS event_count FROM build4all_research.product_events WHERE event_type = 'add_to_cart';,B6_qwen25coder7b_fewshot3
SELECT COUNT(*) AS add_to_cart_event_count FROM build4all_research.product_events WHERE event_type = 'add_to_cart';,4.29,True,True,True,,"{'shot_ids': ['B4A-FT-093-FRENCH', 'B4A-FT-092-FRENCH', 'B4A-FT-094-FRENCH'], 'shot_families': ['events_products_by_type', 'events_customers_by_type', 'events_august_by_type']}",B4A-FT-091-FRENCH,B4A-FT-091,events_count_by_type,french,final_test,Quel est le nombre d'événements pour le type d'événement 'add_to_cart' ?,SELECT COUNT(*) AS event_count FROM build4all_research.product_events WHERE event_type = 'add_to_cart';,B6_qwen25coder7b_fewshot3
SELECT COUNT(*) AS add_to_cart_event_count FROM build4all_research.product_events WHERE event_type = 'add_to_cart';,4.2175,True,True,True,,"{'shot_ids': ['B4A-FT-093-LEBANESE_ARABIZI', 'B4A-FT-092-LEBANESE_ARABIZI', 'B4A-FT-094-LEBANESE_ARABIZI'], 'shot_families': ['events_products_by_type', 'events_customers_by_type', 'events_august_by_type']}",B4A-FT-091-LEBANESE_ARABIZI,B4A-FT-091,events_count_by_type,lebanese_arabizi,final_test,Adde 3adad el events la event type 'add_to_cart'?,SELECT COUNT(*) AS event_count FROM build4all_research.product_events WHERE event_type = 'add_to_cart';,B6_qwen25coder7b_fewshot3
"SELECT p.product_id, p.name, COUNT(pe.event_id) AS event_count
FROM build4all_research.products p
JOIN build4all_research.product_events pe ON p.product_id = pe.product_id
WHERE pe.event_type = 'add_to_cart'
GROUP BY p.product_id, p.name
ORDER BY event_count DESC
LIMIT 5;",7.5243,True,True,True,,"{'shot_ids': ['B4A-FT-093-ENGLISH', 'B4A-FT-093-LEBANESE_ARABIZI', 'B4A-FT-092-ENGLISH'], 'shot_families': ['events_products_by_type', 'events_products_by_type', 'events_customers_by_type']}",B4A-FT-095-ENGLISH,B4A-FT-095,events_top_products_by_type,english,final_test,What is the top five products by event count for event type 'add_to_cart'?,"SELECT p.product_id, p.name, COUNT(*) AS event_count FROM build4all_research.product_events AS pe JOIN build4all_research.products AS p ON p.product_id = pe.product_id WHERE pe.event_type = 'add_to_cart' GROUP BY p.product_id, p.name ORDER BY event_count DESC, p.product_id LIMIT 5;",B6_qwen25coder7b_fewshot3
"SELECT p.product_id, p.name, COUNT(pe.event_id) AS event_count
FROM build4all_research.products p
JOIN build4all_research.product_events pe ON p.product_id = pe.product_id
WHERE pe.event_type = 'add_to_cart'
GROUP BY p.product_id, p.name
ORDER BY event_count DESC
LIMIT 5;",7.345,True,True,True,,"{'shot_ids': ['B4A-FT-093-ARABIC', 'B4A-FT-092-ARABIC', 'B4A-FT-103-ARABIC'], 'shot_families': ['events_products_by_type', 'events_customers_by_type', 'events_products_by_type']}",B4A-FT-095-ARABIC,B4A-FT-095,events_top_products_by_type,arabic,final_test,ما أعلى خمسة منتجات حسب عدد الأحداث لنوع الحدث 'add_to_cart'؟,"SELECT p.product_id, p.name, COUNT(*) AS event_count FROM build4all_research.product_events AS pe JOIN build4all_research.products AS p ON p.product_id = pe.product_id WHERE pe.event_type = 'add_to_cart' GROUP BY p.product_id, p.name ORDER BY event_count DESC, p.product_id LIMIT 5;",B6_qwen25coder7b_fewshot3
"WITH product_event_counts AS (
    SELECT 
        product_id, 
        COUNT(*) AS event_count
    FROM 
        build4all_research.product_events
    WHERE 
        event_type = 'add_to_cart'
    GROUP BY 
        product_id
)
SELECT 
    p.product_id, 
    p.name, 
    p.description, 
    p.price, 
    p.sale_price, 
    p.stock, 
    p.status, 
    p.created_at, 
    pec.event_count
FROM 
    build4all_research.products p
JOIN 
    product_event_counts pec ON p.product_id = pec.product_id
ORDER BY 
    pec.event_count DESC
LIMIT 5;",12.698,True,True,False,,"{'shot_ids': ['B4A-FT-093-FRENCH', 'B4A-FT-092-FRENCH', 'B4A-FT-094-FRENCH'], 'shot_families': ['events_products_by_type', 'events_customers_by_type', 'events_august_by_type']}",B4A-FT-095-FRENCH,B4A-FT-095,events_top_products_by_type,french,final_test,Quel est le cinq produits principaux par nombre d'événements pour le type d'événement 'add_to_cart' ?,"SELECT p.product_id, p.name, COUNT(*) AS event_count FROM build4all_research.product_events AS pe JOIN build4all_research.products AS p ON p.product_id = pe.product_id WHERE pe.event_type = 'add_to_cart' GROUP BY p.product_id, p.name ORDER BY event_count DESC, p.product_id LIMIT 5;",B6_qwen25coder7b_fewshot3
"WITH product_event_counts AS (
    SELECT 
        product_id, 
        COUNT(*) AS event_count
    FROM 
        build4all_research.product_events
    WHERE 
        event_type = 'add_to_cart'
    GROUP BY 
        product_id
)
SELECT 
    p.product_id, 
    p.name, 
    p.price, 
    pec.event_count
FROM 
    build4all_research.products p
JOIN 
    product_event_counts pec ON p.product_id = pec.product_id
ORDER BY 
    pec.event_count DESC
LIMIT 5;",10.6256,True,True,False,,"{'shot_ids': ['B4A-FT-093-LEBANESE_ARABIZI', 'B4A-FT-092-LEBANESE_ARABIZI', 'B4A-FT-094-LEBANESE_ARABIZI'], 'shot_families': ['events_products_by_type', 'events_customers_by_type', 'events_august_by_type']}",B4A-FT-095-LEBANESE_ARABIZI,B4A-FT-095,events_top_products_by_type,lebanese_arabizi,final_test,Adde top 5 products 7asab 3adad el events la event type 'add_to_cart'?,"SELECT p.product_id, p.name, COUNT(*) AS event_count FROM build4all_research.product_events AS pe JOIN build4all_research.products AS p ON p.product_id = pe.product_id WHERE pe.event_type = 'add_to_cart' GROUP BY p.product_id, p.name ORDER BY event_count DESC, p.product_id LIMIT 5;",B6_qwen25coder7b_fewshot3
SELECT COUNT(*) AS purchase_event_count FROM build4all_research.product_events WHERE event_type = 'purchase';,3.9533,True,True,True,,"{'shot_ids': ['B4A-FT-098-ENGLISH', 'B4A-FT-097-ENGLISH', 'B4A-FT-099-ENGLISH'], 'shot_families': ['events_products_by_type', 'events_customers_by_type', 'events_august_by_type']}",B4A-FT-096-ENGLISH,B4A-FT-096,events_count_by_type,english,final_test,What is the number of events for event type 'purchase'?,SELECT COUNT(*) AS event_count FROM build4all_research.product_events WHERE event_type = 'purchase';,B6_qwen25coder7b_fewshot3
SELECT COUNT(*) AS purchase_event_count FROM build4all_research.product_events WHERE event_type = 'purchase';,3.8081,True,True,True,,"{'shot_ids': ['B4A-FT-098-ARABIC', 'B4A-FT-097-ARABIC', 'B4A-FT-099-ARABIC'], 'shot_families': ['events_products_by_type', 'events_customers_by_type', 'events_august_by_type']}",B4A-FT-096-ARABIC,B4A-FT-096,events_count_by_type,arabic,final_test,ما عدد الأحداث لنوع الحدث 'purchase'؟,SELECT COUNT(*) AS event_count FROM build4all_research.product_events WHERE event_type = 'purchase';,B6_qwen25coder7b_fewshot3
SELECT COUNT(*) AS purchase_event_count FROM build4all_research.product_events WHERE event_type = 'purchase';,3.9834,True,True,True,,"{'shot_ids': ['B4A-FT-098-FRENCH', 'B4A-FT-097-FRENCH', 'B4A-FT-099-FRENCH'], 'shot_families': ['events_products_by_type', 'events_customers_by_type', 'events_august_by_type']}",B4A-FT-096-FRENCH,B4A-FT-096,events_count_by_type,french,final_test,Quel est le nombre d'événements pour le type d'événement 'purchase' ?,SELECT COUNT(*) AS event_count FROM build4all_research.product_events WHERE event_type = 'purchase';,B6_qwen25coder7b_fewshot3
SELECT COUNT(*) AS purchase_event_count FROM build4all_research.product_events WHERE event_type = 'purchase';,3.8375,True,True,True,,"{'shot_ids': ['B4A-FT-098-LEBANESE_ARABIZI', 'B4A-FT-097-LEBANESE_ARABIZI', 'B4A-FT-099-LEBANESE_ARABIZI'], 'shot_families': ['events_products_by_type', 'events_customers_by_type', 'events_august_by_type']}",B4A-FT-096-LEBANESE_ARABIZI,B4A-FT-096,events_count_by_type,lebanese_arabizi,final_test,Adde 3adad el events la event type 'purchase'?,SELECT COUNT(*) AS event_count FROM build4all_research.product_events WHERE event_type = 'purchase';,B6_qwen25coder7b_fewshot3
"SELECT p.product_id, p.name, COUNT(pe.event_id) AS event_count
FROM build4all_research.products p
JOIN build4all_research.product_events pe ON p.product_id = pe.product_id
WHERE pe.event_type = 'purchase'
GROUP BY p.product_id, p.name
ORDER BY event_count DESC
LIMIT 5;",7.2326,True,True,True,,"{'shot_ids': ['B4A-FT-098-ENGLISH', 'B4A-FT-097-ENGLISH', 'B4A-FT-098-LEBANESE_ARABIZI'], 'shot_families': ['events_products_by_type', 'events_customers_by_type', 'events_products_by_type']}",B4A-FT-100-ENGLISH,B4A-FT-100,events_top_products_by_type,english,final_test,What is the top five products by event count for event type 'purchase'?,"SELECT p.product_id, p.name, COUNT(*) AS event_count FROM build4all_research.product_events AS pe JOIN build4all_research.products AS p ON p.product_id = pe.product_id WHERE pe.event_type = 'purchase' GROUP BY p.product_id, p.name ORDER BY event_count DESC, p.product_id LIMIT 5;",B6_qwen25coder7b_fewshot3
"WITH purchase_events AS (
    SELECT product_id, COUNT(*) AS event_count
    FROM build4all_research.product_events
    WHERE event_type = 'purchase'
    GROUP BY product_id
)
SELECT p.product_id, p.name, pe.event_count
FROM purchase_events pe
JOIN build4all_research.products p ON pe.product_id = p.product_id
ORDER BY pe.event_count DESC
LIMIT 5;",8.1286,True,True,True,,"{'shot_ids': ['B4A-FT-098-ARABIC', 'B4A-FT-097-ARABIC', 'B4A-FT-113-ARABIC'], 'shot_families': ['events_products_by_type', 'events_customers_by_type', 'events_products_by_type']}",B4A-FT-100-ARABIC,B4A-FT-100,events_top_products_by_type,arabic,final_test,ما أعلى خمسة منتجات حسب عدد الأحداث لنوع الحدث 'purchase'؟,"SELECT p.product_id, p.name, COUNT(*) AS event_count FROM build4all_research.product_events AS pe JOIN build4all_research.products AS p ON p.product_id = pe.product_id WHERE pe.event_type = 'purchase' GROUP BY p.product_id, p.name ORDER BY event_count DESC, p.product_id LIMIT 5;",B6_qwen25coder7b_fewshot3
"WITH purchase_events AS (
    SELECT product_id, COUNT(*) AS event_count
    FROM build4all_research.product_events
    WHERE event_type = 'purchase'
    GROUP BY product_id
)
SELECT p.product_id, p.name, pe.event_count
FROM purchase_events pe
JOIN build4all_research.products p ON pe.product_id = p.product_id
ORDER BY pe.event_count DESC
LIMIT 5;",8.2912,True,True,True,,"{'shot_ids': ['B4A-FT-098-FRENCH', 'B4A-FT-097-FRENCH', 'B4A-FT-108-FRENCH'], 'shot_families': ['events_products_by_type', 'events_customers_by_type', 'events_products_by_type']}",B4A-FT-100-FRENCH,B4A-FT-100,events_top_products_by_type,french,final_test,Quel est le cinq produits principaux par nombre d'événements pour le type d'événement 'purchase' ?,"SELECT p.product_id, p.name, COUNT(*) AS event_count FROM build4all_research.product_events AS pe JOIN build4all_research.products AS p ON p.product_id = pe.product_id WHERE pe.event_type = 'purchase' GROUP BY p.product_id, p.name ORDER BY event_count DESC, p.product_id LIMIT 5;",B6_qwen25coder7b_fewshot3
"SELECT p.product_id, p.name, COUNT(pe.event_id) AS event_count
FROM build4all_research.products p
JOIN build4all_research.product_events pe ON p.product_id = pe.product_id
WHERE pe.event_type = 'purchase'
GROUP BY p.product_id, p.name
ORDER BY event_count DESC
LIMIT 5;",7.5574,True,True,True,,"{'shot_ids': ['B4A-FT-098-LEBANESE_ARABIZI', 'B4A-FT-097-LEBANESE_ARABIZI', 'B4A-FT-099-LEBANESE_ARABIZI'], 'shot_families': ['events_products_by_type', 'events_customers_by_type', 'events_august_by_type']}",B4A-FT-100-LEBANESE_ARABIZI,B4A-FT-100,events_top_products_by_type,lebanese_arabizi,final_test,Adde top 5 products 7asab 3adad el events la event type 'purchase'?,"SELECT p.product_id, p.name, COUNT(*) AS event_count FROM build4all_research.product_events AS pe JOIN build4all_research.products AS p ON p.product_id = pe.product_id WHERE pe.event_type = 'purchase' GROUP BY p.product_id, p.name ORDER BY event_count DESC, p.product_id LIMIT 5;",B6_qwen25coder7b_fewshot3
SELECT COUNT(*) AS event_count FROM build4all_research.product_events WHERE event_type = 'remove_from_cart';,3.8516,True,True,True,,"{'shot_ids': ['B4A-FT-103-ENGLISH', 'B4A-FT-102-ENGLISH', 'B4A-FT-103-FRENCH'], 'shot_families': ['events_products_by_type', 'events_customers_by_type', 'events_products_by_type']}",B4A-FT-101-ENGLISH,B4A-FT-101,events_count_by_type,english,final_test,What is the number of events for event type 'remove_from_cart'?,SELECT COUNT(*) AS event_count FROM build4all_research.product_events WHERE event_type = 'remove_from_cart';,B6_qwen25coder7b_fewshot3
SELECT COUNT(*) AS remove_from_cart_event_count FROM build4all_research.product_events WHERE event_type = 'remove_from_cart';,4.2845,True,True,True,,"{'shot_ids': ['B4A-FT-103-ARABIC', 'B4A-FT-102-ARABIC', 'B4A-FT-104-ARABIC'], 'shot_families': ['events_products_by_type', 'events_customers_by_type', 'events_august_by_type']}",B4A-FT-101-ARABIC,B4A-FT-101,events_count_by_type,arabic,final_test,ما عدد الأحداث لنوع الحدث 'remove_from_cart'؟,SELECT COUNT(*) AS event_count FROM build4all_research.product_events WHERE event_type = 'remove_from_cart';,B6_qwen25coder7b_fewshot3
SELECT COUNT(*) AS remove_from_cart_event_count FROM build4all_research.product_events WHERE event_type = 'remove_from_cart';,4.2269,True,True,True,,"{'shot_ids': ['B4A-FT-103-FRENCH', 'B4A-FT-102-FRENCH', 'B4A-FT-104-FRENCH'], 'shot_families': ['events_products_by_type', 'events_customers_by_type', 'events_august_by_type']}",B4A-FT-101-FRENCH,B4A-FT-101,events_count_by_type,french,final_test,Quel est le nombre d'événements pour le type d'événement 'remove_from_cart' ?,SELECT COUNT(*) AS event_count FROM build4all_research.product_events WHERE event_type = 'remove_from_cart';,B6_qwen25coder7b_fewshot3
SELECT COUNT(*) AS remove_from_cart_event_count FROM build4all_research.product_events WHERE event_type = 'remove_from_cart';,4.2881,True,True,True,,"{'shot_ids': ['B4A-FT-103-LEBANESE_ARABIZI', 'B4A-FT-102-LEBANESE_ARABIZI', 'B4A-FT-104-LEBANESE_ARABIZI'], 'shot_families': ['events_products_by_type', 'events_customers_by_type', 'events_august_by_type']}",B4A-FT-101-LEBANESE_ARABIZI,B4A-FT-101,events_count_by_type,lebanese_arabizi,final_test,Adde 3adad el events la event type 'remove_from_cart'?,SELECT COUNT(*) AS event_count FROM build4all_research.product_events WHERE event_type = 'remove_from_cart';,B6_qwen25coder7b_fewshot3
"WITH product_event_counts AS (
    SELECT 
        product_id, 
        COUNT(*) AS event_count
    FROM 
        build4all_research.product_events
    WHERE 
        event_type = 'remove_from_cart'
    GROUP BY 
        product_id
)
SELECT 
    p.product_id, 
    p.name, 
    pec.event_count
FROM 
    build4all_research.products p
JOIN 
    product_event_counts pec ON p.product_id = pec.product_id
ORDER BY 
    pec.event_count DESC
LIMIT 5;",10.0126,True,True,True,,"{'shot_ids': ['B4A-FT-103-ENGLISH', 'B4A-FT-103-LEBANESE_ARABIZI', 'B4A-FT-103-FRENCH'], 'shot_families': ['events_products_by_type', 'events_products_by_type', 'events_products_by_type']}",B4A-FT-105-ENGLISH,B4A-FT-105,events_top_products_by_type,english,final_test,What is the top five products by event count for event type 'remove_from_cart'?,"SELECT p.product_id, p.name, COUNT(*) AS event_count FROM build4all_research.product_events AS pe JOIN build4all_research.products AS p ON p.product_id = pe.product_id WHERE pe.event_type = 'remove_from_cart' GROUP BY p.product_id, p.name ORDER BY event_count DESC, p.product_id LIMIT 5;",B6_qwen25coder7b_fewshot3
"SELECT product_id, COUNT(event_id) AS event_count 
FROM build4all_research.product_events 
WHERE event_type = 'remove_from_cart' 
GROUP BY product_id 
ORDER BY event_count DESC 
LIMIT 5;",5.5488,True,True,False,,"{'shot_ids': ['B4A-FT-103-ARABIC', 'B4A-FT-102-ARABIC', 'B4A-FT-103-FRENCH'], 'shot_families': ['events_products_by_type', 'events_customers_by_type', 'events_products_by_type']}",B4A-FT-105-ARABIC,B4A-FT-105,events_top_products_by_type,arabic,final_test,ما أعلى خمسة منتجات حسب عدد الأحداث لنوع الحدث 'remove_from_cart'؟,"SELECT p.product_id, p.name, COUNT(*) AS event_count FROM build4all_research.product_events AS pe JOIN build4all_research.products AS p ON p.product_id = pe.product_id WHERE pe.event_type = 'remove_from_cart' GROUP BY p.product_id, p.name ORDER BY event_count DESC, p.product_id LIMIT 5;",B6_qwen25coder7b_fewshot3
"SELECT product_id, COUNT(event_id) AS event_count 
FROM build4all_research.product_events 
WHERE event_type = 'remove_from_cart' 
GROUP BY product_id 
ORDER BY event_count DESC 
LIMIT 5;",5.452,True,True,False,,"{'shot_ids': ['B4A-FT-103-FRENCH', 'B4A-FT-102-FRENCH', 'B4A-FT-103-ENGLISH'], 'shot_families': ['events_products_by_type', 'events_customers_by_type', 'events_products_by_type']}",B4A-FT-105-FRENCH,B4A-FT-105,events_top_products_by_type,french,final_test,Quel est le cinq produits principaux par nombre d'événements pour le type d'événement 'remove_from_cart' ?,"SELECT p.product_id, p.name, COUNT(*) AS event_count FROM build4all_research.product_events AS pe JOIN build4all_research.products AS p ON p.product_id = pe.product_id WHERE pe.event_type = 'remove_from_cart' GROUP BY p.product_id, p.name ORDER BY event_count DESC, p.product_id LIMIT 5;",B6_qwen25coder7b_fewshot3
"WITH product_event_counts AS (
    SELECT 
        product_id, 
        COUNT(*) AS event_count
    FROM 
        build4all_research.product_events
    WHERE 
        event_type = 'remove_from_cart'
    GROUP BY 
        product_id
)
SELECT 
    p.product_id, 
    p.name, 
    p.price, 
    pec.event_count
FROM 
    build4all_research.products p
JOIN 
    product_event_counts pec ON p.product_id = pec.product_id
ORDER BY 
    pec.event_count DESC
LIMIT 5;",10.6604,True,True,False,,"{'shot_ids': ['B4A-FT-103-LEBANESE_ARABIZI', 'B4A-FT-102-LEBANESE_ARABIZI', 'B4A-FT-104-LEBANESE_ARABIZI'], 'shot_families': ['events_products_by_type', 'events_customers_by_type', 'events_august_by_type']}",B4A-FT-105-LEBANESE_ARABIZI,B4A-FT-105,events_top_products_by_type,lebanese_arabizi,final_test,Adde top 5 products 7asab 3adad el events la event type 'remove_from_cart'?,"SELECT p.product_id, p.name, COUNT(*) AS event_count FROM build4all_research.product_events AS pe JOIN build4all_research.products AS p ON p.product_id = pe.product_id WHERE pe.event_type = 'remove_from_cart' GROUP BY p.product_id, p.name ORDER BY event_count DESC, p.product_id LIMIT 5;",B6_qwen25coder7b_fewshot3
SELECT COUNT(*) AS search_event_count FROM build4all_research.product_events WHERE event_type = 'search';,3.9637,True,True,True,,"{'shot_ids': ['B4A-FT-108-ENGLISH', 'B4A-FT-107-ENGLISH', 'B4A-FT-109-ENGLISH'], 'shot_families': ['events_products_by_type', 'events_customers_by_type', 'events_august_by_type']}",B4A-FT-106-ENGLISH,B4A-FT-106,events_count_by_type,english,final_test,What is the number of events for event type 'search'?,SELECT COUNT(*) AS event_count FROM build4all_research.product_events WHERE event_type = 'search';,B6_qwen25coder7b_fewshot3
SELECT COUNT(*) AS search_event_count FROM build4all_research.product_events WHERE event_type = 'search';,3.8213,True,True,True,,"{'shot_ids': ['B4A-FT-108-ARABIC', 'B4A-FT-107-ARABIC', 'B4A-FT-109-ARABIC'], 'shot_families': ['events_products_by_type', 'events_customers_by_type', 'events_august_by_type']}",B4A-FT-106-ARABIC,B4A-FT-106,events_count_by_type,arabic,final_test,ما عدد الأحداث لنوع الحدث 'search'؟,SELECT COUNT(*) AS event_count FROM build4all_research.product_events WHERE event_type = 'search';,B6_qwen25coder7b_fewshot3
SELECT COUNT(*) AS search_event_count FROM build4all_research.product_events WHERE event_type = 'search';,4.0197,True,True,True,,"{'shot_ids': ['B4A-FT-107-FRENCH', 'B4A-FT-108-FRENCH', 'B4A-FT-109-FRENCH'], 'shot_families': ['events_customers_by_type', 'events_products_by_type', 'events_august_by_type']}",B4A-FT-106-FRENCH,B4A-FT-106,events_count_by_type,french,final_test,Quel est le nombre d'événements pour le type d'événement 'search' ?,SELECT COUNT(*) AS event_count FROM build4all_research.product_events WHERE event_type = 'search';,B6_qwen25coder7b_fewshot3
SELECT COUNT(*) AS search_event_count FROM build4all_research.product_events WHERE event_type = 'search';,3.8686,True,True,True,,"{'shot_ids': ['B4A-FT-108-LEBANESE_ARABIZI', 'B4A-FT-107-LEBANESE_ARABIZI', 'B4A-FT-109-LEBANESE_ARABIZI'], 'shot_families': ['events_products_by_type', 'events_customers_by_type', 'events_august_by_type']}",B4A-FT-106-LEBANESE_ARABIZI,B4A-FT-106,events_count_by_type,lebanese_arabizi,final_test,Adde 3adad el events la event type 'search'?,SELECT COUNT(*) AS event_count FROM build4all_research.product_events WHERE event_type = 'search';,B6_qwen25coder7b_fewshot3
"SELECT p.product_id, p.name, COUNT(pe.event_id) AS event_count
FROM build4all_research.products p
JOIN build4all_research.product_events pe ON p.product_id = pe.product_id
WHERE pe.event_type = 'search'
GROUP BY p.product_id, p.name
ORDER BY event_count DESC
LIMIT 5;",7.1897,True,True,True,,"{'shot_ids': ['B4A-FT-108-ENGLISH', 'B4A-FT-108-LEBANESE_ARABIZI', 'B4A-FT-107-ENGLISH'], 'shot_families': ['events_products_by_type', 'events_products_by_type', 'events_customers_by_type']}",B4A-FT-110-ENGLISH,B4A-FT-110,events_top_products_by_type,english,final_test,What is the top five products by event count for event type 'search'?,"SELECT p.product_id, p.name, COUNT(*) AS event_count FROM build4all_research.product_events AS pe JOIN build4all_research.products AS p ON p.product_id = pe.product_id WHERE pe.event_type = 'search' GROUP BY p.product_id, p.name ORDER BY event_count DESC, p.product_id LIMIT 5;",B6_qwen25coder7b_fewshot3
"WITH search_events AS (
    SELECT product_id, COUNT(*) AS event_count
    FROM build4all_research.product_events
    WHERE event_type = 'search'
    GROUP BY product_id
)
SELECT p.product_id, p.name, se.event_count
FROM search_events se
JOIN build4all_research.products p ON se.product_id = p.product_id
ORDER BY se.event_count DESC
LIMIT 5;",8.1845,True,True,True,,"{'shot_ids': ['B4A-FT-108-ARABIC', 'B4A-FT-107-ARABIC', 'B4A-FT-113-ARABIC'], 'shot_families': ['events_products_by_type', 'events_customers_by_type', 'events_products_by_type']}",B4A-FT-110-ARABIC,B4A-FT-110,events_top_products_by_type,arabic,final_test,ما أعلى خمسة منتجات حسب عدد الأحداث لنوع الحدث 'search'؟,"SELECT p.product_id, p.name, COUNT(*) AS event_count FROM build4all_research.product_events AS pe JOIN build4all_research.products AS p ON p.product_id = pe.product_id WHERE pe.event_type = 'search' GROUP BY p.product_id, p.name ORDER BY event_count DESC, p.product_id LIMIT 5;",B6_qwen25coder7b_fewshot3
"WITH search_events AS (
    SELECT product_id, COUNT(*) AS event_count
    FROM build4all_research.product_events
    WHERE event_type = 'search'
    GROUP BY product_id
)
SELECT p.product_id, p.name, se.event_count
FROM search_events se
JOIN build4all_research.products p ON se.product_id = p.product_id
ORDER BY se.event_count DESC
LIMIT 5;",8.3333,True,True,True,,"{'shot_ids': ['B4A-FT-108-FRENCH', 'B4A-FT-107-FRENCH', 'B4A-FT-113-FRENCH'], 'shot_families': ['events_products_by_type', 'events_customers_by_type', 'events_products_by_type']}",B4A-FT-110-FRENCH,B4A-FT-110,events_top_products_by_type,french,final_test,Quel est le cinq produits principaux par nombre d'événements pour le type d'événement 'search' ?,"SELECT p.product_id, p.name, COUNT(*) AS event_count FROM build4all_research.product_events AS pe JOIN build4all_research.products AS p ON p.product_id = pe.product_id WHERE pe.event_type = 'search' GROUP BY p.product_id, p.name ORDER BY event_count DESC, p.product_id LIMIT 5;",B6_qwen25coder7b_fewshot3
"SELECT p.product_id, p.name, COUNT(pe.event_id) AS search_event_count
FROM build4all_research.products p
JOIN build4all_research.product_events pe ON p.product_id = pe.product_id
WHERE pe.event_type = 'search'
GROUP BY p.product_id, p.name
ORDER BY search_event_count DESC
LIMIT 5;",7.6962,True,True,True,,"{'shot_ids': ['B4A-FT-108-LEBANESE_ARABIZI', 'B4A-FT-107-LEBANESE_ARABIZI', 'B4A-FT-109-LEBANESE_ARABIZI'], 'shot_families': ['events_products_by_type', 'events_customers_by_type', 'events_august_by_type']}",B4A-FT-110-LEBANESE_ARABIZI,B4A-FT-110,events_top_products_by_type,lebanese_arabizi,final_test,Adde top 5 products 7asab 3adad el events la event type 'search'?,"SELECT p.product_id, p.name, COUNT(*) AS event_count FROM build4all_research.product_events AS pe JOIN build4all_research.products AS p ON p.product_id = pe.product_id WHERE pe.event_type = 'search' GROUP BY p.product_id, p.name ORDER BY event_count DESC, p.product_id LIMIT 5;",B6_qwen25coder7b_fewshot3
SELECT COUNT(event_id) AS event_count FROM build4all_research.product_events WHERE event_type = 'view';,3.8466,True,True,True,,"{'shot_ids': ['B4A-FT-113-ENGLISH', 'B4A-FT-112-ENGLISH', 'B4A-FT-113-FRENCH'], 'shot_families': ['events_products_by_type', 'events_customers_by_type', 'events_products_by_type']}",B4A-FT-111-ENGLISH,B4A-FT-111,events_count_by_type,english,final_test,What is the number of events for event type 'view'?,SELECT COUNT(*) AS event_count FROM build4all_research.product_events WHERE event_type = 'view';,B6_qwen25coder7b_fewshot3
SELECT COUNT(*) AS view_event_count FROM build4all_research.product_events WHERE event_type = 'view';,3.8379,True,True,True,,"{'shot_ids': ['B4A-FT-113-ARABIC', 'B4A-FT-112-ARABIC', 'B4A-FT-114-ARABIC'], 'shot_families': ['events_products_by_type', 'events_customers_by_type', 'events_august_by_type']}",B4A-FT-111-ARABIC,B4A-FT-111,events_count_by_type,arabic,final_test,ما عدد الأحداث لنوع الحدث 'view'؟,SELECT COUNT(*) AS event_count FROM build4all_research.product_events WHERE event_type = 'view';,B6_qwen25coder7b_fewshot3
SELECT COUNT(*) AS view_event_count FROM build4all_research.product_events WHERE event_type = 'view';,3.9147,True,True,True,,"{'shot_ids': ['B4A-FT-112-FRENCH', 'B4A-FT-113-FRENCH', 'B4A-FT-114-FRENCH'], 'shot_families': ['events_customers_by_type', 'events_products_by_type', 'events_august_by_type']}",B4A-FT-111-FRENCH,B4A-FT-111,events_count_by_type,french,final_test,Quel est le nombre d'événements pour le type d'événement 'view' ?,SELECT COUNT(*) AS event_count FROM build4all_research.product_events WHERE event_type = 'view';,B6_qwen25coder7b_fewshot3
SELECT COUNT(*) AS view_event_count FROM build4all_research.product_events WHERE event_type = 'view';,3.823,True,True,True,,"{'shot_ids': ['B4A-FT-113-LEBANESE_ARABIZI', 'B4A-FT-112-LEBANESE_ARABIZI', 'B4A-FT-114-LEBANESE_ARABIZI'], 'shot_families': ['events_products_by_type', 'events_customers_by_type', 'events_august_by_type']}",B4A-FT-111-LEBANESE_ARABIZI,B4A-FT-111,events_count_by_type,lebanese_arabizi,final_test,Adde 3adad el events la event type 'view'?,SELECT COUNT(*) AS event_count FROM build4all_research.product_events WHERE event_type = 'view';,B6_qwen25coder7b_fewshot3
"SELECT p.product_id, p.name, COUNT(pe.event_id) AS event_count
FROM build4all_research.products p
JOIN build4all_research.product_events pe ON p.product_id = pe.product_id
WHERE pe.event_type = 'view'
GROUP BY p.product_id, p.name
ORDER BY event_count DESC
LIMIT 5;",7.1487,True,True,True,,"{'shot_ids': ['B4A-FT-113-ENGLISH', 'B4A-FT-112-ENGLISH', 'B4A-FT-113-LEBANESE_ARABIZI'], 'shot_families': ['events_products_by_type', 'events_customers_by_type', 'events_products_by_type']}",B4A-FT-115-ENGLISH,B4A-FT-115,events_top_products_by_type,english,final_test,What is the top five products by event count for event type 'view'?,"SELECT p.product_id, p.name, COUNT(*) AS event_count FROM build4all_research.product_events AS pe JOIN build4all_research.products AS p ON p.product_id = pe.product_id WHERE pe.event_type = 'view' GROUP BY p.product_id, p.name ORDER BY event_count DESC, p.product_id LIMIT 5;",B6_qwen25coder7b_fewshot3
"SELECT p.product_id, p.name, COUNT(pe.event_id) AS view_count
FROM build4all_research.products p
JOIN build4all_research.product_events pe ON p.product_id = pe.product_id
WHERE pe.event_type = 'view'
GROUP BY p.product_id, p.name
ORDER BY view_count DESC
LIMIT 5;",7.1909,True,True,True,,"{'shot_ids': ['B4A-FT-113-ARABIC', 'B4A-FT-112-ARABIC', 'B4A-FT-113-FRENCH'], 'shot_families': ['events_products_by_type', 'events_customers_by_type', 'events_products_by_type']}",B4A-FT-115-ARABIC,B4A-FT-115,events_top_products_by_type,arabic,final_test,ما أعلى خمسة منتجات حسب عدد الأحداث لنوع الحدث 'view'؟,"SELECT p.product_id, p.name, COUNT(*) AS event_count FROM build4all_research.product_events AS pe JOIN build4all_research.products AS p ON p.product_id = pe.product_id WHERE pe.event_type = 'view' GROUP BY p.product_id, p.name ORDER BY event_count DESC, p.product_id LIMIT 5;",B6_qwen25coder7b_fewshot3
"WITH product_event_counts AS (
    SELECT 
        product_id, 
        COUNT(*) AS event_count
    FROM 
        build4all_research.product_events
    WHERE 
        event_type = 'view'
    GROUP BY 
        product_id
)
SELECT 
    p.product_id, 
    p.name, 
    p.description, 
    p.price, 
    p.sale_price, 
    p.stock, 
    p.status, 
    p.created_at, 
    pec.event_count
FROM 
    build4all_research.products p
JOIN 
    product_event_counts pec ON p.product_id = pec.product_id
ORDER BY 
    pec.event_count DESC
LIMIT 5;",12.1525,True,True,False,,"{'shot_ids': ['B4A-FT-113-FRENCH', 'B4A-FT-112-FRENCH', 'B4A-FT-108-FRENCH'], 'shot_families': ['events_products_by_type', 'events_customers_by_type', 'events_products_by_type']}",B4A-FT-115-FRENCH,B4A-FT-115,events_top_products_by_type,french,final_test,Quel est le cinq produits principaux par nombre d'événements pour le type d'événement 'view' ?,"SELECT p.product_id, p.name, COUNT(*) AS event_count FROM build4all_research.product_events AS pe JOIN build4all_research.products AS p ON p.product_id = pe.product_id WHERE pe.event_type = 'view' GROUP BY p.product_id, p.name ORDER BY event_count DESC, p.product_id LIMIT 5;",B6_qwen25coder7b_fewshot3
"SELECT p.product_id, p.name, COUNT(pe.event_id) AS event_count
FROM build4all_research.products p
JOIN build4all_research.product_events pe ON p.product_id = pe.product_id
WHERE pe.event_type = 'view'
GROUP BY p.product_id, p.name
ORDER BY event_count DESC
LIMIT 5;",7.1582,True,True,True,,"{'shot_ids': ['B4A-FT-113-LEBANESE_ARABIZI', 'B4A-FT-112-LEBANESE_ARABIZI', 'B4A-FT-113-ENGLISH'], 'shot_families': ['events_products_by_type', 'events_customers_by_type', 'events_products_by_type']}",B4A-FT-115-LEBANESE_ARABIZI,B4A-FT-115,events_top_products_by_type,lebanese_arabizi,final_test,Adde top 5 products 7asab 3adad el events la event type 'view'?,"SELECT p.product_id, p.name, COUNT(*) AS event_count FROM build4all_research.product_events AS pe JOIN build4all_research.products AS p ON p.product_id = pe.product_id WHERE pe.event_type = 'view' GROUP BY p.product_id, p.name ORDER BY event_count DESC, p.product_id LIMIT 5;",B6_qwen25coder7b_fewshot3
SELECT COUNT(*) AS wishlist_event_count FROM build4all_research.product_events WHERE event_type = 'wishlist';,3.9412,True,True,True,,"{'shot_ids': ['B4A-FT-118-ENGLISH', 'B4A-FT-117-ENGLISH', 'B4A-FT-119-ENGLISH'], 'shot_families': ['events_products_by_type', 'events_customers_by_type', 'events_august_by_type']}",B4A-FT-116-ENGLISH,B4A-FT-116,events_count_by_type,english,final_test,What is the number of events for event type 'wishlist'?,SELECT COUNT(*) AS event_count FROM build4all_research.product_events WHERE event_type = 'wishlist';,B6_qwen25coder7b_fewshot3
SELECT COUNT(*) AS wishlist_event_count FROM build4all_research.product_events WHERE event_type = 'wishlist';,3.837,True,True,True,,"{'shot_ids': ['B4A-FT-118-ARABIC', 'B4A-FT-117-ARABIC', 'B4A-FT-119-ARABIC'], 'shot_families': ['events_products_by_type', 'events_customers_by_type', 'events_august_by_type']}",B4A-FT-116-ARABIC,B4A-FT-116,events_count_by_type,arabic,final_test,ما عدد الأحداث لنوع الحدث 'wishlist'؟,SELECT COUNT(*) AS event_count FROM build4all_research.product_events WHERE event_type = 'wishlist';,B6_qwen25coder7b_fewshot3
SELECT COUNT(*) AS wishlist_event_count FROM build4all_research.product_events WHERE event_type = 'wishlist';,4.0243,True,True,True,,"{'shot_ids': ['B4A-FT-117-FRENCH', 'B4A-FT-118-FRENCH', 'B4A-FT-119-FRENCH'], 'shot_families': ['events_customers_by_type', 'events_products_by_type', 'events_august_by_type']}",B4A-FT-116-FRENCH,B4A-FT-116,events_count_by_type,french,final_test,Quel est le nombre d'événements pour le type d'événement 'wishlist' ?,SELECT COUNT(*) AS event_count FROM build4all_research.product_events WHERE event_type = 'wishlist';,B6_qwen25coder7b_fewshot3
SELECT COUNT(*) AS wishlist_event_count FROM build4all_research.product_events WHERE event_type = 'wishlist';,3.8762,True,True,True,,"{'shot_ids': ['B4A-FT-118-LEBANESE_ARABIZI', 'B4A-FT-117-LEBANESE_ARABIZI', 'B4A-FT-119-LEBANESE_ARABIZI'], 'shot_families': ['events_products_by_type', 'events_customers_by_type', 'events_august_by_type']}",B4A-FT-116-LEBANESE_ARABIZI,B4A-FT-116,events_count_by_type,lebanese_arabizi,final_test,Adde 3adad el events la event type 'wishlist'?,SELECT COUNT(*) AS event_count FROM build4all_research.product_events WHERE event_type = 'wishlist';,B6_qwen25coder7b_fewshot3
"SELECT p.product_id, p.name, COUNT(pe.event_id) AS event_count
FROM build4all_research.products p
JOIN build4all_research.product_events pe ON p.product_id = pe.product_id
WHERE pe.event_type = 'wishlist'
GROUP BY p.product_id, p.name
ORDER BY event_count DESC
LIMIT 5;",7.2635,True,True,True,,"{'shot_ids': ['B4A-FT-118-ENGLISH', 'B4A-FT-117-ENGLISH', 'B4A-FT-118-FRENCH'], 'shot_families': ['events_products_by_type', 'events_customers_by_type', 'events_products_by_type']}",B4A-FT-120-ENGLISH,B4A-FT-120,events_top_products_by_type,english,final_test,What is the top five products by event count for event type 'wishlist'?,"SELECT p.product_id, p.name, COUNT(*) AS event_count FROM build4all_research.product_events AS pe JOIN build4all_research.products AS p ON p.product_id = pe.product_id WHERE pe.event_type = 'wishlist' GROUP BY p.product_id, p.name ORDER BY event_count DESC, p.product_id LIMIT 5;",B6_qwen25coder7b_fewshot3
"SELECT p.product_id, p.name, COUNT(pe.event_id) AS event_count
FROM build4all_research.products p
JOIN build4all_research.product_events pe ON p.product_id = pe.product_id
WHERE pe.event_type = 'wishlist'
GROUP BY p.product_id, p.name
ORDER BY event_count DESC
LIMIT 5;",7.1595,True,True,True,,"{'shot_ids': ['B4A-FT-118-ARABIC', 'B4A-FT-117-ARABIC', 'B4A-FT-118-FRENCH'], 'shot_families': ['events_products_by_type', 'events_customers_by_type', 'events_products_by_type']}",B4A-FT-120-ARABIC,B4A-FT-120,events_top_products_by_type,arabic,final_test,ما أعلى خمسة منتجات حسب عدد الأحداث لنوع الحدث 'wishlist'؟,"SELECT p.product_id, p.name, COUNT(*) AS event_count FROM build4all_research.product_events AS pe JOIN build4all_research.products AS p ON p.product_id = pe.product_id WHERE pe.event_type = 'wishlist' GROUP BY p.product_id, p.name ORDER BY event_count DESC, p.product_id LIMIT 5;",B6_qwen25coder7b_fewshot3
"WITH wishlist_events AS (
    SELECT product_id, COUNT(*) AS event_count
    FROM build4all_research.product_events
    WHERE event_type = 'wishlist'
    GROUP BY product_id
)
SELECT p.product_id, p.name, w.event_count
FROM build4all_research.products p
JOIN wishlist_events w ON p.product_id = w.product_id
ORDER BY w.event_count DESC
LIMIT 5;",8.3943,True,True,True,,"{'shot_ids': ['B4A-FT-118-FRENCH', 'B4A-FT-117-FRENCH', 'B4A-FT-108-FRENCH'], 'shot_families': ['events_products_by_type', 'events_customers_by_type', 'events_products_by_type']}",B4A-FT-120-FRENCH,B4A-FT-120,events_top_products_by_type,french,final_test,Quel est le cinq produits principaux par nombre d'événements pour le type d'événement 'wishlist' ?,"SELECT p.product_id, p.name, COUNT(*) AS event_count FROM build4all_research.product_events AS pe JOIN build4all_research.products AS p ON p.product_id = pe.product_id WHERE pe.event_type = 'wishlist' GROUP BY p.product_id, p.name ORDER BY event_count DESC, p.product_id LIMIT 5;",B6_qwen25coder7b_fewshot3
"SELECT p.product_id, p.name, COUNT(pe.event_id) AS event_count
FROM build4all_research.products p
JOIN build4all_research.product_events pe ON p.product_id = pe.product_id
WHERE pe.event_type = 'wishlist'
GROUP BY p.product_id, p.name
ORDER BY event_count DESC
LIMIT 5;",7.2683,True,True,True,,"{'shot_ids': ['B4A-FT-118-LEBANESE_ARABIZI', 'B4A-FT-117-LEBANESE_ARABIZI', 'B4A-FT-118-ENGLISH'], 'shot_families': ['events_products_by_type', 'events_customers_by_type', 'events_products_by_type']}",B4A-FT-120-LEBANESE_ARABIZI,B4A-FT-120,events_top_products_by_type,lebanese_arabizi,final_test,Adde top 5 products 7asab 3adad el events la event type 'wishlist'?,"SELECT p.product_id, p.name, COUNT(*) AS event_count FROM build4all_research.product_events AS pe JOIN build4all_research.products AS p ON p.product_id = pe.product_id WHERE pe.event_type = 'wishlist' GROUP BY p.product_id, p.name ORDER BY event_count DESC, p.product_id LIMIT 5;",B6_qwen25coder7b_fewshot3
