order_id,customer_id,order_date,status,subtotal,tax_amount,shipping_amount,discount_amount,total_amount,shipping_method_id,coupon_id
1,70,2024-02-29 22:15:20+00,completed,2391.12,263.02,0.00,0.00,2654.14,5,
2,99,2024-02-29 23:00:10+00,cancelled,517.30,60.75,35.00,0.00,613.05,4,
3,463,2024-02-29 23:15:40+00,completed,517.30,58.22,12.00,0.00,587.52,2,
4,453,2024-02-29 23:38:03+00,processing,281.87,29.22,12.00,28.19,294.90,2,1
5,452,2024-03-01 04:50:38+00,completed,430.06,47.86,5.00,0.00,482.92,1,
6,399,2024-03-01 06:31:16+00,processing,2349.66,259.01,5.00,0.00,2613.67,1,
7,237,2024-03-01 15:02:00+00,completed,2120.10,234.53,12.00,0.00,2366.63,2,
8,19,2024-03-01 15:23:42+00,shipped,95.10,10.46,5.00,5.00,105.56,1,4
9,493,2024-03-01 21:42:10+00,completed,608.82,67.74,12.00,5.00,683.56,2,4
10,167,2024-03-02 02:59:48+00,cancelled,393.39,43.82,5.00,0.00,442.21,1,
11,488,2024-03-02 12:29:30+00,shipped,2306.50,255.03,12.00,0.00,2573.53,2,
12,300,2024-03-02 12:46:04+00,shipped,3108.88,342.53,5.00,0.00,3456.41,1,
13,452,2024-03-02 16:33:28+00,processing,63.40,7.52,5.00,0.00,75.92,1,
14,286,2024-03-02 18:09:08+00,completed,403.20,45.67,12.00,0.00,460.87,2,
15,463,2024-03-03 13:15:08+00,completed,614.70,59.37,0.00,75.00,599.07,5,2
16,493,2024-03-03 13:21:49+00,cancelled,103.92,11.43,0.00,0.00,115.35,5,
17,70,2024-03-03 15:49:18+00,completed,1710.26,188.68,5.00,0.00,1903.94,1,
18,452,2024-03-03 22:52:03+00,completed,2594.88,286.21,12.00,5.00,2888.09,2,4
19,136,2024-03-03 22:57:45+00,completed,4187.73,461.20,5.00,0.00,4653.93,1,
20,266,2024-03-04 12:07:29+00,pending,2487.14,274.14,5.00,0.00,2766.28,1,
21,21,2024-03-04 16:54:30+00,completed,176.14,20.15,12.00,5.00,203.29,2,4
22,21,2024-03-04 16:59:49+00,cancelled,2754.25,303.52,5.00,0.00,3062.77,1,
23,26,2024-03-04 23:43:23+00,completed,1815.42,201.02,12.00,0.00,2028.44,2,
24,180,2024-03-05 01:27:14+00,completed,4020.75,443.38,15.00,5.00,4474.13,3,4
25,488,2024-03-05 03:59:12+00,cancelled,2354.80,259.58,5.00,0.00,2619.38,1,
26,286,2024-03-05 13:46:31+00,shipped,31.70,4.81,12.00,0.00,48.51,2,
27,446,2024-03-05 15:12:09+00,completed,567.18,63.16,12.00,5.00,637.34,2,4
28,463,2024-03-05 19:14:05+00,completed,1989.95,220.21,12.00,0.00,2222.16,2,
29,240,2024-03-06 03:01:54+00,completed,3946.54,434.67,5.00,0.00,4386.21,1,
30,279,2024-03-06 14:39:55+00,completed,413.84,46.07,5.00,0.00,464.91,1,
31,351,2024-03-06 16:34:13+00,completed,308.99,34.54,5.00,0.00,348.53,1,
32,294,2024-03-06 22:27:05+00,completed,1031.82,114.82,12.00,0.00,1158.64,2,
33,464,2024-03-07 03:10:25+00,refunded,189.06,20.80,5.00,5.00,209.86,1,4
34,21,2024-03-07 10:07:04+00,completed,2880.13,309.88,12.00,75.00,3127.01,2,2
35,35,2024-03-07 14:10:22+00,completed,119.61,13.71,5.00,0.00,138.32,1,
36,175,2024-03-07 17:40:13+00,completed,472.65,53.64,15.00,0.00,541.29,3,
37,70,2024-03-08 03:37:47+00,cancelled,2128.46,234.68,5.00,0.00,2368.14,1,
38,362,2024-03-08 04:19:52+00,completed,1022.72,113.05,5.00,0.00,1140.77,1,
39,351,2024-03-08 04:50:51+00,completed,1453.46,161.20,12.00,0.00,1626.66,2,
40,366,2024-03-08 10:15:28+00,completed,670.64,74.32,5.00,0.00,749.96,1,
41,362,2024-03-08 13:58:00+00,completed,283.59,31.93,35.00,28.36,322.16,4,1
42,21,2024-03-08 15:09:38+00,completed,95.10,10.46,0.00,0.00,105.56,5,
43,411,2024-03-08 18:42:32+00,processing,574.24,63.72,5.00,0.00,642.96,1,
44,237,2024-03-08 23:43:32+00,completed,5.88,1.20,5.00,0.00,12.08,1,
45,300,2024-03-09 01:57:07+00,completed,451.46,50.21,5.00,0.00,506.67,1,
46,464,2024-03-09 03:34:49+00,completed,517.30,57.45,5.00,0.00,579.75,1,
47,270,2024-03-09 04:07:30+00,completed,3438.40,378.77,5.00,0.00,3822.17,1,
48,267,2024-03-09 08:41:01+00,completed,719.44,79.69,5.00,0.00,804.13,1,
49,180,2024-03-09 10:03:30+00,completed,145.61,16.57,5.00,0.00,167.18,1,
50,121,2024-03-09 10:20:03+00,completed,38.10,7.49,35.00,5.00,75.59,4,4
51,488,2024-03-09 13:00:24+00,shipped,590.35,65.49,5.00,0.00,660.84,1,
52,300,2024-03-09 19:11:32+00,cancelled,2952.80,326.46,15.00,0.00,3294.26,3,
53,470,2024-03-10 05:58:29+00,completed,2877.18,317.81,12.00,0.00,3206.99,2,
54,300,2024-03-10 06:12:02+00,shipped,1556.92,171.81,5.00,0.00,1733.73,1,
55,446,2024-03-10 07:32:09+00,completed,517.30,58.22,12.00,0.00,587.52,2,
56,411,2024-03-10 08:36:30+00,processing,4040.04,445.72,12.00,0.00,4497.76,2,
57,286,2024-03-10 09:10:02+00,completed,404.93,43.99,0.00,5.00,443.92,5,4
58,294,2024-03-10 12:11:53+00,completed,705.74,79.28,15.00,0.00,800.02,3,
59,411,2024-03-10 14:16:06+00,cancelled,3235.66,356.47,5.00,0.00,3597.13,1,
60,362,2024-03-10 15:09:12+00,completed,1264.98,140.47,12.00,0.00,1417.45,2,
61,488,2024-03-10 20:43:22+00,shipped,1040.82,115.04,5.00,0.00,1160.86,1,
62,452,2024-03-11 03:17:46+00,completed,3106.54,342.27,5.00,0.00,3453.81,1,
63,175,2024-03-11 03:32:25+00,completed,1720.50,189.81,5.00,0.00,1915.31,1,
64,463,2024-03-11 04:31:54+00,completed,571.54,62.87,0.00,0.00,634.41,5,
65,136,2024-03-11 05:09:59+00,refunded,2504.62,276.83,12.00,0.00,2793.45,2,
66,351,2024-03-11 05:36:47+00,completed,5786.72,640.39,35.00,0.00,6462.11,4,
67,267,2024-03-11 18:11:12+00,completed,3028.90,333.73,5.00,0.00,3367.63,1,
68,463,2024-03-11 21:38:59+00,pending,538.34,60.54,12.00,0.00,610.88,2,
69,366,2024-03-11 22:53:32+00,cancelled,341.48,37.56,5.00,5.00,379.04,1,4
70,175,2024-03-12 01:10:57+00,completed,3678.88,406.00,12.00,0.00,4096.88,2,
71,470,2024-03-12 06:26:04+00,completed,2857.70,316.00,15.00,0.00,3188.70,3,
72,488,2024-03-12 07:10:02+00,pending,4406.80,485.30,5.00,0.00,4897.10,1,
73,456,2024-03-12 07:38:30+00,cancelled,6362.65,701.21,12.00,0.00,7075.86,2,
74,300,2024-03-12 08:48:40+00,cancelled,529.98,62.15,35.00,0.00,627.13,4,
75,362,2024-03-12 12:39:58+00,completed,5308.08,584.44,5.00,0.00,5897.52,1,
76,38,2024-03-12 13:09:27+00,completed,666.87,74.68,12.00,0.00,753.55,2,
77,294,2024-03-12 15:16:25+00,completed,9492.86,1044.21,0.00,0.00,10537.07,5,
78,35,2024-03-12 23:00:26+00,completed,2215.20,243.67,5.00,5.00,2458.87,1,4
79,452,2024-03-13 00:58:31+00,completed,905.26,91.33,0.00,75.00,921.59,5,2
80,110,2024-03-13 06:20:16+00,shipped,6942.32,764.21,5.00,0.00,7711.53,1,
81,409,2024-03-13 06:42:18+00,completed,138.74,16.58,12.00,0.00,167.32,2,
82,270,2024-03-14 01:46:41+00,completed,2524.44,279.01,12.00,0.00,2815.45,2,
83,493,2024-03-14 17:12:10+00,completed,6290.32,691.94,5.00,5.00,6982.26,1,4
84,110,2024-03-15 06:15:18+00,completed,2899.62,320.28,12.00,0.00,3231.90,2,
85,121,2024-03-15 13:12:42+00,completed,6518.61,718.37,12.00,0.00,7248.98,2,
86,253,2024-03-15 15:23:14+00,completed,1574.56,173.20,0.00,0.00,1747.76,5,
87,446,2024-03-15 16:45:00+00,shipped,2043.76,225.36,5.00,0.00,2274.12,1,
88,180,2024-03-15 16:59:43+00,shipped,2497.65,276.06,12.00,0.00,2785.71,2,
89,482,2024-03-15 17:05:56+00,completed,3229.83,355.83,5.00,0.00,3590.66,1,
90,362,2024-03-15 19:17:55+00,completed,1070.00,118.25,5.00,0.00,1193.25,1,
91,456,2024-03-16 03:55:17+00,completed,5662.62,623.44,5.00,0.00,6291.06,1,
92,411,2024-03-16 05:15:59+00,processing,1223.70,135.16,5.00,0.00,1363.86,1,
93,240,2024-03-16 06:49:04+00,completed,2944.30,324.42,5.00,0.00,3273.72,1,
94,286,2024-03-16 07:12:07+00,processing,536.15,51.28,5.00,75.00,517.43,1,2
95,411,2024-03-16 18:13:09+00,completed,9228.48,1015.13,0.00,0.00,10243.61,5,
96,27,2024-03-16 20:31:15+00,completed,2526.86,278.50,5.00,0.00,2810.36,1,
97,121,2024-03-16 23:34:55+00,completed,1273.46,141.73,15.00,0.00,1430.19,3,
98,55,2024-03-17 07:21:29+00,completed,95.10,14.31,35.00,0.00,144.41,4,
99,167,2024-03-17 08:49:57+00,completed,8085.40,889.94,5.00,0.00,8980.34,1,
100,237,2024-03-17 22:00:33+00,pending,1933.08,213.19,5.00,0.00,2151.27,1,
101,35,2024-03-17 23:04:53+00,processing,95.10,9.91,0.00,5.00,100.01,5,4
102,27,2024-03-18 00:41:10+00,completed,3707.05,407.78,0.00,0.00,4114.83,5,
103,294,2024-03-18 02:01:50+00,processing,357.28,39.85,5.00,0.00,402.13,1,
104,453,2024-03-18 03:55:20+00,completed,63.50,10.84,35.00,0.00,109.34,4,
105,70,2024-03-18 05:03:46+00,processing,3575.20,393.82,5.00,0.00,3974.02,1,
106,55,2024-03-18 15:48:28+00,refunded,6082.83,669.66,5.00,0.00,6757.49,1,
107,99,2024-03-18 23:02:48+00,completed,101.37,15.00,35.00,0.00,151.37,4,
108,267,2024-03-19 03:30:16+00,completed,5123.18,567.40,35.00,0.00,5725.58,4,
109,463,2024-03-19 10:45:53+00,completed,6532.96,719.18,5.00,0.00,7257.14,1,
110,411,2024-03-19 11:46:53+00,processing,714.96,78.65,0.00,0.00,793.61,5,
111,411,2024-03-19 16:47:30+00,completed,56.52,7.54,12.00,0.00,76.06,2,
112,237,2024-03-19 17:58:23+00,cancelled,554.41,61.54,5.00,0.00,620.95,1,
113,70,2024-03-20 03:18:51+00,completed,2543.88,275.98,5.00,40.00,2784.86,1,1
114,19,2024-03-20 06:40:15+00,processing,5964.14,656.06,0.00,0.00,6620.20,5,
115,96,2024-03-20 11:57:26+00,shipped,3582.02,394.57,5.00,0.00,3981.59,1,
116,237,2024-03-20 17:40:51+00,processing,575.92,63.35,0.00,0.00,639.27,5,
117,38,2024-03-21 08:36:04+00,completed,5144.08,567.17,12.00,0.00,5723.25,2,
118,26,2024-03-21 16:03:17+00,completed,7314.04,805.09,5.00,0.00,8124.13,1,
119,26,2024-03-21 22:08:02+00,completed,283.59,32.51,12.00,0.00,328.10,2,
120,35,2024-03-21 22:11:55+00,processing,2455.88,262.45,5.00,75.00,2648.33,1,2
121,121,2024-03-22 10:13:17+00,cancelled,1964.78,216.68,5.00,0.00,2186.46,1,
122,215,2024-03-22 10:44:59+00,completed,3077.16,339.81,12.00,0.00,3428.97,2,
123,470,2024-03-22 13:22:28+00,completed,109.34,13.35,12.00,0.00,134.69,2,
124,362,2024-03-22 23:59:05+00,completed,2013.57,222.04,5.00,0.00,2240.61,1,
125,167,2024-03-23 01:46:15+00,completed,1143.08,129.59,35.00,0.00,1307.67,4,
126,70,2024-03-23 07:05:01+00,shipped,675.47,74.30,5.00,5.00,749.77,1,4
127,361,2024-03-23 11:32:33+00,shipped,4879.20,538.03,12.00,0.00,5429.23,2,
128,267,2024-03-23 21:54:58+00,completed,5887.11,648.13,5.00,0.00,6540.24,1,
129,121,2024-03-24 02:42:13+00,completed,3478.46,383.18,5.00,0.00,3866.64,1,
130,470,2024-03-24 14:36:51+00,completed,2793.05,308.56,12.00,0.00,3113.61,2,
131,99,2024-03-24 16:48:06+00,shipped,3557.82,392.68,12.00,0.00,3962.50,2,
132,175,2024-03-24 21:42:59+00,completed,2579.82,287.63,35.00,0.00,2902.45,4,
133,21,2024-03-25 15:40:48+00,shipped,540.64,60.02,5.00,0.00,605.66,1,
134,453,2024-03-25 17:16:37+00,completed,3330.35,361.94,35.00,75.00,3652.29,4,2
135,464,2024-03-26 01:09:48+00,completed,190.20,22.24,12.00,0.00,224.44,2,
136,253,2024-03-26 08:48:17+00,completed,190.20,22.57,15.00,0.00,227.77,3,
137,167,2024-03-26 09:40:23+00,shipped,378.12,42.14,5.00,0.00,425.26,1,
138,456,2024-03-26 10:00:59+00,completed,3899.60,429.51,5.00,0.00,4334.11,1,
139,256,2024-03-26 12:56:36+00,processing,6316.54,691.74,12.00,40.00,6980.28,2,1
140,136,2024-03-26 19:54:33+00,completed,158.50,18.67,35.00,23.77,188.40,4,2
141,35,2024-03-27 14:29:25+00,completed,2529.16,278.76,5.00,0.00,2812.92,1,
142,411,2024-03-27 14:40:04+00,processing,2409.03,265.54,5.00,0.00,2679.57,1,
143,26,2024-03-28 18:11:36+00,completed,479.39,45.37,5.00,71.91,457.85,1,2
144,190,2024-03-28 21:23:52+00,completed,3029.43,337.09,35.00,0.00,3401.52,4,
145,446,2024-03-28 21:41:30+00,completed,4947.24,548.05,35.00,0.00,5530.29,4,
146,35,2024-03-28 23:03:22+00,completed,1362.56,149.88,0.00,0.00,1512.44,5,
147,399,2024-03-28 23:30:04+00,processing,7844.16,859.78,12.00,40.00,8675.94,2,1
148,456,2024-03-29 01:19:16+00,pending,2901.42,319.71,5.00,0.00,3226.13,1,
149,270,2024-03-29 03:08:27+00,completed,3834.69,422.37,5.00,0.00,4262.06,1,
150,399,2024-03-29 08:03:36+00,cancelled,1693.74,186.86,5.00,0.00,1885.60,1,
151,361,2024-03-29 23:28:51+00,completed,43.85,5.37,5.00,0.00,54.22,1,
152,294,2024-03-30 06:38:48+00,completed,5406.89,595.31,5.00,0.00,6007.20,1,
153,463,2024-03-30 07:50:06+00,completed,644.10,71.40,5.00,0.00,720.50,1,
154,190,2024-03-31 02:41:37+00,completed,31.35,4.00,5.00,0.00,40.35,1,
155,256,2024-03-31 10:53:02+00,completed,3841.70,423.91,12.00,0.00,4277.61,2,
156,121,2024-03-31 11:14:36+00,completed,3084.87,339.34,0.00,0.00,3424.21,5,
157,215,2024-03-31 12:15:31+00,completed,4394.70,483.97,5.00,0.00,4883.67,1,
158,267,2024-04-01 01:20:42+00,completed,2421.32,266.90,5.00,0.00,2693.22,1,
159,300,2024-04-01 14:50:47+00,completed,24.30,4.32,15.00,0.00,43.62,3,
160,121,2024-04-01 15:59:22+00,shipped,48.21,4.77,0.00,4.82,48.16,5,1
161,361,2024-04-01 16:09:42+00,completed,4616.82,511.70,35.00,0.00,5163.52,4,
162,122,2024-04-01 19:44:29+00,completed,1506.27,166.24,5.00,0.00,1677.51,1,
163,351,2024-04-01 22:51:14+00,shipped,6814.35,750.13,5.00,0.00,7569.48,1,
164,175,2024-04-01 23:23:31+00,completed,632.48,69.57,5.00,5.00,702.05,1,4
165,19,2024-04-02 00:23:12+00,completed,63.40,8.29,12.00,0.00,83.69,2,
166,27,2024-04-02 07:01:50+00,completed,1073.99,118.69,5.00,0.00,1197.68,1,
167,256,2024-04-02 08:27:17+00,pending,158.12,17.94,5.00,0.00,181.06,1,
168,411,2024-04-02 13:29:41+00,completed,1523.14,168.10,5.00,0.00,1696.24,1,
169,253,2024-04-02 14:56:54+00,cancelled,966.54,106.87,5.00,0.00,1078.41,1,
170,267,2024-04-02 20:30:29+00,completed,31.70,6.79,35.00,5.00,68.49,4,4
171,240,2024-04-03 00:06:01+00,completed,1444.75,160.24,12.00,0.00,1616.99,2,
172,267,2024-04-03 01:36:13+00,completed,2028.18,223.87,12.00,5.00,2259.05,2,4
173,409,2024-04-03 12:40:31+00,completed,3429.24,378.87,15.00,0.00,3823.11,3,
174,122,2024-04-03 19:46:51+00,completed,1482.70,163.65,5.00,0.00,1651.35,1,
175,19,2024-04-03 21:08:13+00,refunded,1931.75,212.49,0.00,0.00,2144.24,5,
176,279,2024-04-03 23:18:15+00,shipped,126.80,15.27,12.00,0.00,154.07,2,
177,240,2024-04-04 07:21:11+00,shipped,440.06,52.26,35.00,0.00,527.32,4,
178,190,2024-04-04 11:47:25+00,completed,474.36,52.73,5.00,0.00,532.09,1,
179,452,2024-04-04 16:41:00+00,processing,6758.02,744.70,12.00,0.00,7514.72,2,
180,488,2024-04-04 19:31:32+00,completed,6590.46,724.95,5.00,5.00,7315.41,1,4
181,122,2024-04-04 23:18:46+00,completed,163.23,17.48,12.00,16.32,176.39,2,1
182,190,2024-04-05 05:58:29+00,refunded,1172.48,130.29,12.00,0.00,1314.77,2,
183,27,2024-04-05 07:28:22+00,completed,954.72,105.02,0.00,0.00,1059.74,5,
184,266,2024-04-05 10:47:37+00,completed,4486.92,494.88,12.00,0.00,4993.80,2,
185,190,2024-04-05 22:51:34+00,shipped,378.12,41.59,5.00,5.00,419.71,1,4
186,70,2024-04-06 00:30:08+00,pending,7690.40,849.79,35.00,0.00,8575.19,4,
187,70,2024-04-06 01:15:54+00,completed,472.65,44.74,5.00,70.90,451.49,1,2
188,121,2024-04-06 02:08:02+00,processing,972.81,107.56,5.00,0.00,1085.37,1,
189,19,2024-04-06 02:44:48+00,completed,1128.51,124.69,5.00,0.00,1258.20,1,
190,240,2024-04-06 03:01:21+00,shipped,347.59,42.08,35.00,0.00,424.67,4,
191,22,2024-04-06 09:25:46+00,completed,206.92,26.61,35.00,0.00,268.53,4,
192,270,2024-04-06 17:21:52+00,completed,101.37,11.70,5.00,0.00,118.07,1,
193,175,2024-04-06 19:18:09+00,shipped,9158.06,1007.94,5.00,0.00,10171.00,1,
194,121,2024-04-06 22:37:49+00,pending,3241.59,357.12,5.00,0.00,3603.71,1,
195,446,2024-04-07 01:59:38+00,refunded,451.37,50.97,12.00,0.00,514.34,2,
196,270,2024-04-07 02:24:41+00,completed,2322.29,256.77,12.00,0.00,2591.06,2,
197,482,2024-04-07 11:30:31+00,shipped,954.59,105.55,5.00,0.00,1065.14,1,
198,464,2024-04-07 16:38:16+00,completed,9.46,2.36,12.00,0.00,23.82,2,
199,328,2024-04-07 21:36:36+00,completed,158.12,21.24,35.00,0.00,214.36,4,
200,21,2024-04-07 23:54:56+00,processing,388.84,43.32,5.00,0.00,437.16,1,
201,362,2024-04-08 04:48:34+00,completed,1684.03,185.79,5.00,0.00,1874.82,1,
202,470,2024-04-08 05:10:02+00,completed,455.90,50.70,5.00,0.00,511.60,1,
203,470,2024-04-08 12:26:57+00,processing,2959.35,329.38,35.00,0.00,3323.73,4,
204,175,2024-04-08 14:38:14+00,completed,2257.02,249.59,12.00,0.00,2518.61,2,
205,452,2024-04-08 22:18:56+00,cancelled,6470.42,713.40,15.00,0.00,7198.82,3,
206,463,2024-04-08 22:20:13+00,shipped,344.97,39.27,12.00,0.00,396.24,2,
207,453,2024-04-09 01:50:39+00,completed,6589.84,724.88,0.00,0.00,7314.72,5,
208,482,2024-04-09 08:09:30+00,shipped,1956.60,210.83,35.00,75.00,2127.43,4,2
209,452,2024-04-09 11:57:23+00,pending,5508.12,603.14,15.00,40.00,6086.26,3,1
210,215,2024-04-09 20:04:36+00,completed,580.70,64.43,5.00,0.00,650.13,1,
211,240,2024-04-09 22:13:33+00,completed,4448.99,489.94,5.00,0.00,4943.93,1,
212,362,2024-04-10 01:43:18+00,completed,63.50,8.63,15.00,0.00,87.13,3,
213,409,2024-04-10 08:19:34+00,completed,2171.70,231.19,5.00,75.00,2332.89,1,2
214,294,2024-04-10 09:34:02+00,completed,1950.58,215.11,5.00,0.00,2170.69,1,
215,456,2024-04-10 11:49:38+00,completed,966.54,106.87,5.00,0.00,1078.41,1,
216,361,2024-04-10 21:49:18+00,completed,6316.54,695.92,15.00,5.00,7022.46,3,4
217,110,2024-04-11 12:13:54+00,cancelled,5323.92,589.48,35.00,0.00,5948.40,4,
218,35,2024-04-11 16:50:10+00,completed,5703.08,627.89,5.00,0.00,6335.97,1,
219,359,2024-04-11 18:14:14+00,completed,3271.54,360.42,5.00,0.00,3636.96,1,
220,253,2024-04-12 10:05:57+00,processing,4878.24,537.16,5.00,0.00,5420.40,1,
221,359,2024-04-12 16:02:57+00,completed,1350.00,149.82,12.00,0.00,1511.82,2,
222,267,2024-04-13 03:21:20+00,completed,6227.32,685.56,5.00,0.00,6917.88,1,
223,464,2024-04-13 07:55:02+00,refunded,4378.14,482.15,5.00,0.00,4865.29,1,
224,463,2024-04-13 12:15:31+00,pending,789.47,84.09,15.00,40.00,848.56,3,1
225,122,2024-04-13 13:41:48+00,shipped,31.70,5.14,15.00,0.00,51.84,3,
226,26,2024-04-13 16:09:54+00,completed,472.65,52.54,5.00,0.00,530.19,1,
227,351,2024-04-14 00:05:51+00,completed,8959.17,986.06,5.00,0.00,9950.23,1,
228,35,2024-04-14 04:22:24+00,shipped,1549.48,170.99,5.00,0.00,1725.47,1,
229,136,2024-04-14 06:00:16+00,completed,9.46,2.36,12.00,0.00,23.82,2,
230,70,2024-04-14 08:18:42+00,completed,25.08,6.61,35.00,0.00,66.69,4,
231,180,2024-04-14 19:41:52+00,completed,325.98,35.86,5.00,5.00,361.84,1,4
232,136,2024-04-14 20:31:12+00,cancelled,6448.22,709.85,5.00,0.00,7163.07,1,
233,362,2024-04-14 21:54:51+00,shipped,310.38,35.46,12.00,0.00,357.84,2,
234,121,2024-04-14 22:32:43+00,completed,1787.87,199.97,35.00,5.00,2017.84,4,4
235,300,2024-04-15 13:54:38+00,completed,4061.64,447.33,5.00,0.00,4513.97,1,
236,279,2024-04-15 16:08:18+00,refunded,3872.43,426.52,5.00,0.00,4303.95,1,
237,493,2024-04-16 01:28:55+00,completed,413.84,47.17,15.00,0.00,476.01,3,
238,19,2024-04-16 01:41:54+00,shipped,2036.86,224.82,12.00,5.00,2268.68,2,4
239,110,2024-04-16 02:12:58+00,pending,138.87,14.63,15.00,20.83,147.67,3,2
240,286,2024-04-16 04:10:29+00,completed,346.41,34.84,5.00,34.64,351.61,1,1
241,215,2024-04-16 05:22:43+00,cancelled,2473.58,273.41,12.00,0.00,2758.99,2,
242,38,2024-04-16 10:47:26+00,completed,7811.34,859.25,0.00,0.00,8670.59,5,
243,272,2024-04-16 13:23:27+00,pending,1442.68,159.24,5.00,0.00,1606.92,1,
244,55,2024-04-17 02:58:15+00,pending,3552.06,391.28,5.00,0.00,3948.34,1,
245,136,2024-04-17 07:28:17+00,completed,1941.93,214.93,12.00,0.00,2168.86,2,
246,26,2024-04-17 08:34:36+00,completed,790.60,84.22,15.00,40.00,849.82,3,1
247,237,2024-04-17 14:32:13+00,completed,3429.24,378.54,12.00,0.00,3819.78,2,
248,96,2024-04-17 17:49:04+00,completed,118.13,11.60,5.00,17.72,117.01,1,2
249,362,2024-04-18 06:20:56+00,completed,502.45,55.82,5.00,0.00,563.27,1,
250,456,2024-04-18 08:53:08+00,completed,37.04,4.62,5.00,0.00,46.66,1,
251,300,2024-04-18 08:57:07+00,completed,125.52,15.13,12.00,0.00,152.65,2,
252,300,2024-04-18 09:59:52+00,completed,55.56,5.50,0.00,5.56,55.50,5,1
253,446,2024-04-18 15:06:13+00,completed,527.88,59.39,12.00,0.00,599.27,2,
254,351,2024-04-18 19:34:42+00,processing,283.59,35.04,35.00,0.00,353.63,4,
255,55,2024-04-18 22:36:36+00,completed,2433.99,269.06,12.00,0.00,2715.05,2,
256,279,2024-04-19 03:06:19+00,processing,701.56,73.32,5.00,40.00,739.88,1,1
257,26,2024-04-19 06:48:32+00,completed,416.48,41.96,5.00,40.00,423.44,1,1
258,436,2024-04-19 23:31:32+00,completed,995.02,111.10,15.00,0.00,1121.12,3,
259,300,2024-04-20 02:18:55+00,shipped,2242.56,246.68,0.00,0.00,2489.24,5,
260,180,2024-04-20 05:29:48+00,completed,290.28,35.23,35.00,5.00,355.51,4,4
261,270,2024-04-20 12:29:33+00,processing,631.40,70.77,12.00,0.00,714.17,2,
262,464,2024-04-20 13:17:24+00,completed,1036.12,115.29,12.00,0.00,1163.41,2,
263,70,2024-04-20 23:22:06+00,processing,113.04,10.57,0.00,16.96,106.65,5,2
264,96,2024-04-21 07:20:53+00,refunded,23.52,3.14,5.00,0.00,31.66,1,
265,359,2024-04-21 14:08:56+00,completed,6790.35,747.49,5.00,0.00,7542.84,1,
266,466,2024-04-21 17:24:54+00,completed,2277.96,254.43,35.00,0.00,2567.39,4,
267,35,2024-04-21 20:10:42+00,completed,631.15,69.98,5.00,0.00,706.13,1,
268,452,2024-04-21 20:32:04+00,completed,758.88,79.63,5.00,40.00,803.51,1,1
269,270,2024-04-21 20:32:24+00,completed,1269.56,140.20,5.00,0.00,1414.76,1,
270,21,2024-04-22 02:15:36+00,processing,435.00,49.50,15.00,0.00,499.50,3,
271,463,2024-04-22 05:13:08+00,completed,2901.72,319.19,0.00,0.00,3220.91,5,
272,227,2024-04-22 12:42:45+00,completed,239.72,27.58,35.00,23.97,278.33,4,1
273,366,2024-04-22 19:48:41+00,completed,1184.08,134.10,35.00,0.00,1353.18,4,
274,450,2024-04-22 20:01:53+00,completed,2287.22,253.24,15.00,0.00,2555.46,3,
275,446,2024-04-22 20:15:21+00,completed,6496.50,718.47,35.00,0.00,7249.97,4,
276,166,2024-04-22 20:23:40+00,completed,6742.38,742.21,5.00,0.00,7489.59,1,
277,328,2024-04-22 21:31:57+00,completed,379.92,42.34,5.00,0.00,427.26,1,
278,470,2024-04-23 06:31:01+00,completed,786.66,82.13,35.00,75.00,828.79,4,2
279,26,2024-04-23 12:15:01+00,completed,342.92,39.04,12.00,0.00,393.96,2,
280,300,2024-04-23 15:06:15+00,cancelled,190.20,17.78,0.00,28.53,179.45,5,2
281,122,2024-04-24 10:56:15+00,shipped,958.78,102.39,12.00,40.00,1033.17,2,1
282,180,2024-04-24 11:11:14+00,completed,1220.20,134.77,5.00,0.00,1359.97,1,
283,266,2024-04-24 15:33:20+00,shipped,1520.63,168.59,12.00,0.00,1701.22,2,
284,294,2024-04-24 16:28:45+00,completed,960.61,102.59,12.00,40.00,1035.20,2,1
285,453,2024-04-24 20:05:53+00,completed,537.76,60.47,12.00,0.00,610.23,2,
286,482,2024-04-25 03:56:19+00,completed,8899.65,980.61,15.00,0.00,9895.26,3,
287,38,2024-04-25 08:01:48+00,completed,520.66,58.92,15.00,0.00,594.58,3,
288,463,2024-04-25 11:04:18+00,completed,1143.08,125.74,0.00,0.00,1268.82,5,
289,27,2024-04-25 11:18:56+00,pending,421.94,48.06,15.00,0.00,485.00,3,
290,489,2024-04-25 18:03:43+00,refunded,1572.44,173.52,5.00,0.00,1750.96,1,
291,453,2024-04-25 18:30:02+00,shipped,1475.79,162.34,5.00,5.00,1638.13,1,4
292,272,2024-04-26 01:07:43+00,refunded,571.54,63.42,5.00,0.00,639.96,1,
293,452,2024-04-26 07:08:37+00,completed,298.44,34.15,12.00,0.00,344.59,2,
294,300,2024-04-26 14:26:30+00,cancelled,9.26,2.34,12.00,0.00,23.60,2,
295,361,2024-04-26 21:08:14+00,shipped,1767.86,195.01,5.00,0.00,1967.87,1,
296,286,2024-04-27 03:08:36+00,completed,2283.08,250.59,0.00,5.00,2528.67,5,4
297,122,2024-04-27 03:16:23+00,completed,2010.60,225.02,35.00,0.00,2270.62,4,
298,453,2024-04-27 05:47:10+00,completed,933.95,104.05,12.00,0.00,1050.00,2,
299,96,2024-04-27 07:14:09+00,completed,1750.92,193.92,12.00,0.00,1956.84,2,
300,166,2024-04-27 13:53:01+00,pending,3307.56,367.68,35.00,0.00,3710.24,4,
301,351,2024-04-27 15:16:17+00,refunded,55.56,9.96,35.00,0.00,100.52,4,
302,351,2024-04-27 15:55:00+00,completed,442.72,48.15,35.00,40.00,485.87,4,1
303,484,2024-04-27 17:25:11+00,processing,7126.26,787.74,35.00,0.00,7949.00,4,
304,366,2024-04-27 17:26:23+00,completed,1524.72,169.04,12.00,0.00,1705.76,2,
305,166,2024-04-28 05:11:22+00,completed,3384.44,372.84,5.00,0.00,3762.28,1,
306,482,2024-04-28 08:47:35+00,completed,13703.48,1499.13,0.00,75.00,15127.61,5,2
307,328,2024-04-28 10:37:49+00,completed,827.64,92.69,15.00,0.00,935.33,3,
308,464,2024-04-28 11:12:08+00,completed,4668.55,514.09,5.00,0.00,5187.64,1,
309,121,2024-04-28 18:57:39+00,completed,3265.92,360.57,12.00,0.00,3638.49,2,
310,272,2024-04-29 01:14:37+00,cancelled,1521.04,167.31,0.00,0.00,1688.35,5,
311,279,2024-04-29 10:15:47+00,completed,1097.04,122.32,15.00,0.00,1234.36,3,
312,446,2024-04-29 18:55:00+00,completed,758.88,75.78,5.00,75.00,764.66,1,2
313,22,2024-04-30 03:11:01+00,completed,277.04,31.79,12.00,0.00,320.83,2,
314,110,2024-04-30 04:40:35+00,completed,1933.08,213.19,5.00,0.00,2151.27,1,
315,493,2024-04-30 09:47:41+00,pending,379.44,43.39,15.00,0.00,437.83,3,
316,267,2024-04-30 17:42:22+00,completed,2231.26,245.44,0.00,0.00,2476.70,5,
317,294,2024-04-30 18:00:10+00,pending,7926.72,873.26,12.00,0.00,8811.98,2,
318,190,2024-04-30 23:02:54+00,completed,515.18,56.67,0.00,0.00,571.85,5,
319,238,2024-04-30 23:51:10+00,completed,2336.22,257.53,5.00,0.00,2598.75,1,
320,279,2024-05-01 01:32:37+00,processing,150.85,16.59,5.00,5.00,167.44,1,4
321,493,2024-05-01 04:00:01+00,completed,1812.52,200.70,12.00,0.00,2025.22,2,
322,238,2024-05-01 14:03:53+00,completed,7329.40,807.55,12.00,0.00,8148.95,2,
323,38,2024-05-01 18:42:31+00,completed,552.22,61.84,15.00,5.00,624.06,3,4
324,450,2024-05-02 04:26:45+00,completed,518.94,48.83,0.00,75.00,492.77,5,2
325,27,2024-05-02 15:21:39+00,pending,14962.65,1638.96,12.00,75.00,16538.61,2,2
326,294,2024-05-03 03:27:33+00,completed,6740.20,741.97,5.00,0.00,7487.17,1,
327,359,2024-05-03 05:03:03+00,processing,3503.88,385.98,5.00,0.00,3894.86,1,
328,286,2024-05-03 09:09:20+00,shipped,55.56,7.43,12.00,0.00,74.99,2,
329,266,2024-05-03 09:39:05+00,completed,3089.32,341.48,15.00,0.00,3445.80,3,
330,359,2024-05-03 14:48:17+00,completed,3577.36,394.06,5.00,0.00,3976.42,1,
331,456,2024-05-03 16:56:38+00,processing,11258.32,1239.74,12.00,0.00,12510.06,2,
332,27,2024-05-03 17:24:17+00,completed,2554.52,281.55,5.00,0.00,2841.07,1,
333,436,2024-05-03 20:36:50+00,pending,4416.27,485.79,0.00,0.00,4902.06,5,
334,238,2024-05-03 21:21:46+00,completed,27.78,6.91,35.00,0.00,69.69,4,
335,110,2024-05-04 03:20:05+00,completed,1299.36,135.23,5.00,75.00,1364.59,1,2
336,463,2024-05-04 04:09:37+00,processing,3848.34,423.87,5.00,0.00,4277.21,1,
337,411,2024-05-04 05:20:31+00,shipped,6422.04,706.42,0.00,0.00,7128.46,5,
338,38,2024-05-04 11:16:05+00,completed,46.30,5.09,0.00,0.00,51.39,5,
339,361,2024-05-05 04:41:23+00,completed,2263.62,249.55,5.00,0.00,2518.17,1,
340,122,2024-05-05 08:59:40+00,completed,2570.76,286.63,35.00,0.00,2892.39,4,
341,450,2024-05-05 12:48:03+00,cancelled,11058.42,1216.98,5.00,0.00,12280.40,1,
342,26,2024-05-05 19:16:23+00,completed,4383.46,482.73,5.00,0.00,4871.19,1,
343,110,2024-05-05 21:22:40+00,completed,252.96,29.15,12.00,0.00,294.11,2,
344,361,2024-05-05 22:36:32+00,completed,55.56,5.56,0.00,5.00,56.12,5,4
345,361,2024-05-06 08:23:26+00,shipped,2610.12,287.11,0.00,0.00,2897.23,5,
346,190,2024-05-06 08:24:08+00,processing,996.68,110.95,12.00,0.00,1119.63,2,
347,55,2024-05-06 18:48:36+00,completed,27.78,4.07,12.00,2.78,41.07,2,1
348,20,2024-05-07 08:19:04+00,completed,2876.34,312.00,0.00,40.00,3148.34,5,1
349,484,2024-05-07 10:06:46+00,completed,15322.42,1685.47,0.00,0.00,17007.89,5,
350,253,2024-05-07 10:25:46+00,cancelled,435.02,49.17,12.00,0.00,496.19,2,
351,359,2024-05-07 11:46:03+00,cancelled,11652.12,1283.05,12.00,0.00,12947.17,2,
352,409,2024-05-07 22:25:53+00,completed,4029.84,444.60,12.00,0.00,4486.44,2,
353,343,2024-05-08 11:44:33+00,shipped,103.46,11.93,5.00,0.00,120.39,1,
354,361,2024-05-08 21:35:29+00,completed,3496.04,386.21,15.00,0.00,3897.25,3,
355,27,2024-05-08 22:27:33+00,pending,2921.34,321.90,5.00,0.00,3248.24,1,
356,240,2024-05-08 23:11:03+00,completed,8988.60,990.07,12.00,0.00,9990.67,2,
357,399,2024-05-09 04:21:37+00,pending,515.18,57.22,5.00,0.00,577.40,1,
358,482,2024-05-09 07:49:22+00,shipped,599.32,65.93,0.00,0.00,665.25,5,
359,343,2024-05-09 08:43:13+00,completed,2018.24,214.31,5.00,75.00,2162.55,1,2
360,482,2024-05-09 19:39:04+00,completed,1143.08,127.06,12.00,0.00,1282.14,2,
361,136,2024-05-09 22:55:53+00,cancelled,3856.38,425.52,12.00,0.00,4293.90,2,
362,167,2024-05-09 23:30:39+00,completed,16325.21,1799.62,35.00,0.00,18159.83,4,
363,272,2024-05-10 01:19:54+00,refunded,2031.64,219.63,5.00,40.00,2216.27,1,1
364,453,2024-05-10 14:14:26+00,completed,4343.56,481.64,35.00,0.00,4860.20,4,
365,5,2024-05-10 16:40:34+00,completed,5433.22,598.20,5.00,0.00,6036.42,1,
366,466,2024-05-10 19:27:01+00,processing,2899.56,322.80,35.00,0.00,3257.36,4,
367,450,2024-05-11 06:54:29+00,completed,55.56,6.11,0.00,0.00,61.67,5,
368,35,2024-05-11 07:24:22+00,pending,727.84,80.61,5.00,0.00,813.45,1,
369,270,2024-05-11 11:26:10+00,completed,2549.56,281.00,5.00,0.00,2835.56,1,
370,70,2024-05-11 11:31:54+00,processing,11336.12,1250.82,35.00,0.00,12621.94,4,
371,157,2024-05-11 11:56:31+00,pending,11433.44,1261.53,35.00,0.00,12729.97,4,
372,300,2024-05-11 15:46:57+00,refunded,7766.44,855.63,12.00,0.00,8634.07,2,
373,272,2024-05-11 16:18:41+00,completed,5586.42,615.83,12.00,0.00,6214.25,2,
374,279,2024-05-11 16:48:59+00,cancelled,1818.76,200.61,5.00,0.00,2024.37,1,
375,38,2024-05-12 00:10:27+00,completed,693.96,76.34,5.00,5.00,770.30,1,4
376,136,2024-05-12 01:30:54+00,completed,575.32,67.14,35.00,0.00,677.46,4,
377,463,2024-05-12 04:11:58+00,pending,1925.82,212.94,15.00,5.00,2148.76,3,4
378,470,2024-05-12 04:39:11+00,completed,2739.68,301.91,5.00,0.00,3046.59,1,
379,237,2024-05-12 06:46:14+00,refunded,768.14,83.95,35.00,40.00,847.09,4,1
380,121,2024-05-12 11:29:11+00,processing,3429.24,381.07,35.00,0.00,3845.31,4,
381,294,2024-05-12 18:10:28+00,cancelled,976.50,109.06,15.00,0.00,1100.56,3,
382,272,2024-05-12 18:43:59+00,cancelled,632.40,70.11,5.00,0.00,707.51,1,
383,99,2024-05-12 19:24:14+00,shipped,2476.12,274.02,15.00,0.00,2765.14,3,
384,362,2024-05-12 19:47:44+00,completed,2610.12,290.96,35.00,0.00,2936.08,4,
385,227,2024-05-13 05:34:14+00,processing,4753.33,526.72,35.00,0.00,5315.05,4,
386,272,2024-05-13 11:49:59+00,completed,309.08,34.55,5.00,0.00,348.63,1,
387,409,2024-05-13 15:05:30+00,shipped,2497.36,275.26,5.00,0.00,2777.62,1,
388,110,2024-05-13 15:43:57+00,pending,520.11,57.76,5.00,0.00,582.87,1,
389,227,2024-05-13 17:15:10+00,completed,5827.62,637.19,5.00,40.00,6429.81,1,1
390,180,2024-05-13 20:15:17+00,processing,27.78,3.61,5.00,0.00,36.39,1,
391,359,2024-05-13 20:33:25+00,processing,14987.16,1652.44,35.00,0.00,16674.60,4,
392,343,2024-05-13 20:35:54+00,completed,320.63,36.92,15.00,0.00,372.55,3,
393,466,2024-05-13 22:55:57+00,cancelled,546.53,61.44,12.00,0.00,619.97,2,
394,227,2024-05-14 01:52:30+00,cancelled,252.96,31.68,35.00,0.00,319.64,4,
395,35,2024-05-14 04:54:55+00,cancelled,6468.34,715.37,35.00,0.00,7218.71,4,
396,359,2024-05-14 11:48:45+00,cancelled,12162.46,1338.42,5.00,0.00,13505.88,1,
397,446,2024-05-14 12:49:24+00,completed,138.92,16.60,12.00,0.00,167.52,2,
398,20,2024-05-14 13:33:06+00,cancelled,5844.89,643.49,5.00,0.00,6493.38,1,
399,411,2024-05-14 18:54:39+00,completed,189.96,20.90,0.00,0.00,210.86,5,
400,166,2024-05-15 02:16:38+00,cancelled,4555.57,501.66,5.00,0.00,5062.23,1,
401,358,2024-05-15 03:12:01+00,shipped,4538.02,499.73,5.00,0.00,5042.75,1,
402,359,2024-05-15 07:23:00+00,completed,103.46,11.93,5.00,0.00,120.39,1,
403,446,2024-05-15 15:42:23+00,shipped,7174.48,793.04,35.00,0.00,8002.52,4,
404,366,2024-05-16 03:20:07+00,completed,999.52,113.80,35.00,0.00,1148.32,4,
405,110,2024-05-16 05:50:20+00,completed,11305.35,1244.14,5.00,0.00,12554.49,1,
406,321,2024-05-16 16:08:42+00,completed,5031.66,554.03,5.00,0.00,5590.69,1,
407,411,2024-05-16 19:18:33+00,completed,9.26,1.57,5.00,0.00,15.83,1,
408,294,2024-05-16 19:48:44+00,pending,448.44,50.65,12.00,0.00,511.09,2,
409,215,2024-05-16 20:46:32+00,completed,9588.94,1048.18,15.00,75.00,10577.12,3,2
410,136,2024-05-17 02:35:57+00,completed,8891.76,979.41,12.00,0.00,9883.17,2,
411,359,2024-05-17 19:05:05+00,completed,6891.48,761.91,35.00,0.00,7688.39,4,
412,272,2024-05-17 20:46:24+00,completed,1012.84,111.41,0.00,0.00,1124.25,5,
413,343,2024-05-17 22:59:25+00,shipped,13032.76,1425.90,5.00,75.00,14388.66,1,2
414,328,2024-05-18 00:25:56+00,completed,8802.24,968.25,5.00,5.00,9770.49,1,4
415,267,2024-05-18 04:07:07+00,pending,13301.60,1463.73,5.00,0.00,14770.33,1,
416,321,2024-05-18 11:25:40+00,processing,4281.36,474.80,35.00,0.00,4791.16,4,
417,5,2024-05-18 21:48:05+00,completed,298.46,33.38,5.00,0.00,336.84,1,
418,26,2024-05-19 01:24:09+00,completed,316.24,35.34,5.00,0.00,356.58,1,
419,187,2024-05-19 03:42:54+00,shipped,9777.16,1076.81,12.00,0.00,10865.97,2,
420,240,2024-05-19 12:21:50+00,shipped,1322.52,147.13,15.00,0.00,1484.65,3,
421,411,2024-05-20 00:28:22+00,completed,10795.98,1188.66,15.00,5.00,11994.64,3,4
422,445,2024-05-20 05:01:34+00,shipped,4061.64,448.10,12.00,0.00,4521.74,2,
423,279,2024-05-20 07:10:48+00,completed,442.34,44.81,5.00,40.00,452.15,1,1
424,289,2024-05-20 10:34:29+00,processing,75.36,8.01,5.00,7.54,80.83,1,1
425,488,2024-05-20 10:57:01+00,cancelled,1056.79,117.90,15.00,0.00,1189.69,3,
426,342,2024-05-20 16:43:04+00,completed,4860.48,535.20,5.00,0.00,5400.68,1,
427,187,2024-05-20 19:03:23+00,completed,822.60,91.04,5.00,0.00,918.64,1,
428,294,2024-05-20 23:13:33+00,completed,2761.44,303.76,5.00,5.00,3065.20,1,4
429,27,2024-05-21 02:30:38+00,completed,18.52,5.89,35.00,0.00,59.41,4,
430,121,2024-05-21 06:55:10+00,completed,791.88,87.66,5.00,0.00,884.54,1,
431,50,2024-05-21 17:55:41+00,completed,12319.13,1351.25,5.00,40.00,13635.38,1,1
432,121,2024-05-21 18:08:23+00,completed,3314.02,364.54,5.00,5.00,3678.56,1,4
433,50,2024-05-21 18:18:32+00,completed,1961.26,217.39,15.00,0.00,2193.65,3,
434,456,2024-05-21 18:21:02+00,shipped,1466.15,161.83,5.00,0.00,1632.98,1,
435,488,2024-05-21 22:48:01+00,processing,4999.10,546.05,5.00,40.00,5510.15,1,1
436,110,2024-05-22 00:14:33+00,shipped,3484.80,384.65,12.00,0.00,3881.45,2,
437,99,2024-05-22 01:10:25+00,completed,46.29,5.64,5.00,0.00,56.93,1,
438,136,2024-05-22 02:13:13+00,completed,4955.01,545.60,5.00,0.00,5505.61,1,
439,256,2024-05-22 07:14:29+00,shipped,6742.78,743.03,12.00,0.00,7497.81,2,
440,166,2024-05-22 09:49:48+00,completed,5827.02,642.29,12.00,0.00,6481.31,2,
441,453,2024-05-22 09:58:10+00,processing,494.33,55.70,12.00,0.00,562.03,2,
442,237,2024-05-22 10:09:56+00,completed,694.80,76.98,5.00,0.00,776.78,1,
443,358,2024-05-22 11:01:01+00,refunded,2875.34,319.59,35.00,5.00,3224.93,4,4
444,122,2024-05-22 15:50:08+00,shipped,523.60,58.15,5.00,0.00,586.75,1,
445,270,2024-05-23 00:30:03+00,processing,10824.98,1190.20,35.00,40.00,12010.18,4,1
446,5,2024-05-23 07:40:57+00,completed,470.88,52.35,5.00,0.00,528.23,1,
447,361,2024-05-23 09:45:20+00,processing,749.63,83.01,5.00,0.00,837.64,1,
448,136,2024-05-23 11:52:24+00,completed,62.20,10.69,35.00,0.00,107.89,4,
449,26,2024-05-23 12:59:03+00,completed,866.06,95.82,5.00,0.00,966.88,1,
450,343,2024-05-23 16:36:50+00,refunded,149.22,20.26,35.00,0.00,204.48,4,
451,286,2024-05-23 17:16:24+00,completed,9.26,4.87,35.00,0.00,49.13,4,
452,361,2024-05-23 19:05:01+00,shipped,6839.19,752.86,5.00,0.00,7597.05,1,
453,359,2024-05-23 23:07:24+00,completed,3253.73,359.23,12.00,0.00,3624.96,2,
454,466,2024-05-24 00:19:23+00,completed,5134.25,568.62,35.00,0.00,5737.87,4,
455,489,2024-05-24 00:19:26+00,processing,1143.08,126.29,5.00,0.00,1274.37,1,
456,488,2024-05-24 02:43:02+00,shipped,283.59,32.84,15.00,0.00,331.43,3,
457,489,2024-05-24 06:00:45+00,shipped,1473.12,162.59,5.00,0.00,1640.71,1,
458,300,2024-05-24 07:03:29+00,completed,189.96,20.90,0.00,0.00,210.86,5,
459,294,2024-05-24 07:51:49+00,completed,3147.55,338.53,5.00,75.00,3416.08,1,2
460,26,2024-05-24 14:43:10+00,completed,31.70,4.04,5.00,0.00,40.74,1,
461,63,2024-05-25 01:23:15+00,completed,10590.48,1165.50,5.00,0.00,11760.98,1,
462,175,2024-05-25 03:20:44+00,completed,3908.21,433.20,35.00,5.00,4371.41,4,4
463,55,2024-05-25 03:48:27+00,pending,103.46,15.23,35.00,0.00,153.69,4,
464,215,2024-05-25 05:01:16+00,completed,7329.12,806.75,5.00,0.00,8140.87,1,
465,342,2024-05-25 08:22:02+00,completed,4287.63,472.19,5.00,0.00,4764.82,1,
466,279,2024-05-25 18:51:09+00,processing,2175.10,239.81,5.00,0.00,2419.91,1,
467,358,2024-05-26 04:00:12+00,completed,9037.08,991.00,12.00,40.00,10000.08,2,1
468,342,2024-05-26 05:42:27+00,pending,106.90,13.08,12.00,0.00,131.98,2,
469,272,2024-05-26 09:05:14+00,completed,12.44,2.69,12.00,0.00,27.13,2,
470,121,2024-05-26 11:00:48+00,refunded,441.77,49.91,12.00,0.00,503.68,2,
471,300,2024-05-27 01:57:59+00,pending,319.71,35.72,5.00,0.00,360.43,1,
472,359,2024-05-27 03:23:09+00,completed,12190.16,1342.57,15.00,0.00,13547.73,3,
473,167,2024-05-27 04:56:40+00,completed,1429.98,154.55,15.00,40.00,1559.53,3,1
474,227,2024-05-27 07:14:36+00,completed,999.48,109.94,0.00,0.00,1109.42,5,
475,436,2024-05-27 11:59:36+00,cancelled,3490.18,384.47,5.00,0.00,3879.65,1,
476,35,2024-05-27 17:22:06+00,completed,870.04,96.25,5.00,0.00,971.29,1,
477,256,2024-05-27 20:56:10+00,completed,1028.38,104.87,0.00,75.00,1058.25,5,2
478,26,2024-05-28 00:07:13+00,refunded,4674.05,515.80,15.00,0.00,5204.85,3,
479,270,2024-05-28 01:45:12+00,completed,37.04,5.39,12.00,0.00,54.43,2,
480,463,2024-05-28 05:34:53+00,completed,474.36,53.28,15.00,5.00,537.64,3,4
481,104,2024-05-28 15:56:19+00,shipped,1249.35,137.43,5.00,5.00,1386.78,1,4
482,175,2024-05-28 22:50:13+00,shipped,499.74,48.05,12.00,74.96,484.83,2,2
483,359,2024-05-29 03:13:35+00,completed,4343.56,479.11,12.00,0.00,4834.67,2,
484,27,2024-05-29 03:54:15+00,shipped,158.12,19.04,15.00,0.00,192.16,3,
485,237,2024-05-29 04:00:58+00,completed,852.97,89.98,5.00,40.00,907.95,1,1
486,63,2024-05-29 10:38:40+00,shipped,12993.34,1430.59,12.00,0.00,14435.93,2,
487,256,2024-05-29 11:22:39+00,pending,2602.04,287.32,15.00,5.00,2899.36,3,4
488,286,2024-05-29 11:29:01+00,refunded,304.07,33.45,5.00,5.00,337.52,1,4
489,70,2024-05-29 13:58:27+00,shipped,8409.36,925.03,0.00,0.00,9334.39,5,
490,452,2024-05-29 23:45:28+00,completed,13858.10,1525.71,12.00,0.00,15395.81,2,
491,359,2024-05-30 01:56:19+00,completed,1909.14,211.33,12.00,0.00,2132.47,2,
492,463,2024-05-30 03:16:41+00,completed,6894.38,755.30,12.00,40.00,7621.68,2,1
493,294,2024-05-30 06:32:09+00,completed,190.20,21.47,5.00,0.00,216.67,1,
494,294,2024-05-30 11:14:27+00,shipped,287.66,33.29,15.00,0.00,335.95,3,
495,300,2024-05-30 11:52:19+00,completed,13438.78,1479.59,12.00,0.00,14930.37,2,
496,229,2024-05-30 14:35:16+00,completed,1305.06,143.56,0.00,0.00,1448.62,5,
497,238,2024-05-30 15:49:06+00,completed,15065.48,1658.52,12.00,0.00,16736.00,2,
498,175,2024-05-30 17:22:17+00,completed,622.65,69.04,5.00,0.00,696.69,1,
499,493,2024-05-30 19:54:29+00,completed,532.16,59.09,5.00,0.00,596.25,1,
500,270,2024-05-31 02:22:25+00,completed,4315.78,476.06,12.00,0.00,4803.84,2,
501,453,2024-05-31 10:50:54+00,completed,1153.68,128.22,12.00,0.00,1293.90,2,
502,253,2024-05-31 11:08:52+00,completed,2428.65,267.70,5.00,0.00,2701.35,1,
503,27,2024-05-31 15:08:52+00,processing,1342.10,148.95,12.00,0.00,1503.05,2,
504,253,2024-05-31 17:26:34+00,shipped,1764.96,195.47,12.00,0.00,1972.43,2,
505,452,2024-06-01 19:27:44+00,completed,5740.58,628.38,12.00,40.00,6340.96,2,1
506,99,2024-06-02 04:58:12+00,completed,4517.86,498.61,15.00,0.00,5031.47,3,
507,366,2024-06-02 08:16:46+00,completed,1192.56,131.73,5.00,0.00,1329.29,1,
508,272,2024-06-02 19:51:51+00,completed,4552.36,477.11,35.00,250.00,4814.47,4,3
509,272,2024-06-03 04:06:09+00,completed,17318.56,1905.59,5.00,0.00,19229.15,1,
510,157,2024-06-03 12:35:12+00,completed,2463.94,245.18,15.00,250.00,2474.12,3,3
511,267,2024-06-03 16:53:54+00,completed,18.52,3.36,12.00,0.00,33.88,2,
512,411,2024-06-03 20:53:04+00,completed,6422.04,707.74,12.00,0.00,7141.78,2,
513,482,2024-06-04 01:27:18+00,completed,18.52,3.36,12.00,0.00,33.88,2,
514,19,2024-06-04 01:39:17+00,completed,3609.60,398.38,12.00,0.00,4019.98,2,
515,464,2024-06-04 03:46:04+00,cancelled,4880.38,538.49,15.00,0.00,5433.87,3,
516,289,2024-06-04 04:51:12+00,completed,889.31,99.14,12.00,0.00,1000.45,2,
517,436,2024-06-04 06:28:54+00,shipped,890.84,90.29,5.00,75.00,911.13,1,2
518,359,2024-06-04 11:59:03+00,processing,9276.32,1020.95,5.00,0.00,10302.27,1,
519,180,2024-06-04 13:01:50+00,completed,533.59,59.24,5.00,0.00,597.83,1,
520,361,2024-06-04 19:45:54+00,completed,342.92,37.80,35.00,34.29,381.43,4,1
521,121,2024-06-04 23:30:43+00,refunded,96.57,11.17,5.00,0.00,112.74,1,
522,321,2024-06-05 07:26:44+00,completed,3975.04,437.25,0.00,0.00,4412.29,5,
523,175,2024-06-05 15:40:23+00,pending,1216.41,133.81,0.00,0.00,1350.22,5,
524,489,2024-06-06 04:56:16+00,shipped,2119.98,225.50,5.00,75.00,2275.48,1,2
525,342,2024-06-06 10:32:41+00,processing,28.38,3.67,5.00,0.00,37.05,1,
526,351,2024-06-06 13:08:43+00,shipped,847.12,93.18,0.00,0.00,940.30,5,
527,19,2024-06-07 00:12:43+00,completed,1157.60,127.34,0.00,0.00,1284.94,5,
528,456,2024-06-07 02:52:10+00,completed,1230.29,135.33,0.00,0.00,1365.62,5,
529,180,2024-06-07 06:46:54+00,pending,13630.73,1498.83,35.00,40.00,15124.56,4,1
530,70,2024-06-07 10:21:02+00,completed,1971.87,218.56,15.00,0.00,2205.43,3,
531,270,2024-06-07 13:12:36+00,completed,1249.35,113.79,35.00,249.87,1148.27,4,3
532,99,2024-06-07 14:20:17+00,pending,1933.22,216.50,35.00,0.00,2184.72,4,
533,122,2024-06-07 15:07:33+00,completed,8799.22,969.56,15.00,0.00,9783.78,3,
534,238,2024-06-07 18:39:23+00,completed,3029.43,337.09,35.00,0.00,3401.52,4,
535,21,2024-06-07 19:11:48+00,completed,100.44,12.37,12.00,0.00,124.81,2,
536,466,2024-06-07 19:44:56+00,completed,761.42,84.31,5.00,0.00,850.73,1,
537,328,2024-06-08 00:29:14+00,processing,620.76,68.28,5.00,5.00,689.04,1,4
538,436,2024-06-08 03:30:16+00,shipped,4716.21,519.55,12.00,5.00,5242.76,2,4
539,35,2024-06-08 17:40:59+00,completed,1845.97,203.61,5.00,0.00,2054.58,1,
540,446,2024-06-08 23:04:45+00,processing,3359.73,373.42,35.00,0.00,3768.15,4,
541,328,2024-06-08 23:25:09+00,completed,10918.24,1201.56,5.00,0.00,12124.80,1,
542,157,2024-06-08 23:54:41+00,completed,5903.18,653.20,35.00,0.00,6591.38,4,
543,187,2024-06-09 05:25:27+00,refunded,1820.96,200.86,5.00,0.00,2026.82,1,
544,289,2024-06-09 12:44:54+00,completed,3977.34,411.33,12.00,250.00,4150.67,2,3
545,19,2024-06-09 14:59:44+00,refunded,2281.15,251.48,5.00,0.00,2537.63,1,
546,361,2024-06-09 22:33:45+00,shipped,249.87,28.81,12.00,0.00,290.68,2,
547,240,2024-06-10 04:30:49+00,completed,17981.16,1977.93,0.00,0.00,19959.09,5,
548,493,2024-06-10 05:50:44+00,shipped,4420.60,486.82,5.00,0.00,4912.42,1,
549,452,2024-06-10 06:44:16+00,cancelled,9.26,1.57,5.00,0.00,15.83,1,
550,487,2024-06-10 21:08:14+00,processing,37.04,7.92,35.00,0.00,79.96,4,
551,215,2024-06-10 21:56:10+00,completed,626.07,69.42,5.00,0.00,700.49,1,
552,157,2024-06-10 22:43:46+00,completed,1499.22,156.66,0.00,75.00,1580.88,5,2
553,55,2024-06-10 23:25:53+00,processing,3194.50,353.05,15.00,0.00,3562.55,3,
554,359,2024-06-11 01:27:24+00,processing,833.52,84.76,12.00,75.00,855.28,2,2
555,456,2024-06-11 04:47:37+00,shipped,1559.73,147.92,35.00,250.00,1492.65,4,3
556,362,2024-06-11 08:05:31+00,shipped,13430.33,1478.66,12.00,0.00,14920.99,2,
557,450,2024-06-11 09:00:12+00,completed,2671.90,294.46,5.00,0.00,2971.36,1,
558,482,2024-06-11 11:59:14+00,completed,12.44,1.92,5.00,0.00,19.36,1,
559,46,2024-06-12 03:32:12+00,completed,2359.48,261.19,15.00,0.00,2635.67,3,
560,227,2024-06-12 06:28:55+00,completed,4107.05,452.33,5.00,0.00,4564.38,1,
561,406,2024-06-12 16:13:23+00,pending,6504.06,688.50,5.00,250.00,6947.56,1,3
562,456,2024-06-13 04:27:05+00,pending,4780.40,526.39,5.00,0.00,5311.79,1,
563,267,2024-06-13 04:53:23+00,pending,11245.41,1237.55,5.00,0.00,12487.96,1,
564,27,2024-06-13 05:04:50+00,shipped,7298.46,802.83,0.00,0.00,8101.29,5,
565,175,2024-06-13 08:00:22+00,refunded,1132.35,125.11,5.00,0.00,1262.46,1,
566,453,2024-06-13 11:40:27+00,processing,1417.74,157.60,15.00,0.00,1590.34,3,
567,63,2024-06-13 16:41:50+00,completed,190.20,21.47,5.00,0.00,216.67,1,
568,46,2024-06-14 00:19:57+00,completed,716.04,80.41,15.00,0.00,811.45,3,
569,362,2024-06-14 02:34:25+00,completed,1862.63,200.49,0.00,40.00,2023.12,5,1
570,279,2024-06-14 04:46:28+00,processing,315.32,36.01,12.00,0.00,363.33,2,
571,294,2024-06-14 04:47:53+00,pending,1337.58,147.68,5.00,0.00,1490.26,1,
572,481,2024-06-14 16:04:24+00,refunded,1005.30,110.58,0.00,0.00,1115.88,5,
573,253,2024-06-14 18:21:05+00,shipped,4669.32,514.18,5.00,0.00,5188.50,1,
574,286,2024-06-14 23:32:25+00,completed,1828.85,200.62,35.00,40.00,2024.47,4,1
575,272,2024-06-15 04:54:54+00,processing,9030.75,994.48,15.00,5.00,10035.23,3,4
576,279,2024-06-15 08:17:02+00,completed,12440.93,1369.05,5.00,0.00,13814.98,1,
577,121,2024-06-15 09:38:35+00,completed,5846.91,643.16,0.00,0.00,6490.07,5,
578,445,2024-06-15 11:21:29+00,processing,999.48,110.49,5.00,0.00,1114.97,1,
579,358,2024-06-15 12:34:26+00,completed,1740.08,191.96,5.00,0.00,1937.04,1,
580,464,2024-06-15 19:15:06+00,completed,2982.36,328.61,5.00,0.00,3315.97,1,
581,321,2024-06-16 00:02:02+00,completed,1407.78,127.91,5.00,250.00,1290.69,1,3
582,187,2024-06-16 04:17:34+00,cancelled,3728.45,410.13,0.00,0.00,4138.58,5,
583,55,2024-06-16 06:03:19+00,completed,6954.88,768.89,35.00,0.00,7758.77,4,
584,270,2024-06-16 11:32:33+00,completed,2127.99,234.63,5.00,0.00,2367.62,1,
585,289,2024-06-16 13:53:26+00,completed,2685.26,295.93,5.00,0.00,2986.19,1,
586,362,2024-06-16 16:27:03+00,completed,751.82,84.35,15.00,0.00,851.17,3,
587,450,2024-06-16 19:12:18+00,completed,1817.87,199.97,0.00,0.00,2017.84,5,
588,272,2024-06-17 02:01:45+00,completed,413.84,45.52,0.00,0.00,459.36,5,
589,70,2024-06-17 08:24:39+00,completed,9207.64,1005.14,5.00,75.00,10142.78,1,2
590,484,2024-06-18 04:39:08+00,completed,6490.09,714.46,5.00,0.00,7209.55,1,
591,300,2024-06-18 12:03:43+00,pending,1323.87,146.18,5.00,0.00,1475.05,1,
592,328,2024-06-18 13:00:15+00,completed,22.48,6.32,35.00,0.00,63.80,4,
593,366,2024-06-18 20:47:40+00,completed,2344.06,258.40,5.00,0.00,2607.46,1,
594,489,2024-06-18 21:45:52+00,cancelled,5975.78,657.34,5.00,5.00,6633.12,1,4
595,456,2024-06-19 00:21:38+00,completed,13321.44,1466.46,15.00,5.00,14797.90,3,4
596,489,2024-06-19 00:29:55+00,cancelled,55.56,6.05,5.00,5.56,61.05,1,1
597,286,2024-06-19 21:54:52+00,cancelled,4089.42,450.39,5.00,0.00,4544.81,1,
598,482,2024-06-20 02:01:30+00,completed,1176.47,131.06,15.00,0.00,1322.53,3,
599,193,2024-06-20 05:52:16+00,pending,316.24,36.11,12.00,0.00,364.35,2,
600,227,2024-06-20 06:40:10+00,refunded,1708.39,189.24,12.00,0.00,1909.63,2,
601,32,2024-06-20 08:02:34+00,completed,2075.68,229.64,12.00,0.00,2317.32,2,
602,166,2024-06-20 08:29:17+00,shipped,4467.56,493.08,15.00,0.00,4975.64,3,
603,445,2024-06-20 15:11:18+00,refunded,3632.19,399.54,5.00,5.00,4031.73,1,4
604,411,2024-06-20 20:49:52+00,completed,1505.40,166.91,12.00,0.00,1684.31,2,
605,342,2024-06-20 21:05:38+00,completed,869.56,96.20,5.00,0.00,970.76,1,
606,190,2024-06-21 00:46:54+00,completed,2966.42,330.16,35.00,0.00,3331.58,4,
607,5,2024-06-21 05:38:57+00,completed,1948.80,215.14,12.00,5.00,2170.94,2,4
608,253,2024-06-21 07:43:51+00,completed,1714.62,192.46,35.00,0.00,1942.08,4,
609,463,2024-06-21 11:44:31+00,shipped,2021.02,219.56,15.00,40.00,2215.58,3,1
610,76,2024-06-21 14:42:14+00,completed,126.48,14.46,5.00,0.00,145.94,1,
611,488,2024-06-21 16:58:44+00,completed,284.60,32.63,12.00,0.00,329.23,2,
612,411,2024-06-21 20:39:58+00,refunded,3682.20,405.59,5.00,0.00,4092.79,1,
613,5,2024-06-22 09:36:31+00,completed,1064.59,117.65,5.00,0.00,1187.24,1,
614,463,2024-06-22 10:40:00+00,completed,567.18,62.94,5.00,0.00,635.12,1,
615,328,2024-06-22 12:06:45+00,shipped,1510.98,167.53,12.00,0.00,1690.51,2,
616,463,2024-06-22 14:10:55+00,shipped,3941.58,425.87,5.00,75.00,4297.45,1,2
617,26,2024-06-22 14:59:56+00,completed,3492.64,377.59,15.00,75.00,3810.23,3,2
618,175,2024-06-22 19:12:27+00,completed,3463.21,381.50,5.00,0.00,3849.71,1,
619,351,2024-06-23 01:57:57+00,completed,37.04,4.62,5.00,0.00,46.66,1,
620,122,2024-06-23 08:50:03+00,completed,12918.74,1421.83,12.00,5.00,14347.57,2,4
621,237,2024-06-23 12:43:17+00,completed,3440.57,379.01,5.00,0.00,3824.58,1,
622,366,2024-06-23 16:02:49+00,completed,2795.86,280.59,5.00,250.00,2831.45,1,3
623,63,2024-06-23 17:40:15+00,processing,7202.38,796.11,35.00,0.00,8033.49,4,
624,343,2024-06-23 21:52:24+00,completed,2415.78,265.74,0.00,0.00,2681.52,5,
625,5,2024-06-24 00:51:14+00,completed,5321.55,586.69,12.00,0.00,5920.24,2,
626,32,2024-06-24 01:32:17+00,completed,497.22,56.01,12.00,0.00,565.23,2,
627,253,2024-06-24 03:39:54+00,completed,2647.19,291.74,5.00,0.00,2943.93,1,
628,286,2024-06-24 05:54:18+00,completed,15093.02,1660.78,5.00,0.00,16758.80,1,
629,452,2024-06-24 09:09:38+00,shipped,2857.70,314.90,5.00,0.00,3177.60,1,
630,279,2024-06-24 10:12:34+00,completed,1036.10,115.62,15.00,0.00,1166.72,3,
631,5,2024-06-24 10:21:19+00,completed,82.44,9.62,5.00,0.00,97.06,1,
632,361,2024-06-24 15:39:53+00,shipped,9499.72,1046.29,12.00,0.00,10558.01,2,
633,70,2024-06-25 01:31:58+00,processing,37.32,4.66,5.00,0.00,46.98,1,
634,342,2024-06-25 05:38:08+00,completed,2106.27,232.24,5.00,0.00,2343.51,1,
635,104,2024-06-25 07:08:42+00,completed,5799.24,610.97,5.00,250.00,6165.21,1,3
636,366,2024-06-25 11:34:11+00,cancelled,474.36,52.18,0.00,0.00,526.54,5,
637,106,2024-06-26 01:04:05+00,refunded,4286.09,444.52,5.00,250.00,4485.61,1,3
638,70,2024-06-26 08:23:39+00,completed,1205.18,133.89,12.00,0.00,1351.07,2,
639,32,2024-06-26 08:38:01+00,completed,4876.32,536.95,5.00,0.00,5418.27,1,
640,399,2024-06-26 12:42:53+00,completed,11713.71,1281.58,12.00,75.00,12932.29,2,2
641,433,2024-06-26 18:57:41+00,cancelled,965.80,106.79,5.00,0.00,1077.59,1,
642,238,2024-06-26 20:08:27+00,completed,12844.08,1413.40,5.00,0.00,14262.48,1,
643,70,2024-06-26 22:52:14+00,completed,6465.35,711.74,5.00,0.00,7182.09,1,
644,32,2024-06-26 23:29:04+00,completed,563.14,62.50,5.00,0.00,630.64,1,
645,240,2024-06-27 03:36:30+00,shipped,8997.74,991.07,12.00,0.00,10000.81,2,
646,21,2024-06-27 09:11:19+00,completed,379.44,42.29,5.00,0.00,426.73,1,
647,361,2024-06-27 10:08:05+00,completed,76.70,8.99,5.00,0.00,90.69,1,
648,20,2024-06-27 12:20:45+00,shipped,2244.60,247.46,5.00,0.00,2497.06,1,
649,456,2024-06-27 15:58:35+00,completed,1758.60,197.30,35.00,0.00,1990.90,4,
650,63,2024-06-27 20:20:29+00,refunded,963.29,107.28,12.00,0.00,1082.57,2,
651,489,2024-06-28 05:16:50+00,completed,1180.70,129.88,5.00,5.00,1310.58,1,4
652,27,2024-06-28 07:11:19+00,refunded,749.61,74.76,5.00,75.00,754.37,1,2
653,229,2024-06-28 12:22:58+00,completed,7124.47,785.01,12.00,0.00,7921.48,2,
654,321,2024-06-28 13:55:42+00,processing,632.40,70.88,12.00,0.00,715.28,2,
655,76,2024-06-28 14:36:43+00,completed,1279.35,142.38,15.00,0.00,1436.73,3,
656,470,2024-06-28 19:47:56+00,completed,107.60,13.91,35.00,16.14,140.37,4,2
657,463,2024-06-28 20:35:35+00,cancelled,1357.74,150.67,12.00,0.00,1520.41,2,
658,470,2024-06-29 13:27:59+00,completed,5277.88,581.89,12.00,0.00,5871.77,2,
659,63,2024-06-29 13:58:09+00,completed,1305.06,144.11,5.00,0.00,1454.17,1,
660,227,2024-06-29 16:35:48+00,completed,10731.18,1182.08,15.00,0.00,11928.26,3,
661,432,2024-06-29 20:03:08+00,shipped,1957.89,216.69,12.00,0.00,2186.58,2,
662,321,2024-06-29 22:09:11+00,completed,839.02,92.84,5.00,0.00,936.86,1,
663,90,2024-06-29 23:07:26+00,pending,1344.45,148.44,5.00,0.00,1497.89,1,
664,405,2024-06-29 23:58:08+00,pending,1985.76,220.08,15.00,0.00,2220.84,3,
665,55,2024-06-30 01:32:45+00,shipped,1060.35,117.19,5.00,0.00,1182.54,1,
666,488,2024-06-30 01:54:01+00,completed,727.03,80.52,5.00,0.00,812.55,1,
667,351,2024-06-30 06:28:29+00,completed,790.60,87.52,5.00,0.00,883.12,1,
668,366,2024-06-30 10:44:28+00,shipped,10708.13,1178.44,5.00,0.00,11891.57,1,
669,481,2024-06-30 15:55:05+00,completed,1253.14,130.15,5.00,75.00,1313.29,1,2
670,238,2024-06-30 20:17:49+00,completed,2025.35,222.79,0.00,0.00,2248.14,5,
671,452,2024-06-30 23:45:46+00,completed,1092.30,121.47,12.00,0.00,1225.77,2,
672,175,2024-07-01 06:59:18+00,shipped,14.19,3.21,15.00,0.00,32.40,3,
673,433,2024-07-01 18:40:13+00,completed,4281.36,444.77,12.00,250.00,4488.13,2,3
674,399,2024-07-02 05:34:03+00,processing,1796.18,198.13,5.00,0.00,1999.31,1,
675,300,2024-07-02 14:40:56+00,completed,10876.58,1197.74,12.00,0.00,12086.32,2,
676,90,2024-07-02 23:57:33+00,pending,1162.64,128.44,5.00,0.00,1296.08,1,
677,326,2024-07-03 17:07:51+00,completed,1584.72,174.87,5.00,0.00,1764.59,1,
678,359,2024-07-03 17:40:34+00,completed,520.65,58.59,12.00,0.00,591.24,2,
679,46,2024-07-03 21:22:07+00,completed,476.04,56.21,35.00,0.00,567.25,4,
680,321,2024-07-04 04:19:56+00,pending,638.94,69.73,35.00,40.00,703.67,4,1
681,167,2024-07-04 08:32:24+00,completed,13875.04,1526.80,5.00,0.00,15406.84,1,
682,326,2024-07-04 21:01:27+00,completed,10820.94,1190.85,5.00,0.00,12016.79,1,
683,361,2024-07-04 22:30:18+00,completed,12789.13,1406.80,0.00,0.00,14195.93,5,
684,366,2024-07-06 01:52:46+00,cancelled,344.40,35.42,12.00,34.44,357.38,2,1
685,50,2024-07-06 09:47:01+00,processing,3389.36,373.38,5.00,0.00,3767.74,1,
686,266,2024-07-06 18:44:32+00,completed,1346.91,121.21,5.00,250.00,1223.12,1,3
687,96,2024-07-07 06:33:45+00,shipped,308.84,34.52,5.00,0.00,348.36,1,
688,433,2024-07-07 08:58:10+00,completed,37.04,4.62,5.00,0.00,46.66,1,
689,464,2024-07-07 10:50:44+00,cancelled,1465.65,162.54,12.00,0.00,1640.19,2,
690,359,2024-07-07 13:14:19+00,completed,4281.36,472.60,15.00,0.00,4768.96,3,
691,445,2024-07-07 14:47:29+00,refunded,8769.64,957.73,12.00,75.00,9664.37,2,2
692,256,2024-07-07 23:02:58+00,completed,372.16,41.49,5.00,0.00,418.65,1,
693,253,2024-07-08 10:36:13+00,completed,758.88,83.48,0.00,0.00,842.36,5,
694,178,2024-07-08 12:03:11+00,completed,1189.44,132.49,15.00,0.00,1336.93,3,
695,21,2024-07-08 12:43:17+00,completed,1528.73,169.48,12.00,0.00,1710.21,2,
696,450,2024-07-08 13:39:06+00,shipped,706.44,79.03,12.00,0.00,797.47,2,
697,174,2024-07-08 14:24:24+00,completed,5919.71,651.17,5.00,5.00,6570.88,1,4
698,446,2024-07-08 20:47:33+00,completed,474.36,53.50,12.00,0.00,539.86,2,
699,175,2024-07-09 10:26:15+00,processing,3916.20,431.33,5.00,0.00,4352.53,1,
700,289,2024-07-09 13:33:51+00,completed,411.62,46.05,12.00,5.00,464.67,2,4
701,321,2024-07-09 15:12:46+00,shipped,27.78,4.38,12.00,0.00,44.16,2,
702,362,2024-07-10 03:07:43+00,completed,958.33,105.42,0.00,0.00,1063.75,5,
703,286,2024-07-10 21:37:16+00,completed,2214.88,244.19,5.00,0.00,2464.07,1,
704,452,2024-07-11 09:01:13+00,completed,383.03,42.68,5.00,0.00,430.71,1,
705,489,2024-07-11 18:32:23+00,pending,1587.58,177.93,35.00,5.00,1795.51,4,4
706,279,2024-07-11 21:19:01+00,completed,2184.04,240.24,5.00,5.00,2424.28,1,4
707,432,2024-07-12 00:36:26+00,completed,1336.61,142.63,35.00,75.00,1439.24,4,2
708,237,2024-07-12 03:11:26+00,completed,45.00,6.05,15.00,5.00,61.05,3,4
709,446,2024-07-12 03:20:53+00,completed,932.87,103.94,12.00,0.00,1048.81,2,
710,253,2024-07-12 08:14:53+00,completed,55.56,6.66,5.00,0.00,67.22,1,
711,238,2024-07-12 10:57:09+00,completed,1149.54,122.60,5.00,40.00,1237.14,1,1
712,445,2024-07-12 12:02:42+00,completed,12470.88,1372.35,5.00,0.00,13848.23,1,
713,35,2024-07-12 14:33:43+00,processing,1540.21,169.97,5.00,0.00,1715.18,1,
714,27,2024-07-13 05:29:35+00,shipped,6274.54,694.05,35.00,0.00,7003.59,4,
715,463,2024-07-13 09:27:51+00,pending,4707.76,510.15,5.00,75.00,5147.91,1,2
716,405,2024-07-13 10:08:19+00,completed,143.91,14.80,5.00,14.39,149.32,1,1
717,484,2024-07-13 12:44:38+00,completed,13897.56,1529.28,5.00,0.00,15431.84,1,
718,78,2024-07-13 16:24:58+00,completed,88.08,10.24,5.00,0.00,103.32,1,
719,436,2024-07-13 19:08:08+00,shipped,583.89,68.08,35.00,0.00,686.97,4,
720,229,2024-07-13 20:44:20+00,cancelled,1287.00,142.89,12.00,0.00,1441.89,2,
721,38,2024-07-14 02:01:54+00,processing,517.30,58.22,12.00,0.00,587.52,2,
722,326,2024-07-14 03:35:36+00,processing,3193.52,324.34,5.00,250.00,3272.86,1,3
723,35,2024-07-14 15:34:57+00,completed,511.40,57.57,12.00,0.00,580.97,2,
724,19,2024-07-14 20:49:05+00,completed,1249.35,141.28,35.00,0.00,1425.63,4,
725,238,2024-07-14 23:25:07+00,completed,4344.68,479.23,12.00,0.00,4835.91,2,
726,482,2024-07-15 00:29:25+00,completed,1143.08,126.29,5.00,0.00,1274.37,1,
727,466,2024-07-15 06:38:50+00,completed,1055.04,116.60,5.00,0.00,1176.64,1,
728,167,2024-07-15 08:24:04+00,completed,104.82,12.08,5.00,0.00,121.90,1,
729,20,2024-07-15 15:46:57+00,completed,5726.88,630.51,5.00,0.00,6362.39,1,
730,484,2024-07-15 17:04:31+00,processing,537.76,60.47,12.00,0.00,610.23,2,
731,85,2024-07-15 23:32:26+00,completed,962.38,107.51,15.00,0.00,1084.89,3,
732,90,2024-07-16 07:52:08+00,cancelled,9836.81,1055.87,12.00,250.00,10654.68,2,3
733,50,2024-07-16 10:00:51+00,shipped,682.96,76.45,12.00,0.00,771.41,2,
734,270,2024-07-16 11:45:53+00,completed,2943.39,323.77,5.00,5.00,3267.16,1,4
735,19,2024-07-16 14:55:26+00,pending,158.12,17.39,0.00,0.00,175.51,5,
736,113,2024-07-16 15:13:43+00,completed,3265.91,359.80,5.00,0.00,3630.71,1,
737,452,2024-07-16 18:07:53+00,cancelled,131.93,15.83,12.00,0.00,159.76,2,
738,106,2024-07-17 00:42:49+00,completed,1046.32,115.65,5.00,0.00,1166.97,1,
739,35,2024-07-17 13:07:57+00,completed,472.68,55.84,35.00,0.00,563.52,4,
740,122,2024-07-17 14:37:38+00,completed,4987.64,549.19,5.00,0.00,5541.83,1,
741,174,2024-07-17 17:38:47+00,refunded,27.78,4.38,12.00,0.00,44.16,2,
742,22,2024-07-18 00:21:32+00,shipped,2244.67,248.23,12.00,0.00,2504.90,2,
743,411,2024-07-18 02:18:33+00,completed,249.50,28.00,5.00,0.00,282.50,1,
744,178,2024-07-18 14:28:17+00,pending,9626.20,1031.93,5.00,250.00,10413.13,1,3
745,85,2024-07-18 16:27:22+00,completed,438.72,52.11,35.00,0.00,525.83,4,
746,227,2024-07-18 20:32:38+00,completed,1565.59,173.53,12.00,0.00,1751.12,2,
747,289,2024-07-18 23:29:34+00,completed,4465.48,491.75,5.00,0.00,4962.23,1,
748,464,2024-07-19 00:47:17+00,shipped,9069.20,998.93,12.00,0.00,10080.13,2,
749,482,2024-07-19 02:08:03+00,pending,1277.88,140.57,0.00,0.00,1418.45,5,
750,487,2024-07-19 06:45:21+00,completed,2249.74,248.02,5.00,0.00,2502.76,1,
751,351,2024-07-19 09:39:20+00,completed,6214.44,657.74,15.00,250.00,6637.18,3,3
752,489,2024-07-19 13:14:04+00,pending,5827.02,633.27,5.00,75.00,6390.29,1,2
753,78,2024-07-19 13:26:01+00,cancelled,549.00,64.24,35.00,0.00,648.24,4,
754,175,2024-07-19 15:05:09+00,cancelled,2134.86,234.83,0.00,0.00,2369.69,5,
755,46,2024-07-19 17:24:46+00,completed,100.44,12.37,12.00,0.00,124.81,2,
756,50,2024-07-19 20:49:15+00,completed,897.82,102.61,35.00,0.00,1035.43,4,
757,78,2024-07-20 05:26:26+00,pending,1499.22,165.46,5.00,0.00,1669.68,1,
758,122,2024-07-20 09:41:43+00,completed,2590.67,285.52,5.00,0.00,2881.19,1,
759,409,2024-07-20 09:51:26+00,completed,617.84,68.51,5.00,0.00,691.35,1,
760,359,2024-07-20 11:45:17+00,completed,3866.16,425.28,5.00,5.00,4291.44,1,4
761,445,2024-07-20 17:51:55+00,completed,12251.04,1349.26,15.00,0.00,13615.30,3,
762,272,2024-07-20 20:54:10+00,shipped,4498.20,490.95,5.00,40.00,4954.15,1,1
763,175,2024-07-21 00:50:03+00,shipped,84.03,10.89,15.00,0.00,109.92,3,
764,104,2024-07-21 01:29:52+00,completed,90.08,10.46,5.00,0.00,105.54,1,
765,463,2024-07-21 03:55:00+00,completed,4279.39,471.28,5.00,0.00,4755.67,1,
766,113,2024-07-21 08:37:02+00,completed,1806.83,199.30,5.00,0.00,2011.13,1,
767,294,2024-07-21 20:53:46+00,pending,788.91,79.08,5.00,75.00,797.99,1,2
768,267,2024-07-21 23:12:45+00,completed,1499.22,165.46,5.00,0.00,1669.68,1,
769,96,2024-07-22 08:16:33+00,refunded,2070.76,229.10,12.00,0.00,2311.86,2,
770,35,2024-07-22 14:47:17+00,cancelled,61.83,7.35,5.00,0.00,74.18,1,
771,113,2024-07-22 19:20:56+00,completed,1065.52,97.62,35.00,213.10,985.04,4,3
772,96,2024-07-23 01:49:49+00,shipped,2253.16,251.70,35.00,0.00,2539.86,4,
773,270,2024-07-23 05:21:47+00,processing,367.81,42.11,15.00,0.00,424.92,3,
774,122,2024-07-23 08:55:44+00,shipped,8666.18,954.93,15.00,0.00,9636.11,3,
775,272,2024-07-23 10:37:29+00,completed,711.02,75.13,12.00,40.00,758.15,2,1
776,474,2024-07-23 12:13:51+00,completed,948.72,106.01,15.00,0.00,1069.73,3,
777,466,2024-07-23 15:26:19+00,completed,838.98,92.84,5.00,0.00,936.82,1,
778,180,2024-07-23 18:45:51+00,completed,2610.12,287.11,0.00,0.00,2897.23,5,
779,481,2024-07-24 07:51:59+00,completed,509.34,46.47,15.00,101.87,468.94,3,3
780,436,2024-07-24 09:04:17+00,completed,112.72,11.09,5.00,16.91,111.90,1,2
781,85,2024-07-24 12:08:31+00,shipped,7464.65,821.66,5.00,0.00,8291.31,1,
782,78,2024-07-25 02:52:39+00,completed,46.30,6.41,12.00,0.00,64.71,2,
783,115,2024-07-25 07:38:03+00,processing,3257.41,359.64,12.00,0.00,3629.05,2,
784,180,2024-07-25 10:11:29+00,completed,481.73,53.54,5.00,0.00,540.27,1,
785,178,2024-07-25 11:25:35+00,completed,11829.68,1301.26,0.00,0.00,13130.94,5,
786,294,2024-07-25 17:18:47+00,completed,37.68,4.69,5.00,0.00,47.37,1,
787,300,2024-07-25 20:44:44+00,completed,505.92,47.95,5.00,75.00,483.87,1,2
788,484,2024-07-25 21:21:37+00,completed,1768.25,190.66,5.00,40.00,1923.91,1,1
789,38,2024-07-25 23:27:03+00,shipped,497.91,56.42,15.00,0.00,569.33,3,
790,63,2024-07-26 03:30:11+00,processing,2814.71,311.27,15.00,0.00,3140.98,3,
791,175,2024-07-26 16:11:03+00,completed,948.72,104.36,0.00,0.00,1053.08,5,
792,96,2024-07-26 16:32:04+00,completed,536.78,59.60,5.00,0.00,601.38,1,
793,19,2024-07-26 16:58:38+00,completed,65.04,8.47,12.00,0.00,85.51,2,
794,106,2024-07-26 21:35:10+00,completed,499.74,50.58,35.00,74.96,510.36,4,2
795,76,2024-07-26 21:46:34+00,shipped,2327.80,256.61,5.00,0.00,2589.41,1,
796,110,2024-07-27 01:03:49+00,cancelled,34.64,4.36,5.00,0.00,44.00,1,
797,237,2024-07-27 02:21:10+00,processing,1213.16,137.30,35.00,0.00,1385.46,4,
798,21,2024-07-27 12:59:42+00,completed,3393.84,374.64,12.00,0.00,3780.48,2,
799,456,2024-07-28 02:51:30+00,processing,3493.66,358.12,12.00,250.00,3613.78,2,3
800,300,2024-07-28 04:20:29+00,refunded,110.68,12.72,5.00,0.00,128.40,1,
801,106,2024-07-28 04:59:59+00,processing,498.42,54.83,0.00,0.00,553.25,5,
802,433,2024-07-28 05:31:04+00,shipped,3226.80,356.27,12.00,0.00,3595.07,2,
803,362,2024-07-28 07:21:13+00,cancelled,12959.50,1426.10,5.00,0.00,14390.60,1,
804,215,2024-07-28 08:29:11+00,completed,2597.45,286.27,5.00,0.00,2888.72,1,
805,364,2024-07-28 15:17:00+00,completed,3875.53,426.31,0.00,0.00,4301.84,5,
806,46,2024-07-28 22:43:28+00,completed,3607.31,398.12,12.00,0.00,4017.43,2,
807,343,2024-07-29 11:25:32+00,completed,1602.22,180.09,35.00,0.00,1817.31,4,
808,405,2024-07-29 13:11:28+00,refunded,4941.41,544.11,5.00,0.00,5490.52,1,
809,21,2024-07-30 08:27:21+00,completed,523.51,58.91,12.00,0.00,594.42,2,
810,489,2024-07-30 14:15:13+00,processing,5061.15,552.88,5.00,40.00,5579.03,1,1
811,136,2024-07-30 19:58:21+00,completed,830.72,94.68,35.00,5.00,955.40,4,4
812,96,2024-07-30 20:03:49+00,cancelled,2683.05,295.69,5.00,0.00,2983.74,1,
813,216,2024-07-30 20:58:44+00,completed,1666.27,183.84,5.00,0.00,1855.11,1,
814,216,2024-07-30 22:29:42+00,pending,2857.70,315.12,12.00,5.00,3179.82,2,4
815,466,2024-07-31 04:56:16+00,completed,14754.64,1623.56,5.00,0.00,16383.20,1,
816,21,2024-07-31 05:14:53+00,completed,37.32,4.66,5.00,0.00,46.98,1,
817,90,2024-07-31 05:40:57+00,completed,1351.36,149.20,5.00,0.00,1505.56,1,
818,216,2024-07-31 08:27:42+00,completed,5072.51,534.33,35.00,250.00,5391.84,4,3
819,300,2024-07-31 09:20:37+00,completed,252.96,28.60,12.00,5.00,288.56,2,4
820,487,2024-07-31 14:23:03+00,completed,37.62,5.46,12.00,0.00,55.08,2,
821,294,2024-07-31 15:35:29+00,completed,1006.51,111.27,5.00,0.00,1122.78,1,
822,359,2024-07-31 20:12:35+00,processing,2610.12,288.76,15.00,0.00,2913.88,3,
823,487,2024-07-31 20:49:13+00,processing,1577.82,174.88,12.00,0.00,1764.70,2,
824,215,2024-07-31 22:39:12+00,completed,537.85,60.48,12.00,0.00,610.33,2,
825,411,2024-07-31 23:12:03+00,completed,366.36,35.58,12.00,54.95,358.99,2,2
826,22,2024-08-01 15:03:48+00,completed,84.96,9.35,5.00,5.00,94.31,1,4
827,452,2024-08-01 17:04:01+00,completed,4205.60,464.27,15.00,0.00,4684.87,3,
828,342,2024-08-02 02:15:30+00,completed,1269.72,140.22,5.00,0.00,1414.94,1,
829,256,2024-08-02 03:03:09+00,processing,4514.57,470.42,12.00,250.00,4746.99,2,3
830,174,2024-08-02 05:37:00+00,cancelled,6490.21,713.92,0.00,0.00,7204.13,5,
831,115,2024-08-02 08:13:45+00,completed,425.08,41.40,15.00,63.76,417.72,3,2
832,361,2024-08-02 12:14:07+00,completed,1083.72,96.69,12.00,216.74,975.67,2,3
833,326,2024-08-02 16:00:51+00,completed,3026.47,329.83,12.00,40.00,3328.30,2,1
834,227,2024-08-02 23:09:23+00,completed,6449.82,683.30,12.00,250.00,6895.12,2,3
835,355,2024-08-02 23:33:52+00,completed,10703.40,1181.22,35.00,0.00,11919.62,4,
836,32,2024-08-03 03:46:52+00,completed,179.67,23.61,35.00,0.00,238.28,4,
837,113,2024-08-03 07:43:36+00,refunded,638.94,71.93,15.00,0.00,725.87,3,
838,450,2024-08-03 07:55:08+00,processing,477.36,53.06,5.00,0.00,535.42,1,
839,46,2024-08-03 13:51:06+00,pending,8298.10,912.79,0.00,0.00,9210.89,5,
840,99,2024-08-03 15:23:52+00,completed,10411.27,1145.79,5.00,0.00,11562.06,1,
841,359,2024-08-03 18:19:38+00,completed,13015.54,1432.26,5.00,0.00,14452.80,1,
842,464,2024-08-04 03:34:09+00,completed,1733.92,192.38,15.00,0.00,1941.30,3,
843,464,2024-08-04 08:16:47+00,completed,4387.64,483.19,5.00,0.00,4875.83,1,
844,289,2024-08-04 18:04:35+00,completed,1909.14,209.46,0.00,5.00,2113.60,5,4
845,411,2024-08-04 23:01:12+00,shipped,957.98,105.93,5.00,0.00,1068.91,1,
846,411,2024-08-05 00:48:09+00,pending,3674.32,408.03,35.00,0.00,4117.35,4,
847,238,2024-08-05 08:23:31+00,completed,6341.19,670.58,5.00,250.00,6766.77,1,3
848,489,2024-08-05 10:25:36+00,refunded,691.54,72.22,5.00,40.00,728.76,1,1
849,294,2024-08-05 11:31:28+00,shipped,3379.78,375.08,35.00,5.00,3784.86,4,4
850,20,2024-08-05 14:45:23+00,pending,3181.90,350.56,5.00,0.00,3537.46,1,
851,326,2024-08-05 15:29:41+00,completed,261.02,32.56,35.00,0.00,328.58,4,
852,351,2024-08-05 17:48:18+00,completed,1117.38,124.23,12.00,0.00,1253.61,2,
853,35,2024-08-05 23:15:42+00,pending,2984.50,328.30,0.00,0.00,3312.80,5,
854,294,2024-08-06 02:26:54+00,completed,577.82,55.86,5.00,75.00,563.68,1,2
855,99,2024-08-06 14:44:43+00,cancelled,1002.08,111.88,15.00,0.00,1128.96,3,
856,187,2024-08-06 21:15:03+00,shipped,5040.24,556.08,15.00,0.00,5611.32,3,
857,38,2024-08-06 23:20:16+00,completed,2175.10,239.81,5.00,0.00,2419.91,1,
858,432,2024-08-06 23:36:51+00,completed,12844.08,1416.70,35.00,0.00,14295.78,4,
859,113,2024-08-07 10:41:01+00,processing,193.14,21.25,0.00,0.00,214.39,5,
860,364,2024-08-08 02:41:52+00,shipped,10703.40,1173.52,5.00,40.00,11841.92,1,1
861,432,2024-08-08 05:12:43+00,completed,111.41,13.91,15.00,0.00,140.32,3,
862,99,2024-08-08 05:17:13+00,completed,1643.65,182.45,15.00,0.00,1841.10,3,
863,190,2024-08-08 06:33:44+00,completed,4166.34,450.60,5.00,75.00,4546.94,1,2
864,464,2024-08-08 09:25:50+00,completed,179.80,21.10,12.00,0.00,212.90,2,
865,229,2024-08-08 12:01:43+00,processing,683.79,76.54,12.00,0.00,772.33,2,
866,253,2024-08-09 03:20:38+00,completed,6487.24,706.67,12.00,75.00,7130.91,2,2
867,366,2024-08-09 07:01:11+00,completed,658.24,73.73,12.00,0.00,743.97,2,
868,115,2024-08-09 07:10:44+00,completed,1122.36,116.53,12.00,75.00,1175.89,2,2
869,215,2024-08-09 08:26:27+00,completed,4714.79,522.48,35.00,0.00,5272.27,4,
870,174,2024-08-09 09:39:01+00,cancelled,3507.06,387.10,12.00,0.00,3906.16,2,
871,405,2024-08-09 14:14:32+00,completed,3770.93,410.95,5.00,40.00,4146.88,1,1
872,5,2024-08-09 18:10:38+00,completed,636.38,73.85,35.00,0.00,745.23,4,
873,178,2024-08-10 01:07:07+00,shipped,3773.59,415.64,5.00,0.00,4194.23,1,
874,178,2024-08-10 11:38:03+00,processing,4306.44,474.26,5.00,0.00,4785.70,1,
875,157,2024-08-10 15:45:15+00,refunded,506.87,48.45,35.00,101.37,488.95,4,3
876,432,2024-08-10 20:20:04+00,shipped,4320.89,475.85,5.00,0.00,4801.74,1,
877,99,2024-08-10 21:13:32+00,processing,4833.42,528.60,12.00,40.00,5334.02,2,1
878,358,2024-08-11 05:37:06+00,completed,8609.02,947.76,12.00,5.00,9563.78,2,4
879,175,2024-08-11 06:44:12+00,shipped,1463.86,153.32,5.00,75.00,1547.18,1,2
880,395,2024-08-11 07:13:34+00,pending,435.02,41.22,5.00,65.25,415.99,1,2
881,136,2024-08-11 22:40:56+00,completed,9.26,1.57,5.00,0.00,15.83,1,
882,122,2024-08-12 02:22:59+00,completed,4143.52,455.79,0.00,0.00,4599.31,5,
883,343,2024-08-12 03:05:25+00,cancelled,2051.09,226.17,5.00,0.00,2282.26,1,
884,433,2024-08-12 03:50:14+00,processing,1143.08,129.59,35.00,0.00,1307.67,4,
885,20,2024-08-12 06:11:54+00,completed,1229.82,127.58,5.00,75.00,1287.40,1,2
886,19,2024-08-12 11:07:46+00,completed,6487.24,714.92,12.00,0.00,7214.16,2,
887,27,2024-08-12 15:36:52+00,completed,7710.60,824.52,35.00,250.00,8320.12,4,3
888,266,2024-08-12 16:23:00+00,completed,4648.96,512.71,12.00,0.00,5173.67,2,
889,326,2024-08-12 16:46:03+00,completed,2707.57,299.15,12.00,0.00,3018.72,2,
890,321,2024-08-12 21:29:11+00,shipped,2546.09,280.62,5.00,0.00,2831.71,1,
891,26,2024-08-12 21:59:22+00,processing,68.26,7.51,5.00,5.00,75.77,1,4
892,267,2024-08-12 22:39:37+00,pending,1670.25,185.38,15.00,0.00,1870.63,3,
893,343,2024-08-13 00:43:48+00,completed,15170.94,1669.35,5.00,0.00,16845.29,1,
894,115,2024-08-13 03:16:20+00,cancelled,95.51,11.06,5.00,0.00,111.57,1,
895,359,2024-08-13 03:21:06+00,processing,966.54,106.87,5.00,0.00,1078.41,1,
896,270,2024-08-13 05:21:39+00,completed,6983.98,768.79,5.00,0.00,7757.77,1,
897,445,2024-08-13 05:56:07+00,shipped,62.20,10.69,35.00,0.00,107.89,4,
898,450,2024-08-13 14:06:13+00,shipped,2097.77,231.30,5.00,0.00,2334.07,1,
899,466,2024-08-13 22:09:03+00,cancelled,2825.65,314.67,35.00,0.00,3175.32,4,
900,474,2024-08-14 03:14:08+00,completed,1329.10,143.12,12.00,40.00,1444.22,2,1
901,286,2024-08-14 13:57:30+00,completed,974.15,107.71,5.00,0.00,1086.86,1,
902,216,2024-08-14 16:00:41+00,completed,549.50,60.99,5.00,0.00,615.49,1,
903,432,2024-08-14 19:43:40+00,completed,2036.76,220.19,5.00,40.00,2221.95,1,1
904,55,2024-08-15 00:27:22+00,completed,450.27,50.08,5.00,0.00,505.35,1,
905,433,2024-08-15 02:01:44+00,refunded,5660.72,624.00,12.00,0.00,6296.72,2,
906,190,2024-08-15 05:01:52+00,completed,2911.68,320.83,5.00,0.00,3237.51,1,
907,237,2024-08-15 05:16:11+00,completed,1128.51,124.69,5.00,0.00,1258.20,1,
908,482,2024-08-15 17:33:15+00,refunded,3934.55,433.35,5.00,0.00,4372.90,1,
909,106,2024-08-15 21:09:18+00,completed,3408.55,376.26,12.00,0.00,3796.81,2,
910,488,2024-08-16 03:50:05+00,cancelled,12343.33,1350.07,5.00,75.00,13623.40,1,2
911,136,2024-08-16 12:24:41+00,processing,27.78,6.91,35.00,0.00,69.69,4,
912,22,2024-08-16 12:33:53+00,shipped,1345.98,149.71,15.00,0.00,1510.69,3,
913,38,2024-08-16 14:54:10+00,completed,1394.67,153.96,5.00,0.00,1553.63,1,
914,470,2024-08-16 15:11:41+00,completed,316.60,30.15,5.00,47.49,304.26,1,2
915,167,2024-08-16 16:30:03+00,completed,12844.08,1413.40,5.00,0.00,14262.48,1,
916,46,2024-08-16 17:44:41+00,completed,999.48,103.01,12.00,75.00,1039.49,2,2
917,456,2024-08-16 17:49:27+00,completed,8988.69,988.76,0.00,0.00,9977.45,5,
918,321,2024-08-16 18:14:49+00,cancelled,9047.14,996.51,12.00,0.00,10055.65,2,
919,366,2024-08-16 18:42:03+00,completed,1143.08,126.29,5.00,0.00,1274.37,1,
920,343,2024-08-16 19:32:43+00,processing,14172.41,1559.52,5.00,0.00,15736.93,1,
921,115,2024-08-17 03:19:28+00,refunded,14516.24,1589.09,5.00,75.00,16035.33,1,2
922,175,2024-08-17 04:47:11+00,refunded,23.52,6.44,35.00,0.00,64.96,4,
923,21,2024-08-17 07:43:25+00,shipped,5985.58,650.71,5.00,75.00,6566.29,1,2
924,257,2024-08-17 10:56:40+00,completed,5923.24,655.41,35.00,0.00,6613.65,4,
925,493,2024-08-17 13:49:22+00,processing,2857.70,314.90,5.00,0.00,3177.60,1,
926,104,2024-08-17 15:26:30+00,cancelled,9183.48,1011.83,15.00,0.00,10210.31,3,
927,229,2024-08-18 03:38:58+00,shipped,6368.88,701.90,12.00,0.00,7082.78,2,
928,328,2024-08-18 03:55:36+00,completed,3279.84,362.43,15.00,0.00,3657.27,3,
929,328,2024-08-18 12:05:02+00,pending,333.30,40.51,35.00,0.00,408.81,4,
930,26,2024-08-18 20:23:03+00,shipped,505.92,45.84,12.00,101.18,462.58,2,3
931,343,2024-08-18 21:46:42+00,completed,102.26,11.80,5.00,0.00,119.06,1,
932,122,2024-08-19 00:26:14+00,shipped,898.50,99.39,5.00,0.00,1002.89,1,
933,166,2024-08-19 18:39:02+00,processing,2174.64,239.21,0.00,0.00,2413.85,5,
934,229,2024-08-19 18:57:03+00,refunded,3547.69,363.30,5.00,250.00,3665.99,1,3
935,463,2024-08-19 20:51:35+00,shipped,770.64,85.32,5.00,0.00,860.96,1,
936,286,2024-08-20 07:40:32+00,completed,1972.11,218.58,15.00,0.00,2205.69,3,
937,452,2024-08-20 08:53:47+00,completed,8562.72,943.22,12.00,0.00,9517.94,2,
938,484,2024-08-20 15:36:47+00,completed,2220.92,245.62,12.00,0.00,2478.54,2,
939,166,2024-08-20 18:53:07+00,completed,1962.80,217.23,12.00,0.00,2192.03,2,
940,99,2024-08-21 01:17:31+00,completed,1051.58,116.22,5.00,0.00,1172.80,1,
941,5,2024-08-21 01:48:56+00,cancelled,36.43,4.01,0.00,0.00,40.44,5,
942,166,2024-08-21 05:19:06+00,completed,14584.16,1600.41,5.00,40.00,16149.57,1,1
943,229,2024-08-21 07:12:09+00,shipped,1561.06,172.27,5.00,0.00,1738.33,1,
944,96,2024-08-21 10:56:30+00,shipped,6526.16,710.95,12.00,75.00,7174.11,2,2
945,85,2024-08-21 13:29:13+00,shipped,3558.58,392.76,12.00,0.00,3963.34,2,
946,405,2024-08-21 16:21:27+00,pending,3853.52,424.44,5.00,0.00,4282.96,1,
947,27,2024-08-21 22:57:38+00,shipped,474.95,52.24,0.00,0.00,527.19,5,
948,238,2024-08-22 01:47:03+00,completed,158.50,18.75,12.00,0.00,189.25,2,
949,215,2024-08-22 03:29:11+00,completed,11110.62,1226.02,35.00,0.00,12371.64,4,
950,288,2024-08-22 07:12:07+00,completed,152.62,16.79,0.00,0.00,169.41,5,
951,456,2024-08-22 08:03:41+00,completed,3421.02,380.16,35.00,0.00,3836.18,4,
952,46,2024-08-22 11:47:37+00,completed,752.70,83.35,5.00,0.00,841.05,1,
953,178,2024-08-22 15:32:03+00,shipped,749.61,83.01,5.00,0.00,837.62,1,
954,121,2024-08-22 18:44:43+00,refunded,1441.56,159.12,5.00,0.00,1605.68,1,
955,358,2024-08-22 21:31:28+00,completed,2816.85,282.90,5.00,250.00,2854.75,1,3
956,63,2024-08-23 06:47:39+00,cancelled,14323.18,1579.40,35.00,0.00,15937.58,4,
957,405,2024-08-23 08:28:26+00,completed,758.88,84.03,5.00,0.00,847.91,1,
958,433,2024-08-23 10:20:05+00,completed,32.52,7.43,35.00,0.00,74.95,4,
959,193,2024-08-23 12:42:09+00,shipped,803.01,70.67,0.00,160.60,713.08,5,3
960,5,2024-08-23 18:33:27+00,processing,160.76,18.23,5.00,0.00,183.99,1,
961,113,2024-08-23 21:37:32+00,shipped,5809.73,611.57,0.00,250.00,6171.30,5,3
962,113,2024-08-23 23:26:24+00,completed,33.75,3.71,0.00,0.00,37.46,5,
963,110,2024-08-24 01:29:34+00,cancelled,1305.06,144.11,5.00,0.00,1454.17,1,
964,272,2024-08-24 07:27:04+00,shipped,1836.96,198.99,12.00,40.00,2007.95,2,1
965,342,2024-08-24 20:19:20+00,completed,2927.33,322.56,5.00,0.00,3254.89,1,
966,72,2024-08-25 00:16:16+00,shipped,276.04,30.91,5.00,0.00,311.95,1,
967,104,2024-08-25 00:56:53+00,completed,12844.08,1385.90,5.00,250.00,13984.98,1,3
968,229,2024-08-25 06:17:41+00,completed,630.38,69.89,5.00,0.00,705.27,1,
969,35,2024-08-25 07:32:26+00,completed,1999.80,220.53,5.00,0.00,2225.33,1,
970,452,2024-08-25 07:32:46+00,completed,495.40,58.34,35.00,0.00,588.74,4,
971,115,2024-08-25 12:30:24+00,shipped,750.45,84.20,15.00,0.00,849.65,3,
972,470,2024-08-25 15:38:15+00,shipped,485.75,53.98,5.00,0.00,544.73,1,
973,409,2024-08-25 22:50:59+00,completed,8748.62,966.20,35.00,0.00,9749.82,4,
974,411,2024-08-26 07:38:07+00,processing,4939.86,543.93,5.00,0.00,5488.79,1,
975,453,2024-08-26 14:12:53+00,completed,1806.69,199.29,5.00,0.00,2010.98,1,
976,270,2024-08-26 21:37:59+00,completed,1311.04,140.36,5.00,40.00,1416.40,1,1
977,300,2024-08-26 23:25:28+00,pending,5084.04,560.56,12.00,0.00,5656.60,2,
978,456,2024-08-27 05:57:05+00,completed,3280.11,364.66,35.00,0.00,3679.77,4,
979,63,2024-08-27 08:29:47+00,completed,2248.88,247.38,0.00,0.00,2496.26,5,
980,107,2024-08-28 05:49:47+00,completed,1143.08,127.06,12.00,0.00,1282.14,2,
981,362,2024-08-28 14:37:31+00,completed,1305.06,117.38,12.00,250.00,1184.44,2,3
982,355,2024-08-28 17:53:35+00,completed,1970.53,209.06,5.00,75.00,2109.59,1,2
983,110,2024-08-28 23:02:14+00,completed,9313.46,1025.03,5.00,0.00,10343.49,1,
984,266,2024-08-28 23:51:39+00,completed,6654.11,732.50,5.00,0.00,7391.61,1,
985,267,2024-08-29 00:14:05+00,completed,37.33,4.66,5.00,0.00,46.99,1,
986,288,2024-08-29 19:05:04+00,completed,527.10,61.83,35.00,0.00,623.93,4,
987,215,2024-08-29 19:26:42+00,completed,9014.70,993.27,15.00,0.00,10022.97,3,
988,351,2024-08-29 22:34:09+00,processing,727.60,80.59,5.00,0.00,813.19,1,
989,474,2024-08-29 23:07:00+00,pending,1596.18,176.90,12.00,0.00,1785.08,2,
990,436,2024-08-30 05:09:51+00,completed,5.88,0.65,0.00,0.00,6.53,5,
991,113,2024-08-30 11:35:13+00,shipped,6750.94,743.92,12.00,0.00,7506.86,2,
992,110,2024-08-30 16:08:51+00,processing,12093.77,1331.63,12.00,0.00,13437.40,2,
993,345,2024-08-31 07:05:50+00,completed,5824.12,641.97,12.00,0.00,6478.09,2,
994,481,2024-08-31 17:10:19+00,completed,3926.10,431.87,0.00,0.00,4357.97,5,
995,265,2024-08-31 17:11:53+00,completed,310.38,34.14,0.00,0.00,344.52,5,
996,279,2024-08-31 20:20:13+00,cancelled,9180.84,1011.54,15.00,0.00,10207.38,3,
997,456,2024-09-01 02:08:23+00,pending,1630.47,179.90,5.00,0.00,1815.37,1,
998,174,2024-09-01 10:09:48+00,completed,2800.08,308.56,5.00,0.00,3113.64,1,
999,253,2024-09-01 10:43:03+00,processing,2608.38,287.47,5.00,0.00,2900.85,1,
1000,136,2024-09-01 11:35:30+00,completed,1456.87,160.81,5.00,0.00,1622.68,1,
1001,266,2024-09-01 13:34:21+00,completed,2175.10,239.81,5.00,0.00,2419.91,1,
1002,72,2024-09-01 17:37:55+00,shipped,495.86,55.09,5.00,0.00,555.95,1,
1003,227,2024-09-01 20:08:08+00,completed,2197.60,242.29,5.00,0.00,2444.89,1,
1004,115,2024-09-02 03:18:30+00,shipped,1594.12,179.20,35.00,0.00,1808.32,4,
1005,63,2024-09-02 04:57:55+00,shipped,429.21,47.76,5.00,0.00,481.97,1,
1006,489,2024-09-02 06:33:18+00,cancelled,1226.58,138.22,35.00,5.00,1394.80,4,4
1007,55,2024-09-02 08:53:09+00,completed,4581.66,504.53,5.00,0.00,5091.19,1,
1008,489,2024-09-02 14:26:23+00,shipped,535.13,51.16,5.00,75.00,516.29,1,2
1009,240,2024-09-02 20:09:02+00,processing,2333.12,258.29,15.00,0.00,2606.41,3,
1010,96,2024-09-02 20:52:39+00,completed,87.89,11.32,15.00,0.00,114.21,3,
1011,216,2024-09-02 21:00:44+00,shipped,221.04,22.72,12.00,26.52,229.24,2,6
1012,436,2024-09-02 23:55:50+00,shipped,120.30,15.76,35.00,12.03,159.03,4,1
1013,326,2024-09-03 00:50:17+00,completed,948.72,105.68,12.00,0.00,1066.40,2,
1014,358,2024-09-03 01:09:23+00,completed,984.34,108.83,5.00,0.00,1098.17,1,
1015,326,2024-09-03 04:54:59+00,shipped,7578.54,829.24,0.00,40.00,8367.78,5,1
1016,35,2024-09-03 07:05:02+00,processing,37.04,3.67,0.00,3.70,37.01,5,1
1017,343,2024-09-03 10:02:47+00,completed,976.17,95.04,5.00,117.14,959.07,1,6
1018,294,2024-09-03 12:29:42+00,shipped,370.72,44.63,35.00,0.00,450.35,4,
1019,366,2024-09-03 12:58:02+00,completed,307.29,34.35,5.00,0.00,346.64,1,
1020,445,2024-09-03 14:22:26+00,pending,397.96,44.33,5.00,0.00,447.29,1,
1021,488,2024-09-04 01:25:58+00,completed,2156.43,237.21,0.00,0.00,2393.64,5,
1022,328,2024-09-04 07:07:04+00,pending,499.74,55.52,5.00,0.00,560.26,1,
1023,22,2024-09-04 09:54:13+00,completed,6458.51,710.99,5.00,0.00,7174.50,1,
1024,121,2024-09-04 16:02:33+00,processing,10703.40,1178.69,12.00,0.00,11894.09,2,
1025,270,2024-09-04 16:30:49+00,completed,24.88,3.29,5.00,0.00,33.17,1,
1026,215,2024-09-04 16:34:59+00,processing,7370.76,810.78,5.00,5.00,8181.54,1,4
1027,413,2024-09-04 17:47:04+00,completed,64.38,6.37,0.00,6.44,64.31,5,1
1028,106,2024-09-04 18:46:41+00,completed,7566.35,833.62,12.00,0.00,8411.97,2,
1029,351,2024-09-05 03:58:59+00,completed,1121.39,115.10,0.00,75.00,1161.49,5,2
1030,104,2024-09-05 18:21:46+00,completed,2954.73,317.32,5.00,75.00,3202.05,1,2
1031,489,2024-09-05 20:39:36+00,completed,2257.64,248.89,5.00,0.00,2511.53,1,
1032,402,2024-09-05 23:42:48+00,completed,30.90,2.85,0.00,5.00,28.75,5,4
1033,112,2024-09-06 00:24:37+00,completed,37.54,4.68,5.00,0.00,47.22,1,
1034,238,2024-09-06 08:28:49+00,completed,4134.48,455.34,5.00,0.00,4594.82,1,
1035,26,2024-09-06 09:09:43+00,shipped,17412.00,1916.64,12.00,0.00,19340.64,2,
1036,487,2024-09-06 09:29:05+00,completed,2937.24,322.55,35.00,40.00,3254.79,4,1
1037,267,2024-09-06 11:55:42+00,cancelled,4211.64,463.83,5.00,0.00,4680.47,1,
1038,99,2024-09-06 16:54:54+00,shipped,2247.52,243.38,5.00,40.00,2455.90,1,1
1039,22,2024-09-06 19:19:10+00,completed,2114.37,228.73,5.00,40.00,2308.10,1,1
1040,294,2024-09-06 19:40:43+00,completed,1952.94,216.14,12.00,0.00,2181.08,2,
1041,359,2024-09-07 07:33:31+00,shipped,1371.69,123.94,5.00,250.00,1250.63,1,3
1042,456,2024-09-07 09:34:55+00,completed,6621.46,729.13,12.00,5.00,7357.59,2,4
1043,167,2024-09-07 11:05:03+00,pending,340.33,39.09,15.00,0.00,394.42,3,
1044,454,2024-09-07 15:46:47+00,processing,8562.72,945.75,35.00,0.00,9543.47,4,
1045,411,2024-09-07 16:18:42+00,completed,822.85,91.06,5.00,0.00,918.91,1,
1046,484,2024-09-08 01:11:44+00,completed,407.70,46.50,15.00,0.00,469.20,3,
1047,470,2024-09-08 07:53:38+00,completed,3446.88,379.71,5.00,0.00,3831.59,1,
1048,351,2024-09-08 08:19:59+00,refunded,790.60,87.52,5.00,0.00,883.12,1,
1049,358,2024-09-08 11:16:12+00,pending,5061.70,557.34,5.00,0.00,5624.04,1,
1050,193,2024-09-08 17:30:23+00,shipped,1023.00,116.38,35.00,0.00,1174.38,4,
1051,46,2024-09-08 20:28:55+00,completed,602.94,70.17,35.00,0.00,708.11,4,
1052,122,2024-09-08 21:16:09+00,completed,347.94,34.45,0.00,34.79,347.60,5,1
1053,307,2024-09-08 23:00:34+00,pending,379.44,43.39,15.00,0.00,437.83,3,
1054,85,2024-09-09 01:42:28+00,completed,231.45,26.78,12.00,0.00,270.23,2,
1055,321,2024-09-09 04:20:33+00,shipped,3533.72,392.56,35.00,0.00,3961.28,4,
1056,121,2024-09-09 04:45:27+00,pending,4222.90,465.07,5.00,0.00,4692.97,1,
1057,107,2024-09-09 06:21:50+00,shipped,1818.99,200.64,5.00,0.00,2024.63,1,
1058,85,2024-09-09 07:23:04+00,completed,206.18,22.68,5.00,5.00,228.86,1,4
1059,167,2024-09-09 09:50:00+00,refunded,462.45,51.42,5.00,0.00,518.87,1,
1060,5,2024-09-09 23:28:17+00,completed,194.98,22.00,5.00,0.00,221.98,1,
1061,13,2024-09-10 00:06:24+00,processing,1888.92,208.33,5.00,0.00,2102.25,1,
1062,286,2024-09-10 04:01:04+00,processing,474.36,53.50,12.00,0.00,539.86,2,
1063,193,2024-09-10 09:14:18+00,processing,870.04,96.25,5.00,0.00,971.29,1,
1064,113,2024-09-10 11:13:21+00,shipped,9962.04,1099.67,35.00,0.00,11096.71,4,
1065,121,2024-09-10 14:39:32+00,completed,746.18,83.73,15.00,0.00,844.91,3,
1066,47,2024-09-10 15:25:56+00,pending,1274.10,128.27,12.00,120.00,1294.37,2,6
1067,106,2024-09-10 18:49:01+00,completed,11.24,1.79,5.00,0.00,18.03,1,
1068,46,2024-09-10 19:37:20+00,processing,821.39,90.90,5.00,0.00,917.29,1,
1069,115,2024-09-10 23:01:58+00,refunded,1740.08,191.96,5.00,0.00,1937.04,1,
1070,493,2024-09-11 01:40:58+00,completed,7385.98,814.11,15.00,0.00,8215.09,3,
1071,386,2024-09-11 01:41:54+00,processing,784.38,76.48,5.00,94.13,771.73,1,6
1072,229,2024-09-11 02:50:16+00,refunded,2922.04,321.97,5.00,0.00,3249.01,1,
1073,479,2024-09-11 04:14:18+00,cancelled,567.06,58.53,5.00,40.00,590.59,1,1
1074,386,2024-09-11 05:22:47+00,completed,11029.26,1213.77,5.00,0.00,12248.03,1,
1075,265,2024-09-11 07:00:05+00,completed,5267.40,579.41,5.00,5.00,5846.81,1,4
1076,167,2024-09-11 08:28:05+00,pending,353.64,39.45,5.00,0.00,398.09,1,
1077,96,2024-09-11 10:40:45+00,pending,2659.66,293.11,5.00,0.00,2957.77,1,
1078,488,2024-09-11 17:53:57+00,completed,2153.85,237.47,5.00,0.00,2396.32,1,
1079,35,2024-09-12 03:34:46+00,processing,2068.48,228.85,12.00,0.00,2309.33,2,
1080,237,2024-09-12 04:27:08+00,completed,37.62,5.46,12.00,0.00,55.08,2,
1081,13,2024-09-12 12:31:53+00,completed,9867.78,1086.01,5.00,0.00,10958.79,1,
1082,115,2024-09-13 06:39:07+00,shipped,46.30,5.64,5.00,0.00,56.94,1,
1083,272,2024-09-13 14:04:34+00,refunded,499.74,51.12,5.00,40.00,515.86,1,1
1084,436,2024-09-13 16:09:12+00,completed,3933.43,433.23,5.00,0.00,4371.66,1,
1085,342,2024-09-13 16:38:36+00,completed,3156.96,342.87,0.00,40.00,3459.83,5,1
1086,351,2024-09-13 18:35:34+00,processing,135.52,14.91,0.00,0.00,150.43,5,
1087,484,2024-09-13 18:44:37+00,cancelled,2368.92,233.63,5.00,250.00,2357.55,1,3
1088,32,2024-09-14 12:10:05+00,completed,1396.28,154.14,5.00,0.00,1555.42,1,
1089,38,2024-09-15 13:52:55+00,completed,129.73,18.12,35.00,0.00,182.85,4,
1090,405,2024-09-16 04:29:28+00,completed,3231.38,356.77,12.00,0.00,3600.15,2,
1091,115,2024-09-16 11:56:52+00,shipped,740.45,82.00,5.00,0.00,827.45,1,
1092,122,2024-09-16 13:20:25+00,completed,249.87,28.04,5.00,0.00,282.91,1,
1093,55,2024-09-16 23:11:26+00,completed,3425.26,378.43,15.00,0.00,3818.69,3,
1094,493,2024-09-17 09:42:33+00,cancelled,1576.39,173.95,5.00,0.00,1755.34,1,
1095,488,2024-09-17 15:53:44+00,completed,30.90,4.72,12.00,0.00,47.62,2,
1096,307,2024-09-18 02:12:23+00,completed,5194.97,570.90,35.00,40.00,5760.87,4,1
1097,267,2024-09-18 04:49:06+00,completed,197.16,23.01,12.00,0.00,232.17,2,
1098,215,2024-09-18 05:11:29+00,completed,8149.80,897.03,5.00,0.00,9051.83,1,
1099,386,2024-09-18 09:24:00+00,completed,1407.60,154.84,5.00,5.00,1562.44,1,4
1100,463,2024-09-18 09:30:50+00,completed,189.06,20.80,0.00,0.00,209.86,5,
1101,47,2024-09-18 12:57:26+00,completed,494.99,55.00,5.00,0.00,554.99,1,
1102,174,2024-09-18 13:37:52+00,completed,118.00,11.58,5.00,17.70,116.88,1,2
1103,22,2024-09-19 05:32:31+00,refunded,13255.46,1455.02,12.00,40.00,14682.48,2,1
1104,405,2024-09-19 06:28:23+00,completed,2199.09,243.22,12.00,0.00,2454.31,2,
1105,178,2024-09-19 08:02:48+00,completed,83.01,8.22,0.00,8.30,82.93,5,1
1106,405,2024-09-19 10:45:12+00,shipped,183.15,20.70,5.00,0.00,208.85,1,
1107,50,2024-09-19 16:28:33+00,completed,567.39,66.26,35.00,0.00,668.65,4,
1108,110,2024-09-20 00:21:09+00,refunded,10717.59,1182.78,35.00,0.00,11935.37,4,
1109,72,2024-09-20 02:08:18+00,completed,870.04,96.25,5.00,0.00,971.29,1,
1110,166,2024-09-20 05:44:36+00,shipped,3051.44,336.21,5.00,0.00,3392.65,1,
1111,157,2024-09-20 08:20:42+00,completed,870.04,99.00,35.00,5.00,999.04,4,4
1112,237,2024-09-20 19:03:33+00,completed,50.66,6.12,5.00,0.00,61.78,1,
1113,187,2024-09-21 01:23:03+00,completed,1249.35,137.98,5.00,0.00,1392.33,1,
1114,364,2024-09-21 07:45:10+00,completed,3406.42,367.01,5.00,75.00,3703.43,1,2
1115,175,2024-09-21 11:08:33+00,shipped,4281.36,447.30,35.00,250.00,4513.66,4,3
1116,413,2024-09-21 23:19:26+00,shipped,1843.23,190.11,5.00,120.00,1918.34,1,6
1117,266,2024-09-22 05:15:37+00,completed,375.63,45.17,35.00,0.00,455.80,4,
1118,19,2024-09-22 15:40:49+00,processing,9794.04,1081.19,35.00,0.00,10910.23,4,
1119,266,2024-09-22 20:32:56+00,completed,782.33,82.21,5.00,40.00,829.54,1,1
1120,436,2024-09-22 22:53:36+00,completed,11766.20,1295.60,12.00,0.00,13073.80,2,
1121,288,2024-09-23 01:25:24+00,processing,100.49,12.70,15.00,0.00,128.19,3,
1122,359,2024-09-23 07:40:13+00,completed,1481.00,151.03,12.00,120.00,1524.03,2,6
1123,180,2024-09-23 11:27:32+00,refunded,277.65,31.09,5.00,0.00,313.74,1,
1124,411,2024-09-23 15:05:38+00,shipped,749.61,83.01,5.00,0.00,837.62,1,
1125,180,2024-09-23 18:25:30+00,processing,12109.44,1333.69,15.00,0.00,13458.13,3,
1126,488,2024-09-24 00:47:01+00,shipped,126.80,13.95,5.00,5.00,140.75,1,4
1127,402,2024-09-24 05:10:50+00,completed,1385.20,156.22,35.00,0.00,1576.42,4,
1128,251,2024-09-24 09:11:56+00,completed,261.12,25.83,5.00,31.33,260.62,1,6
1129,466,2024-09-24 11:42:06+00,shipped,8.28,0.91,0.00,0.00,9.19,5,
1130,432,2024-09-24 12:57:51+00,completed,3429.24,378.54,12.00,0.00,3819.78,2,
1131,453,2024-09-24 19:14:09+00,completed,1113.87,122.53,0.00,0.00,1236.40,5,
1132,425,2024-09-24 23:58:15+00,completed,1879.35,207.28,5.00,0.00,2091.63,1,
1133,11,2024-09-25 03:38:38+00,completed,1597.19,176.24,5.00,0.00,1778.43,1,
1134,454,2024-09-25 05:34:00+00,completed,743.30,82.31,5.00,0.00,830.61,1,
1135,107,2024-09-25 08:47:03+00,pending,2250.93,238.25,35.00,120.00,2404.18,4,6
1136,50,2024-09-25 09:03:45+00,completed,46.74,5.18,5.00,4.67,52.25,1,1
1137,216,2024-09-25 17:54:28+00,shipped,882.27,97.60,5.00,0.00,984.87,1,
1138,240,2024-09-26 05:14:58+00,completed,332.70,37.37,12.00,5.00,377.07,2,4
1139,399,2024-09-26 05:48:57+00,completed,972.78,108.33,12.00,0.00,1093.11,2,
1140,72,2024-09-26 15:51:37+00,pending,1111.04,122.76,5.00,0.00,1238.80,1,
1141,432,2024-09-26 18:37:32+00,completed,571.54,55.17,5.00,75.00,556.71,1,2
1142,270,2024-09-27 14:21:31+00,completed,2105.52,232.93,12.00,0.00,2350.45,2,
1143,70,2024-09-27 15:09:07+00,completed,5999.67,661.28,12.00,0.00,6672.95,2,
1144,216,2024-09-28 00:14:18+00,completed,14668.37,1612.97,0.00,5.00,16276.34,5,4
1145,328,2024-09-28 00:45:50+00,completed,1348.54,148.89,5.00,0.00,1502.43,1,
1146,157,2024-09-28 02:09:24+00,completed,206.92,24.41,15.00,0.00,246.33,3,
1147,113,2024-09-28 02:41:48+00,completed,63.32,7.52,5.00,0.00,75.84,1,
1148,456,2024-09-28 04:27:50+00,refunded,792.38,87.71,5.00,0.00,885.09,1,
1149,256,2024-09-28 14:07:50+00,completed,3662.24,403.40,5.00,0.00,4070.64,1,
1150,297,2024-09-28 15:08:04+00,completed,11453.85,1260.47,5.00,0.00,12719.32,1,
1151,432,2024-09-28 21:33:39+00,shipped,1659.55,178.70,5.00,40.00,1803.25,1,1
1152,113,2024-09-29 00:52:51+00,completed,71.40,7.07,0.00,7.14,71.33,5,1
1153,359,2024-09-29 02:19:00+00,refunded,1783.66,196.75,5.00,0.00,1985.41,1,
1154,481,2024-09-29 08:46:59+00,shipped,4961.98,546.37,5.00,0.00,5513.35,1,
1155,115,2024-09-29 14:14:58+00,shipped,11968.28,1317.06,5.00,0.00,13290.34,1,
1156,106,2024-09-29 14:44:14+00,pending,718.61,79.60,5.00,0.00,803.21,1,
1157,399,2024-09-29 15:38:03+00,shipped,9771.19,1075.38,5.00,0.00,10851.57,1,
1158,251,2024-09-29 17:43:46+00,completed,2790.51,307.51,5.00,0.00,3103.02,1,
1159,13,2024-09-29 20:22:41+00,completed,4465.71,478.03,0.00,120.00,4823.74,5,6
1160,35,2024-09-29 21:12:59+00,cancelled,4724.89,521.06,12.00,0.00,5257.95,2,
1161,286,2024-09-30 00:17:49+00,pending,498.55,58.69,35.00,0.00,592.24,4,
1162,78,2024-09-30 04:42:25+00,cancelled,128.76,14.71,5.00,0.00,148.47,1,
1163,237,2024-09-30 10:00:14+00,cancelled,9.46,1.59,5.00,0.00,16.05,1,
1164,238,2024-09-30 20:02:11+00,completed,811.81,90.95,15.00,0.00,917.76,3,
1165,433,2024-10-01 14:10:46+00,completed,37.04,4.07,0.00,0.00,41.11,5,
1166,453,2024-10-01 21:07:09+00,cancelled,657.00,72.82,5.00,0.00,734.82,1,
1167,432,2024-10-02 11:45:13+00,completed,6714.53,739.15,5.00,0.00,7458.68,1,
1168,26,2024-10-03 00:38:50+00,shipped,2562.68,283.54,15.00,0.00,2861.22,3,
1169,402,2024-10-03 13:41:38+00,completed,3315.88,365.30,5.00,0.00,3686.18,1,
1170,450,2024-10-03 22:09:20+00,completed,727.64,80.59,5.00,0.00,813.23,1,
1171,300,2024-10-04 00:28:14+00,completed,5990.40,660.26,12.00,0.00,6662.66,2,
1172,463,2024-10-04 07:16:22+00,pending,262.00,29.59,12.00,5.00,298.59,2,4
1173,175,2024-10-04 14:11:54+00,completed,12.44,1.92,5.00,0.00,19.36,1,
1174,322,2024-10-04 16:38:17+00,completed,5935.14,625.92,5.00,250.00,6316.06,1,3
1175,193,2024-10-04 22:10:19+00,pending,3355.02,369.60,5.00,0.00,3729.62,1,
1176,237,2024-10-05 06:38:05+00,completed,5834.52,642.35,5.00,0.00,6481.87,1,
1177,291,2024-10-05 13:35:52+00,shipped,449.46,49.99,5.00,0.00,504.45,1,
1178,209,2024-10-06 03:11:31+00,refunded,4311.75,474.84,5.00,0.00,4791.59,1,
1179,343,2024-10-06 04:20:00+00,completed,5822.76,642.15,15.00,0.00,6479.91,3,
1180,445,2024-10-06 16:45:17+00,shipped,1315.36,144.69,0.00,0.00,1460.05,5,
1181,307,2024-10-06 17:29:15+00,pending,14580.05,1604.36,5.00,0.00,16189.41,1,
1182,179,2024-10-07 05:18:39+00,cancelled,5385.88,593.77,12.00,0.00,5991.65,2,
1183,361,2024-10-07 07:25:49+00,completed,1194.36,131.93,5.00,0.00,1331.29,1,
1184,187,2024-10-07 11:16:07+00,completed,7092.73,780.20,0.00,0.00,7872.93,5,
1185,267,2024-10-07 17:36:21+00,cancelled,2108.84,228.12,5.00,40.00,2301.96,1,1
1186,362,2024-10-07 20:04:45+00,processing,55.56,6.66,5.00,0.00,67.22,1,
1187,122,2024-10-07 22:12:36+00,completed,545.37,61.31,12.00,0.00,618.68,2,
1188,46,2024-10-08 09:07:33+00,cancelled,1346.44,148.66,5.00,0.00,1500.10,1,
1189,328,2024-10-08 19:29:24+00,completed,70.86,9.11,12.00,0.00,91.97,2,
1190,481,2024-10-08 20:07:09+00,completed,2857.70,315.12,12.00,5.00,3179.82,2,4
1191,178,2024-10-09 08:49:57+00,completed,3365.99,370.26,0.00,0.00,3736.25,5,
1192,107,2024-10-09 14:18:16+00,cancelled,378.12,42.14,5.00,0.00,425.26,1,
1193,359,2024-10-09 15:00:20+00,completed,474.36,56.03,35.00,0.00,565.39,4,
1194,38,2024-10-09 19:27:10+00,completed,1570.38,173.29,5.00,0.00,1748.67,1,
1195,481,2024-10-10 18:10:38+00,completed,350.51,39.11,5.00,0.00,394.62,1,
1196,410,2024-10-11 01:00:09+00,completed,3942.22,427.04,15.00,75.00,4309.26,3,2
1197,345,2024-10-11 05:39:11+00,shipped,283.59,31.19,5.00,5.00,314.78,1,4
1198,261,2024-10-11 06:33:51+00,completed,63.40,8.29,12.00,0.00,83.69,2,
1199,230,2024-10-12 07:52:27+00,completed,10830.04,1191.30,5.00,5.00,12021.34,1,4
1200,355,2024-10-12 10:46:48+00,completed,3086.22,341.13,15.00,0.00,3442.35,3,
1201,26,2024-10-12 15:12:24+00,completed,10902.33,1200.91,15.00,0.00,12118.24,3,
1202,123,2024-10-12 16:26:49+00,cancelled,2559.03,282.26,12.00,5.00,2848.29,2,4
1203,187,2024-10-13 06:21:27+00,completed,1597.35,176.26,5.00,0.00,1778.61,1,
1204,99,2024-10-13 08:18:14+00,completed,2103.72,235.26,35.00,0.00,2373.98,4,
1205,166,2024-10-13 16:18:11+00,completed,2721.95,299.96,5.00,0.00,3026.91,1,
1206,256,2024-10-13 17:33:37+00,completed,471.78,47.32,15.00,56.61,477.49,3,6
1207,464,2024-10-14 06:32:12+00,completed,7062.51,776.88,0.00,0.00,7839.39,5,
1208,115,2024-10-14 11:22:38+00,processing,1541.38,170.10,5.00,0.00,1716.48,1,
1209,405,2024-10-14 14:23:09+00,completed,1956.33,215.75,5.00,0.00,2177.08,1,
1210,21,2024-10-14 19:28:01+00,shipped,169.37,22.48,35.00,0.00,226.85,4,
1211,78,2024-10-15 07:54:32+00,completed,150.20,17.07,5.00,0.00,172.27,1,
1212,307,2024-10-15 11:49:14+00,processing,2235.21,233.22,5.00,120.00,2353.43,1,6
1213,286,2024-10-15 13:06:58+00,completed,656.45,73.53,12.00,0.00,741.98,2,
1214,399,2024-10-15 21:38:03+00,completed,798.75,87.86,0.00,0.00,886.61,5,
1215,425,2024-10-16 01:19:18+00,completed,636.60,70.03,5.00,5.00,706.63,1,4
1216,46,2024-10-16 01:48:59+00,cancelled,262.54,29.43,5.00,0.00,296.97,1,
1217,113,2024-10-16 02:50:50+00,cancelled,6548.52,724.19,35.00,0.00,7307.71,4,
1218,187,2024-10-16 10:50:32+00,completed,52.29,6.50,12.00,5.23,65.56,2,1
1219,11,2024-10-16 12:51:34+00,completed,7970.68,878.09,12.00,0.00,8860.77,2,
1220,266,2024-10-16 15:15:35+00,completed,11409.43,1256.69,15.00,0.00,12681.12,3,
1221,395,2024-10-16 15:45:12+00,completed,165.80,18.79,5.00,0.00,189.59,1,
1222,21,2024-10-16 16:08:42+00,shipped,7396.92,813.66,0.00,0.00,8210.58,5,
1223,192,2024-10-16 16:54:46+00,pending,839.70,93.69,12.00,0.00,945.39,2,
1224,487,2024-10-17 08:46:59+00,cancelled,922.84,81.76,5.00,184.57,825.03,1,3
1225,157,2024-10-17 11:02:50+00,processing,2249.75,251.32,35.00,0.00,2536.07,4,
1226,157,2024-10-17 12:03:36+00,refunded,1499.22,165.46,5.00,0.00,1669.68,1,
1227,474,2024-10-17 15:01:07+00,completed,526.98,59.62,15.00,0.00,601.60,3,
1228,291,2024-10-18 08:49:13+00,completed,11302.64,1244.61,12.00,0.00,12559.25,2,
1229,96,2024-10-18 21:13:43+00,cancelled,780.51,83.11,15.00,40.00,838.62,3,1
1230,294,2024-10-18 22:45:14+00,processing,517.90,57.52,5.00,0.00,580.42,1,
1231,307,2024-10-18 22:57:05+00,completed,1065.00,118.80,15.00,0.00,1198.80,3,
1232,192,2024-10-19 05:33:38+00,refunded,240.85,26.49,0.00,0.00,267.34,5,
1233,112,2024-10-19 08:58:44+00,shipped,1298.67,146.70,35.00,0.00,1480.37,4,
1234,386,2024-10-19 09:04:40+00,completed,67.50,8.74,12.00,0.00,88.24,2,
1235,175,2024-10-19 17:02:35+00,shipped,3162.49,349.19,12.00,0.00,3523.68,2,
1236,227,2024-10-19 21:14:22+00,refunded,2205.60,243.17,5.00,0.00,2453.77,1,
1237,193,2024-10-19 22:22:43+00,completed,999.48,109.39,35.00,40.00,1103.87,4,1
1238,403,2024-10-20 09:47:06+00,shipped,4566.92,506.21,35.00,0.00,5108.13,4,
1239,5,2024-10-20 10:17:16+00,completed,24.88,3.29,5.00,0.00,33.17,1,
1240,403,2024-10-20 18:25:24+00,completed,1040.47,115.77,12.00,0.00,1168.24,2,
1241,409,2024-10-21 01:21:13+00,completed,3273.83,363.97,35.00,0.00,3672.80,4,
1242,425,2024-10-21 02:16:56+00,processing,9436.58,1038.57,5.00,0.00,10480.15,1,
1243,174,2024-10-21 03:02:35+00,shipped,5050.98,556.16,5.00,0.00,5612.14,1,
1244,491,2024-10-21 03:12:33+00,completed,27.78,3.61,5.00,0.00,36.39,1,
1245,38,2024-10-21 07:41:37+00,cancelled,7633.83,840.27,5.00,0.00,8479.10,1,
1246,395,2024-10-21 14:38:53+00,pending,66.64,7.88,5.00,0.00,79.52,1,
1247,239,2024-10-21 18:59:43+00,completed,692.58,64.80,35.00,138.52,653.86,4,3
1248,253,2024-10-21 20:48:32+00,pending,10312.54,1134.93,5.00,0.00,11452.47,1,
1249,20,2024-10-22 03:39:49+00,completed,1660.46,183.97,12.00,0.00,1856.43,2,
1250,476,2024-10-22 03:53:10+00,completed,1570.26,174.05,12.00,0.00,1756.31,2,
1251,307,2024-10-22 04:35:25+00,completed,4409.21,486.66,15.00,0.00,4910.87,3,
1252,413,2024-10-22 05:37:39+00,shipped,613.44,68.03,5.00,0.00,686.47,1,
1253,297,2024-10-22 06:53:19+00,completed,882.58,97.08,0.00,0.00,979.66,5,
1254,267,2024-10-22 15:45:51+00,completed,4048.25,445.86,5.00,0.00,4499.11,1,
1255,55,2024-10-22 17:50:41+00,processing,4008.56,441.49,5.00,0.00,4455.05,1,
1256,409,2024-10-22 22:22:21+00,cancelled,471.57,51.87,5.00,5.00,523.44,1,4
1257,270,2024-10-23 10:09:58+00,completed,82.25,9.79,15.00,8.22,98.82,3,1
1258,266,2024-10-23 10:24:06+00,completed,393.63,43.30,0.00,0.00,436.93,5,
1259,26,2024-10-24 09:29:14+00,cancelled,51.30,7.29,15.00,0.00,73.59,3,
1260,85,2024-10-25 04:26:48+00,completed,17695.30,1947.03,5.00,0.00,19647.33,1,
1261,391,2024-10-25 05:57:08+00,pending,6493.72,714.86,5.00,0.00,7213.58,1,
1262,166,2024-10-25 09:26:43+00,processing,786.93,88.21,15.00,0.00,890.14,3,
1263,124,2024-10-25 15:50:33+00,completed,2708.16,294.05,5.00,40.00,2967.21,1,1
1264,433,2024-10-25 18:35:10+00,processing,2636.10,291.07,15.00,5.00,2937.17,3,4
1265,115,2024-10-25 18:54:08+00,cancelled,1741.26,187.69,5.00,40.00,1893.95,1,1
1266,307,2024-10-26 05:24:10+00,shipped,3556.50,391.76,5.00,0.00,3953.26,1,
1267,5,2024-10-26 08:48:49+00,processing,36.32,4.55,5.00,0.00,45.87,1,
1268,297,2024-10-26 12:23:07+00,shipped,6547.32,707.56,5.00,120.00,7139.88,1,6
1269,484,2024-10-26 12:24:53+00,pending,4248.50,467.33,0.00,0.00,4715.83,5,
1270,180,2024-10-26 14:51:46+00,processing,4922.70,542.05,5.00,0.00,5469.75,1,
1271,110,2024-10-26 19:36:56+00,processing,7215.80,794.29,5.00,0.00,8015.09,1,
1272,288,2024-10-26 22:44:57+00,completed,1102.94,121.87,5.00,0.00,1229.81,1,
1273,294,2024-10-27 04:57:10+00,processing,3297.82,362.76,5.00,5.00,3660.58,1,4
1274,78,2024-10-27 08:38:50+00,completed,2773.62,292.45,5.00,120.00,2951.07,1,6
1275,166,2024-10-27 08:51:11+00,completed,34.86,7.30,35.00,3.49,73.67,4,1
1276,413,2024-10-27 20:04:51+00,completed,1826.30,174.71,12.00,250.00,1763.01,2,3
1277,493,2024-10-28 09:25:29+00,shipped,632.40,70.11,5.00,0.00,707.51,1,
1278,167,2024-10-28 10:43:52+00,completed,34.86,4.38,5.00,0.00,44.24,1,
1279,239,2024-10-28 14:41:44+00,completed,1835.18,202.42,5.00,0.00,2042.60,1,
1280,279,2024-10-28 15:13:14+00,shipped,13437.60,1468.79,35.00,120.00,14821.39,4,6
1281,289,2024-10-28 16:55:21+00,cancelled,3473.45,385.93,35.00,0.00,3894.38,4,
1282,35,2024-10-28 18:58:32+00,completed,4510.65,500.02,35.00,0.00,5045.67,4,
1283,402,2024-10-28 19:35:40+00,completed,3177.79,322.61,5.00,250.00,3255.40,1,3
1284,229,2024-10-28 19:38:39+00,completed,3818.28,421.66,15.00,0.00,4254.94,3,
1285,450,2024-10-28 21:35:43+00,completed,9138.80,1005.82,5.00,0.00,10149.62,1,
1286,395,2024-10-29 01:55:32+00,completed,182.26,20.05,0.00,0.00,202.31,5,
1287,70,2024-10-29 05:07:01+00,shipped,6417.54,705.93,0.00,0.00,7123.47,5,
1288,297,2024-10-29 09:57:41+00,processing,1714.62,175.96,5.00,120.00,1775.58,1,6
1289,411,2024-10-29 23:04:36+00,cancelled,33.72,4.26,5.00,0.00,42.98,1,
1290,180,2024-10-30 03:00:57+00,completed,44.12,5.40,5.00,0.00,54.52,1,
1291,362,2024-10-30 16:39:52+00,completed,11823.28,1301.11,5.00,0.00,13129.39,1,
1292,433,2024-10-30 16:53:46+00,processing,3573.75,393.66,5.00,0.00,3972.41,1,
1293,476,2024-10-30 23:00:50+00,completed,1050.17,108.59,12.00,75.00,1095.76,2,2
1294,114,2024-10-31 11:29:52+00,completed,78.60,8.65,0.00,0.00,87.25,5,
1295,60,2024-10-31 12:01:46+00,completed,37.32,4.88,12.00,5.00,49.20,2,4
1296,351,2024-10-31 12:20:13+00,completed,4408.51,481.09,5.00,40.00,4854.60,1,1
1297,22,2024-10-31 12:53:52+00,shipped,11919.81,1311.73,5.00,0.00,13236.54,1,
1298,358,2024-10-31 13:03:08+00,processing,822.50,92.12,15.00,0.00,929.62,3,
1299,476,2024-11-01 04:30:31+00,completed,336.63,37.58,5.00,0.00,379.21,1,
1300,26,2024-11-01 04:46:41+00,completed,316.24,32.63,12.00,31.62,329.25,2,1
1301,26,2024-11-01 09:27:10+00,processing,749.61,84.11,15.00,0.00,848.72,3,
1302,391,2024-11-01 17:50:47+00,completed,1834.54,189.15,5.00,120.00,1908.69,1,6
1303,174,2024-11-02 18:12:04+00,completed,82.74,10.42,12.00,0.00,105.16,2,
1304,488,2024-11-02 21:42:27+00,completed,999.48,109.94,0.00,0.00,1109.42,5,
1305,178,2024-11-02 21:47:29+00,completed,752.12,83.28,5.00,0.00,840.40,1,
1306,256,2024-11-03 07:36:43+00,completed,283.59,31.74,5.00,0.00,320.33,1,
1307,409,2024-11-04 09:50:53+00,completed,753.12,73.45,5.00,90.37,741.20,1,6
1308,112,2024-11-04 17:02:01+00,completed,62.64,8.21,12.00,0.00,82.85,2,
1309,136,2024-11-04 19:25:04+00,completed,583.05,65.46,12.00,0.00,660.51,2,
1310,300,2024-11-05 02:54:16+00,shipped,2115.57,205.21,0.00,250.00,2070.78,5,3
1311,112,2024-11-05 11:52:55+00,completed,23.13,3.09,5.00,0.00,31.22,1,
1312,291,2024-11-05 12:38:05+00,shipped,4752.86,523.36,5.00,0.00,5281.22,1,
1313,240,2024-11-05 14:02:21+00,completed,1041.55,115.12,5.00,0.00,1161.67,1,
1314,22,2024-11-05 22:34:25+00,completed,300.18,33.57,5.00,0.00,338.75,1,
1315,166,2024-11-06 08:30:32+00,completed,733.02,81.18,5.00,0.00,819.20,1,
1316,85,2024-11-06 14:35:40+00,cancelled,5611.40,621.10,35.00,0.00,6267.50,4,
1317,288,2024-11-06 16:34:26+00,shipped,6271.42,683.26,15.00,75.00,6894.68,3,2
1318,402,2024-11-06 20:40:28+00,completed,4709.78,518.63,5.00,0.00,5233.41,1,
1319,289,2024-11-07 15:08:31+00,completed,8290.80,912.54,5.00,0.00,9208.34,1,
1320,474,2024-11-07 15:32:11+00,shipped,200.98,25.96,35.00,0.00,261.94,4,
1321,453,2024-11-07 15:37:09+00,shipped,1771.08,194.82,0.00,0.00,1965.90,5,
1322,110,2024-11-07 20:55:10+00,completed,106.46,11.16,5.00,10.00,112.62,1,11
1323,343,2024-11-07 23:09:02+00,completed,3383.13,375.99,35.00,0.00,3794.12,4,
1324,351,2024-11-08 02:28:55+00,processing,40.78,5.04,5.00,0.00,50.82,1,
1325,367,2024-11-08 03:36:57+00,shipped,1799.61,198.51,5.00,0.00,2003.12,1,
1326,112,2024-11-08 15:20:08+00,completed,6449.82,710.03,5.00,0.00,7164.85,1,
1327,462,2024-11-08 15:53:08+00,pending,7049.02,776.71,12.00,0.00,7837.73,2,
1328,96,2024-11-08 19:50:50+00,processing,10172.33,1119.51,5.00,0.00,11296.84,1,
1329,266,2024-11-08 20:18:45+00,processing,371.73,37.35,5.00,37.17,376.91,1,1
1330,11,2024-11-08 21:47:33+00,shipped,2335.83,258.59,15.00,0.00,2609.42,3,
1331,104,2024-11-09 07:18:48+00,shipped,9099.78,1002.30,12.00,0.00,10114.08,2,
1332,470,2024-11-09 09:06:24+00,completed,1740.07,191.41,5.00,5.00,1931.48,1,4
1333,136,2024-11-10 00:06:51+00,completed,12156.92,1337.81,5.00,0.00,13499.73,1,
1334,343,2024-11-10 00:48:40+00,pending,3467.60,383.09,15.00,0.00,3865.69,3,
1335,451,2024-11-10 01:11:09+00,refunded,319.47,35.14,5.00,5.00,354.61,1,4
1336,174,2024-11-10 08:49:38+00,completed,27.78,4.38,12.00,0.00,44.16,2,
1337,253,2024-11-10 12:09:45+00,completed,625.84,68.84,0.00,0.00,694.68,5,
1338,251,2024-11-10 12:33:07+00,completed,13818.98,1523.94,35.00,0.00,15377.92,4,
1339,180,2024-11-10 16:10:04+00,completed,379.44,35.48,0.00,56.92,358.00,5,2
1340,14,2024-11-10 18:04:05+00,completed,6387.80,703.98,12.00,0.00,7103.78,2,
1341,257,2024-11-10 20:03:12+00,pending,778.83,89.52,35.00,0.00,903.35,4,
1342,157,2024-11-10 20:07:41+00,completed,37.04,4.07,5.00,5.00,41.11,1,4
1343,13,2024-11-11 00:20:16+00,shipped,4911.73,540.84,5.00,0.00,5457.57,1,
1344,446,2024-11-11 01:01:11+00,completed,5030.97,541.86,15.00,120.00,5467.83,3,6
1345,227,2024-11-11 01:19:57+00,shipped,2782.69,298.40,5.00,75.00,3011.09,1,2
1346,307,2024-11-11 03:30:58+00,completed,17171.22,1890.15,12.00,0.00,19073.37,2,
1347,13,2024-11-11 08:49:19+00,completed,337.50,38.45,12.00,0.00,387.95,2,
1348,481,2024-11-11 09:07:58+00,shipped,49.35,6.75,12.00,0.00,68.10,2,
1349,239,2024-11-11 11:04:03+00,cancelled,8562.72,930.35,15.00,120.00,9388.07,3,6
1350,38,2024-11-11 12:04:34+00,refunded,445.70,50.35,12.00,0.00,508.05,2,
1351,113,2024-11-11 20:36:49+00,cancelled,2720.24,300.55,12.00,0.00,3032.79,2,
1352,174,2024-11-11 21:30:06+00,completed,1597.11,176.23,15.00,10.00,1778.34,3,11
1353,96,2024-11-11 22:44:17+00,cancelled,23.65,3.15,5.00,0.00,31.80,1,
1354,358,2024-11-12 01:51:17+00,completed,1202.34,136.11,35.00,0.00,1373.45,4,
1355,72,2024-11-12 03:04:57+00,pending,247.88,27.82,5.00,0.00,280.70,1,
1356,55,2024-11-12 05:04:17+00,completed,1194.32,123.68,5.00,75.00,1248.00,1,2
1357,463,2024-11-12 05:50:36+00,processing,1615.76,177.18,5.00,10.00,1787.94,1,11
1358,76,2024-11-12 12:40:16+00,processing,1322.19,147.09,15.00,0.00,1484.28,3,
1359,21,2024-11-12 16:24:42+00,refunded,743.09,82.29,5.00,0.00,830.38,1,
1360,342,2024-11-12 16:58:10+00,completed,957.98,105.93,5.00,0.00,1068.91,1,
1361,382,2024-11-12 22:56:38+00,completed,440.68,51.77,35.00,5.00,522.45,4,4
1362,99,2024-11-13 00:17:50+00,completed,9321.60,1025.93,5.00,0.00,10352.53,1,
1363,38,2024-11-13 01:02:03+00,completed,999.48,110.49,5.00,0.00,1114.97,1,
1364,32,2024-11-13 04:41:32+00,processing,8694.37,944.83,15.00,120.00,9534.20,3,6
1365,180,2024-11-13 04:51:28+00,completed,189.06,20.80,5.00,5.00,209.86,1,4
1366,439,2024-11-13 05:07:51+00,shipped,1641.18,180.53,5.00,5.00,1821.71,1,4
1367,400,2024-11-13 05:47:50+00,completed,5232.52,575.58,0.00,0.00,5808.10,5,
1368,464,2024-11-13 06:11:23+00,completed,46.30,6.74,15.00,0.00,68.04,3,
1369,229,2024-11-13 08:20:49+00,completed,1246.00,138.38,12.00,0.00,1396.38,2,
1370,452,2024-11-14 00:33:20+00,completed,1605.24,177.13,5.00,0.00,1787.37,1,
1371,288,2024-11-14 02:17:01+00,completed,5130.32,564.89,5.00,0.00,5700.21,1,
1372,177,2024-11-14 09:03:56+00,cancelled,8103.83,892.74,12.00,0.00,9008.57,2,
1373,46,2024-11-14 09:09:50+00,completed,1815.46,200.25,5.00,0.00,2020.71,1,
1374,175,2024-11-15 00:17:38+00,shipped,553.40,62.19,12.00,0.00,627.59,2,
1375,446,2024-11-15 02:32:22+00,pending,2071.71,228.44,5.00,0.00,2305.15,1,
1376,382,2024-11-15 03:17:55+00,completed,534.18,59.31,5.00,0.00,598.49,1,
1377,14,2024-11-15 06:40:29+00,completed,3275.12,364.11,35.00,0.00,3674.23,4,
1378,78,2024-11-15 09:36:55+00,completed,2534.64,276.06,15.00,40.00,2785.70,3,1
1379,489,2024-11-15 16:05:27+00,cancelled,1274.23,140.72,5.00,0.00,1419.95,1,
1380,113,2024-11-15 17:17:39+00,pending,103.09,11.89,5.00,0.00,119.98,1,
1381,297,2024-11-15 17:37:20+00,completed,103.50,15.23,35.00,0.00,153.73,4,
1382,294,2024-11-15 22:03:03+00,processing,620.76,61.74,15.00,74.49,623.01,3,6
1383,227,2024-11-15 22:39:42+00,completed,106.64,12.50,12.00,5.00,126.14,2,4
1384,436,2024-11-16 05:34:32+00,shipped,3705.74,409.28,15.00,0.00,4130.02,3,
1385,270,2024-11-16 07:27:05+00,completed,1100.91,124.95,35.00,0.00,1260.86,4,
1386,32,2024-11-17 01:15:42+00,completed,2952.80,325.36,5.00,0.00,3283.16,1,
1387,209,2024-11-17 03:33:31+00,completed,1885.44,207.40,5.00,5.00,2092.84,1,4
1388,122,2024-11-17 04:13:37+00,processing,2139.91,236.16,12.00,5.00,2383.07,2,4
1389,26,2024-11-17 08:28:08+00,completed,5460.76,601.23,5.00,0.00,6066.99,1,
1390,114,2024-11-17 20:12:10+00,shipped,11458.32,1263.17,35.00,10.00,12746.49,4,11
1391,155,2024-11-18 12:10:36+00,completed,4326.58,479.77,35.00,0.00,4841.35,4,
1392,367,2024-11-18 16:50:57+00,completed,1615.62,179.04,12.00,0.00,1806.66,2,
1393,230,2024-11-18 18:46:54+00,completed,4440.86,489.04,5.00,0.00,4934.90,1,
1394,464,2024-11-18 20:01:49+00,completed,4968.24,546.51,0.00,0.00,5514.75,5,
1395,266,2024-11-19 04:53:52+00,completed,1515.19,167.22,5.00,0.00,1687.41,1,
1396,364,2024-11-19 10:39:28+00,completed,1184.63,130.86,5.00,0.00,1320.49,1,
1397,411,2024-11-20 03:53:42+00,completed,6391.95,703.66,5.00,0.00,7100.61,1,
1398,46,2024-11-20 06:28:22+00,completed,3725.39,410.34,5.00,0.00,4140.73,1,
1399,405,2024-11-20 15:38:13+00,completed,1117.22,126.19,35.00,5.00,1273.41,4,4
1400,466,2024-11-20 18:05:44+00,shipped,1224.64,134.71,0.00,0.00,1359.35,5,
1401,238,2024-11-21 04:19:39+00,completed,13981.45,1539.28,12.00,0.00,15532.73,2,
1402,55,2024-11-21 06:38:17+00,processing,357.44,39.32,5.00,5.00,396.76,1,4
1403,32,2024-11-21 11:26:08+00,completed,1183.78,104.72,5.00,236.76,1056.74,1,3
1404,399,2024-11-21 12:59:48+00,completed,6977.20,771.34,35.00,0.00,7783.54,4,
1405,279,2024-11-21 15:06:03+00,completed,745.16,83.29,12.00,0.00,840.45,2,
1406,167,2024-11-21 17:57:16+00,completed,664.42,60.12,15.00,132.88,606.66,3,3
1407,452,2024-11-21 19:07:50+00,cancelled,6333.09,689.71,12.00,75.00,6959.80,2,2
1408,399,2024-11-22 04:49:12+00,processing,3072.48,334.89,12.00,40.00,3379.37,2,1
1409,112,2024-11-22 07:26:18+00,completed,4188.43,461.28,5.00,0.00,4654.71,1,
1410,453,2024-11-22 10:00:06+00,shipped,664.08,66.12,12.00,75.00,667.20,2,2
1411,174,2024-11-22 19:03:34+00,shipped,2404.99,257.62,12.00,75.00,2599.61,2,2
1412,249,2024-11-23 00:36:23+00,processing,779.44,86.51,12.00,5.00,872.95,2,4
1413,267,2024-11-23 01:35:35+00,refunded,2415.17,265.67,5.00,5.00,2680.84,1,4
1414,366,2024-11-23 06:51:31+00,completed,1826.02,188.21,5.00,120.00,1899.23,1,6
1415,167,2024-11-23 13:02:37+00,completed,697.29,76.70,0.00,0.00,773.99,5,
1416,19,2024-11-23 13:05:24+00,completed,2847.39,314.53,12.00,0.00,3173.92,2,
1417,72,2024-11-23 20:01:41+00,processing,701.10,77.67,5.00,0.00,783.77,1,
1418,358,2024-11-23 23:46:57+00,completed,571.54,64.19,12.00,0.00,647.73,2,
1419,60,2024-11-23 23:54:22+00,completed,4736.20,521.53,5.00,0.00,5262.73,1,
1420,439,2024-11-24 16:09:52+00,processing,252.71,28.35,5.00,0.00,286.06,1,
1421,446,2024-11-24 18:08:53+00,completed,654.88,75.89,35.00,0.00,765.77,4,
1422,279,2024-11-24 23:00:24+00,shipped,1186.64,134.38,35.00,0.00,1356.02,4,
1423,342,2024-11-25 01:06:04+00,shipped,2439.00,268.84,5.00,0.00,2712.84,1,
1424,69,2024-11-25 18:35:38+00,completed,1842.03,203.94,12.00,0.00,2057.97,2,
1425,355,2024-11-25 20:31:51+00,refunded,8612.56,948.70,12.00,0.00,9573.26,2,
1426,406,2024-11-26 00:14:42+00,shipped,16471.53,1812.42,5.00,0.00,18288.95,1,
1427,351,2024-11-26 06:25:46+00,shipped,999.48,110.49,5.00,0.00,1114.97,1,
1428,46,2024-11-26 07:05:51+00,processing,13274.39,1464.03,35.00,0.00,14773.42,4,
1429,265,2024-11-26 09:13:03+00,completed,27.18,6.84,35.00,0.00,69.02,4,
1430,345,2024-11-26 09:39:45+00,cancelled,5751.33,636.50,35.00,0.00,6422.83,4,
1431,382,2024-11-26 09:57:00+00,refunded,9360.06,1030.16,5.00,0.00,10395.22,1,
1432,179,2024-11-26 14:51:41+00,completed,11289.14,1242.36,5.00,0.00,12536.50,1,
1433,452,2024-11-26 16:36:54+00,pending,581.84,65.32,12.00,0.00,659.16,2,
1434,382,2024-11-27 00:36:40+00,completed,61.80,7.35,5.00,0.00,74.15,1,
1435,136,2024-11-27 04:09:06+00,completed,11495.06,1265.78,12.00,0.00,12772.84,2,
1436,107,2024-11-27 04:39:07+00,processing,1931.27,212.99,5.00,0.00,2149.26,1,
1437,446,2024-11-27 19:54:18+00,completed,3429.24,378.54,12.00,0.00,3819.78,2,
1438,411,2024-11-28 04:45:53+00,completed,798.75,89.18,12.00,0.00,899.93,2,
1439,462,2024-11-28 14:26:37+00,completed,41.00,5.38,12.00,4.10,54.28,2,1
1440,38,2024-11-28 16:15:43+00,processing,659.26,73.84,12.00,0.00,745.10,2,
1441,413,2024-11-29 02:23:59+00,cancelled,1896.37,208.60,0.00,0.00,2104.97,5,
1442,479,2024-11-29 07:07:59+00,processing,37.04,4.84,12.00,5.00,48.88,2,4
1443,470,2024-11-29 10:07:33+00,completed,590.06,66.23,12.00,0.00,668.29,2,
1444,30,2024-11-29 19:04:58+00,completed,310.38,34.69,5.00,0.00,350.07,1,
1445,256,2024-11-29 20:32:41+00,cancelled,425.22,45.01,35.00,51.03,454.20,4,6
1446,343,2024-11-29 22:05:23+00,shipped,1172.69,129.55,5.00,0.00,1307.24,1,
1447,145,2024-11-29 23:31:32+00,completed,661.77,74.11,12.00,0.00,747.88,2,
1448,432,2024-12-01 02:50:50+00,completed,2604.10,287.00,5.00,0.00,2896.10,1,
1449,114,2024-12-01 08:25:26+00,shipped,815.56,85.86,5.00,40.00,866.42,1,1
1450,388,2024-12-01 16:19:25+00,completed,29.40,3.78,5.00,0.00,38.18,1,
1451,267,2024-12-01 22:33:28+00,processing,2053.22,227.17,12.00,0.00,2292.39,2,
1452,372,2024-12-02 09:11:05+00,completed,10703.40,1181.22,35.00,0.00,11919.62,4,
1453,178,2024-12-02 16:36:28+00,processing,4152.50,458.10,12.00,0.00,4622.60,2,
1454,145,2024-12-02 17:37:10+00,shipped,1065.00,117.70,5.00,0.00,1187.70,1,
1455,20,2024-12-02 22:04:07+00,cancelled,2610.12,287.66,5.00,0.00,2902.78,1,
1456,433,2024-12-03 01:40:08+00,completed,577.98,64.13,5.00,0.00,647.11,1,
1457,26,2024-12-03 10:29:18+00,completed,1326.34,146.45,5.00,0.00,1477.79,1,
1458,483,2024-12-03 14:08:16+00,processing,11462.27,1261.40,5.00,0.00,12728.67,1,
1459,462,2024-12-03 14:27:59+00,refunded,6471.35,712.40,5.00,0.00,7188.75,1,
1460,286,2024-12-03 19:00:03+00,shipped,111.81,11.75,0.00,5.00,118.56,5,4
1461,357,2024-12-03 21:06:52+00,completed,999.48,109.94,5.00,5.00,1109.42,1,4
1462,63,2024-12-04 00:36:15+00,shipped,3745.64,413.34,12.00,0.00,4170.98,2,
1463,300,2024-12-04 20:06:38+00,cancelled,15464.04,1701.59,5.00,0.00,17170.63,1,
1464,372,2024-12-05 04:02:54+00,completed,3186.16,337.83,5.00,120.00,3408.99,1,6
1465,227,2024-12-05 05:23:00+00,processing,3026.23,333.44,5.00,0.00,3364.67,1,
1466,187,2024-12-05 06:53:40+00,completed,4564.77,502.67,5.00,0.00,5072.44,1,
1467,272,2024-12-05 08:17:53+00,completed,7170.65,788.77,0.00,0.00,7959.42,5,
1468,35,2024-12-05 08:40:24+00,pending,1597.50,177.04,12.00,0.00,1786.54,2,
1469,112,2024-12-05 11:22:40+00,processing,1917.49,212.24,12.00,0.00,2141.73,2,
1470,55,2024-12-06 00:00:46+00,processing,2770.56,306.08,12.00,0.00,3088.64,2,
1471,192,2024-12-06 01:02:19+00,completed,27.18,4.31,12.00,0.00,43.49,2,
1472,358,2024-12-06 03:47:20+00,shipped,9.26,1.57,5.00,0.00,15.83,1,
1473,466,2024-12-06 08:12:06+00,refunded,567.72,62.45,0.00,0.00,630.17,5,
1474,113,2024-12-06 08:17:35+00,completed,8445.71,924.63,0.00,40.00,9330.34,5,1
1475,229,2024-12-06 09:07:45+00,cancelled,10034.15,1104.31,5.00,0.00,11143.46,1,
1476,5,2024-12-06 09:17:19+00,completed,8937.54,984.78,15.00,0.00,9937.32,3,
1477,294,2024-12-06 15:11:35+00,completed,472.65,52.54,5.00,0.00,530.19,1,
1478,279,2024-12-06 16:48:33+00,processing,9952.74,1091.72,12.00,40.00,11016.46,2,1
1479,257,2024-12-06 17:25:41+00,shipped,6518.38,717.57,5.00,0.00,7240.95,1,
1480,113,2024-12-07 07:08:53+00,completed,703.69,77.96,5.00,0.00,786.65,1,
1481,157,2024-12-07 21:11:09+00,shipped,12159.36,1337.53,5.00,5.00,13496.89,1,4
1482,13,2024-12-07 21:19:29+00,completed,18.52,2.04,0.00,0.00,20.56,5,
1483,411,2024-12-07 21:58:06+00,completed,1499.22,165.46,5.00,0.00,1669.68,1,
1484,142,2024-12-07 22:43:13+00,completed,1759.88,194.36,12.00,5.00,1961.24,2,4
1485,112,2024-12-08 11:37:23+00,completed,1762.45,194.42,5.00,0.00,1961.87,1,
1486,388,2024-12-08 17:31:19+00,shipped,8955.08,978.13,12.00,75.00,9870.21,2,2
1487,192,2024-12-08 17:34:38+00,cancelled,5409.71,595.62,5.00,0.00,6010.33,1,
1488,230,2024-12-08 18:56:56+00,completed,46.30,8.94,35.00,0.00,90.24,4,
1489,294,2024-12-08 20:35:26+00,shipped,450.00,51.15,15.00,0.00,516.15,3,
1490,359,2024-12-09 03:22:56+00,shipped,8187.52,901.18,5.00,0.00,9093.70,1,
1491,361,2024-12-09 06:47:12+00,pending,4209.41,466.89,35.00,0.00,4711.30,4,
1492,355,2024-12-09 15:34:15+00,completed,3708.75,400.26,5.00,75.00,4039.01,1,2
1493,474,2024-12-09 21:56:07+00,completed,1641.63,181.13,5.00,0.00,1827.76,1,
1494,286,2024-12-10 06:43:44+00,completed,9689.07,1066.35,5.00,0.00,10760.42,1,
1495,363,2024-12-10 09:26:20+00,pending,2787.10,310.43,35.00,0.00,3132.53,4,
1496,70,2024-12-10 12:00:57+00,pending,808.76,88.41,0.00,5.00,892.17,5,4
1497,364,2024-12-10 12:05:41+00,completed,4525.59,498.36,5.00,0.00,5028.95,1,
1498,404,2024-12-11 02:42:32+00,shipped,10177.88,1120.12,5.00,0.00,11303.00,1,
1499,34,2024-12-11 06:14:35+00,processing,1636.43,181.11,15.00,5.00,1827.54,3,4
1500,160,2024-12-11 17:20:14+00,completed,590.06,68.76,35.00,0.00,693.82,4,
1501,386,2024-12-11 20:22:19+00,completed,220.46,25.90,15.00,0.00,261.36,3,
1502,240,2024-12-12 07:16:21+00,completed,12513.73,1364.63,12.00,120.00,13770.36,2,6
1503,463,2024-12-12 08:02:36+00,completed,7905.01,870.10,5.00,0.00,8780.11,1,
1504,403,2024-12-12 10:10:53+00,refunded,1630.17,172.39,12.00,75.00,1739.56,2,2
1505,99,2024-12-12 18:26:29+00,completed,4159.49,457.54,0.00,0.00,4617.03,5,
1506,216,2024-12-13 01:50:18+00,cancelled,6450.87,710.92,12.00,0.00,7173.79,2,
1507,63,2024-12-13 03:56:05+00,completed,6300.34,686.11,12.00,75.00,6923.45,2,2
1508,72,2024-12-13 06:07:18+00,completed,516.12,58.09,12.00,0.00,586.21,2,
1509,464,2024-12-13 06:51:56+00,completed,3893.94,428.88,5.00,0.00,4327.82,1,
1510,193,2024-12-13 10:25:37+00,shipped,8314.70,915.17,5.00,0.00,9234.87,1,
1511,145,2024-12-13 14:06:12+00,cancelled,93.26,10.81,5.00,0.00,109.07,1,
1512,321,2024-12-13 14:08:53+00,completed,1416.48,157.13,12.00,0.00,1585.61,2,
1513,237,2024-12-14 02:49:06+00,completed,2061.35,227.85,15.00,5.00,2299.20,3,4
1514,22,2024-12-14 09:12:24+00,completed,2068.20,228.82,12.00,0.00,2309.02,2,
1515,406,2024-12-14 17:40:54+00,completed,2430.67,268.69,12.00,0.00,2711.36,2,
1516,115,2024-12-15 03:44:43+00,pending,284.77,31.32,0.00,0.00,316.09,5,
1517,395,2024-12-15 04:35:22+00,cancelled,1068.90,118.13,5.00,0.00,1192.03,1,
1518,432,2024-12-15 11:10:27+00,cancelled,587.77,66.30,15.00,0.00,669.07,3,
1519,307,2024-12-15 14:46:22+00,refunded,8948.43,985.65,12.00,0.00,9946.08,2,
1520,13,2024-12-15 20:01:55+00,refunded,19784.58,2176.30,0.00,0.00,21960.88,5,
1521,429,2024-12-15 22:33:05+00,completed,499.74,55.52,5.00,0.00,560.26,1,
1522,5,2024-12-16 10:35:32+00,shipped,9691.36,1069.90,35.00,0.00,10796.26,4,
1523,291,2024-12-16 14:55:38+00,completed,3154.50,347.55,5.00,0.00,3507.05,1,
1524,110,2024-12-16 21:19:04+00,shipped,1746.02,192.83,12.00,5.00,1945.85,2,4
1525,483,2024-12-17 06:05:32+00,completed,727.24,83.85,35.00,0.00,846.09,4,
1526,14,2024-12-17 13:08:44+00,completed,363.62,40.55,5.00,0.00,409.17,1,
1527,456,2024-12-17 15:28:54+00,completed,328.83,35.62,5.00,10.00,359.45,1,11
1528,34,2024-12-18 01:08:43+00,completed,9242.75,1012.85,5.00,40.00,10220.60,1,1
1529,345,2024-12-18 02:18:07+00,processing,9264.12,1006.40,5.00,120.00,10155.52,1,6
1530,400,2024-12-18 07:34:36+00,shipped,13002.17,1430.79,5.00,0.00,14437.96,1,
1531,115,2024-12-18 08:47:46+00,shipped,4429.42,487.79,5.00,0.00,4922.21,1,
1532,388,2024-12-18 13:38:38+00,processing,10810.67,1189.72,5.00,0.00,12005.39,1,
1533,479,2024-12-18 14:10:38+00,completed,3817.08,393.70,12.00,250.00,3972.78,2,3
1534,178,2024-12-18 20:55:56+00,completed,2695.45,297.82,12.00,0.00,3005.27,2,
1535,454,2024-12-19 03:12:44+00,cancelled,1971.63,218.20,12.00,0.00,2201.83,2,
1536,176,2024-12-19 04:55:34+00,shipped,190.20,20.37,5.00,10.00,205.57,1,11
1537,372,2024-12-19 06:36:26+00,completed,158.12,17.39,5.00,5.00,175.51,1,4
1538,114,2024-12-19 07:23:06+00,completed,114.80,16.48,35.00,0.00,166.28,4,
1539,404,2024-12-19 09:41:43+00,processing,4937.83,544.48,12.00,0.00,5494.31,2,
1540,155,2024-12-19 11:24:05+00,completed,844.07,93.40,5.00,0.00,942.47,1,
1541,192,2024-12-19 13:29:26+00,completed,55.56,9.41,35.00,5.00,94.97,4,4
1542,237,2024-12-19 17:09:52+00,completed,6453.90,711.58,15.00,0.00,7180.48,3,
1543,330,2024-12-20 00:27:42+00,completed,8863.22,975.50,5.00,0.00,9843.72,1,
1544,493,2024-12-20 01:57:07+00,completed,1747.47,192.77,5.00,0.00,1945.24,1,
1545,251,2024-12-20 03:09:52+00,pending,9978.00,1098.90,12.00,0.00,11088.90,2,
1546,236,2024-12-20 09:42:44+00,completed,2789.07,310.65,35.00,0.00,3134.72,4,
1547,26,2024-12-20 19:22:22+00,completed,10740.44,1182.00,5.00,0.00,11927.44,1,
1548,429,2024-12-20 23:47:15+00,completed,4832.70,533.25,15.00,0.00,5380.95,3,
1549,425,2024-12-22 05:17:33+00,processing,3984.06,439.57,12.00,0.00,4435.63,2,
1550,358,2024-12-22 09:10:42+00,refunded,5406.04,595.21,5.00,0.00,6006.25,1,
1551,361,2024-12-22 10:28:41+00,completed,975.80,104.26,12.00,40.00,1052.06,2,1
1552,227,2024-12-23 03:37:51+00,completed,1249.35,129.73,5.00,75.00,1309.08,1,2
1553,399,2024-12-23 08:50:01+00,completed,307.45,35.14,12.00,0.00,354.59,2,
1554,78,2024-12-23 16:34:33+00,completed,1301.71,143.74,5.00,0.00,1450.45,1,
1555,294,2024-12-24 03:26:33+00,completed,7764.40,854.08,0.00,0.00,8618.48,5,
1556,26,2024-12-24 06:10:24+00,shipped,3454.70,383.87,35.00,0.00,3873.57,4,
1557,238,2024-12-24 06:56:47+00,completed,3650.60,374.62,5.00,250.00,3780.22,1,3
1558,479,2024-12-24 21:01:45+00,cancelled,712.20,69.49,5.00,85.46,701.23,1,6
1559,104,2024-12-25 01:18:02+00,shipped,2736.56,300.47,5.00,10.00,3032.03,1,11
1560,382,2024-12-25 12:30:25+00,completed,1401.56,154.72,5.00,0.00,1561.28,1,
1561,265,2024-12-25 18:56:44+00,completed,37.04,5.39,12.00,0.00,54.43,2,
1562,279,2024-12-25 20:59:39+00,completed,1116.90,124.51,15.00,0.00,1256.41,3,
1563,19,2024-12-26 10:59:07+00,completed,2091.92,231.43,12.00,0.00,2335.35,2,
1564,105,2024-12-26 13:42:32+00,cancelled,97.48,10.97,12.00,9.75,110.70,2,1
1565,236,2024-12-26 17:53:05+00,cancelled,8737.36,962.43,12.00,0.00,9711.79,2,
1566,367,2024-12-26 18:27:52+00,completed,4531.23,498.99,5.00,0.00,5035.22,1,
1567,399,2024-12-26 18:32:24+00,completed,999.48,111.26,12.00,0.00,1122.74,2,
1568,484,2024-12-27 10:41:01+00,shipped,362.50,41.20,12.00,0.00,415.70,2,
1569,47,2024-12-27 12:37:55+00,cancelled,12442.22,1368.86,12.00,10.00,13813.08,2,11
1570,216,2024-12-27 14:41:54+00,completed,4408.00,486.53,15.00,0.00,4909.53,3,
1571,110,2024-12-28 01:57:06+00,completed,526.56,58.47,5.00,0.00,590.03,1,
1572,462,2024-12-28 08:31:05+00,completed,266.25,29.84,5.00,0.00,301.09,1,
1573,85,2024-12-28 10:43:29+00,completed,207.60,24.49,15.00,0.00,247.09,3,
1574,433,2024-12-28 17:00:10+00,completed,407.99,44.88,0.00,0.00,452.87,5,
1575,286,2024-12-28 19:57:42+00,completed,3229.85,355.83,5.00,0.00,3590.68,1,
1576,115,2024-12-29 02:17:04+00,completed,632.48,56.21,5.00,126.50,567.19,1,3
1577,76,2024-12-29 02:23:26+00,completed,1532.29,168.55,0.00,0.00,1700.84,5,
1578,474,2024-12-29 06:48:28+00,processing,37.04,5.39,12.00,0.00,54.43,2,
1579,186,2024-12-29 11:10:22+00,refunded,4580.90,505.22,12.00,0.00,5098.12,2,
1580,345,2024-12-29 14:48:20+00,completed,10480.47,1154.17,12.00,0.00,11646.64,2,
1581,178,2024-12-29 15:52:30+00,completed,2366.78,264.20,35.00,0.00,2665.98,4,
1582,395,2024-12-29 19:32:58+00,cancelled,18.81,2.07,0.00,0.00,20.88,5,
1583,113,2024-12-29 23:23:54+00,shipped,1504.68,166.83,12.00,0.00,1683.51,2,
1584,433,2024-12-30 04:21:45+00,shipped,1498.24,162.06,15.00,40.00,1635.30,3,1
1585,193,2024-12-30 04:29:41+00,shipped,12.44,2.69,12.00,0.00,27.13,2,
1586,435,2024-12-30 09:42:40+00,completed,7018.40,773.34,12.00,0.00,7803.74,2,
1587,145,2024-12-30 10:29:49+00,processing,20412.48,2249.22,35.00,0.00,22696.70,4,
1588,316,2024-12-30 10:30:14+00,completed,61.17,10.58,35.00,0.00,106.75,4,
1589,193,2024-12-30 18:57:33+00,completed,1281.33,142.27,12.00,0.00,1435.60,2,
1590,112,2024-12-31 00:22:15+00,processing,3545.94,390.60,5.00,0.00,3941.54,1,
1591,78,2024-12-31 13:22:10+00,completed,7499.17,825.46,5.00,0.00,8329.63,1,
1592,32,2024-12-31 15:57:54+00,shipped,11437.20,1256.99,0.00,10.00,12684.19,5,11
1593,446,2024-12-31 22:41:55+00,completed,11137.04,1221.22,5.00,40.00,12323.26,1,1
1594,361,2025-01-01 06:16:13+00,completed,319.47,36.79,15.00,0.00,371.26,3,
1595,240,2025-01-01 06:47:47+00,completed,902.28,91.00,0.00,75.00,918.28,5,2
1596,229,2025-01-01 09:15:32+00,pending,126.64,15.69,35.00,19.00,158.33,4,2
1597,404,2025-01-01 14:40:38+00,completed,579.53,67.60,35.00,0.00,682.13,4,
1598,145,2025-01-02 06:18:29+00,completed,2907.84,323.71,35.00,0.00,3266.55,4,
1599,476,2025-01-02 11:55:22+00,completed,10114.22,1113.11,5.00,0.00,11232.33,1,
1600,110,2025-01-02 16:14:41+00,completed,1020.21,105.29,12.00,75.00,1062.50,2,2
1601,270,2025-01-02 17:13:06+00,completed,127.83,13.51,5.00,10.00,136.34,1,11
1602,355,2025-01-03 01:41:04+00,shipped,3429.24,377.77,5.00,0.00,3812.01,1,
1603,123,2025-01-03 02:30:27+00,completed,2496.40,275.15,5.00,0.00,2776.55,1,
1604,123,2025-01-03 05:54:53+00,completed,6622.84,724.11,35.00,75.00,7306.95,4,2
1605,114,2025-01-03 16:03:50+00,pending,1101.24,122.46,12.00,0.00,1235.70,2,
1606,265,2025-01-03 17:19:44+00,completed,3346.32,341.92,12.00,250.00,3450.24,2,3
1607,50,2025-01-03 23:05:00+00,processing,733.31,81.21,5.00,0.00,819.52,1,
1608,44,2025-01-03 23:47:39+00,processing,5155.98,567.71,5.00,0.00,5728.69,1,
1609,72,2025-01-04 02:37:17+00,processing,11031.32,1214.00,5.00,0.00,12250.32,1,
1610,145,2025-01-04 03:21:00+00,completed,65.04,7.76,12.00,6.50,78.30,2,1
1611,124,2025-01-04 04:40:23+00,shipped,786.93,86.56,0.00,0.00,873.49,5,
1612,187,2025-01-04 04:42:02+00,pending,2420.85,266.84,5.00,0.00,2692.69,1,
1613,22,2025-01-04 08:23:59+00,completed,8484.40,933.83,5.00,0.00,9423.23,1,
1614,186,2025-01-04 11:03:24+00,processing,2568.81,283.12,5.00,0.00,2856.93,1,
1615,124,2025-01-04 11:15:44+00,processing,4411.35,485.80,5.00,0.00,4902.15,1,
1616,104,2025-01-04 13:18:35+00,shipped,3366.99,370.92,5.00,0.00,3742.91,1,
1617,268,2025-01-04 20:08:01+00,completed,12920.69,1422.93,15.00,0.00,14358.62,3,
1618,186,2025-01-04 21:01:06+00,completed,9.26,1.57,5.00,0.00,15.83,1,
1619,382,2025-01-04 22:53:06+00,completed,4813.88,530.08,5.00,0.00,5348.96,1,
1620,90,2025-01-05 04:39:05+00,shipped,10275.74,1087.65,12.00,400.00,10975.39,2,12
1621,63,2025-01-05 11:09:20+00,processing,783.76,86.76,5.00,0.00,875.52,1,
1622,209,2025-01-05 16:14:50+00,completed,7207.72,793.40,5.00,0.00,8006.12,1,
1623,176,2025-01-06 05:08:14+00,completed,4696.09,516.57,0.00,0.00,5212.66,5,
1624,454,2025-01-06 07:29:20+00,pending,283.45,31.18,0.00,0.00,314.63,5,
1625,482,2025-01-06 12:46:03+00,completed,19501.65,2145.73,5.00,0.00,21652.38,1,
1626,360,2025-01-06 13:04:28+00,completed,4206.27,463.24,5.00,0.00,4674.51,1,
1627,176,2025-01-06 16:31:19+00,completed,1050.72,111.73,5.00,40.00,1127.45,1,1
1628,47,2025-01-06 20:40:20+00,completed,2505.89,232.20,5.00,400.00,2343.09,1,12
1629,28,2025-01-06 23:05:26+00,shipped,865.08,96.81,15.00,0.00,976.89,3,
1630,405,2025-01-07 04:30:05+00,completed,739.80,81.38,0.00,0.00,821.18,5,
1631,114,2025-01-07 06:02:41+00,completed,5295.51,586.36,35.00,0.00,5916.87,4,
1632,271,2025-01-07 15:27:26+00,completed,520.66,61.12,35.00,0.00,616.78,4,
1633,105,2025-01-08 17:42:33+00,cancelled,1865.54,205.76,5.00,0.00,2076.30,1,
1634,85,2025-01-08 22:37:07+00,shipped,7171.07,781.12,5.00,75.00,7882.19,1,2
1635,145,2025-01-09 00:30:06+00,refunded,432.20,48.86,12.00,0.00,493.06,2,
1636,26,2025-01-09 07:08:54+00,completed,1639.60,167.71,5.00,120.00,1692.31,1,6
1637,462,2025-01-09 09:10:15+00,completed,401.39,44.70,5.00,0.00,451.09,1,
1638,358,2025-01-09 11:31:06+00,processing,416.42,46.36,5.00,0.00,467.78,1,
1639,470,2025-01-09 18:20:03+00,completed,1569.70,174.32,15.00,0.00,1759.02,3,
1640,406,2025-01-09 18:39:23+00,completed,1017.60,113.26,12.00,0.00,1142.86,2,
1641,285,2025-01-09 21:12:48+00,completed,1336.51,150.87,35.00,0.00,1522.38,4,
1642,52,2025-01-09 23:40:27+00,completed,2168.30,239.83,12.00,0.00,2420.13,2,
1643,268,2025-01-10 02:15:10+00,completed,21369.36,2350.08,35.00,40.00,23714.44,4,1
1644,22,2025-01-10 02:35:49+00,processing,330.39,40.19,35.00,0.00,405.58,4,
1645,32,2025-01-10 03:37:09+00,completed,7212.83,793.96,5.00,0.00,8011.79,1,
1646,491,2025-01-10 04:12:28+00,completed,110.68,12.17,0.00,0.00,122.85,5,
1647,13,2025-01-10 04:39:07+00,shipped,2548.75,281.68,12.00,0.00,2842.43,2,
1648,238,2025-01-10 09:16:21+00,completed,9097.69,1000.75,0.00,0.00,10098.44,5,
1649,78,2025-01-10 10:16:01+00,pending,7980.64,834.42,5.00,400.00,8420.06,1,12
1650,69,2025-01-10 16:53:58+00,processing,496.16,55.90,12.00,0.00,564.06,2,
1651,435,2025-01-10 17:48:59+00,shipped,2140.68,236.02,5.00,0.00,2381.70,1,
1652,403,2025-01-10 17:54:29+00,completed,766.80,85.67,12.00,0.00,864.47,2,
1653,26,2025-01-10 22:10:25+00,shipped,4281.36,444.00,5.00,250.00,4480.36,1,3
1654,192,2025-01-10 22:29:57+00,shipped,3266.34,359.85,5.00,0.00,3631.19,1,
1655,19,2025-01-11 02:33:12+00,completed,18611.14,2048.55,12.00,0.00,20671.69,2,
1656,403,2025-01-11 07:04:58+00,refunded,599.09,67.22,12.00,0.00,678.31,2,
1657,20,2025-01-11 08:12:24+00,completed,2913.81,278.17,15.00,400.00,2806.98,3,12
1658,70,2025-01-11 09:30:32+00,completed,1219.72,134.72,5.00,0.00,1359.44,1,
1659,22,2025-01-11 12:04:59+00,completed,341.97,38.17,5.00,0.00,385.14,1,
1660,338,2025-01-11 17:24:27+00,completed,766.74,85.99,15.00,0.00,867.73,3,
1661,38,2025-01-11 18:01:54+00,completed,3315.62,366.04,12.00,0.00,3693.66,2,
1662,30,2025-01-11 21:30:47+00,shipped,2101.86,232.85,15.00,0.00,2349.71,3,
1663,464,2025-01-12 00:17:19+00,completed,1369.73,151.99,12.00,0.00,1533.72,2,
1664,186,2025-01-12 14:27:53+00,completed,7306.02,803.66,0.00,0.00,8109.68,5,
1665,124,2025-01-13 05:23:36+00,processing,2499.04,274.89,0.00,0.00,2773.93,5,
1666,446,2025-01-13 07:27:10+00,completed,281.56,31.10,35.00,33.79,313.87,4,6
1667,265,2025-01-13 15:23:43+00,processing,758.88,73.46,0.00,91.07,741.27,5,6
1668,72,2025-01-13 21:12:30+00,completed,1365.04,151.47,12.00,0.00,1528.51,2,
1669,493,2025-01-13 22:14:42+00,completed,3084.29,339.82,5.00,0.00,3429.11,1,
1670,110,2025-01-14 01:28:41+00,cancelled,1781.14,196.48,5.00,0.00,1982.62,1,
1671,230,2025-01-14 01:29:23+00,completed,5663.38,623.52,5.00,0.00,6291.90,1,
1672,404,2025-01-14 06:32:32+00,completed,4309.22,475.11,35.00,25.00,4794.33,4,5
1673,174,2025-01-14 08:39:04+00,refunded,2301.29,254.79,15.00,0.00,2571.08,3,
1674,383,2025-01-14 11:43:36+00,pending,1392.66,153.74,5.00,0.00,1551.40,1,
1675,454,2025-01-15 02:11:18+00,pending,25.36,3.06,5.00,2.54,30.88,1,1
1676,451,2025-01-15 03:13:25+00,pending,12471.85,1372.45,5.00,0.00,13849.30,1,
1677,230,2025-01-15 06:55:34+00,completed,240.85,27.81,12.00,0.00,280.66,2,
1678,167,2025-01-15 12:39:47+00,shipped,1909.26,210.57,5.00,0.00,2124.83,1,
1679,395,2025-01-15 12:48:46+00,processing,13816.32,1520.35,5.00,0.00,15341.67,1,
1680,338,2025-01-15 19:53:30+00,completed,4779.24,525.94,12.00,10.00,5307.18,2,11
1681,474,2025-01-15 21:34:22+00,shipped,2711.91,297.21,0.00,10.00,2999.12,5,11
1682,291,2025-01-15 21:44:22+00,cancelled,1138.21,112.55,5.00,120.00,1135.76,1,6
1683,38,2025-01-16 01:08:03+00,completed,3403.79,374.42,0.00,0.00,3778.21,5,
1684,124,2025-01-16 08:33:59+00,shipped,16035.57,1765.23,12.00,0.00,17812.80,2,
1685,357,2025-01-16 09:37:41+00,completed,3694.72,406.97,5.00,0.00,4106.69,1,
1686,468,2025-01-16 17:12:07+00,completed,7090.19,783.77,35.00,0.00,7908.96,4,
1687,253,2025-01-16 20:13:50+00,completed,8593.76,946.63,12.00,0.00,9552.39,2,
1688,142,2025-01-16 21:34:48+00,completed,61.80,8.12,12.00,0.00,81.92,2,
1689,312,2025-01-17 03:34:08+00,processing,11145.95,1226.60,5.00,0.00,12377.55,1,
1690,186,2025-01-17 06:14:38+00,completed,1802.54,198.83,5.00,0.00,2006.37,1,
1691,113,2025-01-17 09:37:10+00,completed,540.98,60.06,5.00,0.00,606.04,1,
1692,96,2025-01-17 11:11:54+00,shipped,7666.72,847.19,35.00,0.00,8548.91,4,
1693,265,2025-01-17 18:38:26+00,completed,463.19,52.60,15.00,0.00,530.79,3,
1694,338,2025-01-17 19:11:22+00,refunded,7005.48,771.92,12.00,0.00,7789.40,2,
1695,481,2025-01-17 19:24:24+00,completed,2290.14,251.92,0.00,0.00,2542.06,5,
1696,366,2025-01-17 22:06:16+00,shipped,246.44,27.66,5.00,0.00,279.10,1,
1697,20,2025-01-18 03:18:35+00,shipped,2085.69,231.08,15.00,0.00,2331.77,3,
1698,342,2025-01-18 04:07:16+00,processing,5336.35,587.55,5.00,0.00,5928.90,1,
1699,261,2025-01-18 04:33:53+00,completed,3633.50,395.29,0.00,40.00,3988.79,5,1
1700,425,2025-01-18 06:16:49+00,completed,818.78,90.62,5.00,0.00,914.40,1,
1701,402,2025-01-18 06:32:56+00,pending,1888.46,209.05,12.00,0.00,2109.51,2,
1702,271,2025-01-18 10:21:43+00,shipped,345.59,38.56,5.00,0.00,389.15,1,
1703,177,2025-01-18 14:17:32+00,completed,2011.80,222.62,12.00,0.00,2246.42,2,
1704,361,2025-01-18 16:26:01+00,cancelled,13444.73,1479.47,5.00,0.00,14929.20,1,
1705,229,2025-01-18 19:17:22+00,completed,37.62,4.69,5.00,0.00,47.31,1,
1706,251,2025-01-18 23:28:25+00,cancelled,1143.08,125.74,0.00,0.00,1268.82,5,
1707,279,2025-01-19 02:27:21+00,completed,727.24,64.00,0.00,145.45,645.79,5,3
1708,300,2025-01-19 02:43:51+00,shipped,7409.26,815.57,5.00,0.00,8229.83,1,
1709,321,2025-01-19 18:24:46+00,completed,677.72,74.00,35.00,40.00,746.72,4,1
1710,237,2025-01-19 18:25:04+00,completed,2286.16,252.03,5.00,0.00,2543.19,1,
1711,115,2025-01-20 01:05:57+00,completed,626.08,67.44,12.00,25.00,680.52,2,5
1712,44,2025-01-20 07:40:31+00,completed,12.42,1.92,5.00,0.00,19.34,1,
1713,122,2025-01-20 11:16:20+00,processing,1727.94,146.62,5.00,400.00,1479.56,1,12
1714,265,2025-01-20 17:58:15+00,completed,4580.18,504.37,5.00,0.00,5089.55,1,
1715,136,2025-01-20 20:56:08+00,completed,9986.40,1099.05,5.00,0.00,11090.45,1,
1716,459,2025-01-21 05:45:01+00,completed,79.37,9.28,5.00,0.00,93.65,1,
1717,192,2025-01-21 06:06:33+00,completed,55.56,6.66,5.00,0.00,67.22,1,
1718,395,2025-01-21 11:31:16+00,completed,1550.18,171.07,5.00,0.00,1726.25,1,
1719,238,2025-01-21 14:06:09+00,cancelled,12187.12,1344.43,35.00,0.00,13566.55,4,
1720,291,2025-01-21 17:55:09+00,shipped,12.70,3.05,15.00,0.00,30.75,3,
1721,66,2025-01-21 20:31:13+00,completed,75.21,8.82,5.00,0.00,89.03,1,
1722,399,2025-01-21 20:55:24+00,completed,1317.21,132.24,5.00,120.00,1334.45,1,6
1723,484,2025-01-21 21:08:50+00,completed,5621.94,605.21,0.00,120.00,6107.15,5,6
1724,439,2025-01-21 23:41:23+00,refunded,283.68,30.10,15.00,25.00,303.78,3,5
1725,297,2025-01-22 08:38:30+00,completed,316.24,36.11,12.00,0.00,364.35,2,
1726,487,2025-01-22 11:02:42+00,completed,1597.50,172.97,0.00,25.00,1745.47,5,5
1727,338,2025-01-22 13:59:56+00,completed,3587.66,383.09,15.00,120.00,3865.75,3,6
1728,104,2025-01-22 19:31:02+00,completed,1360.21,153.47,35.00,0.00,1548.68,4,
1729,20,2025-01-23 06:36:45+00,completed,543.79,60.37,5.00,0.00,609.16,1,
1730,474,2025-01-23 06:54:38+00,processing,439.92,42.78,15.00,65.99,431.71,3,2
1731,267,2025-01-23 13:12:09+00,completed,758.88,84.03,5.00,0.00,847.91,1,
1732,279,2025-01-23 14:39:35+00,completed,419.78,46.18,0.00,0.00,465.96,5,
1733,157,2025-01-23 17:01:27+00,processing,33.31,4.21,5.00,0.00,42.52,1,
1734,407,2025-01-23 20:58:20+00,processing,387.81,43.98,12.00,0.00,443.79,2,
1735,289,2025-01-24 00:20:46+00,completed,3516.25,387.34,5.00,0.00,3908.59,1,
1736,439,2025-01-24 00:36:24+00,completed,116.77,12.11,5.00,11.68,122.20,1,1
1737,32,2025-01-24 01:30:35+00,completed,518.26,46.93,12.00,103.65,473.54,2,3
1738,159,2025-01-24 05:52:58+00,completed,2530.68,279.69,12.00,0.00,2822.37,2,
1739,173,2025-01-24 09:51:09+00,completed,10719.30,1182.97,35.00,0.00,11937.27,4,
1740,142,2025-01-24 12:28:12+00,shipped,10012.20,1101.89,5.00,0.00,11119.09,1,
1741,13,2025-01-24 17:41:44+00,completed,2998.49,330.38,5.00,0.00,3333.87,1,
1742,78,2025-01-25 05:17:59+00,completed,889.23,97.82,0.00,0.00,987.05,5,
1743,462,2025-01-25 08:36:53+00,completed,166.02,18.81,5.00,0.00,189.83,1,
1744,145,2025-01-25 09:23:24+00,completed,74.64,8.21,0.00,0.00,82.85,5,
1745,494,2025-01-25 11:54:51+00,completed,38.66,4.80,5.00,0.00,48.46,1,
1746,382,2025-01-26 09:31:28+00,completed,1589.91,167.19,5.00,75.00,1687.10,1,2
1747,19,2025-01-26 10:13:20+00,completed,3607.02,398.09,12.00,0.00,4017.11,2,
1748,367,2025-01-26 11:01:29+00,pending,8372.12,921.48,5.00,0.00,9298.60,1,
1749,115,2025-01-26 12:02:19+00,refunded,1558.41,173.08,15.00,0.00,1746.49,3,
1750,400,2025-01-26 13:43:18+00,completed,62.20,7.48,12.00,6.22,75.46,2,1
1751,13,2025-01-26 21:06:30+00,completed,3401.76,374.19,0.00,0.00,3775.95,5,
1752,291,2025-01-27 03:02:15+00,cancelled,3772.06,416.25,12.00,0.00,4200.31,2,
1753,484,2025-01-27 10:21:52+00,completed,12664.26,1394.39,12.00,0.00,14070.65,2,
1754,345,2025-01-27 11:37:03+00,completed,3879.50,428.06,12.00,0.00,4319.56,2,
1755,283,2025-01-27 15:24:36+00,processing,12819.89,1410.74,5.00,0.00,14235.63,1,
1756,76,2025-01-27 21:34:42+00,shipped,4005.18,444.42,35.00,0.00,4484.60,4,
1757,27,2025-01-28 00:43:55+00,completed,8333.78,917.27,5.00,0.00,9256.05,1,
1758,425,2025-01-28 01:50:41+00,completed,2762.03,305.14,12.00,0.00,3079.17,2,
1759,52,2025-01-28 14:03:37+00,processing,1258.61,139.77,12.00,0.00,1410.38,2,
1760,476,2025-01-28 21:50:49+00,completed,189.96,22.55,15.00,0.00,227.51,3,
1761,357,2025-01-29 02:28:15+00,completed,1818.76,200.61,5.00,0.00,2024.37,1,
1762,190,2025-01-29 04:32:59+00,completed,4687.35,472.16,5.00,400.00,4764.51,1,12
1763,14,2025-01-29 07:15:47+00,completed,7746.48,853.43,12.00,0.00,8611.91,2,
1764,177,2025-01-29 08:32:44+00,cancelled,946.54,107.97,35.00,0.00,1089.51,4,
1765,121,2025-01-29 13:12:07+00,shipped,331.80,37.05,5.00,0.00,373.85,1,
1766,436,2025-01-29 18:45:04+00,completed,870.04,93.50,5.00,25.00,943.54,1,5
1767,19,2025-01-29 19:44:44+00,cancelled,1012.87,111.97,5.00,0.00,1129.84,1,
1768,367,2025-01-29 20:17:29+00,shipped,8795.48,968.82,12.00,0.00,9776.30,2,
1769,13,2025-01-29 23:38:44+00,completed,1041.13,115.07,5.00,0.00,1161.20,1,
1770,142,2025-01-30 10:48:47+00,completed,10056.96,1101.87,0.00,40.00,11118.83,5,1
1771,239,2025-01-30 14:24:34+00,completed,3068.36,338.84,12.00,0.00,3419.20,2,
1772,357,2025-01-31 00:20:10+00,completed,1511.22,140.05,12.00,250.00,1413.27,2,3
1773,330,2025-01-31 00:32:43+00,completed,2634.42,289.79,0.00,0.00,2924.21,5,
1774,372,2025-01-31 02:30:51+00,completed,1909.72,213.92,35.00,0.00,2158.64,4,
1775,60,2025-01-31 06:44:45+00,completed,8094.52,890.95,5.00,0.00,8990.47,1,
1776,489,2025-01-31 08:34:47+00,processing,2577.99,284.90,12.00,0.00,2874.89,2,
1777,66,2025-01-31 09:56:52+00,completed,180.66,20.42,5.00,0.00,206.08,1,
1778,342,2025-01-31 11:22:08+00,completed,1651.12,177.22,0.00,40.00,1788.34,5,1
1779,364,2025-01-31 12:38:48+00,completed,7536.80,830.37,12.00,0.00,8379.17,2,
1780,433,2025-01-31 17:08:03+00,completed,328.68,37.47,12.00,0.00,378.15,2,
1781,404,2025-01-31 17:29:37+00,completed,1630.84,180.71,12.00,0.00,1823.55,2,
1782,238,2025-01-31 22:13:33+00,completed,8192.96,902.88,15.00,0.00,9110.84,3,
1783,272,2025-02-01 06:33:23+00,shipped,1162.78,128.46,5.00,0.00,1296.24,1,
1784,279,2025-02-01 07:49:18+00,completed,33.75,3.89,5.00,3.38,39.26,1,1
1785,155,2025-02-01 09:01:34+00,completed,5765.42,623.75,5.00,100.00,6294.17,1,7
1786,238,2025-02-01 12:22:47+00,processing,166.89,18.91,5.00,0.00,190.80,1,
1787,107,2025-02-01 19:44:11+00,completed,4412.44,489.22,35.00,0.00,4936.66,4,
1788,30,2025-02-01 19:45:04+00,completed,4455.50,490.66,5.00,0.00,4951.16,1,
1789,352,2025-02-02 00:04:44+00,completed,601.02,52.89,0.00,120.20,533.71,5,3
1790,268,2025-02-02 01:07:27+00,completed,13655.66,1502.67,5.00,0.00,15163.33,1,
1791,413,2025-02-02 02:16:40+00,completed,694.36,78.03,15.00,0.00,787.39,3,
1792,21,2025-02-02 02:32:09+00,completed,17416.72,1888.89,5.00,250.00,19060.61,1,3
1793,179,2025-02-02 04:00:31+00,refunded,1215.09,107.48,5.00,243.02,1084.55,1,3
1794,361,2025-02-02 09:06:16+00,completed,5608.84,616.97,0.00,0.00,6225.81,5,
1795,124,2025-02-02 09:39:54+00,cancelled,37.04,5.72,15.00,0.00,57.76,3,
1796,399,2025-02-02 13:43:38+00,pending,3293.64,362.85,5.00,0.00,3661.49,1,
1797,425,2025-02-02 22:13:14+00,completed,199.46,22.49,5.00,0.00,226.95,1,
1798,104,2025-02-02 22:35:28+00,cancelled,3268.01,360.03,5.00,0.00,3633.04,1,
1799,26,2025-02-03 02:32:34+00,completed,62.20,8.16,12.00,0.00,82.36,2,
1800,105,2025-02-03 04:06:46+00,completed,900.54,99.06,0.00,0.00,999.60,5,
1801,215,2025-02-03 06:44:29+00,shipped,722.21,80.76,12.00,0.00,814.97,2,
1802,355,2025-02-03 16:05:19+00,processing,1255.60,138.67,5.00,0.00,1399.27,1,
1803,66,2025-02-03 18:04:00+00,completed,46.26,6.41,12.00,0.00,64.67,2,
1804,167,2025-02-03 19:29:48+00,completed,4798.66,515.20,5.00,120.00,5198.86,1,6
1805,283,2025-02-04 01:40:24+00,completed,745.76,82.03,0.00,0.00,827.79,5,
1806,484,2025-02-04 09:39:27+00,completed,663.68,74.32,12.00,0.00,750.00,2,
1807,366,2025-02-04 11:13:23+00,processing,150.54,17.11,5.00,0.00,172.65,1,
1808,136,2025-02-04 21:17:36+00,completed,1316.26,146.11,12.00,0.00,1474.37,2,
1809,383,2025-02-04 21:55:29+00,completed,61.80,6.12,0.00,6.18,61.74,5,1
1810,464,2025-02-04 21:57:09+00,cancelled,3.96,0.44,0.00,0.00,4.40,5,
1811,494,2025-02-05 01:32:13+00,shipped,5238.52,576.79,5.00,0.00,5820.31,1,
1812,436,2025-02-06 01:54:43+00,shipped,38.48,4.78,5.00,0.00,48.26,1,
1813,193,2025-02-06 03:24:54+00,completed,380.19,43.14,12.00,0.00,435.33,2,
1814,406,2025-02-06 11:24:38+00,cancelled,1537.68,169.69,5.00,0.00,1712.37,1,
1815,271,2025-02-06 14:22:11+00,shipped,14477.99,1593.13,5.00,0.00,16076.12,1,
1816,180,2025-02-06 20:48:15+00,processing,9062.46,997.42,5.00,0.00,10064.88,1,
1817,11,2025-02-06 21:52:11+00,completed,2433.24,268.98,12.00,0.00,2714.22,2,
1818,468,2025-02-06 22:04:23+00,completed,118.29,14.33,12.00,0.00,144.62,2,
1819,110,2025-02-06 22:43:31+00,completed,10111.08,1112.77,5.00,0.00,11228.85,1,
1820,286,2025-02-07 02:52:16+00,pending,567.18,56.22,12.00,68.06,567.34,2,6
1821,321,2025-02-07 09:33:31+00,refunded,3484.80,383.88,5.00,0.00,3873.68,1,
1822,159,2025-02-07 15:30:33+00,completed,2948.98,324.94,5.00,0.00,3278.92,1,
1823,283,2025-02-07 17:53:08+00,completed,1949.36,214.98,5.00,0.00,2169.34,1,
1824,237,2025-02-07 21:12:26+00,cancelled,1480.14,164.14,12.00,0.00,1656.28,2,
1825,330,2025-02-07 21:21:45+00,completed,2401.53,264.17,0.00,0.00,2665.70,5,
1826,30,2025-02-08 04:45:11+00,shipped,6523.99,718.19,5.00,0.00,7247.18,1,
1827,289,2025-02-08 06:04:06+00,refunded,17443.77,1916.61,5.00,25.00,19340.38,1,5
1828,124,2025-02-08 07:58:31+00,completed,606.51,67.27,5.00,0.00,678.78,1,
1829,360,2025-02-08 13:55:18+00,completed,1740.08,195.26,35.00,0.00,1970.34,4,
1830,124,2025-02-08 15:12:47+00,completed,7708.04,849.20,12.00,0.00,8569.24,2,
1831,271,2025-02-08 21:07:16+00,completed,691.12,76.02,0.00,0.00,767.14,5,
1832,302,2025-02-09 00:03:20+00,completed,2884.53,317.85,5.00,0.00,3207.38,1,
1833,26,2025-02-09 01:28:36+00,processing,207.98,19.31,5.00,37.44,194.85,1,7
1834,114,2025-02-09 03:02:51+00,completed,8765.99,956.56,5.00,75.00,9652.55,1,2
1835,166,2025-02-09 03:30:16+00,completed,1002.07,110.78,5.00,0.00,1117.85,1,
1836,340,2025-02-09 10:32:24+00,completed,1185.81,131.76,12.00,0.00,1329.57,2,
1837,386,2025-02-09 15:29:19+00,completed,1091.07,120.57,5.00,0.00,1216.64,1,
1838,123,2025-02-09 20:01:32+00,completed,9510.69,1047.50,12.00,0.00,10570.19,2,
1839,11,2025-02-09 22:50:42+00,completed,41.96,4.62,0.00,0.00,46.58,5,
1840,308,2025-02-10 02:28:28+00,completed,3832.42,425.42,35.00,0.00,4292.84,4,
1841,484,2025-02-10 08:02:43+00,completed,19171.32,2109.07,12.00,10.00,21282.39,2,11
1842,176,2025-02-10 10:44:29+00,shipped,6723.56,739.59,0.00,0.00,7463.15,5,
1843,155,2025-02-10 19:08:31+00,completed,384.13,40.05,5.00,25.00,404.18,1,5
1844,227,2025-02-10 20:09:41+00,completed,505.92,59.50,35.00,0.00,600.42,4,
1845,155,2025-02-11 04:25:33+00,shipped,52.78,6.36,5.00,0.00,64.14,1,
1846,320,2025-02-11 08:20:08+00,completed,5.71,0.63,0.00,0.00,6.34,5,
1847,55,2025-02-11 10:24:01+00,completed,3914.04,431.09,5.00,0.00,4350.13,1,
1848,27,2025-02-11 18:01:21+00,completed,10852.15,1195.06,12.00,0.00,12059.21,2,
1849,328,2025-02-12 04:51:53+00,pending,62.94,7.47,5.00,0.00,75.41,1,
1850,21,2025-02-12 17:26:08+00,shipped,1129.49,119.84,0.00,40.00,1209.33,5,1
1851,463,2025-02-12 20:17:14+00,processing,4235.37,467.21,12.00,0.00,4714.58,2,
1852,180,2025-02-13 01:46:21+00,completed,5482.52,603.63,5.00,0.00,6091.15,1,
1853,186,2025-02-13 02:16:33+00,pending,467.54,52.75,12.00,0.00,532.29,2,
1854,474,2025-02-13 03:50:18+00,completed,5452.19,600.29,5.00,0.00,6057.48,1,
1855,403,2025-02-13 04:19:55+00,refunded,385.69,42.43,0.00,0.00,428.12,5,
1856,122,2025-02-13 08:13:26+00,completed,11449.19,1259.41,0.00,0.00,12708.60,5,
1857,257,2025-02-13 08:15:03+00,completed,206.92,21.04,5.00,20.69,212.27,1,1
1858,216,2025-02-13 08:15:11+00,completed,3307.29,364.35,5.00,0.00,3676.64,1,
1859,43,2025-02-13 10:17:21+00,cancelled,1290.13,143.23,12.00,0.00,1445.36,2,
1860,238,2025-02-13 16:03:15+00,cancelled,5442.99,571.78,5.00,250.00,5769.77,1,3
1861,27,2025-02-13 16:58:54+00,completed,7759.00,857.34,35.00,0.00,8651.34,4,
1862,435,2025-02-13 20:21:09+00,shipped,8816.32,971.12,12.00,0.00,9799.44,2,
1863,96,2025-02-13 21:20:24+00,completed,17.13,2.43,5.00,0.00,24.56,1,
1864,402,2025-02-13 23:16:35+00,completed,4673.66,501.45,5.00,120.00,5060.11,1,6
1865,456,2025-02-14 07:58:45+00,processing,28.10,4.41,12.00,0.00,44.51,2,
1866,209,2025-02-14 09:30:40+00,completed,884.61,96.76,5.00,10.00,976.37,1,11
1867,209,2025-02-15 02:21:39+00,shipped,5884.89,648.99,15.00,0.00,6548.88,3,
1868,52,2025-02-15 02:43:58+00,shipped,1968.36,216.52,0.00,0.00,2184.88,5,
1869,35,2025-02-15 15:37:11+00,shipped,1860.02,205.15,15.00,10.00,2070.17,3,11
1870,450,2025-02-15 15:50:14+00,refunded,10708.85,1175.77,5.00,25.00,11864.62,1,5
1871,105,2025-02-15 15:59:00+00,completed,2423.36,266.57,0.00,0.00,2689.93,5,
1872,268,2025-02-15 16:36:30+00,processing,438.95,43.04,5.00,52.67,434.32,1,6
1873,316,2025-02-16 06:38:20+00,completed,1261.31,129.06,12.00,100.00,1302.37,2,7
1874,192,2025-02-16 07:47:36+00,completed,103.46,12.70,12.00,0.00,128.16,2,
1875,192,2025-02-16 11:39:12+00,completed,8995.03,990.00,5.00,0.00,9990.03,1,
1876,407,2025-02-16 14:29:49+00,completed,3899.10,430.55,15.00,0.00,4344.65,3,
1877,279,2025-02-16 15:05:28+00,completed,1374.87,151.79,5.00,0.00,1531.66,1,
1878,286,2025-02-16 15:44:15+00,completed,6156.18,677.73,5.00,0.00,6838.91,1,
1879,360,2025-02-16 17:11:42+00,completed,551.56,59.24,12.00,25.00,597.80,2,5
1880,113,2025-02-16 22:01:49+00,completed,4433.88,488.28,5.00,0.00,4927.16,1,
1881,251,2025-02-17 02:48:38+00,shipped,4281.36,471.50,5.00,0.00,4757.86,1,
1882,95,2025-02-17 08:21:36+00,completed,2422.56,267.03,5.00,0.00,2694.59,1,
1883,266,2025-02-17 08:47:31+00,processing,1740.08,184.48,12.00,75.00,1861.56,2,2
1884,85,2025-02-17 09:08:28+00,completed,10703.40,1134.69,12.00,400.00,11450.09,2,12
1885,268,2025-02-17 09:52:00+00,shipped,4860.57,535.21,5.00,0.00,5400.78,1,
1886,425,2025-02-17 13:33:03+00,completed,4281.36,460.50,5.00,100.00,4646.86,1,7
1887,359,2025-02-17 16:16:08+00,shipped,5851.52,643.67,0.00,0.00,6495.19,5,
1888,175,2025-02-17 17:44:25+00,completed,8562.72,942.45,5.00,0.00,9510.17,1,
1889,187,2025-02-17 19:14:40+00,processing,1152.34,130.61,35.00,0.00,1317.95,4,
1890,21,2025-02-17 21:56:33+00,completed,2739.75,301.92,5.00,0.00,3046.67,1,
1891,360,2025-02-17 22:44:24+00,completed,10525.66,1158.37,5.00,0.00,11689.03,1,
1892,225,2025-02-18 00:15:14+00,completed,499.74,45.63,5.00,89.95,460.42,1,7
1893,291,2025-02-18 00:25:21+00,completed,12956.79,1426.90,15.00,0.00,14398.69,3,
1894,482,2025-02-18 05:32:35+00,completed,399.62,36.60,5.00,71.93,369.29,1,7
1895,321,2025-02-18 08:25:50+00,completed,8358.74,920.01,5.00,0.00,9283.75,1,
1896,395,2025-02-18 11:57:34+00,shipped,819.98,91.52,12.00,0.00,923.50,2,
1897,359,2025-02-18 14:42:35+00,completed,2072.70,231.85,35.00,0.00,2339.55,4,
1898,485,2025-02-18 15:31:50+00,shipped,3804.24,419.79,12.00,0.00,4236.03,2,
1899,104,2025-02-18 16:43:43+00,pending,1072.97,89.84,12.00,268.24,906.57,2,12
1900,187,2025-02-18 19:17:32+00,processing,4486.71,494.09,5.00,0.00,4985.80,1,
1901,487,2025-02-19 05:27:10+00,completed,5247.89,577.27,0.00,0.00,5825.16,5,
1902,21,2025-02-19 06:03:43+00,completed,2124.48,234.24,5.00,0.00,2363.72,1,
1903,291,2025-02-19 11:40:32+00,completed,146.78,17.47,12.00,0.00,176.25,2,
1904,485,2025-02-19 17:35:54+00,completed,435.02,49.17,12.00,0.00,496.19,2,
1905,124,2025-02-19 18:26:18+00,completed,6218.10,684.54,5.00,0.00,6907.64,1,
1906,321,2025-02-19 21:10:34+00,completed,240.85,27.04,5.00,0.00,272.89,1,
1907,479,2025-02-20 01:12:30+00,completed,2005.70,221.18,5.00,0.00,2231.88,1,
1908,191,2025-02-20 04:22:26+00,cancelled,8029.12,887.05,35.00,0.00,8951.17,4,
1909,136,2025-02-20 05:36:48+00,shipped,12844.08,1413.40,5.00,0.00,14262.48,1,
1910,114,2025-02-20 07:30:13+00,completed,3563.16,393.27,12.00,0.00,3968.43,2,
1911,251,2025-02-20 08:49:51+00,completed,2237.87,246.72,5.00,0.00,2489.59,1,
1912,26,2025-02-20 15:05:36+00,processing,2610.12,288.43,12.00,0.00,2910.55,2,
1913,52,2025-02-20 21:52:57+00,refunded,448.10,50.61,12.00,0.00,510.71,2,
1914,283,2025-02-21 02:41:15+00,completed,6884.91,758.66,12.00,0.00,7655.57,2,
1915,192,2025-02-21 14:49:00+00,shipped,5515.55,608.03,12.00,0.00,6135.58,2,
1916,60,2025-02-21 15:00:10+00,shipped,9676.14,1051.73,5.00,120.00,10612.87,1,6
1917,52,2025-02-21 16:46:52+00,completed,559.15,62.83,12.00,0.00,633.98,2,
1918,383,2025-02-21 18:48:08+00,cancelled,1860.59,205.21,5.00,0.00,2070.80,1,
1919,115,2025-02-21 19:03:58+00,shipped,7663.51,846.84,35.00,0.00,8545.35,4,
1920,106,2025-02-21 21:38:46+00,refunded,802.01,79.28,15.00,96.24,800.05,3,6
1921,5,2025-02-22 03:59:55+00,shipped,2716.41,302.66,35.00,0.00,3054.07,4,
1922,261,2025-02-22 12:48:23+00,processing,700.14,78.34,12.00,0.00,790.48,2,
1923,385,2025-02-22 16:04:59+00,processing,973.50,108.41,12.00,0.00,1093.91,2,
1924,351,2025-02-22 17:12:20+00,shipped,92.52,10.73,5.00,0.00,108.25,1,
1925,330,2025-02-22 17:49:03+00,completed,420.88,50.15,35.00,0.00,506.03,4,
1926,322,2025-02-23 01:06:31+00,completed,988.78,109.32,5.00,0.00,1103.10,1,
1927,474,2025-02-23 01:52:20+00,completed,46.30,5.09,0.00,0.00,51.39,5,
1928,159,2025-02-23 02:59:35+00,completed,175.50,19.86,5.00,0.00,200.36,1,
1929,489,2025-02-23 04:04:54+00,cancelled,4904.51,540.05,5.00,0.00,5449.56,1,
1930,297,2025-02-23 05:50:21+00,shipped,8551.45,941.98,12.00,0.00,9505.43,2,
1931,316,2025-02-23 10:30:16+00,completed,3535.51,389.46,5.00,0.00,3929.97,1,
1932,482,2025-02-23 12:13:25+00,completed,2219.59,240.30,5.00,40.00,2424.89,1,1
1933,114,2025-02-23 13:42:57+00,shipped,2170.27,240.05,12.00,0.00,2422.32,2,
1934,153,2025-02-23 17:53:57+00,shipped,1140.32,114.99,5.00,100.00,1160.31,1,7
1935,112,2025-02-24 09:15:37+00,completed,4130.55,454.91,5.00,0.00,4590.46,1,
1936,157,2025-02-24 09:48:31+00,pending,1073.10,119.69,15.00,0.00,1207.79,3,
1937,355,2025-02-24 12:30:53+00,shipped,13843.56,1526.64,35.00,0.00,15405.20,4,
1938,47,2025-02-24 16:28:08+00,completed,2610.12,287.66,5.00,0.00,2902.78,1,
1939,343,2025-02-24 20:42:49+00,cancelled,877.64,85.54,0.00,100.00,863.18,5,7
1940,382,2025-02-25 00:04:35+00,completed,4093.90,423.38,5.00,250.00,4272.28,1,3
1941,122,2025-02-25 01:22:27+00,processing,725.56,80.36,5.00,0.00,810.92,1,
1942,266,2025-02-25 08:02:16+00,completed,2961.95,326.36,5.00,0.00,3293.31,1,
1943,309,2025-02-25 10:23:57+00,completed,479.39,56.58,35.00,0.00,570.97,4,
1944,383,2025-02-25 11:11:24+00,cancelled,3077.01,342.32,35.00,0.00,3454.33,4,
1945,403,2025-02-25 15:43:19+00,processing,7559.60,831.01,5.00,10.00,8385.61,1,11
1946,395,2025-02-25 18:46:34+00,completed,904.03,101.09,15.00,0.00,1020.12,3,
1947,26,2025-02-25 19:29:19+00,completed,4437.08,461.13,5.00,250.00,4653.21,1,3
1948,294,2025-02-25 21:26:16+00,completed,471.59,52.42,5.00,0.00,529.01,1,
1949,251,2025-02-25 22:31:08+00,completed,120.47,12.58,12.00,18.07,126.98,2,2
1950,79,2025-02-26 04:20:33+00,completed,11389.58,1253.95,35.00,25.00,12653.53,4,5
1951,470,2025-02-26 10:55:10+00,refunded,375.74,41.88,5.00,0.00,422.62,1,
1952,413,2025-02-26 11:39:47+00,completed,303.32,35.02,15.00,0.00,353.34,3,
1953,367,2025-02-26 13:02:01+00,completed,112.70,16.25,35.00,0.00,163.95,4,
1954,155,2025-02-26 16:27:22+00,completed,78.04,9.13,5.00,0.00,92.17,1,
1955,481,2025-02-26 20:04:19+00,completed,2290.89,248.92,12.00,40.00,2511.81,2,1
1956,484,2025-02-27 02:10:56+00,processing,2728.92,299.63,35.00,40.00,3023.55,4,1
1957,357,2025-02-27 09:11:17+00,completed,216.06,24.32,5.00,0.00,245.38,1,
1958,107,2025-02-27 15:40:14+00,completed,339.10,37.85,5.00,0.00,381.95,1,
1959,192,2025-02-27 23:09:30+00,pending,8568.43,916.35,12.00,250.00,9246.78,2,3
1960,52,2025-02-28 00:22:50+00,processing,377.96,45.43,35.00,0.00,458.39,4,
1961,432,2025-02-28 01:05:40+00,processing,5012.80,552.73,12.00,0.00,5577.53,2,
1962,186,2025-02-28 04:27:16+00,completed,988.73,107.33,12.00,25.00,1083.06,2,5
1963,69,2025-02-28 06:57:06+00,shipped,2991.73,330.41,12.00,0.00,3334.14,2,
1964,85,2025-02-28 11:04:27+00,completed,1510.37,169.99,35.00,0.00,1715.36,4,
1965,166,2025-02-28 14:29:54+00,cancelled,2080.28,229.38,5.00,0.00,2314.66,1,
1966,265,2025-02-28 18:22:44+00,completed,3502.60,385.84,5.00,0.00,3893.44,1,
1967,70,2025-02-28 21:09:16+00,completed,366.86,41.67,12.00,0.00,420.53,2,
1968,124,2025-03-01 00:05:11+00,completed,1979.28,214.97,15.00,40.00,2169.25,3,1
1969,209,2025-03-01 04:21:29+00,shipped,1499.22,166.56,15.00,0.00,1680.78,3,
1970,193,2025-03-01 11:42:23+00,shipped,1249.35,137.43,0.00,0.00,1386.78,5,
1971,482,2025-03-01 16:26:59+00,shipped,296.32,33.15,5.00,0.00,334.47,1,
1972,251,2025-03-01 18:24:54+00,completed,1977.45,217.52,0.00,0.00,2194.97,5,
1973,403,2025-03-01 23:13:31+00,completed,2354.64,259.01,0.00,0.00,2613.65,5,
1974,185,2025-03-01 23:53:56+00,completed,8649.32,951.43,0.00,0.00,9600.75,5,
1975,388,2025-03-02 02:07:53+00,completed,7333.65,808.02,12.00,0.00,8153.67,2,
1976,236,2025-03-02 16:07:08+00,completed,1336.45,148.33,12.00,0.00,1496.78,2,
1977,22,2025-03-03 03:08:05+00,cancelled,12844.08,1416.70,35.00,0.00,14295.78,4,
1978,236,2025-03-03 09:29:11+00,processing,13631.74,1499.49,0.00,0.00,15131.23,5,
1979,439,2025-03-03 17:01:07+00,completed,1508.48,166.48,5.00,0.00,1679.96,1,
1980,209,2025-03-03 17:33:24+00,completed,2208.74,243.51,5.00,0.00,2457.25,1,
1981,322,2025-03-03 21:14:38+00,completed,1981.30,218.49,5.00,0.00,2204.79,1,
1982,333,2025-03-04 00:52:09+00,completed,1499.22,165.46,5.00,0.00,1669.68,1,
1983,185,2025-03-04 04:06:44+00,completed,752.70,83.35,5.00,0.00,841.05,1,
1984,385,2025-03-04 06:44:02+00,completed,1240.12,102.86,5.00,310.03,1037.95,1,12
1985,121,2025-03-04 08:47:46+00,shipped,399.69,44.52,5.00,0.00,449.21,1,
1986,253,2025-03-04 12:22:22+00,shipped,228.75,27.91,35.00,10.00,281.66,4,11
1987,361,2025-03-04 23:12:24+00,completed,602.94,66.87,5.00,0.00,674.81,1,
1988,403,2025-03-04 23:19:05+00,completed,11600.25,1277.35,12.00,0.00,12889.60,2,
1989,446,2025-03-05 00:57:47+00,completed,185.78,22.09,15.00,0.00,222.87,3,
1990,266,2025-03-05 03:23:53+00,pending,5638.27,612.51,5.00,75.00,6180.78,1,2
1991,110,2025-03-05 04:16:28+00,completed,157.67,18.99,15.00,0.00,191.66,3,
1992,220,2025-03-05 10:42:45+00,completed,4336.92,470.13,12.00,75.00,4744.05,2,2
1993,340,2025-03-05 15:13:51+00,completed,1332.86,150.46,35.00,0.00,1518.32,4,
1994,176,2025-03-05 15:47:23+00,shipped,1160.94,115.05,5.00,120.00,1160.99,1,6
1995,466,2025-03-05 16:24:46+00,shipped,3027.91,333.62,5.00,0.00,3366.53,1,
1996,251,2025-03-05 20:13:46+00,processing,1799.82,184.78,0.00,120.00,1864.60,5,6
1997,322,2025-03-06 05:30:32+00,pending,12409.23,1363.92,0.00,10.00,13763.15,5,11
1998,291,2025-03-06 06:49:00+00,completed,744.28,82.42,5.00,0.00,831.70,1,
1999,316,2025-03-06 07:30:13+00,cancelled,7971.02,880.66,35.00,0.00,8886.68,4,
2000,383,2025-03-06 12:51:25+00,completed,63.54,7.54,5.00,0.00,76.08,1,
2001,192,2025-03-06 16:45:31+00,completed,94.53,11.72,12.00,0.00,118.25,2,
2002,100,2025-03-06 22:42:54+00,completed,9080.84,999.44,5.00,0.00,10085.28,1,
2003,19,2025-03-06 22:57:08+00,refunded,5565.60,613.87,15.00,0.00,6194.47,3,
2004,470,2025-03-07 02:38:06+00,processing,3089.70,340.42,5.00,0.00,3435.12,1,
2005,99,2025-03-07 07:29:34+00,processing,2536.37,279.55,5.00,0.00,2820.92,1,
2006,435,2025-03-07 12:47:43+00,completed,9950.55,1094.56,0.00,0.00,11045.11,5,
2007,21,2025-03-07 15:34:45+00,completed,46.30,8.43,35.00,4.63,85.10,4,1
2008,484,2025-03-07 17:24:52+00,refunded,727.24,80.55,5.00,0.00,812.79,1,
2009,179,2025-03-08 00:48:49+00,completed,6715.37,739.24,5.00,0.00,7459.61,1,
2010,358,2025-03-08 02:48:36+00,shipped,2377.86,261.01,35.00,40.00,2633.87,4,1
2011,297,2025-03-08 04:44:27+00,cancelled,4897.74,539.30,5.00,0.00,5442.04,1,
2012,366,2025-03-08 05:48:29+00,completed,44.57,8.75,35.00,0.00,88.32,4,
2013,105,2025-03-08 09:26:59+00,completed,4127.21,427.04,5.00,250.00,4309.25,1,3
2014,474,2025-03-08 10:05:04+00,completed,4296.94,468.81,5.00,40.00,4730.75,1,1
2015,30,2025-03-08 10:25:01+00,completed,4127.83,457.91,35.00,0.00,4620.74,4,
2016,351,2025-03-08 13:55:16+00,completed,17.13,2.43,5.00,0.00,24.56,1,
2017,14,2025-03-09 03:00:42+00,shipped,186.42,21.06,5.00,0.00,212.48,1,
2018,444,2025-03-09 08:31:08+00,refunded,9992.36,1103.01,35.00,0.00,11130.37,4,
2019,404,2025-03-09 08:35:55+00,cancelled,7210.48,794.47,12.00,0.00,8016.95,2,
2020,470,2025-03-09 09:15:16+00,shipped,5577.75,613.55,0.00,0.00,6191.30,5,
2021,300,2025-03-09 13:43:24+00,completed,1785.64,195.87,35.00,40.00,1976.51,4,1
2022,345,2025-03-09 17:31:10+00,completed,1046.22,116.73,15.00,0.00,1177.95,3,
2023,479,2025-03-09 19:20:02+00,completed,5439.61,594.51,5.00,40.00,5999.12,1,1
2024,157,2025-03-10 00:24:09+00,completed,4721.63,519.93,5.00,0.00,5246.56,1,
2025,186,2025-03-10 00:44:13+00,refunded,1131.35,125.00,5.00,0.00,1261.35,1,
2026,404,2025-03-10 01:40:48+00,shipped,561.90,50.00,5.00,112.38,504.52,1,3
2027,261,2025-03-10 19:34:12+00,cancelled,867.88,99.32,35.00,0.00,1002.20,4,
2028,28,2025-03-11 04:02:22+00,refunded,431.49,48.78,12.00,0.00,492.27,2,
2029,190,2025-03-11 04:44:48+00,cancelled,687.45,76.17,5.00,0.00,768.62,1,
2030,13,2025-03-11 22:49:09+00,completed,1562.72,173.22,12.00,0.00,1747.94,2,
2031,454,2025-03-11 23:54:38+00,cancelled,623.32,65.49,12.00,40.00,660.81,2,1
2032,59,2025-03-12 02:05:51+00,completed,1457.13,160.28,0.00,0.00,1617.41,5,
2033,483,2025-03-12 03:58:38+00,pending,435.02,48.40,5.00,0.00,488.42,1,
2034,399,2025-03-12 07:47:29+00,cancelled,845.79,93.59,5.00,0.00,944.38,1,
2035,483,2025-03-13 02:46:25+00,completed,32.52,3.77,5.00,3.25,38.04,1,1
2036,466,2025-03-13 03:36:10+00,completed,3376.83,372.77,12.00,0.00,3761.60,2,
2037,437,2025-03-13 04:53:18+00,completed,8127.76,894.60,5.00,0.00,9027.36,1,
2038,121,2025-03-13 06:03:09+00,completed,6487.08,714.13,5.00,0.00,7206.21,1,
2039,225,2025-03-13 19:19:27+00,shipped,161.34,18.30,5.00,0.00,184.64,1,
2040,92,2025-03-13 19:25:04+00,pending,126.80,14.50,5.00,0.00,146.30,1,
2041,343,2025-03-14 07:55:07+00,completed,236.50,26.57,5.00,0.00,268.07,1,
2042,481,2025-03-14 16:15:47+00,completed,7237.11,796.63,5.00,0.00,8038.74,1,
2043,291,2025-03-14 20:59:24+00,processing,1653.64,171.45,5.00,100.00,1730.09,1,7
2044,100,2025-03-15 01:01:57+00,completed,103.81,12.74,12.00,0.00,128.55,2,
2045,359,2025-03-15 04:18:29+00,shipped,13659.19,1503.06,5.00,0.00,15167.25,1,
2046,17,2025-03-15 05:31:58+00,shipped,15279.64,1682.08,12.00,0.00,16973.72,2,
2047,17,2025-03-15 09:14:52+00,cancelled,958.78,105.69,12.00,10.00,1066.47,2,11
2048,13,2025-03-15 11:15:44+00,refunded,246.44,24.95,5.00,24.64,251.75,1,1
2049,175,2025-03-15 13:59:27+00,processing,11203.13,1232.89,5.00,0.00,12441.02,1,
2050,32,2025-03-15 14:16:15+00,processing,142.72,15.70,0.00,0.00,158.42,5,
2051,175,2025-03-15 14:20:07+00,processing,4093.90,450.88,5.00,0.00,4549.78,1,
2052,113,2025-03-15 19:51:16+00,completed,4544.70,501.24,12.00,0.00,5057.94,2,
2053,78,2025-03-15 22:26:57+00,completed,1373.58,151.09,0.00,0.00,1524.67,5,
2054,289,2025-03-15 22:41:59+00,completed,12967.06,1428.03,15.00,0.00,14410.09,3,
2055,151,2025-03-16 00:43:17+00,processing,16019.48,1763.46,12.00,0.00,17794.94,2,
2056,184,2025-03-16 00:45:17+00,cancelled,9660.39,1063.19,5.00,0.00,10728.58,1,
2057,340,2025-03-16 09:51:45+00,completed,5060.44,557.97,12.00,0.00,5630.41,2,
2058,43,2025-03-16 10:56:49+00,completed,2134.23,236.42,15.00,0.00,2385.65,3,
2059,340,2025-03-16 11:59:06+00,pending,3854.52,424.00,0.00,0.00,4278.52,5,
2060,359,2025-03-16 16:05:31+00,cancelled,3336.36,368.65,15.00,0.00,3720.01,3,
2061,483,2025-03-16 18:51:15+00,pending,3233.93,357.05,12.00,0.00,3602.98,2,
2062,388,2025-03-17 01:28:39+00,cancelled,1756.28,192.64,5.00,10.00,1943.92,1,11
2063,478,2025-03-17 02:01:24+00,completed,87.02,9.57,0.00,0.00,96.59,5,
2064,78,2025-03-17 06:32:14+00,shipped,4654.83,512.58,5.00,0.00,5172.41,1,
2065,391,2025-03-17 13:52:39+00,pending,505.92,56.97,12.00,0.00,574.89,2,
2066,382,2025-03-17 15:11:39+00,shipped,1913.50,211.03,5.00,0.00,2129.53,1,
2067,308,2025-03-17 17:20:47+00,processing,125.88,14.40,5.00,0.00,145.28,1,
2068,312,2025-03-17 18:31:50+00,shipped,2087.27,230.92,12.00,0.00,2330.19,2,
2069,266,2025-03-17 22:06:10+00,processing,819.06,79.10,0.00,100.00,798.16,5,7
2070,69,2025-03-17 22:21:39+00,completed,592.70,65.75,5.00,0.00,663.45,1,
2071,272,2025-03-18 22:20:41+00,completed,561.27,62.29,5.00,0.00,628.56,1,
2072,289,2025-03-18 23:36:39+00,completed,529.92,58.84,5.00,0.00,593.76,1,
2073,19,2025-03-19 09:27:01+00,completed,23.52,6.44,35.00,0.00,64.96,4,
2074,38,2025-03-19 09:47:24+00,completed,6936.20,764.63,15.00,0.00,7715.83,3,
2075,22,2025-03-19 13:47:46+00,completed,16845.05,1852.96,0.00,0.00,18698.01,5,
2076,364,2025-03-19 21:59:12+00,processing,10338.39,1130.07,35.00,100.00,11403.46,4,7
2077,405,2025-03-19 23:13:12+00,completed,18.81,2.07,0.00,0.00,20.88,5,
2078,291,2025-03-20 04:07:08+00,pending,717.83,80.06,35.00,25.00,807.89,4,5
2079,114,2025-03-20 08:18:06+00,completed,215.16,24.99,12.00,0.00,252.15,2,
2080,124,2025-03-20 11:14:43+00,completed,9640.55,1061.78,12.00,0.00,10714.33,2,
2081,261,2025-03-20 15:31:05+00,completed,63.40,8.62,15.00,0.00,87.02,3,
2082,265,2025-03-20 20:23:51+00,processing,1996.02,220.11,5.00,0.00,2221.13,1,
2083,289,2025-03-21 05:13:12+00,completed,507.23,55.25,35.00,40.00,557.48,4,1
2084,452,2025-03-21 12:24:38+00,shipped,999.48,110.49,5.00,0.00,1114.97,1,
2085,78,2025-03-21 13:09:09+00,processing,2629.66,289.81,5.00,0.00,2924.47,1,
2086,27,2025-03-21 17:58:53+00,completed,1249.35,137.98,5.00,0.00,1392.33,1,
2087,458,2025-03-22 02:15:42+00,completed,87.15,10.14,5.00,0.00,102.29,1,
2088,410,2025-03-22 06:15:38+00,cancelled,474.36,53.83,15.00,0.00,543.19,3,
2089,153,2025-03-22 08:13:45+00,refunded,140.48,17.10,15.00,0.00,172.58,3,
2090,289,2025-03-22 11:16:15+00,completed,9201.66,968.73,5.00,400.00,9775.39,1,12
2091,104,2025-03-22 13:07:08+00,completed,3117.23,343.45,5.00,0.00,3465.68,1,
2092,17,2025-03-22 19:19:30+00,cancelled,4591.74,506.41,12.00,0.00,5110.15,2,
2093,99,2025-03-22 22:52:24+00,pending,144.14,16.41,5.00,0.00,165.55,1,
2094,257,2025-03-23 05:02:33+00,completed,3697.10,394.03,5.00,120.00,3976.13,1,6
2095,474,2025-03-23 08:07:55+00,pending,941.53,103.79,12.00,10.00,1047.32,2,11
2096,131,2025-03-23 11:20:39+00,completed,7232.76,797.25,15.00,0.00,8045.01,3,
2097,20,2025-03-23 14:40:16+00,completed,1018.64,115.90,35.00,0.00,1169.54,4,
2098,342,2025-03-23 20:33:49+00,processing,6708.12,737.89,0.00,0.00,7446.01,5,
2099,470,2025-03-23 21:16:48+00,completed,2936.42,323.56,5.00,0.00,3264.98,1,
2100,328,2025-03-24 10:19:10+00,cancelled,1308.38,147.77,35.00,0.00,1491.15,4,
2101,453,2025-03-24 16:43:46+00,completed,342.92,37.04,35.00,41.15,373.81,4,6
2102,363,2025-03-24 21:21:49+00,shipped,354.81,42.88,35.00,0.00,432.69,4,
2103,425,2025-03-25 04:04:18+00,completed,1994.79,193.25,12.00,250.00,1950.04,2,3
2104,489,2025-03-25 12:30:23+00,shipped,1691.14,186.58,5.00,0.00,1882.72,1,
2105,110,2025-03-25 14:29:16+00,processing,695.68,66.84,12.00,100.00,674.52,2,7
2106,360,2025-03-25 18:40:02+00,refunded,1623.11,168.09,5.00,100.00,1696.20,1,7
2107,178,2025-03-25 20:28:31+00,shipped,50.80,5.58,5.00,5.08,56.30,1,1
2108,155,2025-03-25 23:13:31+00,completed,3275.12,364.11,35.00,0.00,3674.23,4,
2109,454,2025-03-26 02:43:10+00,completed,2539.31,279.87,5.00,0.00,2824.18,1,
2110,459,2025-03-26 11:55:08+00,completed,2810.09,309.66,5.00,0.00,3124.75,1,
2111,63,2025-03-26 18:15:59+00,cancelled,2712.07,298.88,15.00,10.00,3015.95,3,11
2112,145,2025-03-27 00:56:18+00,shipped,3582.94,394.67,5.00,0.00,3982.61,1,
2113,302,2025-03-27 07:26:17+00,completed,4979.27,543.87,5.00,40.00,5488.14,1,1
2114,358,2025-03-27 20:30:40+00,shipped,25.08,4.08,12.00,0.00,41.16,2,
2115,46,2025-03-28 12:38:33+00,completed,2032.52,224.13,5.00,0.00,2261.65,1,
2116,174,2025-03-28 14:34:57+00,cancelled,4.14,1.78,12.00,0.00,17.92,2,
2117,418,2025-03-28 19:48:24+00,completed,5615.70,619.05,12.00,0.00,6246.75,2,
2118,435,2025-03-29 03:00:20+00,completed,2321.57,253.17,5.00,25.00,2554.74,1,5
2119,357,2025-03-29 05:48:11+00,completed,1120.56,123.26,0.00,0.00,1243.82,5,
2120,79,2025-03-29 20:53:53+00,completed,264.12,29.60,5.00,0.00,298.72,1,
2121,432,2025-03-30 02:30:37+00,completed,1909.87,210.09,0.00,0.00,2119.96,5,
2122,483,2025-03-30 07:02:12+00,shipped,10366.39,1140.85,5.00,0.00,11512.24,1,
2123,402,2025-03-30 10:41:43+00,pending,1148.83,130.22,35.00,0.00,1314.05,4,
2124,237,2025-03-30 19:46:40+00,processing,10703.40,1177.92,5.00,0.00,11886.32,1,
2125,294,2025-03-31 03:12:10+00,completed,2313.40,255.02,5.00,0.00,2573.42,1,
2126,256,2025-03-31 03:39:47+00,completed,357.54,39.55,12.00,10.00,399.09,2,11
2127,55,2025-03-31 13:11:58+00,shipped,5974.77,658.87,15.00,0.00,6648.64,3,
2128,47,2025-04-01 01:50:25+00,processing,1249.35,137.98,5.00,0.00,1392.33,1,
2129,38,2025-04-01 08:02:56+00,processing,183.10,21.46,12.00,0.00,216.56,2,
2130,444,2025-04-01 08:49:51+00,processing,6422.04,706.97,5.00,0.00,7134.01,1,
2131,136,2025-04-01 09:45:48+00,cancelled,426.45,47.46,5.00,0.00,478.91,1,
2132,429,2025-04-01 09:58:52+00,shipped,3219.63,354.71,5.00,0.00,3579.34,1,
2133,167,2025-04-01 16:03:20+00,processing,6866.32,755.30,0.00,0.00,7621.62,5,
2134,173,2025-04-01 16:04:02+00,completed,3611.64,398.93,15.00,0.00,4025.57,3,
2135,94,2025-04-01 21:09:08+00,completed,11033.54,1203.24,5.00,100.00,12141.78,1,7
2136,286,2025-04-02 02:56:17+00,completed,10759.21,1184.06,5.00,0.00,11948.27,1,
2137,391,2025-04-02 15:48:09+00,completed,2439.75,272.22,35.00,0.00,2746.97,4,
2138,391,2025-04-02 16:50:18+00,completed,4808.28,516.26,5.00,120.00,5209.54,1,6
2139,253,2025-04-02 17:01:25+00,completed,2649.24,291.97,5.00,0.00,2946.21,1,
2140,213,2025-04-02 18:28:21+00,refunded,632.29,62.62,12.00,75.00,631.91,2,2
2141,270,2025-04-02 18:59:26+00,completed,9243.91,1017.38,5.00,0.00,10266.29,1,
2142,215,2025-04-02 23:33:15+00,cancelled,7963.49,852.33,35.00,250.00,8600.82,4,3
2143,478,2025-04-03 01:27:35+00,completed,591.35,54.60,5.00,100.00,550.95,1,7
2144,300,2025-04-03 02:17:13+00,completed,343.31,41.61,35.00,0.00,419.92,4,
2145,78,2025-04-03 17:34:50+00,completed,60.06,7.16,5.00,0.00,72.22,1,
2146,76,2025-04-03 19:49:11+00,completed,31.80,4.05,5.00,0.00,40.85,1,
2147,100,2025-04-03 21:31:00+00,completed,102.78,12.63,12.00,0.00,127.41,2,
2148,433,2025-04-03 22:45:26+00,completed,3112.86,299.73,12.00,400.00,3024.59,2,12
2149,32,2025-04-04 06:05:45+00,completed,620.36,68.79,5.00,0.00,694.15,1,
2150,238,2025-04-04 10:05:05+00,processing,8957.29,942.95,15.00,400.00,9515.24,3,12
2151,291,2025-04-04 22:46:39+00,completed,1060.00,116.05,35.00,40.00,1171.05,4,1
2152,153,2025-04-05 05:08:31+00,completed,1277.88,131.22,35.00,120.00,1324.10,4,6
2153,177,2025-04-05 09:21:29+00,completed,3895.67,429.07,5.00,0.00,4329.74,1,
2154,257,2025-04-05 17:11:08+00,shipped,801.84,92.05,35.00,0.00,928.89,4,
2155,99,2025-04-05 19:04:59+00,completed,546.61,58.70,12.00,25.00,592.31,2,5
2156,357,2025-04-05 19:44:03+00,completed,3930.09,432.86,5.00,0.00,4367.95,1,
2157,131,2025-04-05 22:42:16+00,completed,11898.92,1308.33,5.00,10.00,13202.25,1,11
2158,452,2025-04-06 05:46:37+00,shipped,12979.40,1429.05,12.00,0.00,14420.45,2,
2159,261,2025-04-06 05:50:19+00,completed,13074.32,1439.50,12.00,0.00,14525.82,2,
2160,366,2025-04-06 07:45:58+00,processing,46.26,5.64,5.00,0.00,56.90,1,
2161,167,2025-04-06 08:28:24+00,shipped,4093.90,451.65,12.00,0.00,4557.55,2,
2162,437,2025-04-06 17:56:12+00,completed,7965.40,877.51,12.00,0.00,8854.91,2,
2163,302,2025-04-06 22:08:07+00,completed,11196.28,1221.91,12.00,100.00,12330.19,2,7
2164,319,2025-04-06 23:25:09+00,completed,5024.72,553.27,5.00,0.00,5582.99,1,
2165,261,2025-04-07 01:40:19+00,completed,180.26,21.15,12.00,0.00,213.41,2,
2166,187,2025-04-07 05:01:38+00,completed,1125.66,120.74,12.00,40.00,1218.40,2,1
2167,96,2025-04-07 18:28:47+00,pending,11764.70,1294.67,5.00,0.00,13064.37,1,
2168,360,2025-04-08 03:44:31+00,processing,658.85,76.32,35.00,0.00,770.17,4,
2169,160,2025-04-08 10:37:37+00,pending,716.04,79.31,5.00,0.00,800.35,1,
2170,372,2025-04-08 11:21:13+00,pending,503.34,55.92,5.00,0.00,564.26,1,
2171,454,2025-04-08 16:30:51+00,completed,7516.48,800.63,12.00,250.00,8079.11,2,3
2172,319,2025-04-08 23:59:01+00,completed,71.80,9.22,12.00,0.00,93.02,2,
2173,239,2025-04-09 03:36:41+00,completed,5165.89,569.57,12.00,0.00,5747.46,2,
2174,386,2025-04-09 03:43:44+00,shipped,31.35,4.77,12.00,0.00,48.12,2,
2175,44,2025-04-09 06:24:04+00,completed,2801.81,312.05,35.00,0.00,3148.86,4,
2176,499,2025-04-09 10:00:11+00,pending,8994.24,991.02,15.00,0.00,10000.26,3,
2177,495,2025-04-09 14:53:45+00,processing,70.25,9.05,12.00,0.00,91.30,2,
2178,364,2025-04-09 21:27:44+00,completed,2869.12,317.25,15.00,0.00,3201.37,3,
2179,90,2025-04-09 23:09:25+00,cancelled,3468.35,382.07,5.00,0.00,3855.42,1,
2180,436,2025-04-10 04:46:17+00,completed,1106.58,125.57,35.00,0.00,1267.15,4,
2181,192,2025-04-10 06:05:24+00,cancelled,8213.95,904.08,5.00,0.00,9123.03,1,
2182,112,2025-04-10 10:47:18+00,completed,166.38,17.75,5.00,10.00,179.13,1,11
2183,338,2025-04-10 12:59:15+00,shipped,1930.39,202.99,15.00,100.00,2048.38,3,7
2184,433,2025-04-10 15:39:04+00,completed,1249.35,137.98,5.00,0.00,1392.33,1,
2185,321,2025-04-10 19:45:36+00,completed,2286.16,252.03,5.00,0.00,2543.19,1,
2186,494,2025-04-10 20:03:33+00,pending,1305.06,144.11,5.00,0.00,1454.17,1,
2187,359,2025-04-10 21:06:43+00,completed,62.81,8.23,12.00,0.00,83.04,2,
2188,495,2025-04-11 06:41:33+00,completed,10054.91,1109.89,35.00,0.00,11199.80,4,
2189,309,2025-04-11 09:51:33+00,shipped,1558.02,175.23,35.00,0.00,1768.25,4,
2190,300,2025-04-11 10:24:09+00,completed,61.57,7.75,15.00,6.16,78.16,3,1
2191,402,2025-04-11 10:28:33+00,completed,5643.38,622.42,15.00,0.00,6280.80,3,
2192,289,2025-04-11 10:30:35+00,completed,2952.09,326.05,12.00,0.00,3290.14,2,
2193,470,2025-04-11 15:20:32+00,shipped,43.61,8.65,35.00,0.00,87.26,4,
2194,418,2025-04-11 21:26:42+00,completed,1095.80,121.09,5.00,0.00,1221.89,1,
2195,92,2025-04-11 22:33:01+00,shipped,18348.48,2018.33,0.00,0.00,20366.81,5,
2196,328,2025-04-12 00:36:00+00,completed,2255.90,204.70,5.00,400.00,2065.60,1,12
2197,270,2025-04-12 06:04:29+00,processing,51.18,6.95,12.00,0.00,70.13,2,
2198,60,2025-04-12 07:20:37+00,shipped,12125.07,1335.08,12.00,0.00,13472.15,2,
2199,482,2025-04-12 08:38:30+00,pending,12816.66,1409.83,0.00,0.00,14226.49,5,
2200,373,2025-04-12 09:10:46+00,completed,1833.64,202.25,5.00,0.00,2040.89,1,
2201,190,2025-04-12 21:15:49+00,processing,3992.50,443.02,35.00,0.00,4470.52,4,
2202,364,2025-04-12 21:48:56+00,processing,867.68,96.76,12.00,0.00,976.44,2,
2203,252,2025-04-12 23:27:41+00,pending,1108.08,121.89,0.00,0.00,1229.97,5,
2204,249,2025-04-13 10:19:35+00,completed,4332.75,477.92,12.00,0.00,4822.67,2,
2205,402,2025-04-13 10:53:55+00,pending,845.91,92.50,5.00,10.00,933.41,1,11
2206,450,2025-04-13 16:22:58+00,completed,19331.32,2126.45,0.00,0.00,21457.77,5,
2207,167,2025-04-13 19:43:01+00,completed,2702.98,297.88,5.00,0.00,3005.86,1,
2208,79,2025-04-13 21:01:29+00,pending,532.50,59.90,12.00,0.00,604.40,2,
2209,399,2025-04-13 22:12:53+00,shipped,999.48,107.74,5.00,25.00,1087.22,1,5
2210,493,2025-04-13 23:15:17+00,completed,156.67,21.08,35.00,0.00,212.75,4,
2211,404,2025-04-14 01:42:11+00,processing,27.78,6.91,35.00,0.00,69.69,4,
2212,266,2025-04-14 02:42:45+00,completed,3472.27,382.50,5.00,0.00,3859.77,1,
2213,359,2025-04-14 07:21:26+00,completed,252.96,31.68,35.00,0.00,319.64,4,
2214,382,2025-04-14 08:26:52+00,completed,71.80,7.66,5.00,7.18,77.28,1,1
2215,55,2025-04-14 14:16:24+00,refunded,909.20,100.01,0.00,0.00,1009.21,5,
2216,491,2025-04-14 17:08:49+00,shipped,4339.73,478.69,12.00,0.00,4830.42,2,
2217,76,2025-04-15 01:06:16+00,completed,10922.48,1192.12,35.00,120.00,12029.60,4,6
2218,382,2025-04-15 03:10:44+00,completed,11047.89,1216.59,12.00,0.00,12276.48,2,
2219,382,2025-04-15 06:14:18+00,cancelled,1805.39,202.44,35.00,0.00,2042.83,4,
2220,123,2025-04-15 15:31:27+00,processing,685.30,75.93,5.00,0.00,766.23,1,
2221,429,2025-04-16 12:20:11+00,completed,856.40,95.52,12.00,0.00,963.92,2,
2222,105,2025-04-16 14:58:34+00,completed,1696.70,143.19,5.00,400.00,1444.89,1,12
2223,151,2025-04-16 21:19:29+00,completed,6021.55,662.92,5.00,0.00,6689.47,1,
2224,400,2025-04-16 21:20:21+00,cancelled,2077.40,229.83,12.00,0.00,2319.23,2,
2225,153,2025-04-17 07:24:39+00,processing,116.51,13.37,5.00,0.00,134.88,1,
2226,484,2025-04-17 08:12:36+00,refunded,236.54,23.45,5.00,28.38,236.61,1,6
2227,488,2025-04-17 12:16:30+00,shipped,62.94,6.92,0.00,0.00,69.86,5,
2228,320,2025-04-17 16:04:56+00,completed,505.92,47.95,5.00,75.00,483.87,1,2
2229,386,2025-04-17 21:16:24+00,completed,9144.56,1003.70,5.00,25.00,10128.26,1,5
2230,151,2025-04-18 12:06:57+00,shipped,3681.25,405.49,5.00,0.00,4091.74,1,
2231,312,2025-04-18 12:22:58+00,processing,1735.62,188.72,5.00,25.00,1904.34,1,5
2232,481,2025-04-18 12:29:06+00,completed,14820.40,1586.79,5.00,400.00,16012.19,1,12
2233,145,2025-04-18 13:52:42+00,completed,190.20,21.47,5.00,0.00,216.67,1,
2234,215,2025-04-18 17:26:30+00,completed,10158.04,1117.93,5.00,0.00,11280.97,1,
2235,121,2025-04-18 17:44:26+00,completed,2953.56,312.24,5.00,120.00,3150.80,1,6
2236,26,2025-04-18 20:09:36+00,shipped,5738.48,635.08,35.00,0.00,6408.56,4,
2237,268,2025-04-18 22:58:11+00,completed,4718.35,520.34,12.00,0.00,5250.69,2,
2238,491,2025-04-18 23:30:40+00,processing,1216.14,135.10,12.00,0.00,1363.24,2,
2239,456,2025-04-19 00:34:03+00,completed,3926.90,433.28,12.00,0.00,4372.18,2,
2240,499,2025-04-19 02:00:55+00,completed,682.56,75.63,5.00,0.00,763.19,1,
2241,445,2025-04-19 09:35:23+00,completed,12827.67,1397.84,0.00,120.00,14105.51,5,6
2242,330,2025-04-19 13:16:44+00,completed,505.92,56.97,12.00,0.00,574.89,2,
2243,157,2025-04-19 14:03:31+00,shipped,1508.68,165.95,0.00,0.00,1674.63,5,
2244,238,2025-04-19 14:48:26+00,completed,298.10,33.34,5.00,0.00,336.44,1,
2245,263,2025-04-19 15:28:05+00,completed,554.91,61.04,0.00,0.00,615.95,5,
2246,106,2025-04-19 20:15:21+00,shipped,6738.64,738.50,0.00,25.00,7452.14,5,5
2247,351,2025-04-20 06:36:51+00,shipped,1212.48,133.92,5.00,0.00,1351.40,1,
2248,263,2025-04-20 18:16:58+00,completed,728.82,81.82,15.00,0.00,825.64,3,
2249,184,2025-04-21 01:00:21+00,completed,2260.57,249.98,12.00,0.00,2522.55,2,
2250,366,2025-04-21 05:21:06+00,cancelled,126.80,11.99,5.00,22.82,120.97,1,7
2251,285,2025-04-21 09:53:17+00,completed,472.65,52.54,5.00,0.00,530.19,1,
2252,39,2025-04-21 12:24:09+00,completed,41.96,5.17,5.00,0.00,52.13,1,
2253,20,2025-04-21 13:36:27+00,completed,686.26,67.75,12.00,82.35,683.66,2,6
2254,96,2025-04-21 17:45:23+00,cancelled,192.44,21.72,5.00,0.00,219.16,1,
2255,138,2025-04-21 23:07:24+00,shipped,3221.81,327.45,5.00,250.00,3304.26,1,3
2256,431,2025-04-22 01:43:20+00,pending,709.62,78.06,0.00,0.00,787.68,5,
2257,420,2025-04-22 15:04:38+00,processing,2073.57,231.94,35.00,0.00,2340.51,4,
2258,43,2025-04-22 18:14:33+00,completed,2261.37,249.30,5.00,0.00,2515.67,1,
2259,270,2025-04-22 18:50:47+00,completed,9874.28,1086.72,5.00,0.00,10966.00,1,
2260,115,2025-04-22 20:58:20+00,completed,3879.78,427.33,5.00,0.00,4312.11,1,
2261,110,2025-04-22 23:40:45+00,processing,21543.46,2368.68,0.00,10.00,23902.14,5,11
2262,159,2025-04-23 03:06:20+00,completed,27.78,3.30,5.00,2.78,33.30,1,1
2263,431,2025-04-23 06:23:27+00,processing,435.02,47.85,0.00,0.00,482.87,5,
2264,192,2025-04-23 10:40:31+00,cancelled,74.64,8.21,0.00,0.00,82.85,5,
2265,72,2025-04-23 11:42:38+00,pending,1692.26,187.80,15.00,0.00,1895.06,3,
2266,57,2025-04-23 12:51:13+00,completed,13917.12,1534.73,35.00,0.00,15486.85,4,
2267,320,2025-04-23 23:12:56+00,cancelled,2065.37,224.99,5.00,25.00,2270.36,1,5
2268,479,2025-04-24 08:49:21+00,completed,6972.30,767.50,5.00,0.00,7744.80,1,
2269,383,2025-04-25 04:26:07+00,completed,3106.69,341.74,0.00,0.00,3448.43,5,
2270,368,2025-04-25 05:02:15+00,cancelled,1362.39,150.41,5.00,0.00,1517.80,1,
2271,291,2025-04-25 08:34:15+00,pending,17929.95,1946.11,12.00,250.00,19638.06,2,3
2272,433,2025-04-26 04:08:10+00,shipped,3170.41,321.80,5.00,250.00,3247.21,1,3
2273,463,2025-04-26 06:18:20+00,completed,5363.24,590.51,5.00,0.00,5958.75,1,
2274,21,2025-04-26 07:46:08+00,shipped,4175.38,459.84,5.00,0.00,4640.22,1,
2275,184,2025-04-26 12:32:15+00,completed,749.61,79.71,15.00,40.00,804.32,3,1
2276,437,2025-04-26 13:47:30+00,cancelled,62.20,7.39,5.00,0.00,74.59,1,
2277,186,2025-04-26 19:14:41+00,completed,266.25,29.84,5.00,0.00,301.09,1,
2278,268,2025-04-26 22:51:37+00,cancelled,435.02,48.40,5.00,0.00,488.42,1,
2279,492,2025-04-27 01:07:46+00,shipped,514.63,48.91,5.00,75.00,493.54,1,2
2280,35,2025-04-27 01:28:34+00,shipped,1360.28,150.18,5.00,0.00,1515.46,1,
2281,5,2025-04-27 02:50:01+00,completed,6502.77,716.95,15.00,0.00,7234.72,3,
2282,326,2025-04-27 03:45:41+00,processing,165.84,18.79,5.00,0.00,189.63,1,
2283,495,2025-04-28 03:26:48+00,completed,27.18,2.69,0.00,2.72,27.15,5,1
2284,360,2025-04-28 05:16:25+00,completed,37.04,4.62,5.00,0.00,46.66,1,
2285,411,2025-04-28 06:16:04+00,completed,20.60,2.82,5.00,0.00,28.42,1,
2286,213,2025-04-28 07:23:43+00,completed,1137.39,126.43,12.00,0.00,1275.82,2,
2287,418,2025-04-28 08:34:22+00,completed,3296.53,364.27,15.00,0.00,3675.80,3,
2288,85,2025-04-28 12:13:48+00,completed,1362.07,112.92,5.00,340.52,1139.47,1,12
2289,145,2025-04-28 14:39:43+00,pending,16573.70,1823.66,5.00,0.00,18402.36,1,
2290,13,2025-04-28 15:41:29+00,completed,3142.55,346.23,5.00,0.00,3493.78,1,
2291,474,2025-04-28 19:07:09+00,shipped,9441.03,1039.06,5.00,0.00,10485.09,1,
2292,468,2025-04-28 22:04:02+00,completed,12.44,1.92,5.00,0.00,19.36,1,
2293,13,2025-04-29 03:29:46+00,completed,957.56,97.63,5.00,75.00,985.19,1,2
2294,494,2025-04-29 04:24:42+00,completed,3839.96,415.80,15.00,75.00,4195.76,3,2
2295,236,2025-04-29 05:17:58+00,completed,5155.98,567.71,5.00,0.00,5728.69,1,
2296,476,2025-04-29 11:57:26+00,processing,1305.06,147.41,35.00,0.00,1487.47,4,
2297,473,2025-04-29 17:38:07+00,completed,402.40,44.81,5.00,0.00,452.21,1,
2298,463,2025-04-29 19:10:49+00,completed,324.38,37.00,12.00,0.00,373.38,2,
2299,153,2025-04-30 09:28:03+00,shipped,1804.87,199.86,12.00,0.00,2016.73,2,
2300,266,2025-04-30 09:55:11+00,completed,1777.44,197.17,15.00,0.00,1989.61,3,
2301,187,2025-04-30 15:30:19+00,cancelled,317.85,38.81,35.00,0.00,391.66,4,
2302,190,2025-04-30 20:10:04+00,shipped,7130.39,784.89,5.00,0.00,7920.28,1,
2303,491,2025-05-01 09:14:55+00,completed,10745.66,1183.34,12.00,0.00,11941.00,2,
2304,238,2025-05-01 10:40:19+00,pending,4520.77,494.53,5.00,30.00,4990.30,1,8
2305,439,2025-05-01 11:14:02+00,shipped,2537.31,280.42,12.00,0.00,2829.73,2,
2306,293,2025-05-01 17:33:06+00,completed,749.61,82.46,0.00,0.00,832.07,5,
2307,192,2025-05-01 18:58:13+00,shipped,4140.78,456.04,5.00,0.00,4601.82,1,
2308,358,2025-05-02 00:23:53+00,completed,9875.27,1086.83,5.00,0.00,10967.10,1,
2309,253,2025-05-02 02:38:00+00,completed,5688.01,627.00,12.00,0.00,6327.01,2,
2310,358,2025-05-02 05:15:24+00,completed,381.80,42.55,5.00,0.00,429.35,1,
2311,115,2025-05-02 09:32:40+00,completed,1082.25,119.05,0.00,0.00,1201.30,5,
2312,5,2025-05-02 12:57:12+00,shipped,7868.01,856.13,35.00,120.00,8639.14,4,6
2313,237,2025-05-02 14:25:56+00,pending,603.88,70.28,35.00,0.00,709.16,4,
2314,79,2025-05-02 15:26:32+00,cancelled,4308.88,474.53,5.00,0.00,4788.41,1,
2315,187,2025-05-03 05:51:53+00,completed,7.34,2.13,12.00,0.00,21.47,2,
2316,145,2025-05-03 07:50:52+00,completed,190.20,21.63,35.00,28.53,218.30,4,2
2317,57,2025-05-03 14:40:43+00,completed,5584.07,613.70,5.00,10.00,6192.77,1,11
2318,297,2025-05-03 20:53:24+00,completed,2595.53,277.81,5.00,75.00,2803.34,1,2
2319,363,2025-05-03 23:22:10+00,completed,1637.14,183.94,35.00,0.00,1856.08,4,
2320,184,2025-05-04 00:06:05+00,completed,313.68,35.05,5.00,0.00,353.73,1,
2321,480,2025-05-04 09:47:13+00,completed,15032.64,1654.91,12.00,0.00,16699.55,2,
2322,367,2025-05-04 09:47:16+00,completed,4624.62,499.36,35.00,120.00,5038.98,4,6
2323,31,2025-05-04 13:52:03+00,refunded,20.04,2.75,5.00,0.00,27.79,1,
2324,105,2025-05-04 19:54:17+00,cancelled,235.36,23.14,0.00,25.00,233.50,5,5
2325,216,2025-05-04 20:17:24+00,shipped,453.54,51.54,15.00,0.00,520.08,3,
2326,444,2025-05-04 20:57:18+00,completed,12493.35,1367.67,15.00,75.00,13801.02,3,2
2327,50,2025-05-04 23:48:13+00,completed,779.88,86.34,5.00,0.00,871.22,1,
2328,312,2025-05-05 08:46:51+00,cancelled,2195.35,242.04,5.00,0.00,2442.39,1,
2329,363,2025-05-05 11:32:48+00,processing,2760.25,303.63,0.00,0.00,3063.88,5,
2330,462,2025-05-05 16:19:37+00,completed,159.32,18.08,5.00,0.00,182.40,1,
2331,27,2025-05-05 17:11:25+00,completed,2841.07,316.37,35.00,0.00,3192.44,4,
2332,90,2025-05-05 21:13:50+00,completed,6895.46,750.80,5.00,75.00,7576.26,1,2
2333,215,2025-05-06 00:19:28+00,completed,2196.88,245.51,35.00,0.00,2477.39,4,
2334,115,2025-05-06 00:31:56+00,completed,2076.91,185.01,5.00,400.00,1866.92,1,12
2335,407,2025-05-06 02:41:52+00,completed,12844.08,1413.40,5.00,0.00,14262.48,1,
2336,113,2025-05-06 03:00:30+00,completed,4585.17,506.02,15.00,0.00,5106.19,3,
2337,406,2025-05-06 05:27:43+00,completed,358.19,35.22,5.00,42.98,355.43,1,6
2338,482,2025-05-06 15:18:47+00,shipped,10222.56,1122.83,15.00,30.00,11330.39,3,8
2339,437,2025-05-06 21:05:35+00,shipped,9.26,1.02,0.00,0.00,10.28,5,
2340,107,2025-05-07 00:09:05+00,completed,790.60,88.62,15.00,0.00,894.22,3,
2341,237,2025-05-07 06:51:04+00,completed,118.27,14.33,12.00,0.00,144.60,2,
2342,383,2025-05-07 15:28:06+00,completed,2450.92,270.15,5.00,0.00,2726.07,1,
2343,152,2025-05-07 20:04:35+00,completed,9116.23,1003.34,5.00,0.00,10124.57,1,
2344,20,2025-05-07 21:38:01+00,completed,172.57,19.53,5.00,0.00,197.10,1,
2345,202,2025-05-08 00:13:31+00,completed,2186.98,241.12,5.00,0.00,2433.10,1,
2346,343,2025-05-08 00:58:12+00,completed,8035.01,876.92,12.00,75.00,8848.93,2,2
2347,5,2025-05-08 09:12:11+00,completed,946.46,101.91,5.00,25.00,1028.37,1,5
2348,485,2025-05-08 13:40:42+00,cancelled,95.65,14.37,35.00,0.00,145.02,4,
2349,122,2025-05-08 14:46:34+00,completed,4565.03,499.40,5.00,30.00,5039.43,1,8
2350,351,2025-05-08 15:00:38+00,completed,1103.11,121.89,5.00,0.00,1230.00,1,
2351,468,2025-05-08 15:21:27+00,completed,8307.93,914.42,5.00,0.00,9227.35,1,
2352,458,2025-05-08 22:47:29+00,completed,865.22,99.02,35.00,0.00,999.24,4,
2353,285,2025-05-09 01:08:24+00,refunded,571.54,62.87,0.00,0.00,634.41,5,
2354,50,2025-05-09 07:26:08+00,shipped,535.13,62.71,35.00,0.00,632.84,4,
2355,248,2025-05-09 20:02:49+00,processing,1433.93,157.73,0.00,0.00,1591.66,5,
2356,44,2025-05-09 21:26:21+00,completed,49.76,6.02,5.00,0.00,60.78,1,
2357,352,2025-05-10 09:05:18+00,shipped,1044.23,107.17,5.00,75.00,1081.40,1,2
2358,220,2025-05-10 15:22:43+00,pending,1571.02,174.13,12.00,0.00,1757.15,2,
2359,162,2025-05-10 17:52:44+00,completed,13.79,2.07,5.00,0.00,20.86,1,
2360,395,2025-05-10 21:11:03+00,completed,1210.26,133.13,0.00,0.00,1343.39,5,
2361,429,2025-05-11 00:16:14+00,completed,14465.38,1578.54,5.00,120.00,15928.92,1,6
2362,39,2025-05-11 01:36:08+00,completed,1890.25,208.48,5.00,0.00,2103.73,1,
2363,271,2025-05-11 09:22:36+00,completed,870.04,91.30,35.00,75.00,921.34,4,2
2364,331,2025-05-11 16:56:53+00,completed,172.58,20.30,12.00,0.00,204.88,2,
2365,202,2025-05-11 21:19:24+00,completed,4093.90,454.18,35.00,0.00,4583.08,4,
2366,353,2025-05-12 04:23:33+00,completed,2423.24,267.11,5.00,0.00,2695.35,1,
2367,106,2025-05-12 06:43:25+00,completed,287.66,32.96,12.00,0.00,332.62,2,
2368,100,2025-05-12 12:48:13+00,cancelled,584.82,64.88,5.00,0.00,654.70,1,
2369,184,2025-05-12 15:06:27+00,completed,1427.63,157.59,35.00,30.00,1590.22,4,8
2370,272,2025-05-12 16:48:05+00,completed,1283.94,141.78,5.00,0.00,1430.72,1,
2371,38,2025-05-12 17:21:17+00,completed,11191.12,1232.67,15.00,0.00,12438.79,3,
2372,319,2025-05-12 20:51:46+00,shipped,7949.28,878.27,35.00,0.00,8862.55,4,
2373,454,2025-05-13 02:57:54+00,processing,5696.51,627.17,5.00,0.00,6328.68,1,
2374,453,2025-05-13 09:00:32+00,shipped,111.25,13.56,12.00,0.00,136.81,2,
2375,241,2025-05-13 12:49:14+00,completed,3443.50,371.08,5.00,75.00,3744.58,1,2
2376,432,2025-05-13 13:47:15+00,refunded,1196.58,132.17,5.00,0.00,1333.75,1,
2377,253,2025-05-13 22:18:15+00,completed,2480.10,273.36,5.00,0.00,2758.46,1,
2378,122,2025-05-14 02:34:18+00,completed,657.70,72.90,5.00,0.00,735.60,1,
2379,360,2025-05-14 08:47:04+00,shipped,192.68,21.74,5.00,0.00,219.42,1,
2380,44,2025-05-15 05:13:55+00,pending,13870.78,1526.34,5.00,0.00,15402.12,1,
2381,364,2025-05-15 10:35:40+00,completed,807.39,89.36,5.00,0.00,901.75,1,
2382,481,2025-05-15 11:29:40+00,completed,5865.55,645.76,5.00,0.00,6516.31,1,
2383,353,2025-05-15 13:14:22+00,refunded,3246.94,358.48,12.00,0.00,3617.42,2,
2384,90,2025-05-15 15:49:41+00,completed,473.73,52.66,5.00,0.00,531.39,1,
2385,366,2025-05-15 20:00:10+00,completed,1222.46,135.02,5.00,0.00,1362.48,1,
2386,470,2025-05-16 02:55:26+00,completed,1343.35,148.32,5.00,0.00,1496.67,1,
2387,490,2025-05-16 03:50:53+00,completed,3591.22,381.83,0.00,120.00,3853.05,5,6
2388,52,2025-05-16 08:22:19+00,completed,3843.78,424.14,12.00,0.00,4279.92,2,
2389,124,2025-05-16 11:24:45+00,completed,166.55,19.64,12.00,0.00,198.19,2,
2390,345,2025-05-16 13:25:56+00,completed,63.32,7.52,5.00,0.00,75.84,1,
2391,124,2025-05-17 09:11:52+00,completed,1081.63,119.53,5.00,0.00,1206.16,1,
2392,38,2025-05-17 18:38:47+00,processing,164.58,18.65,5.00,0.00,188.23,1,
2393,257,2025-05-17 19:43:27+00,shipped,316.60,36.15,12.00,0.00,364.75,2,
2394,307,2025-05-18 01:20:29+00,completed,2874.20,320.01,35.00,0.00,3229.21,4,
2395,272,2025-05-18 02:30:33+00,completed,19.80,2.73,5.00,0.00,27.53,1,
2396,470,2025-05-18 03:57:51+00,shipped,218.20,24.55,5.00,0.00,247.75,1,
2397,496,2025-05-18 04:43:37+00,completed,3372.62,371.54,5.00,0.00,3749.16,1,
2398,115,2025-05-18 05:44:31+00,completed,3541.37,390.87,12.00,0.00,3944.24,2,
2399,283,2025-05-18 10:13:42+00,pending,669.82,73.68,0.00,0.00,743.50,5,
2400,191,2025-05-19 06:39:03+00,completed,7399.14,804.23,12.00,100.00,8115.37,2,7
2401,63,2025-05-19 06:51:44+00,completed,4422.45,487.79,12.00,0.00,4922.24,2,
2402,76,2025-05-19 12:13:00+00,completed,1895.67,209.84,12.00,0.00,2117.51,2,
2403,484,2025-05-19 14:51:16+00,pending,4022.40,443.01,5.00,0.00,4470.41,1,
2404,96,2025-05-20 13:32:47+00,completed,49.76,6.02,5.00,0.00,60.78,1,
2405,176,2025-05-20 15:08:21+00,completed,1102.10,120.68,5.00,10.00,1217.78,1,11
2406,179,2025-05-20 17:50:16+00,cancelled,7965.40,877.84,15.00,0.00,8858.24,3,
2407,382,2025-05-20 23:49:59+00,completed,5963.44,657.63,15.00,0.00,6636.07,3,
2408,53,2025-05-21 06:55:43+00,completed,2790.83,310.84,35.00,0.00,3136.67,4,
2409,476,2025-05-21 16:23:46+00,completed,727.74,81.37,12.00,0.00,821.11,2,
2410,75,2025-05-22 04:54:21+00,completed,19443.31,2131.61,35.00,100.00,21509.92,4,7
2411,479,2025-05-22 08:45:52+00,completed,442.54,42.84,0.00,53.10,432.28,5,6
2412,59,2025-05-22 12:47:19+00,completed,6811.25,749.24,0.00,0.00,7560.49,5,
2413,404,2025-05-22 16:17:00+00,completed,19255.52,2119.76,15.00,0.00,21390.28,3,
2414,382,2025-05-22 22:28:09+00,completed,252.20,28.29,5.00,0.00,285.49,1,
2415,435,2025-05-22 23:41:27+00,processing,2244.89,247.49,5.00,0.00,2497.38,1,
2416,110,2025-05-22 23:46:43+00,completed,8562.72,941.35,5.00,10.00,9499.07,1,11
2417,399,2025-05-23 02:31:20+00,completed,2924.46,322.24,5.00,0.00,3251.70,1,
2418,191,2025-05-23 02:56:43+00,shipped,859.33,76.94,12.00,171.87,776.40,2,3
2419,101,2025-05-23 07:14:19+00,completed,1206.40,133.25,5.00,0.00,1344.65,1,
2420,60,2025-05-23 08:36:42+00,completed,2780.81,306.44,5.00,0.00,3092.25,1,
2421,78,2025-05-23 11:50:41+00,completed,552.82,54.06,5.00,66.34,545.54,1,6
2422,190,2025-05-23 17:24:19+00,completed,727.24,83.85,35.00,0.00,846.09,4,
2423,358,2025-05-23 21:38:12+00,completed,2121.27,234.66,12.00,0.00,2367.93,2,
2424,14,2025-05-23 22:14:43+00,shipped,5116.93,564.51,15.00,0.00,5696.44,3,
2425,90,2025-05-23 23:08:43+00,completed,1714.62,189.16,5.00,0.00,1908.78,1,
2426,91,2025-05-24 03:31:21+00,completed,657.86,73.68,12.00,0.00,743.54,2,
2427,345,2025-05-24 03:39:17+00,completed,3764.68,417.96,35.00,0.00,4217.64,4,
2428,478,2025-05-24 04:52:28+00,completed,758.88,87.33,35.00,0.00,881.21,4,
2429,213,2025-05-24 16:06:14+00,processing,4842.54,533.23,5.00,0.00,5380.77,1,
2430,252,2025-05-24 22:42:11+00,refunded,6046.43,665.66,5.00,0.00,6717.09,1,
2431,216,2025-05-25 02:00:36+00,completed,2510.42,277.47,12.00,0.00,2799.89,2,
2432,165,2025-05-25 02:04:33+00,completed,3005.52,330.61,0.00,0.00,3336.13,5,
2433,362,2025-05-25 05:45:53+00,completed,1276.11,144.22,35.00,0.00,1455.33,4,
2434,345,2025-05-25 15:24:44+00,completed,435.02,48.40,5.00,0.00,488.42,1,
2435,190,2025-05-25 17:04:42+00,completed,6116.82,661.85,0.00,100.00,6678.67,5,7
2436,494,2025-05-26 04:01:04+00,shipped,1185.19,134.22,35.00,0.00,1354.41,4,
2437,266,2025-05-26 05:36:43+00,completed,3311.44,353.81,5.00,100.00,3570.25,1,7
2438,124,2025-05-26 13:44:33+00,completed,2116.05,233.32,5.00,0.00,2354.37,1,
2439,79,2025-05-26 14:34:20+00,refunded,4617.98,509.63,15.00,0.00,5142.61,3,
2440,463,2025-05-26 19:23:29+00,processing,1499.49,166.26,12.00,0.00,1677.75,2,
2441,8,2025-05-26 22:49:04+00,completed,381.52,42.19,12.00,10.00,425.71,2,11
2442,360,2025-05-27 04:03:21+00,completed,51.50,9.52,35.00,0.00,96.02,4,
2443,100,2025-05-27 06:28:37+00,completed,1746.49,193.76,15.00,0.00,1955.25,3,
2444,27,2025-05-27 13:07:41+00,completed,779.48,85.74,0.00,0.00,865.22,5,
2445,321,2025-05-27 22:06:31+00,pending,156.70,17.79,5.00,0.00,179.49,1,
2446,66,2025-05-28 00:40:24+00,shipped,16571.25,1823.39,5.00,0.00,18399.64,1,
2447,252,2025-05-28 02:01:32+00,pending,187.77,21.20,5.00,0.00,213.97,1,
2448,286,2025-05-28 02:29:13+00,completed,354.81,42.88,35.00,0.00,432.69,4,
2449,342,2025-05-28 03:42:13+00,shipped,249.87,22.54,0.00,44.98,227.43,5,7
2450,104,2025-05-28 08:27:00+00,pending,1207.20,133.34,5.00,0.00,1345.54,1,
2451,357,2025-05-28 11:03:35+00,completed,787.64,87.19,5.00,0.00,879.83,1,
2452,32,2025-05-28 17:17:38+00,completed,299.17,34.23,12.00,0.00,345.40,2,
2453,44,2025-05-28 18:47:14+00,pending,4095.01,451.77,12.00,0.00,4558.78,2,
2454,19,2025-05-28 22:54:42+00,shipped,11737.49,1291.67,5.00,0.00,13034.16,1,
2455,342,2025-05-29 09:08:32+00,refunded,9.26,1.57,5.00,0.00,15.83,1,
2456,340,2025-05-29 16:49:27+00,shipped,15334.04,1643.29,5.00,400.00,16582.33,1,12
2457,8,2025-05-29 18:33:13+00,shipped,3604.07,397.77,12.00,0.00,4013.84,2,
2458,31,2025-05-29 21:08:31+00,processing,3726.30,411.54,15.00,0.00,4152.84,3,
2459,53,2025-05-29 21:29:42+00,pending,745.75,83.35,12.00,0.00,841.10,2,
2460,425,2025-05-30 02:14:59+00,completed,6328.38,696.67,5.00,0.00,7030.05,1,
2461,55,2025-05-30 03:40:28+00,completed,2384.90,219.99,15.00,400.00,2219.89,3,12
2462,319,2025-05-30 11:54:57+00,completed,1005.30,110.03,5.00,10.00,1110.33,1,11
2463,291,2025-05-30 19:57:53+00,completed,1093.12,124.09,35.00,0.00,1252.21,4,
2464,151,2025-05-31 05:22:29+00,completed,3249.98,361.35,35.00,0.00,3646.33,4,
2465,359,2025-05-31 06:15:34+00,completed,79.09,11.68,35.00,7.91,117.86,4,1
2466,146,2025-05-31 10:08:27+00,completed,62.20,6.16,0.00,6.22,62.14,5,1
2467,473,2025-05-31 20:14:24+00,cancelled,3074.24,338.72,5.00,0.00,3417.96,1,
2468,321,2025-05-31 20:53:12+00,completed,5848.00,599.83,5.00,400.00,6052.83,1,12
2469,99,2025-06-01 00:03:31+00,shipped,2931.28,322.99,5.00,0.00,3259.27,1,
2470,69,2025-06-01 06:41:53+00,completed,6877.21,757.81,12.00,0.00,7647.02,2,
2471,431,2025-06-01 08:21:58+00,pending,6215.52,671.06,5.00,120.00,6771.58,1,6
2472,173,2025-06-01 11:24:44+00,completed,63.40,10.82,35.00,0.00,109.22,4,
2473,192,2025-06-02 01:02:16+00,completed,4297.76,473.30,5.00,0.00,4776.06,1,
2474,433,2025-06-02 04:55:17+00,refunded,904.70,103.37,35.00,0.00,1043.07,4,
2475,373,2025-06-02 06:05:57+00,completed,1515.60,140.54,12.00,250.00,1418.14,2,3
2476,92,2025-06-02 06:20:50+00,completed,342.92,38.27,5.00,0.00,386.19,1,
2477,124,2025-06-02 06:24:58+00,pending,1605.39,169.66,12.00,75.00,1712.05,2,2
2478,152,2025-06-02 07:49:39+00,completed,2264.52,249.65,5.00,0.00,2519.17,1,
2479,121,2025-06-02 20:18:00+00,completed,450.27,50.08,35.00,30.00,505.35,4,8
2480,152,2025-06-03 03:06:04+00,completed,10728.48,1175.73,35.00,75.00,11864.21,4,2
2481,90,2025-06-03 09:26:07+00,refunded,193.80,24.07,35.00,10.00,242.87,4,11
2482,270,2025-06-03 13:11:05+00,completed,24.88,6.59,35.00,0.00,66.47,4,
2483,496,2025-06-03 15:14:20+00,completed,135.81,15.49,5.00,0.00,156.30,1,
2484,411,2025-06-03 15:17:49+00,completed,350.82,38.59,0.00,0.00,389.41,5,
2485,13,2025-06-03 19:57:39+00,cancelled,4913.76,540.51,0.00,0.00,5454.27,5,
2486,453,2025-06-04 04:39:14+00,processing,1849.61,204.01,5.00,0.00,2058.62,1,
2487,13,2025-06-04 05:09:32+00,pending,337.72,38.80,15.00,0.00,391.52,3,
2488,131,2025-06-04 06:55:02+00,completed,9139.05,1009.15,35.00,0.00,10183.20,4,
2489,272,2025-06-04 09:52:44+00,refunded,181.45,20.51,5.00,0.00,206.96,1,
2490,207,2025-06-04 13:21:08+00,completed,26.65,4.58,15.00,0.00,46.23,3,
2491,227,2025-06-04 17:56:09+00,cancelled,587.20,65.14,5.00,0.00,657.34,1,
2492,176,2025-06-04 23:59:12+00,shipped,1472.86,165.86,35.00,0.00,1673.72,4,
2493,321,2025-06-05 01:04:15+00,completed,1608.54,174.19,5.00,30.00,1757.73,1,8
2494,352,2025-06-05 17:02:10+00,completed,4394.13,483.90,5.00,0.00,4883.03,1,
2495,145,2025-06-05 20:13:58+00,completed,966.54,104.89,12.00,25.00,1058.43,2,5
2496,437,2025-06-06 04:04:23+00,completed,1455.48,153.17,12.00,75.00,1545.65,2,2
2497,321,2025-06-06 05:02:51+00,processing,5315.45,585.25,5.00,0.00,5905.70,1,
2498,367,2025-06-06 06:50:12+00,completed,1728.72,194.01,35.00,0.00,1957.73,4,
2499,220,2025-06-06 07:32:14+00,pending,4779.24,526.27,5.00,0.00,5310.51,1,
2500,59,2025-06-06 12:23:22+00,completed,8562.72,943.22,12.00,0.00,9517.94,2,
2501,166,2025-06-06 15:07:36+00,completed,999.48,111.59,15.00,0.00,1126.07,3,
2502,330,2025-06-06 16:50:05+00,completed,2066.16,228.60,12.00,0.00,2306.76,2,
2503,433,2025-06-06 19:45:58+00,shipped,814.52,90.15,5.00,0.00,909.67,1,
2504,51,2025-06-06 23:27:23+00,processing,4032.70,444.92,12.00,0.00,4489.62,2,
2505,492,2025-06-07 09:22:13+00,pending,11174.61,1230.86,15.00,0.00,12420.47,3,
2506,166,2025-06-07 12:42:12+00,completed,1103.11,122.99,15.00,0.00,1241.10,3,
2507,351,2025-06-07 14:17:08+00,refunded,2180.94,241.22,12.00,0.00,2434.16,2,
2508,474,2025-06-07 15:38:34+00,processing,1072.74,119.32,12.00,0.00,1204.06,2,
2509,300,2025-06-07 15:51:35+00,completed,10766.72,1184.89,5.00,0.00,11956.61,1,
2510,326,2025-06-07 16:11:22+00,processing,78.60,10.30,15.00,0.00,103.90,3,
2511,372,2025-06-07 19:52:26+00,completed,2233.88,245.73,0.00,0.00,2479.61,5,
2512,420,2025-06-07 21:34:45+00,pending,43.08,5.29,5.00,0.00,53.37,1,
2513,47,2025-06-08 01:58:13+00,completed,999.48,110.49,5.00,0.00,1114.97,1,
2514,28,2025-06-08 06:52:42+00,cancelled,450.27,50.08,5.00,0.00,505.35,1,
2515,279,2025-06-08 15:35:57+00,completed,499.74,55.52,5.00,0.00,560.26,1,
2516,136,2025-06-09 01:46:59+00,processing,792.69,87.75,5.00,0.00,885.44,1,
2517,11,2025-06-09 10:47:05+00,processing,249.87,28.04,5.00,0.00,282.91,1,
2518,410,2025-06-09 10:57:49+00,processing,588.63,66.07,12.00,0.00,666.70,2,
2519,115,2025-06-09 11:16:21+00,shipped,12799.06,1402.95,5.00,50.00,14157.01,1,9
2520,420,2025-06-09 23:29:05+00,processing,3189.27,352.14,12.00,0.00,3553.41,2,
2521,311,2025-06-10 00:51:57+00,completed,6660.03,733.15,5.00,0.00,7398.18,1,
2522,13,2025-06-10 12:52:48+00,shipped,453.56,47.91,12.00,30.00,483.47,2,8
2523,468,2025-06-11 00:04:28+00,completed,4395.28,487.33,35.00,0.00,4917.61,4,
2524,359,2025-06-11 03:34:06+00,pending,5515.55,607.26,5.00,0.00,6127.81,1,
2525,162,2025-06-11 06:50:17+00,completed,2743.61,302.35,5.00,0.00,3050.96,1,
2526,20,2025-06-11 15:45:54+00,completed,812.63,89.94,5.00,0.00,907.57,1,
2527,147,2025-06-12 02:04:50+00,completed,2946.32,324.65,5.00,0.00,3275.97,1,
2528,238,2025-06-12 12:26:30+00,completed,1016.23,112.34,5.00,0.00,1133.57,1,
2529,307,2025-06-12 12:54:53+00,shipped,722.98,79.53,0.00,0.00,802.51,5,
2530,476,2025-06-12 19:17:28+00,completed,2040.42,225.00,5.00,0.00,2270.42,1,
2531,107,2025-06-13 07:15:13+00,completed,802.65,88.84,5.00,0.00,896.49,1,
2532,91,2025-06-13 19:01:38+00,completed,1232.82,109.04,5.00,246.56,1100.30,1,3
2533,140,2025-06-14 04:15:21+00,completed,15897.82,1749.31,5.00,0.00,17652.13,1,
2534,27,2025-06-14 04:30:26+00,completed,7377.24,799.62,12.00,120.00,8068.86,2,6
2535,333,2025-06-14 11:04:11+00,completed,9632.98,1049.18,5.00,100.00,10587.16,1,7
2536,31,2025-06-14 11:23:42+00,pending,2290.90,253.32,12.00,0.00,2556.22,2,
2537,474,2025-06-14 16:57:14+00,completed,355.16,42.92,35.00,0.00,433.08,4,
2538,76,2025-06-14 19:08:44+00,cancelled,6584.31,716.02,0.00,75.00,7225.33,5,2
2539,92,2025-06-14 20:32:05+00,completed,333.30,34.28,5.00,26.66,345.92,1,9
2540,21,2025-06-15 06:36:39+00,shipped,18.52,3.69,15.00,0.00,37.21,3,
2541,185,2025-06-15 23:35:03+00,cancelled,2511.10,277.87,15.00,0.00,2803.97,3,
2542,43,2025-06-16 01:38:17+00,pending,11107.16,1222.34,5.00,0.00,12334.50,1,
2543,263,2025-06-16 02:23:30+00,completed,2550.60,273.64,12.00,75.00,2761.24,2,2
2544,60,2025-06-16 02:26:39+00,completed,4815.94,530.30,5.00,0.00,5351.24,1,
2545,123,2025-06-16 04:37:20+00,shipped,686.84,76.87,12.00,0.00,775.71,2,
2546,452,2025-06-16 14:17:57+00,completed,1331.25,147.76,12.00,0.00,1491.01,2,
2547,367,2025-06-16 14:30:07+00,shipped,30.52,5.01,15.00,0.00,50.53,3,
2548,482,2025-06-16 15:51:13+00,completed,974.35,108.50,12.00,0.00,1094.85,2,
2549,26,2025-06-16 18:49:32+00,completed,8756.93,963.81,5.00,0.00,9725.74,1,
2550,22,2025-06-17 13:19:59+00,completed,6422.04,703.67,5.00,30.00,7100.71,1,8
2551,229,2025-06-17 15:34:27+00,completed,1103.11,91.01,0.00,275.78,918.34,5,12
2552,202,2025-06-17 16:17:53+00,shipped,1079.92,119.34,5.00,0.00,1204.26,1,
2553,95,2025-06-17 16:38:14+00,processing,3277.56,364.38,35.00,0.00,3676.94,4,
2554,180,2025-06-17 17:16:28+00,completed,18508.94,2036.53,5.00,0.00,20550.47,1,
2555,271,2025-06-18 03:31:23+00,completed,1679.01,142.01,12.00,400.00,1433.02,2,12
2556,338,2025-06-18 06:59:55+00,shipped,3274.28,359.62,35.00,40.00,3628.90,4,1
2557,180,2025-06-18 07:02:08+00,refunded,37.04,5.39,12.00,0.00,54.43,2,
2558,105,2025-06-18 07:37:15+00,refunded,862.95,85.57,15.00,100.00,863.52,3,7
2559,359,2025-06-18 08:27:36+00,completed,1818.10,200.54,5.00,0.00,2023.64,1,
2560,405,2025-06-18 09:54:01+00,completed,212.92,23.97,5.00,0.00,241.89,1,
2561,142,2025-06-18 11:30:08+00,completed,384.76,46.17,35.00,0.00,465.93,4,
2562,473,2025-06-18 18:39:56+00,completed,40.78,8.34,35.00,0.00,84.12,4,
2563,297,2025-06-18 21:34:46+00,refunded,22.50,3.02,5.00,0.00,30.52,1,
2564,18,2025-06-18 22:50:22+00,processing,2155.36,237.64,5.00,0.00,2398.00,1,
2565,27,2025-06-19 03:12:10+00,pending,4893.74,538.86,5.00,0.00,5437.60,1,
2566,391,2025-06-19 09:05:06+00,completed,13850.15,1527.37,35.00,0.00,15412.52,4,
2567,463,2025-06-19 10:40:03+00,cancelled,1740.08,191.96,5.00,0.00,1937.04,1,
2568,142,2025-06-19 12:37:50+00,completed,8027.33,883.56,5.00,0.00,8915.89,1,
2569,425,2025-06-19 18:47:33+00,completed,7759.00,854.04,5.00,0.00,8618.04,1,
2570,265,2025-06-19 18:54:37+00,completed,6578.36,723.62,0.00,0.00,7301.98,5,
2571,432,2025-06-19 19:29:37+00,completed,2283.09,251.69,5.00,0.00,2539.78,1,
2572,442,2025-06-19 20:43:15+00,completed,773.44,85.63,5.00,0.00,864.07,1,
2573,402,2025-06-19 22:18:39+00,refunded,996.89,110.98,12.00,0.00,1119.87,2,
2574,386,2025-06-21 01:41:03+00,completed,1933.08,213.19,5.00,0.00,2151.27,1,
2575,352,2025-06-21 03:01:01+00,completed,8125.91,897.70,35.00,0.00,9058.61,4,
2576,296,2025-06-21 03:40:41+00,processing,2360.95,259.70,0.00,0.00,2620.65,5,
2577,372,2025-06-21 04:40:14+00,completed,1145.45,126.55,5.00,0.00,1277.00,1,
2578,185,2025-06-21 08:21:50+00,completed,92.58,10.18,0.00,0.00,102.76,5,
2579,272,2025-06-21 09:50:05+00,completed,8207.66,906.69,35.00,0.00,9149.35,4,
2580,360,2025-06-21 17:21:25+00,completed,3761.90,415.13,12.00,0.00,4189.03,2,
2581,146,2025-06-21 22:08:36+00,completed,14753.22,1617.90,5.00,50.00,16326.12,1,9
2582,499,2025-06-22 11:55:37+00,pending,7627.43,842.87,35.00,0.00,8505.30,4,
2583,122,2025-06-22 16:40:43+00,processing,3271.81,360.45,5.00,0.00,3637.26,1,
2584,178,2025-06-22 18:55:57+00,completed,2165.27,238.73,5.00,0.00,2409.00,1,
2585,193,2025-06-23 06:14:17+00,completed,9068.18,998.05,5.00,0.00,10071.23,1,
2586,145,2025-06-23 10:44:30+00,completed,4839.30,533.64,12.00,0.00,5384.94,2,
2587,78,2025-06-23 11:57:32+00,cancelled,3568.05,368.84,35.00,250.00,3721.89,4,3
2588,473,2025-06-23 11:58:30+00,completed,18261.47,2009.31,5.00,0.00,20275.78,1,
2589,106,2025-06-23 12:54:32+00,completed,1065.00,117.70,5.00,0.00,1187.70,1,
2590,322,2025-06-23 15:12:23+00,processing,1783.16,200.00,35.00,0.00,2018.16,4,
2591,481,2025-06-23 18:18:10+00,pending,617.32,68.46,5.00,0.00,690.78,1,
2592,248,2025-06-23 19:44:23+00,shipped,28.00,4.40,12.00,0.00,44.40,2,
2593,267,2025-06-23 20:16:57+00,processing,34.26,4.32,5.00,0.00,43.58,1,
2594,115,2025-06-24 01:07:24+00,completed,5933.60,654.02,12.00,0.00,6599.62,2,
2595,173,2025-06-24 05:37:31+00,cancelled,133.24,15.98,12.00,0.00,161.22,2,
2596,460,2025-06-24 15:30:27+00,completed,4361.29,481.06,12.00,0.00,4854.35,2,
2597,456,2025-06-24 19:07:51+00,completed,1513.73,167.83,12.00,0.00,1693.56,2,
2598,151,2025-06-24 23:30:39+00,completed,4315.78,475.29,5.00,0.00,4796.07,1,
2599,268,2025-06-25 07:46:28+00,completed,1883.64,207.42,12.00,10.00,2093.06,2,11
2600,176,2025-06-25 08:48:15+00,pending,3041.86,335.15,5.00,0.00,3382.01,1,
2601,66,2025-06-26 07:05:58+00,processing,13218.50,1454.59,5.00,0.00,14678.09,1,
2602,463,2025-06-26 12:06:48+00,completed,2140.68,236.79,12.00,0.00,2389.47,2,
2603,239,2025-06-26 21:35:46+00,completed,99.12,14.75,35.00,0.00,148.87,4,
2604,320,2025-06-27 06:34:41+00,completed,2330.43,256.90,5.00,0.00,2592.33,1,
2605,399,2025-06-27 21:53:53+00,processing,831.47,92.01,5.00,0.00,928.48,1,
2606,359,2025-06-27 23:43:22+00,pending,1663.19,183.50,5.00,0.00,1851.69,1,
2607,167,2025-06-28 02:04:39+00,completed,764.65,84.11,0.00,0.00,848.76,5,
2608,5,2025-06-28 04:08:37+00,completed,5564.29,613.39,12.00,0.00,6189.68,2,
2609,216,2025-06-28 14:27:20+00,shipped,817.05,90.43,5.00,0.00,912.48,1,
2610,391,2025-06-29 01:21:11+00,completed,5081.00,546.26,5.00,120.00,5512.26,1,6
2611,174,2025-06-29 04:03:31+00,shipped,12994.17,1429.91,5.00,0.00,14429.08,1,
2612,241,2025-06-29 04:58:54+00,completed,5515.55,606.71,0.00,0.00,6122.26,5,
2613,100,2025-06-29 08:40:48+00,completed,462.97,52.25,12.00,0.00,527.22,2,
2614,52,2025-06-29 21:42:07+00,completed,6383.51,706.04,35.00,0.00,7124.55,4,
2615,46,2025-06-30 02:57:24+00,shipped,40.78,6.14,15.00,0.00,61.92,3,
2616,30,2025-06-30 04:19:42+00,completed,4920.28,545.08,35.00,0.00,5500.36,4,
2617,442,2025-06-30 05:52:09+00,completed,1642.98,180.73,0.00,0.00,1823.71,5,
2618,187,2025-06-30 20:25:32+00,completed,561.76,59.59,5.00,25.00,601.35,1,5
2619,299,2025-06-30 21:06:04+00,processing,68.13,8.04,5.00,0.00,81.17,1,
2620,104,2025-06-30 23:49:31+00,completed,7016.33,772.35,5.00,0.00,7793.68,1,
2621,258,2025-07-01 02:42:20+00,processing,3326.41,366.46,5.00,0.00,3697.87,1,
2622,433,2025-07-01 03:47:09+00,processing,404.69,45.07,5.00,0.00,454.76,1,
2623,450,2025-07-01 05:28:07+00,completed,2175.10,239.81,5.00,0.00,2419.91,1,
2624,392,2025-07-01 08:52:19+00,pending,353.52,38.89,0.00,0.00,392.41,5,
2625,8,2025-07-01 18:30:36+00,completed,5047.55,559.08,35.00,0.00,5641.63,4,
2626,59,2025-07-01 19:09:24+00,completed,1191.64,131.08,0.00,0.00,1322.72,5,
2627,78,2025-07-01 20:17:47+00,completed,156.92,17.81,5.00,0.00,179.73,1,
2628,51,2025-07-01 20:23:44+00,cancelled,5293.68,586.15,35.00,0.00,5914.83,4,
2629,193,2025-07-01 23:46:46+00,shipped,8292.86,885.26,5.00,250.00,8933.12,1,3
2630,402,2025-07-02 08:45:01+00,completed,124.28,13.67,0.00,0.00,137.95,5,
2631,353,2025-07-02 10:30:15+00,shipped,14181.89,1516.01,0.00,400.00,15297.90,5,12
2632,195,2025-07-02 14:50:09+00,pending,3462.55,381.43,5.00,0.00,3848.98,1,
2633,8,2025-07-02 15:16:07+00,completed,4391.34,483.60,5.00,0.00,4879.94,1,
2634,107,2025-07-02 19:47:41+00,completed,7181.28,791.26,12.00,0.00,7984.54,2,
2635,90,2025-07-03 00:33:45+00,pending,199.86,21.98,0.00,0.00,221.84,5,
2636,453,2025-07-03 05:06:25+00,cancelled,12.54,2.70,12.00,0.00,27.24,2,
2637,319,2025-07-03 05:14:31+00,completed,338.51,38.56,12.00,0.00,389.07,2,
2638,442,2025-07-03 07:22:50+00,completed,1848.55,204.66,12.00,0.00,2065.21,2,
2639,442,2025-07-03 08:37:47+00,processing,60.49,7.31,12.00,6.05,73.75,2,1
2640,99,2025-07-03 16:01:32+00,shipped,1947.39,215.86,15.00,0.00,2178.25,3,
2641,8,2025-07-03 16:32:04+00,completed,1381.01,124.41,0.00,250.00,1255.42,5,3
2642,28,2025-07-03 22:07:43+00,pending,206.92,22.76,0.00,0.00,229.68,5,
2643,366,2025-07-04 00:06:34+00,refunded,10349.06,1138.95,5.00,0.00,11493.01,1,
2644,263,2025-07-04 02:09:40+00,completed,477.36,53.06,5.00,0.00,535.42,1,
2645,403,2025-07-04 05:41:50+00,completed,2187.42,241.17,5.00,0.00,2433.59,1,
2646,107,2025-07-04 13:16:15+00,completed,12712.59,1398.93,5.00,0.00,14116.52,1,
2647,147,2025-07-04 13:21:02+00,completed,1081.61,120.30,12.00,0.00,1213.91,2,
2648,164,2025-07-04 14:30:48+00,completed,1342.70,135.05,5.00,120.00,1362.75,1,6
2649,268,2025-07-04 19:59:06+00,completed,2108.68,231.95,0.00,0.00,2340.63,5,
2650,466,2025-07-05 05:09:00+00,shipped,535.08,58.86,0.00,0.00,593.94,5,
2651,28,2025-07-05 06:52:07+00,completed,652.26,73.40,15.00,0.00,740.66,3,
2652,373,2025-07-05 12:21:10+00,completed,3221.77,354.94,5.00,0.00,3581.71,1,
2653,431,2025-07-05 13:40:26+00,completed,818.78,90.62,5.00,0.00,914.40,1,
2654,321,2025-07-05 16:45:17+00,shipped,3988.04,396.33,15.00,400.00,3999.37,3,12
2655,373,2025-07-05 22:38:56+00,completed,1249.35,126.43,0.00,100.00,1275.78,5,7
2656,90,2025-07-05 22:42:46+00,completed,461.00,51.26,5.00,0.00,517.26,1,
2657,162,2025-07-05 22:44:39+00,completed,70.67,9.09,12.00,0.00,91.76,2,
2658,26,2025-07-05 23:26:10+00,refunded,5127.70,565.70,15.00,0.00,5708.40,3,
2659,360,2025-07-06 15:01:57+00,cancelled,2140.68,236.02,5.00,0.00,2381.70,1,
2660,95,2025-07-06 15:40:16+00,completed,3307.64,356.14,5.00,75.00,3593.78,1,2
2661,207,2025-07-08 02:34:06+00,completed,124.02,14.19,5.00,0.00,143.21,1,
2662,400,2025-07-08 03:01:45+00,completed,6682.84,735.66,5.00,0.00,7423.50,1,
2663,187,2025-07-08 06:18:08+00,completed,1174.24,127.74,12.00,25.00,1288.98,2,5
2664,115,2025-07-08 07:41:47+00,completed,1754.27,166.02,5.00,250.00,1675.29,1,3
2665,468,2025-07-08 08:34:03+00,completed,1443.25,159.31,5.00,0.00,1607.56,1,
2666,357,2025-07-08 09:02:18+00,completed,273.58,30.64,5.00,0.00,309.22,1,
2667,489,2025-07-08 12:00:49+00,completed,2610.12,287.66,5.00,0.00,2902.78,1,
2668,173,2025-07-08 15:30:49+00,completed,1453.59,161.54,15.00,0.00,1630.13,3,
2669,244,2025-07-08 21:54:15+00,shipped,759.18,84.06,5.00,0.00,848.24,1,
2670,478,2025-07-09 06:43:09+00,completed,8236.15,907.30,12.00,0.00,9155.45,2,
2671,473,2025-07-09 08:00:56+00,completed,632.48,73.42,35.00,0.00,740.90,4,
2672,435,2025-07-09 08:10:42+00,completed,2218.26,244.56,5.00,0.00,2467.82,1,
2673,293,2025-07-09 08:39:05+00,completed,968.04,96.03,5.00,100.00,969.07,1,7
2674,50,2025-07-09 12:20:15+00,shipped,19062.14,2097.39,5.00,0.00,21164.53,1,
2675,44,2025-07-09 23:31:09+00,shipped,259.21,26.74,15.00,31.11,269.84,3,6
2676,450,2025-07-10 01:22:02+00,processing,5871.04,646.03,12.00,10.00,6519.07,2,11
2677,60,2025-07-10 11:53:34+00,completed,958.56,105.99,5.00,0.00,1069.55,1,
2678,120,2025-07-10 12:25:03+00,refunded,1593.08,175.79,5.00,0.00,1773.87,1,
2679,220,2025-07-10 13:22:15+00,pending,6854.94,754.59,5.00,0.00,7614.53,1,
2680,191,2025-07-10 13:32:38+00,cancelled,4252.36,471.61,35.00,0.00,4758.97,4,
2681,192,2025-07-10 13:49:23+00,completed,1128.51,116.99,35.00,100.00,1180.50,4,7
2682,307,2025-07-10 21:17:28+00,processing,12558.51,1385.29,35.00,0.00,13978.80,4,
2683,279,2025-07-11 05:05:19+00,shipped,1007.91,111.42,5.00,0.00,1124.33,1,
2684,308,2025-07-11 14:42:06+00,shipped,2661.32,293.30,5.00,0.00,2959.62,1,
2685,90,2025-07-11 21:39:50+00,completed,1036.44,95.06,35.00,207.29,959.21,4,3
2686,308,2025-07-11 22:50:19+00,completed,37.32,5.43,12.00,0.00,54.75,2,
2687,358,2025-07-12 00:17:10+00,completed,4425.47,488.45,15.00,0.00,4928.92,3,
2688,122,2025-07-12 03:27:04+00,completed,1137.02,126.39,12.00,0.00,1275.41,2,
2689,322,2025-07-12 03:40:19+00,processing,49.76,6.79,12.00,0.00,68.55,2,
2690,239,2025-07-12 06:21:50+00,shipped,2175.10,239.81,5.00,0.00,2419.91,1,
2691,293,2025-07-12 11:47:14+00,pending,4948.58,544.89,5.00,0.00,5498.47,1,
2692,328,2025-07-12 11:47:55+00,processing,306.72,33.74,0.00,0.00,340.46,5,
2693,418,2025-07-12 20:17:23+00,processing,2754.63,292.56,5.00,100.00,2952.19,1,7
2694,216,2025-07-13 00:27:51+00,completed,884.23,78.36,5.00,176.85,790.74,1,3
2695,473,2025-07-13 06:13:20+00,completed,558.66,50.81,15.00,111.73,512.74,3,3
2696,184,2025-07-13 06:35:05+00,completed,12989.64,1432.71,35.00,0.00,14457.35,4,
2697,363,2025-07-13 08:16:36+00,shipped,1317.71,145.50,5.00,0.00,1468.21,1,
2698,145,2025-07-13 10:38:14+00,processing,455.55,53.96,35.00,0.00,544.51,4,
2699,383,2025-07-13 13:34:48+00,processing,472.65,53.31,12.00,0.00,537.96,2,
2700,27,2025-07-13 16:13:07+00,completed,2995.83,333.39,35.00,0.00,3364.22,4,
2701,312,2025-07-13 16:53:03+00,completed,12.44,1.37,0.00,0.00,13.81,5,
2702,239,2025-07-13 20:38:51+00,processing,574.00,52.69,5.00,100.00,531.69,1,7
2703,288,2025-07-14 05:53:24+00,completed,1510.39,128.46,35.00,377.60,1296.25,4,12
2704,405,2025-07-14 15:28:50+00,completed,5742.51,632.23,5.00,0.00,6379.74,1,
2705,189,2025-07-15 02:09:43+00,completed,7488.70,822.11,35.00,50.00,8295.81,4,9
2706,435,2025-07-15 05:46:54+00,shipped,8043.67,886.12,12.00,0.00,8941.79,2,
2707,285,2025-07-15 07:36:14+00,completed,1222.88,135.07,5.00,0.00,1362.95,1,
2708,14,2025-07-15 10:02:32+00,shipped,375.57,42.63,12.00,0.00,430.20,2,
2709,383,2025-07-15 17:40:04+00,refunded,1221.75,138.24,35.00,0.00,1394.99,4,
2710,104,2025-07-15 21:22:45+00,refunded,6144.38,676.43,5.00,0.00,6825.81,1,
2711,174,2025-07-15 22:35:55+00,completed,302.99,37.18,35.00,0.00,375.17,4,
2712,361,2025-07-16 01:03:23+00,completed,3195.68,355.37,35.00,0.00,3586.05,4,
2713,191,2025-07-16 04:06:27+00,completed,16158.87,1778.03,5.00,0.00,17941.90,1,
2714,360,2025-07-16 17:21:52+00,completed,5727.25,630.00,0.00,0.00,6357.25,5,
2715,411,2025-07-16 21:21:12+00,completed,34.97,4.40,5.00,0.00,44.37,1,
2716,145,2025-07-16 21:58:55+00,completed,465.27,51.73,5.00,0.00,522.00,1,
2717,155,2025-07-17 04:04:12+00,processing,9963.89,1096.58,5.00,0.00,11065.47,1,
2718,222,2025-07-17 14:52:25+00,completed,5641.91,621.16,5.00,0.00,6268.07,1,
2719,268,2025-07-17 18:16:50+00,processing,1109.27,114.32,5.00,75.00,1153.59,1,2
2720,308,2025-07-17 23:43:33+00,completed,144.51,15.63,12.00,14.45,157.69,2,1
2721,494,2025-07-18 06:18:13+00,completed,436.86,48.60,5.00,0.00,490.46,1,
2722,270,2025-07-18 12:14:47+00,completed,902.25,97.60,35.00,50.00,984.85,4,9
2723,222,2025-07-18 20:30:37+00,completed,7167.43,792.27,35.00,0.00,7994.70,4,
2724,462,2025-07-18 23:45:52+00,completed,208.30,24.23,12.00,0.00,244.53,2,
2725,34,2025-07-19 00:54:16+00,completed,1922.87,207.12,0.00,40.00,2089.99,5,1
2726,344,2025-07-19 04:36:50+00,completed,7121.80,783.40,0.00,0.00,7905.20,5,
2727,302,2025-07-19 05:26:58+00,refunded,267.42,31.07,15.00,0.00,313.49,3,
2728,288,2025-07-19 06:58:24+00,completed,1735.24,164.70,12.00,250.00,1661.94,2,3
2729,267,2025-07-19 12:03:33+00,completed,2411.73,255.61,12.00,100.00,2579.34,2,7
2730,487,2025-07-19 16:55:27+00,completed,263.98,29.59,5.00,0.00,298.57,1,
2731,55,2025-07-19 17:39:34+00,refunded,1320.90,109.52,5.00,330.23,1105.19,1,12
2732,51,2025-07-20 05:57:34+00,shipped,3474.58,382.75,5.00,0.00,3862.33,1,
2733,105,2025-07-20 19:55:13+00,shipped,740.63,82.79,12.00,0.00,835.42,2,
2734,484,2025-07-21 00:07:45+00,completed,482.43,53.07,0.00,0.00,535.50,5,
2735,420,2025-07-21 02:22:47+00,cancelled,520.32,57.79,5.00,0.00,583.11,1,
2736,185,2025-07-21 09:50:47+00,completed,4528.52,471.19,5.00,250.00,4754.71,1,3
2737,241,2025-07-21 10:41:02+00,cancelled,74.64,8.76,5.00,0.00,88.40,1,
2738,85,2025-07-21 11:45:05+00,shipped,4004.85,444.38,35.00,0.00,4484.23,4,
2739,60,2025-07-21 13:05:39+00,completed,37.04,7.92,35.00,0.00,79.96,4,
2740,411,2025-07-21 15:06:48+00,completed,2258.05,248.39,0.00,0.00,2506.44,5,
2741,253,2025-07-21 18:16:04+00,completed,10912.95,1204.27,35.00,0.00,12152.22,4,
2742,84,2025-07-21 19:07:35+00,processing,129.90,13.47,12.00,19.48,135.89,2,2
2743,316,2025-07-21 20:49:19+00,completed,10974.62,1208.53,12.00,0.00,12195.15,2,
2744,14,2025-07-21 21:22:49+00,pending,368.87,41.13,5.00,0.00,415.00,1,
2745,75,2025-07-22 02:24:25+00,completed,25831.64,2837.30,12.00,50.00,28630.94,2,9
2746,8,2025-07-22 03:09:28+00,processing,6450.76,710.13,5.00,0.00,7165.89,1,
2747,236,2025-07-22 04:12:22+00,processing,596.30,66.14,5.00,0.00,667.44,1,
2748,413,2025-07-22 05:42:50+00,completed,473.08,52.04,0.00,0.00,525.12,5,
2749,124,2025-07-22 07:23:44+00,shipped,6711.84,738.85,5.00,0.00,7455.69,1,
2750,265,2025-07-22 07:47:07+00,completed,327.31,36.55,5.00,0.00,368.86,1,
2751,463,2025-07-22 08:03:52+00,completed,212.92,19.75,5.00,38.33,199.34,1,7
2752,300,2025-07-22 15:26:18+00,completed,3793.79,417.87,5.00,0.00,4216.66,1,
2753,114,2025-07-22 17:12:31+00,completed,278.41,30.63,0.00,0.00,309.04,5,
2754,123,2025-07-22 23:45:23+00,completed,5670.81,623.79,0.00,0.00,6294.60,5,
2755,456,2025-07-23 07:32:05+00,shipped,4475.16,493.92,15.00,0.00,4984.08,3,
2756,380,2025-07-23 09:10:20+00,shipped,202.19,19.45,5.00,30.33,196.31,1,2
2757,165,2025-07-23 09:34:30+00,completed,1188.76,131.31,5.00,0.00,1325.07,1,
2758,470,2025-07-23 13:45:13+00,shipped,31.35,4.77,12.00,0.00,48.12,2,
2759,38,2025-07-23 14:51:23+00,completed,102.78,11.86,5.00,0.00,119.64,1,
2760,412,2025-07-23 15:51:22+00,completed,6535.81,720.26,12.00,0.00,7268.07,2,
2761,392,2025-07-23 21:35:22+00,shipped,1206.57,125.02,5.00,75.00,1261.59,1,2
2762,123,2025-07-23 23:23:36+00,completed,6804.54,749.05,5.00,0.00,7558.59,1,
2763,294,2025-07-24 05:52:45+00,completed,4251.76,469.01,12.00,0.00,4732.77,2,
2764,481,2025-07-24 13:10:59+00,completed,7210.14,793.67,5.00,0.00,8008.81,1,
2765,402,2025-07-25 04:02:30+00,processing,305.42,32.23,12.00,24.43,325.22,2,9
2766,11,2025-07-25 05:28:31+00,completed,41.20,5.08,5.00,0.00,51.28,1,
2767,445,2025-07-25 13:05:51+00,completed,2335.72,258.58,15.00,0.00,2609.30,3,
2768,362,2025-07-25 16:59:33+00,completed,85.65,13.27,35.00,0.00,133.92,4,
2769,452,2025-07-26 02:00:07+00,processing,63.08,10.79,35.00,0.00,108.87,4,
2770,364,2025-07-26 04:05:15+00,shipped,114.20,16.41,35.00,0.00,165.61,4,
2771,161,2025-07-26 16:43:55+00,completed,6274.51,691.85,15.00,0.00,6981.36,3,
2772,10,2025-07-26 18:35:28+00,completed,70.58,9.08,12.00,0.00,91.66,2,
2773,121,2025-07-26 19:43:57+00,completed,1215.54,135.36,15.00,0.00,1365.90,3,
2774,179,2025-07-27 00:06:24+00,refunded,12899.01,1419.44,5.00,0.00,14323.45,1,
2775,190,2025-07-27 00:11:58+00,processing,126.02,12.33,5.00,18.90,124.45,1,2
2776,308,2025-07-27 02:51:02+00,processing,6939.07,757.80,0.00,50.00,7646.87,5,9
2777,366,2025-07-27 03:49:15+00,cancelled,8890.16,977.92,0.00,0.00,9868.08,5,
2778,190,2025-07-27 20:50:14+00,completed,2852.50,315.43,15.00,0.00,3182.93,3,
2779,122,2025-07-28 01:26:58+00,completed,642.23,71.97,12.00,0.00,726.20,2,
2780,60,2025-07-28 03:48:14+00,shipped,5315.45,586.02,12.00,0.00,5913.47,2,
2781,230,2025-07-28 06:01:35+00,completed,110.60,12.72,5.00,0.00,128.32,1,
2782,423,2025-07-28 10:28:27+00,completed,119.34,13.68,5.00,0.00,138.02,1,
2783,286,2025-07-28 13:55:07+00,completed,2015.61,218.97,15.00,40.00,2209.58,3,1
2784,431,2025-07-28 13:57:43+00,shipped,790.60,87.52,5.00,0.00,883.12,1,
2785,26,2025-07-28 19:03:19+00,shipped,402.40,39.50,5.00,48.29,398.61,1,6
2786,91,2025-07-28 22:34:16+00,completed,435.02,51.70,35.00,0.00,521.72,4,
2787,123,2025-07-28 23:08:14+00,completed,17413.58,1916.81,12.00,0.00,19342.39,2,
2788,429,2025-07-29 00:45:50+00,completed,7181.32,789.40,5.00,10.00,7965.72,1,11
2789,453,2025-07-29 01:15:44+00,pending,379.92,43.11,12.00,0.00,435.03,2,
2790,257,2025-07-29 04:10:30+00,completed,1565.59,173.86,15.00,0.00,1754.45,3,
2791,344,2025-07-29 10:10:19+00,pending,473.08,52.59,5.00,0.00,530.67,1,
2792,241,2025-07-29 14:22:15+00,refunded,68.52,8.09,5.00,0.00,81.61,1,
2793,3,2025-07-29 14:57:04+00,completed,11142.65,1226.24,5.00,0.00,12373.89,1,
2794,373,2025-07-29 16:41:44+00,pending,12882.73,1417.65,5.00,0.00,14305.38,1,
2795,227,2025-07-30 01:28:02+00,completed,4133.68,455.25,5.00,0.00,4593.93,1,
2796,248,2025-07-30 09:08:07+00,completed,242.50,24.48,5.00,25.00,246.98,1,5
2797,270,2025-07-30 10:36:37+00,pending,5124.77,564.82,35.00,25.00,5699.59,4,5
2798,248,2025-07-30 11:19:03+00,cancelled,141.32,16.10,5.00,0.00,162.42,1,
2799,238,2025-07-30 12:13:38+00,processing,934.77,95.89,12.00,75.00,967.66,2,2
2800,312,2025-07-30 14:15:50+00,shipped,91.65,10.08,0.00,0.00,101.73,5,
2801,145,2025-07-30 18:35:28+00,pending,628.84,70.82,15.00,0.00,714.66,3,
2802,288,2025-07-30 19:53:56+00,completed,288.32,33.04,12.00,0.00,333.36,2,
2803,351,2025-07-30 22:25:37+00,completed,308.60,33.95,0.00,0.00,342.55,5,
2804,420,2025-07-31 01:48:26+00,completed,39.36,8.18,35.00,0.00,82.54,4,
2805,343,2025-07-31 06:10:57+00,pending,1483.84,164.54,12.00,0.00,1660.38,2,
2806,251,2025-07-31 08:10:27+00,completed,751.14,86.48,35.00,0.00,872.62,4,
2807,392,2025-07-31 09:44:55+00,completed,1087.48,120.94,12.00,0.00,1220.42,2,
2808,455,2025-07-31 09:52:38+00,processing,8469.54,932.20,5.00,0.00,9406.74,1,
2809,321,2025-07-31 11:17:38+00,refunded,505.12,49.45,5.00,60.61,498.96,1,6
2810,492,2025-07-31 13:35:13+00,completed,2228.53,245.69,5.00,0.00,2479.22,1,
2811,340,2025-08-01 04:14:25+00,pending,11142.65,1226.24,5.00,0.00,12373.89,1,
2812,309,2025-08-01 06:01:50+00,shipped,189.55,20.85,0.00,0.00,210.40,5,
2813,402,2025-08-01 06:55:33+00,completed,353.52,39.44,5.00,0.00,397.96,1,
2814,285,2025-08-01 16:49:33+00,cancelled,952.56,106.43,15.00,0.00,1073.99,3,
2815,341,2025-08-01 17:14:16+00,completed,5754.76,634.34,12.00,0.00,6401.10,2,
2816,268,2025-08-01 21:08:10+00,completed,272.20,29.94,0.00,0.00,302.14,5,
2817,453,2025-08-02 09:24:14+00,completed,1220.34,134.24,0.00,0.00,1354.58,5,
2818,499,2025-08-02 12:09:42+00,refunded,1381.36,153.60,15.00,0.00,1549.96,3,
2819,138,2025-08-02 15:55:21+00,shipped,1130.37,124.89,5.00,0.00,1260.26,1,
2820,29,2025-08-02 19:37:10+00,shipped,32.52,4.54,12.00,3.25,45.81,2,1
2821,136,2025-08-02 21:33:16+00,completed,300.08,34.66,15.00,0.00,349.74,3,
2822,283,2025-08-03 01:45:45+00,completed,55.56,5.62,0.00,4.44,56.74,5,9
2823,174,2025-08-03 03:46:09+00,cancelled,4779.24,482.27,5.00,400.00,4866.51,1,12
2824,184,2025-08-03 07:16:45+00,shipped,15666.79,1723.90,5.00,0.00,17395.69,1,
2825,53,2025-08-03 09:12:19+00,shipped,10847.66,1197.09,35.00,0.00,12079.75,4,
2826,452,2025-08-03 13:58:04+00,completed,67.50,7.97,5.00,0.00,80.47,1,
2827,17,2025-08-03 16:06:33+00,completed,11142.65,1226.24,5.00,0.00,12373.89,1,
2828,60,2025-08-03 17:52:44+00,completed,4532.06,499.08,5.00,0.00,5036.14,1,
2829,435,2025-08-03 21:20:22+00,completed,84.00,9.24,0.00,0.00,93.24,5,
2830,492,2025-08-04 00:37:05+00,completed,4445.42,490.65,15.00,0.00,4951.07,3,
2831,487,2025-08-04 06:42:41+00,completed,4750.62,524.22,15.00,0.00,5289.84,3,
2832,360,2025-08-04 16:54:01+00,completed,266.25,27.87,35.00,47.92,281.20,4,7
2833,176,2025-08-04 22:26:32+00,shipped,966.54,107.64,12.00,0.00,1086.18,2,
2834,241,2025-08-05 00:01:12+00,processing,2059.23,227.07,5.00,0.00,2291.30,1,
2835,342,2025-08-05 02:13:21+00,completed,1873.65,209.95,35.00,0.00,2118.60,4,
2836,129,2025-08-05 05:55:42+00,completed,5720.70,629.83,5.00,0.00,6355.53,1,
2837,492,2025-08-05 22:59:28+00,completed,141.43,16.11,5.00,0.00,162.54,1,
2838,411,2025-08-06 05:51:46+00,shipped,1620.86,178.84,5.00,0.00,1804.70,1,
2839,152,2025-08-06 06:00:12+00,completed,2112.16,233.66,12.00,0.00,2357.82,2,
2840,425,2025-08-06 07:20:23+00,processing,62.94,7.47,5.00,0.00,75.41,1,
2841,362,2025-08-06 21:39:55+00,processing,11142.65,1227.01,12.00,0.00,12381.66,2,
2842,184,2025-08-07 00:33:15+00,completed,2634.42,291.44,15.00,0.00,2940.86,3,
2843,114,2025-08-07 03:33:52+00,completed,63.40,7.52,5.00,0.00,75.92,1,
2844,202,2025-08-07 05:38:44+00,shipped,629.08,70.52,12.00,0.00,711.60,2,
2845,307,2025-08-07 14:58:53+00,completed,115.54,12.24,5.00,9.24,123.54,1,9
2846,178,2025-08-07 15:50:23+00,completed,154.58,17.00,0.00,0.00,171.58,5,
2847,52,2025-08-08 00:13:30+00,completed,1328.86,146.72,5.00,0.00,1480.58,1,
2848,186,2025-08-08 00:20:17+00,completed,4738.49,521.78,5.00,0.00,5265.27,1,
2849,358,2025-08-08 01:40:15+00,completed,15121.56,1663.92,5.00,0.00,16790.48,1,
2850,451,2025-08-08 06:17:39+00,completed,54.48,7.64,15.00,0.00,77.12,3,
2851,31,2025-08-08 08:32:54+00,shipped,4457.06,446.83,5.00,400.00,4508.89,1,12
2852,238,2025-08-08 10:01:50+00,completed,13862.14,1526.16,12.00,0.00,15400.30,2,
2853,367,2025-08-08 10:52:03+00,processing,8335.06,915.21,15.00,30.00,9235.27,3,8
2854,19,2025-08-08 14:29:31+00,processing,15.84,1.74,0.00,0.00,17.58,5,
2855,352,2025-08-08 15:19:39+00,completed,794.23,91.22,35.00,0.00,920.45,4,
2856,55,2025-08-08 15:28:15+00,completed,1668.71,185.21,15.00,0.00,1868.92,3,
2857,372,2025-08-08 17:07:25+00,completed,11450.14,1252.59,12.00,75.00,12639.73,2,2
2858,176,2025-08-08 20:26:25+00,completed,771.05,86.47,15.00,0.00,872.52,3,
2859,285,2025-08-08 21:40:06+00,completed,7396.91,814.21,5.00,0.00,8216.12,1,
2860,50,2025-08-08 23:08:47+00,shipped,2590.08,286.23,12.00,0.00,2888.31,2,
2861,479,2025-08-08 23:59:29+00,completed,7892.08,869.45,12.00,0.00,8773.53,2,
2862,379,2025-08-09 07:18:14+00,completed,5052.28,554.65,15.00,25.00,5596.93,3,5
2863,320,2025-08-09 16:32:30+00,completed,9193.78,1011.87,5.00,0.00,10210.65,1,
2864,270,2025-08-09 17:05:14+00,completed,4407.84,457.91,5.00,250.00,4620.75,1,3
2865,434,2025-08-09 17:43:03+00,completed,8562.72,943.22,12.00,0.00,9517.94,2,
2866,202,2025-08-09 20:40:32+00,completed,1526.13,167.87,0.00,0.00,1694.00,5,
2867,496,2025-08-10 00:12:08+00,cancelled,7102.25,781.80,5.00,0.00,7889.05,1,
2868,10,2025-08-10 03:18:09+00,completed,1028.02,114.73,15.00,0.00,1157.75,3,
2869,85,2025-08-10 10:11:41+00,processing,1338.51,147.79,5.00,0.00,1491.30,1,
2870,35,2025-08-10 14:19:15+00,completed,3651.79,402.25,5.00,0.00,4059.04,1,
2871,100,2025-08-10 15:47:08+00,completed,15378.26,1692.93,12.00,0.00,17083.19,2,
2872,48,2025-08-10 17:56:43+00,completed,4321.17,475.33,0.00,0.00,4796.50,5,
2873,429,2025-08-10 19:07:00+00,refunded,668.90,74.13,5.00,0.00,748.03,1,
2874,268,2025-08-10 23:05:11+00,completed,6916.51,762.14,12.00,0.00,7690.65,2,
2875,104,2025-08-11 00:23:17+00,completed,4585.24,504.93,5.00,0.00,5095.17,1,
2876,229,2025-08-11 00:55:12+00,completed,6949.14,757.26,35.00,100.00,7641.40,4,7
2877,456,2025-08-11 09:29:41+00,completed,3487.29,384.15,5.00,0.00,3876.44,1,
2878,124,2025-08-11 10:12:55+00,completed,949.02,104.94,5.00,0.00,1058.96,1,
2879,495,2025-08-11 14:58:35+00,completed,3083.46,340.83,15.00,0.00,3439.29,3,
2880,192,2025-08-12 04:31:07+00,completed,161.14,18.28,5.00,0.00,184.42,1,
2881,450,2025-08-12 07:35:48+00,processing,29.55,3.47,5.00,2.96,35.06,1,1
2882,266,2025-08-12 19:24:08+00,completed,254.86,28.03,0.00,0.00,282.89,5,
2883,497,2025-08-12 19:35:13+00,shipped,1937.17,213.64,5.00,0.00,2155.81,1,
2884,84,2025-08-13 00:36:14+00,completed,9527.56,1043.63,0.00,40.00,10531.19,5,1
2885,251,2025-08-13 00:36:46+00,shipped,3881.75,427.54,5.00,0.00,4314.29,1,
2886,405,2025-08-13 03:29:37+00,completed,1224.81,127.58,35.00,100.00,1287.39,4,7
2887,293,2025-08-13 09:20:42+00,pending,2157.47,237.32,0.00,0.00,2394.79,5,
2888,488,2025-08-13 13:03:34+00,shipped,9.46,1.59,5.00,0.00,16.05,1,
2889,215,2025-08-13 14:04:03+00,processing,6907.45,760.37,5.00,0.00,7672.82,1,
2890,44,2025-08-13 18:36:44+00,completed,87.06,10.13,12.00,6.96,102.23,2,9
2891,106,2025-08-13 20:33:47+00,shipped,17954.86,1975.58,5.00,0.00,19935.44,1,
2892,299,2025-08-14 02:26:32+00,completed,1804.80,199.63,35.00,25.00,2014.43,4,5
2893,26,2025-08-14 05:22:23+00,completed,81.84,8.20,5.00,12.28,82.76,1,10
2894,473,2025-08-14 07:45:36+00,shipped,231.39,26.00,5.00,0.00,262.39,1,
2895,238,2025-08-14 11:56:45+00,shipped,6732.22,742.19,15.00,0.00,7489.41,3,
2896,363,2025-08-14 14:43:58+00,completed,726.84,80.50,5.00,0.00,812.34,1,
2897,410,2025-08-14 14:54:15+00,completed,9533.88,1049.28,5.00,0.00,10588.16,1,
2898,477,2025-08-14 15:45:57+00,completed,259.80,28.03,5.00,10.00,282.83,1,11
2899,28,2025-08-14 22:05:12+00,completed,6504.88,719.39,35.00,0.00,7259.27,4,
2900,460,2025-08-14 22:26:31+00,shipped,4380.64,482.42,5.00,0.00,4868.06,1,
2901,107,2025-08-15 08:33:10+00,refunded,1723.86,190.17,5.00,0.00,1919.03,1,
2902,18,2025-08-15 17:57:40+00,completed,61.61,7.42,12.00,6.16,74.87,2,1
2903,5,2025-08-15 23:06:42+00,processing,5606.22,616.13,5.00,10.00,6217.35,1,11
2904,425,2025-08-16 04:39:08+00,pending,39.66,8.21,35.00,0.00,82.87,4,
2905,411,2025-08-16 11:02:52+00,completed,2033.34,224.77,35.00,25.00,2268.11,4,5
2906,495,2025-08-16 13:01:36+00,processing,6072.28,657.50,5.00,100.00,6634.78,1,7
2907,450,2025-08-16 17:10:26+00,processing,5857.60,644.89,5.00,0.00,6507.49,1,
2908,485,2025-08-17 09:11:16+00,pending,3709.65,409.38,12.00,0.00,4131.03,2,
2909,216,2025-08-17 10:37:48+00,completed,233.10,26.19,5.00,0.00,264.29,1,
2910,473,2025-08-17 16:25:40+00,shipped,373.45,41.63,5.00,0.00,420.08,1,
2911,266,2025-08-17 18:04:57+00,completed,3448.91,371.13,15.00,90.00,3745.04,3,10
2912,355,2025-08-17 18:29:16+00,processing,3912.89,434.27,35.00,0.00,4382.16,4,
2913,175,2025-08-17 22:06:20+00,completed,6164.53,676.67,12.00,25.00,6828.20,2,5
2914,320,2025-08-18 06:26:32+00,completed,574.85,51.91,12.00,114.97,523.79,2,3
2915,451,2025-08-18 08:58:34+00,completed,92.39,12.49,35.00,13.86,126.02,4,10
2916,311,2025-08-18 11:57:11+00,completed,3194.83,351.98,5.00,0.00,3551.81,1,
2917,357,2025-08-18 13:14:42+00,completed,3697.10,408.33,15.00,0.00,4120.43,3,
2918,383,2025-08-18 14:25:11+00,completed,10703.40,1178.69,12.00,0.00,11894.09,2,
2919,279,2025-08-18 23:09:56+00,refunded,2167.65,238.44,0.00,0.00,2406.09,5,
2920,31,2025-08-18 23:54:29+00,pending,124.08,15.30,15.00,0.00,154.38,3,
2921,464,2025-08-19 03:21:00+00,refunded,6685.59,737.06,15.00,0.00,7437.65,3,
2922,272,2025-08-19 05:21:59+00,pending,1569.04,176.44,35.00,0.00,1780.48,4,
2923,435,2025-08-19 17:35:59+00,completed,3633.11,356.19,5.00,400.00,3594.30,1,12
2924,289,2025-08-19 22:06:54+00,completed,1723.87,190.18,5.00,0.00,1919.05,1,
2925,403,2025-08-20 00:53:03+00,pending,883.87,97.45,12.00,10.00,983.32,2,11
2926,456,2025-08-20 04:06:42+00,completed,688.73,65.86,0.00,90.00,664.59,5,10
2927,91,2025-08-20 04:37:26+00,pending,2787.56,307.95,12.00,0.00,3107.51,2,
2928,490,2025-08-20 09:23:28+00,shipped,10793.49,1187.83,5.00,0.00,11986.32,1,
2929,411,2025-08-21 17:55:05+00,shipped,11233.54,1239.54,35.00,0.00,12508.08,4,
2930,8,2025-08-21 19:01:30+00,processing,970.37,110.59,35.00,0.00,1115.96,4,
2931,372,2025-08-21 23:53:57+00,completed,7965.40,876.74,5.00,0.00,8847.14,1,
2932,181,2025-08-22 03:16:13+00,completed,515.00,57.97,12.00,0.00,584.97,2,
2933,479,2025-08-22 03:56:01+00,completed,2239.25,247.64,12.00,0.00,2498.89,2,
2934,445,2025-08-22 06:59:50+00,refunded,33.72,3.89,5.00,3.37,39.24,1,1
2935,450,2025-08-22 07:44:40+00,cancelled,2579.72,284.32,5.00,0.00,2869.04,1,
2936,253,2025-08-22 11:25:31+00,completed,646.14,72.40,12.00,0.00,730.54,2,
2937,74,2025-08-22 13:57:25+00,completed,3569.04,385.44,35.00,100.00,3889.48,4,7
2938,320,2025-08-22 14:51:38+00,completed,2490.71,277.83,35.00,0.00,2803.54,4,
2939,385,2025-08-22 15:16:33+00,pending,135.21,18.72,35.00,0.00,188.93,4,
2940,78,2025-08-23 06:29:06+00,completed,86.60,10.08,5.00,0.00,101.68,1,
2941,466,2025-08-23 15:22:49+00,refunded,1471.54,165.72,35.00,0.00,1672.26,4,
2942,453,2025-08-23 15:47:20+00,completed,365.84,40.79,5.00,0.00,411.63,1,
2943,372,2025-08-24 00:57:52+00,completed,1162.59,124.80,12.00,40.00,1259.39,2,1
2944,187,2025-08-24 01:43:21+00,completed,1331.25,146.99,5.00,0.00,1483.24,1,
2945,297,2025-08-24 11:46:29+00,shipped,824.18,92.31,15.00,0.00,931.49,3,
2946,474,2025-08-24 12:05:05+00,completed,12302.23,1354.57,12.00,0.00,13668.80,2,
2947,495,2025-08-24 15:32:24+00,shipped,576.19,63.93,5.00,0.00,645.12,1,
2948,3,2025-08-24 18:15:48+00,completed,121.89,13.41,0.00,0.00,135.30,5,
2949,352,2025-08-24 19:08:21+00,processing,15.26,3.00,12.00,0.00,30.26,2,
2950,358,2025-08-24 19:50:22+00,shipped,853.29,97.71,35.00,0.00,986.00,4,
2951,230,2025-08-25 04:42:58+00,completed,24198.37,2662.37,5.00,0.00,26865.74,1,
2952,92,2025-08-25 09:17:26+00,completed,4390.30,483.48,5.00,0.00,4878.78,1,
2953,5,2025-08-25 10:28:10+00,completed,520.82,58.61,12.00,0.00,591.43,2,
2954,174,2025-08-25 16:36:14+00,completed,2804.58,298.60,0.00,90.00,3013.18,5,10
2955,259,2025-08-25 22:18:29+00,completed,2063.93,227.58,5.00,0.00,2296.51,1,
2956,493,2025-08-26 03:25:40+00,completed,1999.32,215.53,35.00,75.00,2174.85,4,2
2957,188,2025-08-26 08:13:34+00,processing,5181.29,570.49,5.00,0.00,5756.78,1,
2958,435,2025-08-26 13:59:39+00,shipped,9760.96,1074.26,5.00,0.00,10840.22,1,
2959,34,2025-08-26 16:10:14+00,pending,3957.28,439.15,35.00,0.00,4431.43,4,
2960,27,2025-08-27 00:57:25+00,completed,2228.53,237.44,5.00,75.00,2395.97,1,2
2961,333,2025-08-27 03:17:50+00,completed,3542.82,391.03,12.00,0.00,3945.85,2,
2962,477,2025-08-27 09:35:40+00,completed,1317.21,146.21,12.00,0.00,1475.42,2,
2963,69,2025-08-27 13:32:15+00,shipped,942.00,104.94,12.00,0.00,1058.94,2,
2964,236,2025-08-27 14:27:26+00,completed,62.94,7.47,5.00,0.00,75.41,1,
2965,291,2025-08-27 16:56:39+00,shipped,23.77,3.16,5.00,0.00,31.93,1,
2966,185,2025-08-27 19:14:55+00,completed,3559.00,392.04,5.00,0.00,3956.04,1,
2967,112,2025-08-27 22:19:09+00,completed,2371.82,252.32,12.00,90.00,2546.14,2,10
2968,178,2025-08-28 00:38:37+00,completed,1711.62,189.93,15.00,0.00,1916.55,3,
2969,202,2025-08-28 01:32:27+00,completed,2703.12,301.19,35.00,0.00,3039.31,4,
2970,152,2025-08-28 02:24:40+00,completed,790.60,87.52,5.00,0.00,883.12,1,
2971,102,2025-08-28 03:22:40+00,completed,4466.12,491.82,5.00,0.00,4962.94,1,
2972,299,2025-08-28 06:45:30+00,completed,17486.69,1914.96,12.00,90.00,19323.65,2,10
2973,159,2025-08-28 17:25:42+00,pending,1523.86,158.27,35.00,120.00,1597.13,4,6
2974,177,2025-08-28 21:13:28+00,completed,677.80,75.11,5.00,0.00,757.91,1,
2975,330,2025-08-29 01:49:53+00,completed,3905.60,430.17,5.00,0.00,4340.77,1,
2976,496,2025-08-29 02:36:51+00,completed,2776.84,306.77,12.00,0.00,3095.61,2,
2977,485,2025-08-29 13:44:50+00,completed,1054.82,119.88,35.00,0.00,1209.70,4,
2978,323,2025-08-29 20:25:06+00,shipped,1520.97,171.16,35.00,0.00,1727.13,4,
2979,368,2025-08-30 00:25:31+00,completed,3017.31,333.22,12.00,0.00,3362.53,2,
2980,279,2025-08-30 01:42:00+00,completed,8006.04,876.81,5.00,40.00,8847.85,1,1
2981,84,2025-08-30 01:43:10+00,processing,6933.11,763.19,5.00,0.00,7701.30,1,
2982,10,2025-08-30 06:28:20+00,cancelled,319.60,36.48,12.00,0.00,368.08,2,
2983,195,2025-08-30 09:13:16+00,completed,123.10,14.09,5.00,0.00,142.19,1,
2984,140,2025-08-30 10:09:27+00,completed,6440.56,709.01,5.00,0.00,7154.57,1,
2985,105,2025-08-30 10:34:22+00,refunded,353.35,39.42,5.00,0.00,397.77,1,
2986,293,2025-08-30 10:43:41+00,shipped,8565.76,942.78,15.00,10.00,9513.54,3,11
2987,446,2025-08-30 12:33:47+00,completed,317.38,36.56,15.00,0.00,368.94,3,
2988,391,2025-08-31 02:11:52+00,completed,3193.09,342.99,15.00,90.00,3461.08,3,10
2989,39,2025-08-31 04:25:37+00,completed,1540.13,169.96,5.00,0.00,1715.09,1,
2990,35,2025-08-31 08:28:14+00,processing,1697.43,188.37,15.00,0.00,1900.80,3,
2991,412,2025-08-31 11:47:04+00,completed,132.08,15.85,12.00,0.00,159.93,2,
2992,21,2025-08-31 13:51:48+00,completed,3210.78,353.19,0.00,0.00,3563.97,5,
2993,455,2025-08-31 18:15:13+00,shipped,533.05,59.19,5.00,0.00,597.24,1,
2994,451,2025-09-01 00:49:09+00,completed,128.91,15.50,12.00,0.00,156.41,2,
2995,364,2025-09-01 04:17:19+00,completed,3485.09,384.68,12.00,0.00,3881.77,2,
2996,481,2025-09-01 09:47:09+00,completed,6750.40,730.66,12.00,120.00,7373.06,2,6
2997,403,2025-09-01 11:26:14+00,completed,1077.87,119.89,12.00,0.00,1209.76,2,
2998,402,2025-09-01 11:26:27+00,pending,5148.52,567.66,12.00,0.00,5728.18,2,
2999,156,2025-09-02 17:41:12+00,completed,6659.69,733.12,5.00,0.00,7397.81,1,
3000,200,2025-09-03 00:22:52+00,completed,99.93,11.54,5.00,0.00,116.47,1,
3001,79,2025-09-03 01:11:40+00,completed,310.98,34.76,5.00,0.00,350.74,1,
3002,338,2025-09-03 03:31:42+00,completed,798.75,78.51,5.00,90.00,792.26,1,10
3003,265,2025-09-03 04:35:09+00,completed,277.75,30.55,0.00,0.00,308.30,5,
3004,174,2025-09-03 12:17:20+00,processing,4340.12,479.06,15.00,0.00,4834.18,3,
3005,418,2025-09-03 14:58:13+00,completed,46.30,5.90,12.00,4.63,59.57,2,1
3006,26,2025-09-03 16:09:39+00,completed,979.13,108.25,5.00,0.00,1092.38,1,
3007,50,2025-09-04 03:01:52+00,completed,2842.76,268.70,0.00,400.00,2711.46,5,12
3008,5,2025-09-04 08:29:57+00,completed,1977.91,218.12,5.00,0.00,2201.03,1,
3009,118,2025-09-04 08:44:09+00,pending,6140.72,679.33,35.00,0.00,6855.05,4,
3010,470,2025-09-04 08:52:39+00,processing,2755.61,304.44,12.00,0.00,3072.05,2,
3011,153,2025-09-04 09:18:18+00,completed,19749.72,2173.79,12.00,0.00,21935.51,2,
3012,124,2025-09-04 15:36:15+00,processing,535.82,59.49,5.00,0.00,600.31,1,
3013,413,2025-09-04 18:36:14+00,completed,3893.94,428.88,5.00,0.00,4327.82,1,
3014,159,2025-09-04 22:47:32+00,cancelled,6248.71,687.91,5.00,0.00,6941.62,1,
3015,171,2025-09-05 00:31:31+00,completed,1135.47,100.47,5.00,227.09,1013.85,1,3
3016,189,2025-09-05 02:09:27+00,shipped,576.04,63.91,5.00,0.00,644.95,1,
3017,399,2025-09-05 05:38:44+00,completed,1847.80,204.91,15.00,0.00,2067.71,3,
3018,200,2025-09-05 12:08:16+00,processing,243.70,28.46,15.00,0.00,287.16,3,
3019,147,2025-09-06 06:30:23+00,completed,8.28,1.46,5.00,0.00,14.74,1,
3020,477,2025-09-06 09:11:09+00,refunded,1243.77,136.81,0.00,0.00,1380.58,5,
3021,311,2025-09-06 09:19:47+00,completed,934.52,104.12,12.00,0.00,1050.64,2,
3022,181,2025-09-06 12:50:04+00,completed,4160.00,453.42,12.00,50.00,4575.42,2,9
3023,160,2025-09-06 14:08:03+00,shipped,1048.54,110.39,5.00,50.00,1113.93,1,9
3024,455,2025-09-07 09:41:03+00,pending,133.71,15.26,5.00,0.00,153.97,1,
3025,267,2025-09-07 14:43:57+00,completed,62.40,7.64,12.00,4.99,77.05,2,9
3026,165,2025-09-07 16:31:02+00,shipped,3359.15,366.76,15.00,40.00,3700.91,3,1
3027,99,2025-09-07 19:26:46+00,pending,340.34,36.01,12.00,25.00,363.35,2,5
3028,176,2025-09-07 22:02:31+00,completed,61.04,6.73,5.00,4.88,67.89,1,9
3029,94,2025-09-08 05:14:07+00,cancelled,244.40,28.53,15.00,0.00,287.93,3,
3030,195,2025-09-08 06:38:49+00,completed,1128.51,124.69,5.00,0.00,1258.20,1,
3031,266,2025-09-08 09:16:08+00,completed,2140.68,232.72,5.00,30.00,2348.40,1,8
3032,374,2025-09-08 11:08:06+00,completed,310.18,37.97,35.00,0.00,383.15,4,
3033,400,2025-09-08 13:22:16+00,processing,7627.05,826.33,5.00,120.00,8338.38,1,6
3034,270,2025-09-08 23:17:41+00,completed,4600.04,506.55,5.00,0.00,5111.59,1,
3035,100,2025-09-09 00:36:58+00,completed,85.14,10.69,12.00,0.00,107.83,2,
3036,252,2025-09-09 03:47:44+00,completed,8139.03,895.84,5.00,0.00,9039.87,1,
3037,151,2025-09-09 11:20:31+00,completed,145.45,19.85,35.00,0.00,200.30,4,
3038,244,2025-09-09 11:36:52+00,completed,3564.13,390.40,15.00,30.00,3939.53,3,8
3039,456,2025-09-09 20:17:01+00,completed,3152.06,347.28,5.00,0.00,3504.34,1,
3040,400,2025-09-10 02:41:42+00,completed,322.24,36.00,5.00,0.00,363.24,1,
3041,102,2025-09-10 12:38:19+00,completed,7318.47,808.88,35.00,0.00,8162.35,4,
3042,299,2025-09-10 14:17:27+00,completed,1444.18,148.41,5.00,100.00,1497.59,1,7
3043,265,2025-09-10 21:37:06+00,completed,1212.11,120.13,0.00,120.00,1212.24,5,6
3044,322,2025-09-10 22:13:21+00,completed,1933.08,213.96,12.00,0.00,2159.04,2,
3045,358,2025-09-11 03:47:47+00,completed,1740.08,191.63,12.00,10.00,1933.71,2,11
3046,357,2025-09-11 04:26:31+00,completed,557.11,62.60,12.00,0.00,631.71,2,
3047,166,2025-09-11 05:13:31+00,shipped,3625.76,400.15,12.00,0.00,4037.91,2,
3048,412,2025-09-11 05:53:32+00,completed,2404.94,264.54,0.00,0.00,2669.48,5,
3049,253,2025-09-11 08:03:58+00,processing,7329.85,807.60,12.00,0.00,8149.45,2,
3050,322,2025-09-11 22:19:40+00,shipped,3136.12,333.42,15.00,120.00,3364.54,3,6
3051,311,2025-09-11 23:59:22+00,completed,67.41,7.97,5.00,0.00,80.38,1,
3052,215,2025-09-12 08:03:51+00,shipped,2206.22,243.23,5.00,0.00,2454.45,1,
3053,446,2025-09-12 11:45:24+00,completed,631.25,70.76,12.00,0.00,714.01,2,
3054,193,2025-09-12 13:52:15+00,completed,437.78,48.16,0.00,0.00,485.94,5,
3055,300,2025-09-12 15:09:23+00,completed,2673.44,294.63,5.00,0.00,2973.07,1,
3056,366,2025-09-12 15:12:49+00,completed,14511.21,1596.78,5.00,0.00,16112.99,1,
3057,270,2025-09-12 15:55:25+00,processing,4339.53,477.90,5.00,0.00,4822.43,1,
3058,112,2025-09-12 17:37:18+00,completed,2980.27,328.38,5.00,0.00,3313.65,1,
3059,153,2025-09-12 22:14:03+00,completed,181.93,21.33,12.00,0.00,215.26,2,
3060,283,2025-09-12 23:44:01+00,completed,3919.28,432.44,12.00,0.00,4363.72,2,
3061,176,2025-09-12 23:50:30+00,processing,2167.86,239.01,5.00,0.00,2411.87,1,
3062,399,2025-09-13 05:17:48+00,completed,1290.55,134.26,5.00,75.00,1354.81,1,2
3063,11,2025-09-13 08:48:08+00,completed,1714.62,189.16,5.00,0.00,1908.78,1,
3064,114,2025-09-13 12:59:53+00,processing,14476.60,1594.08,15.00,0.00,16085.68,3,
3065,396,2025-09-13 14:24:31+00,completed,15.22,3.32,15.00,0.00,33.54,3,
3066,481,2025-09-13 20:26:03+00,completed,68.52,8.09,5.00,0.00,81.61,1,
3067,331,2025-09-13 21:20:17+00,completed,3688.77,407.41,15.00,0.00,4111.18,3,
3068,445,2025-09-13 21:54:00+00,completed,2169.91,239.24,5.00,0.00,2414.15,1,
3069,483,2025-09-13 22:12:06+00,completed,3974.49,433.01,12.00,50.00,4369.50,2,9
3070,34,2025-09-14 03:31:36+00,completed,4085.62,449.42,0.00,0.00,4535.04,5,
3071,413,2025-09-14 05:47:08+00,completed,1274.65,141.53,12.00,0.00,1428.18,2,
3072,467,2025-09-14 06:51:24+00,completed,8265.58,910.53,12.00,0.00,9188.11,2,
3073,364,2025-09-14 07:40:45+00,completed,2681.82,295.00,0.00,0.00,2976.82,5,
3074,51,2025-09-14 08:27:35+00,completed,4876.84,537.77,12.00,0.00,5426.61,2,
3075,186,2025-09-14 09:35:36+00,refunded,1337.26,138.52,12.00,90.00,1397.78,2,10
3076,338,2025-09-14 09:38:13+00,completed,796.22,88.13,5.00,0.00,889.35,1,
3077,253,2025-09-14 12:38:22+00,refunded,4412.89,485.97,5.00,0.00,4903.86,1,
3078,145,2025-09-14 13:55:33+00,completed,8666.18,953.28,0.00,0.00,9619.46,5,
3079,297,2025-09-14 15:42:55+00,completed,1331.25,145.34,0.00,10.00,1466.59,5,11
3080,188,2025-09-14 15:51:58+00,processing,1123.85,124.94,12.00,0.00,1260.79,2,
3081,425,2025-09-14 21:43:07+00,pending,690.28,77.25,12.00,0.00,779.53,2,
3082,341,2025-09-14 21:54:26+00,completed,826.70,91.49,5.00,0.00,923.19,1,
3083,364,2025-09-15 00:08:39+00,cancelled,1949.30,214.97,5.00,0.00,2169.27,1,
3084,173,2025-09-15 07:11:04+00,cancelled,1939.75,214.69,12.00,0.00,2166.44,2,
3085,450,2025-09-15 08:01:27+00,completed,91.56,13.92,35.00,0.00,140.48,4,
3086,450,2025-09-15 17:14:26+00,completed,6372.32,702.61,15.00,0.00,7089.93,3,
3087,328,2025-09-15 17:30:36+00,shipped,659.94,73.14,5.00,0.00,738.08,1,
3088,171,2025-09-16 05:16:51+00,completed,5314.02,576.84,5.00,75.00,5820.86,1,2
3089,3,2025-09-16 08:08:43+00,pending,404.58,43.40,0.00,10.00,437.98,5,11
3090,14,2025-09-16 08:44:38+00,completed,61.04,8.03,12.00,0.00,81.07,2,
3091,200,2025-09-16 10:41:29+00,completed,2217.01,244.42,5.00,0.00,2466.43,1,
3092,51,2025-09-16 14:07:41+00,completed,752.29,84.40,15.00,0.00,851.69,3,
3093,402,2025-09-17 02:40:18+00,shipped,10349.80,1142.33,35.00,0.00,11527.13,4,
3094,302,2025-09-17 03:29:39+00,completed,11633.94,1280.28,5.00,0.00,12919.22,1,
3095,48,2025-09-17 09:44:12+00,completed,932.12,106.38,35.00,0.00,1073.50,4,
3096,44,2025-09-17 13:02:36+00,processing,185.74,21.75,12.00,0.00,219.49,2,
3097,32,2025-09-17 18:57:59+00,cancelled,5468.52,593.84,5.00,75.00,5992.36,1,2
3098,437,2025-09-17 20:19:06+00,pending,1499.22,164.91,0.00,0.00,1664.13,5,
3099,392,2025-09-18 07:47:58+00,processing,442.54,49.23,5.00,0.00,496.77,1,
3100,456,2025-09-18 08:48:35+00,completed,342.71,39.35,15.00,0.00,397.06,3,
3101,410,2025-09-18 09:37:46+00,completed,174.58,18.93,15.00,17.46,191.05,3,1
3102,124,2025-09-18 09:50:27+00,completed,99.93,12.31,12.00,0.00,124.24,2,
3103,321,2025-09-18 14:24:38+00,processing,1617.83,135.61,15.00,400.00,1368.44,3,12
3104,468,2025-09-19 03:32:39+00,completed,1734.10,181.40,5.00,90.00,1830.50,1,10
3105,230,2025-09-19 09:11:12+00,cancelled,16156.16,1777.73,5.00,0.00,17938.89,1,
3106,202,2025-09-19 18:01:37+00,completed,2217.20,245.21,12.00,0.00,2474.41,2,
3107,462,2025-09-19 19:18:48+00,completed,129.68,18.11,35.00,0.00,182.79,4,
3108,318,2025-09-19 21:12:09+00,completed,870.04,96.25,5.00,0.00,971.29,1,
3109,238,2025-09-19 23:09:31+00,processing,4130.13,455.63,12.00,0.00,4597.76,2,
3110,30,2025-09-20 04:29:57+00,pending,155.09,18.71,15.00,0.00,188.80,3,
3111,300,2025-09-20 05:47:51+00,completed,537.80,60.48,12.00,0.00,610.28,2,
3112,157,2025-09-20 09:48:37+00,cancelled,6234.26,678.62,35.00,100.00,6847.88,4,7
3113,267,2025-09-20 11:14:05+00,completed,12844.08,1413.40,5.00,0.00,14262.48,1,
3114,55,2025-09-20 12:40:19+00,completed,128.76,15.48,12.00,0.00,156.24,2,
3115,285,2025-09-20 13:38:53+00,processing,460.32,50.64,0.00,0.00,510.96,5,
3116,417,2025-09-21 02:54:26+00,completed,145.34,16.54,5.00,0.00,166.88,1,
3117,442,2025-09-21 15:11:25+00,completed,5787.70,635.55,15.00,25.00,6413.25,3,5
3118,290,2025-09-21 17:54:44+00,pending,10137.39,1116.43,12.00,0.00,11265.82,2,
3119,429,2025-09-22 11:14:15+00,completed,4314.67,448.43,12.00,250.00,4525.10,2,3
3120,450,2025-09-22 11:47:27+00,completed,9884.68,1087.86,5.00,0.00,10977.54,1,
3121,270,2025-09-23 01:41:18+00,completed,2578.63,284.97,12.00,0.00,2875.60,2,
3122,155,2025-09-23 02:26:39+00,processing,12877.36,1417.06,5.00,0.00,14299.42,1,
3123,399,2025-09-23 03:24:49+00,completed,89.14,13.66,35.00,0.00,137.80,4,
3124,220,2025-09-23 11:51:01+00,completed,3907.28,430.35,5.00,0.00,4342.63,1,
3125,179,2025-09-23 15:55:13+00,completed,758.88,87.33,35.00,0.00,881.21,4,
3126,445,2025-09-23 18:38:05+00,completed,14.36,2.13,5.00,0.00,21.49,1,
3127,84,2025-09-23 22:56:35+00,shipped,2806.09,309.99,12.00,0.00,3128.08,2,
3128,145,2025-09-24 03:41:32+00,completed,10066.46,1107.86,5.00,0.00,11179.32,1,
3129,55,2025-09-24 06:24:46+00,completed,529.77,59.92,15.00,0.00,604.69,3,
3130,330,2025-09-24 08:26:19+00,shipped,2337.22,257.64,5.00,0.00,2599.86,1,
3131,270,2025-09-24 17:06:19+00,processing,5856.64,644.78,5.00,0.00,6506.42,1,
3132,462,2025-09-24 17:21:48+00,completed,2999.35,328.50,12.00,25.00,3314.85,2,5
3133,202,2025-09-24 19:45:18+00,completed,7360.97,810.26,5.00,0.00,8176.23,1,
3134,116,2025-09-24 23:57:26+00,shipped,236.54,27.34,12.00,0.00,275.88,2,
3135,8,2025-09-25 00:28:34+00,processing,1626.83,178.40,5.00,10.00,1800.23,1,11
3136,165,2025-09-25 00:41:32+00,completed,3873.50,426.63,5.00,0.00,4305.13,1,
3137,357,2025-09-25 11:11:43+00,completed,244.85,30.78,35.00,0.00,310.63,4,
3138,460,2025-09-25 13:05:33+00,completed,256.65,24.47,12.00,46.20,246.92,2,7
3139,429,2025-09-25 20:29:22+00,refunded,758.88,84.03,5.00,0.00,847.91,1,
3140,13,2025-09-25 22:32:03+00,pending,750.45,83.87,12.00,0.00,846.32,2,
3141,75,2025-09-26 07:58:19+00,shipped,4537.26,499.65,5.00,0.00,5041.91,1,
3142,328,2025-09-26 09:31:48+00,refunded,55.56,7.76,15.00,0.00,78.32,3,
3143,319,2025-09-26 16:47:08+00,shipped,1280.70,140.88,0.00,0.00,1421.58,5,
3144,405,2025-09-26 17:40:23+00,completed,276.68,29.65,15.00,22.13,299.20,3,9
3145,468,2025-09-26 22:06:59+00,completed,233.27,26.21,5.00,0.00,264.48,1,
3146,293,2025-09-27 13:53:17+00,completed,2919.44,321.69,5.00,0.00,3246.13,1,
3147,403,2025-09-27 14:52:01+00,shipped,522.06,57.43,0.00,0.00,579.49,5,
3148,78,2025-09-27 15:08:11+00,completed,1463.81,161.02,0.00,0.00,1624.83,5,
3149,123,2025-09-27 17:41:36+00,completed,6309.48,695.36,12.00,0.00,7016.84,2,
3150,216,2025-09-27 20:02:17+00,refunded,1063.09,117.49,5.00,0.00,1185.58,1,
3151,78,2025-09-28 01:41:32+00,pending,2574.04,286.99,35.00,0.00,2896.03,4,
3152,492,2025-09-28 08:34:51+00,processing,1668.82,184.12,5.00,0.00,1857.94,1,
3153,366,2025-09-28 10:06:20+00,refunded,2151.52,238.32,15.00,0.00,2404.84,3,
3154,308,2025-09-29 15:11:00+00,shipped,31.54,5.12,15.00,0.00,51.66,3,
3155,107,2025-09-29 18:13:38+00,shipped,6071.54,668.42,5.00,0.00,6744.96,1,
3156,53,2025-09-29 20:01:09+00,shipped,10000.59,1097.31,5.00,30.00,11072.90,1,8
3157,46,2025-09-29 21:51:41+00,shipped,5620.90,614.45,5.00,40.00,6200.35,1,1
3158,462,2025-09-30 02:27:02+00,processing,19446.60,2140.45,12.00,0.00,21599.05,2,
3159,410,2025-09-30 04:15:25+00,completed,9.06,1.55,5.00,0.00,15.61,1,
3160,493,2025-09-30 05:06:47+00,refunded,11441.19,1259.08,5.00,0.00,12705.27,1,
3161,355,2025-09-30 08:09:59+00,completed,1682.55,186.40,12.00,0.00,1880.95,2,
3162,259,2025-09-30 14:17:14+00,completed,1631.96,180.84,12.00,0.00,1824.80,2,
3163,44,2025-09-30 16:30:39+00,completed,631.22,69.98,5.00,0.00,706.20,1,
3164,400,2025-09-30 17:14:21+00,completed,149.65,17.78,12.00,0.00,179.43,2,
3165,18,2025-10-01 00:08:42+00,completed,1184.63,131.96,15.00,0.00,1331.59,3,
3166,35,2025-10-01 05:39:41+00,processing,6618.66,729.37,12.00,0.00,7360.03,2,
3167,239,2025-10-01 19:02:56+00,shipped,3625.42,399.35,5.00,0.00,4029.77,1,
3168,92,2025-10-01 20:29:44+00,completed,8112.65,892.94,5.00,0.00,9010.59,1,
3169,340,2025-10-01 21:41:12+00,shipped,7396.11,814.89,12.00,0.00,8223.00,2,
3170,236,2025-10-02 05:12:00+00,processing,103.46,12.70,12.00,0.00,128.16,2,
3171,265,2025-10-02 05:40:57+00,completed,1141.91,129.46,35.00,0.00,1306.37,4,
3172,191,2025-10-02 05:41:28+00,completed,3507.10,381.60,12.00,50.00,3850.70,2,9
3173,311,2025-10-02 23:26:16+00,pending,3338.44,368.55,12.00,0.00,3718.99,2,
3174,438,2025-10-03 02:48:44+00,processing,8014.60,879.96,35.00,50.00,8879.56,4,9
3175,399,2025-10-03 13:41:23+00,completed,825.16,91.32,5.00,0.00,921.48,1,
3176,8,2025-10-03 17:21:03+00,completed,8336.07,917.52,5.00,0.00,9258.59,1,
3177,84,2025-10-04 15:00:16+00,completed,4959.90,537.34,0.00,75.00,5422.24,5,2
3178,35,2025-10-05 00:09:24+00,refunded,2822.74,311.05,5.00,0.00,3138.79,1,
3179,341,2025-10-05 02:30:17+00,completed,13226.92,1455.51,5.00,0.00,14687.43,1,
3180,397,2025-10-05 03:29:38+00,completed,5655.18,623.39,12.00,0.00,6290.57,2,
3181,35,2025-10-05 11:32:21+00,completed,557.36,61.86,5.00,0.00,624.22,1,
3182,44,2025-10-05 14:13:59+00,completed,305.68,34.17,5.00,0.00,344.85,1,
3183,69,2025-10-05 15:48:13+00,completed,7583.64,834.75,5.00,0.00,8423.39,1,
3184,116,2025-10-05 21:41:59+00,completed,1462.20,164.69,35.00,0.00,1661.89,4,
3185,455,2025-10-05 23:41:45+00,shipped,163.33,17.97,0.00,0.00,181.30,5,
3186,433,2025-10-06 02:42:54+00,completed,4036.19,444.53,5.00,0.00,4485.72,1,
3187,50,2025-10-06 10:06:58+00,shipped,291.37,29.53,12.00,34.96,297.94,2,6
3188,270,2025-10-06 11:35:23+00,completed,3943.22,406.80,5.00,250.00,4105.02,1,3
3189,252,2025-10-06 19:16:21+00,pending,1630.12,173.81,0.00,50.00,1753.93,5,9
3190,403,2025-10-07 08:11:19+00,completed,775.45,85.30,0.00,0.00,860.75,5,
3191,249,2025-10-07 09:46:43+00,shipped,336.09,40.82,35.00,0.00,411.91,4,
3192,57,2025-10-07 10:12:07+00,completed,1456.27,160.74,5.00,0.00,1622.01,1,
3193,342,2025-10-07 22:34:14+00,completed,5315.45,575.35,5.00,90.00,5805.80,1,10
3194,345,2025-10-08 02:54:39+00,completed,2224.60,241.96,5.00,30.00,2441.56,1,8
3195,335,2025-10-08 04:04:11+00,shipped,115.74,13.28,5.00,0.00,134.02,1,
3196,374,2025-10-08 04:44:04+00,completed,1278.07,141.14,5.00,0.00,1424.21,1,
3197,244,2025-10-08 05:50:50+00,completed,89.14,10.36,5.00,0.00,104.50,1,
3198,244,2025-10-08 06:16:13+00,pending,7033.67,774.25,5.00,0.00,7812.92,1,
3199,10,2025-10-08 06:40:14+00,completed,8599.96,946.55,5.00,0.00,9551.51,1,
3200,14,2025-10-08 08:31:43+00,completed,4880.40,534.09,0.00,25.00,5389.49,5,5
3201,417,2025-10-08 11:23:12+00,refunded,125.39,14.34,5.00,0.00,144.73,1,
3202,50,2025-10-08 14:48:18+00,completed,6466.80,707.50,5.00,40.00,7139.30,1,1
3203,323,2025-10-08 17:09:22+00,refunded,14.68,2.93,12.00,0.00,29.61,2,
3204,272,2025-10-08 17:48:12+00,completed,249.87,26.39,15.00,24.99,266.27,3,1
3205,13,2025-10-08 18:00:24+00,cancelled,1218.22,135.32,12.00,0.00,1365.54,2,
3206,361,2025-10-08 18:59:31+00,completed,3088.65,343.60,35.00,0.00,3467.25,4,
3207,124,2025-10-08 21:32:55+00,completed,158.32,16.98,15.00,19.00,171.30,3,6
3208,188,2025-10-09 03:19:33+00,completed,5198.26,572.36,5.00,0.00,5775.62,1,
3209,279,2025-10-09 07:11:37+00,completed,3219.85,354.73,5.00,0.00,3579.58,1,
3210,162,2025-10-09 14:53:41+00,completed,777.45,89.37,35.00,0.00,901.82,4,
3211,363,2025-10-09 20:46:58+00,completed,1249.35,132.48,5.00,50.00,1336.83,1,9
3212,407,2025-10-09 20:51:11+00,shipped,1447.11,154.23,5.00,50.00,1556.34,1,9
3213,256,2025-10-09 22:35:07+00,completed,19.80,3.50,12.00,0.00,35.30,2,
3214,267,2025-10-10 03:00:43+00,completed,4182.38,461.38,12.00,0.00,4655.76,2,
3215,121,2025-10-10 05:33:10+00,completed,259.80,25.83,5.00,30.00,260.63,1,8
3216,312,2025-10-10 11:29:52+00,completed,4070.66,451.62,35.00,0.00,4557.28,4,
3217,225,2025-10-10 11:46:57+00,completed,13974.25,1534.42,15.00,40.00,15483.67,3,1
3218,121,2025-10-10 13:48:39+00,processing,1499.22,156.33,12.00,90.00,1577.55,2,10
3219,358,2025-10-11 01:20:35+00,completed,1813.19,200.00,5.00,0.00,2018.19,1,
3220,412,2025-10-11 05:34:10+00,processing,5377.65,592.09,5.00,0.00,5974.74,1,
3221,320,2025-10-11 08:57:28+00,completed,15619.38,1721.98,35.00,0.00,17376.36,4,
3222,241,2025-10-11 19:25:27+00,processing,952.78,105.36,5.00,0.00,1063.14,1,
3223,168,2025-10-11 20:04:25+00,completed,33.31,3.85,5.00,3.33,38.83,1,1
3224,411,2025-10-11 23:01:19+00,shipped,265.47,29.75,5.00,0.00,300.22,1,
3225,482,2025-10-12 07:20:19+00,completed,1990.46,219.50,5.00,0.00,2214.96,1,
3226,388,2025-10-12 10:14:30+00,processing,209.84,23.63,5.00,0.00,238.47,1,
3227,34,2025-10-12 11:24:36+00,completed,6429.98,707.85,5.00,0.00,7142.83,1,
3228,373,2025-10-12 23:35:22+00,completed,2055.51,229.96,35.00,0.00,2320.47,4,
3229,320,2025-10-13 05:31:27+00,completed,2286.28,252.81,12.00,0.00,2551.09,2,
3230,157,2025-10-13 06:31:43+00,completed,73.01,8.58,5.00,0.00,86.59,1,
3231,35,2025-10-13 06:48:26+00,completed,3356.88,369.81,5.00,0.00,3731.69,1,
3232,272,2025-10-13 09:18:37+00,completed,2576.24,284.71,12.00,0.00,2872.95,2,
3233,21,2025-10-13 11:27:20+00,refunded,497.17,58.54,35.00,0.00,590.71,4,
3234,35,2025-10-13 11:59:40+00,completed,565.34,62.74,5.00,0.00,633.08,1,
3235,468,2025-10-13 18:28:02+00,shipped,4.73,2.17,15.00,0.00,21.90,3,
3236,205,2025-10-13 23:29:40+00,shipped,37.57,5.37,15.00,3.76,54.18,3,1
3237,322,2025-10-14 00:41:32+00,completed,2385.47,263.72,12.00,0.00,2661.19,2,
3238,174,2025-10-14 00:43:18+00,refunded,14345.94,1571.12,12.00,75.00,15854.06,2,2
3239,290,2025-10-14 04:22:21+00,refunded,3363.57,369.99,0.00,0.00,3733.56,5,
3240,90,2025-10-14 07:56:15+00,completed,15247.96,1676.18,15.00,25.00,16914.14,3,5
3241,494,2025-10-14 10:46:19+00,completed,51.50,6.99,12.00,0.00,70.49,2,
3242,145,2025-10-14 18:01:30+00,processing,55.56,6.66,5.00,0.00,67.22,1,
3243,91,2025-10-14 20:57:45+00,completed,4116.84,450.87,12.00,30.00,4549.71,2,8
3244,106,2025-10-15 01:27:56+00,completed,7248.57,797.34,0.00,0.00,8045.91,5,
3245,130,2025-10-15 04:59:05+00,shipped,499.74,54.97,0.00,0.00,554.71,5,
3246,488,2025-10-15 05:53:34+00,completed,2249.44,241.94,0.00,50.00,2441.38,5,9
3247,94,2025-10-15 07:24:52+00,completed,3899.02,419.54,5.00,90.00,4233.56,1,10
3248,236,2025-10-15 17:03:37+00,completed,9.08,4.85,35.00,0.00,48.93,4,
3249,189,2025-10-15 23:18:23+00,shipped,37.62,4.69,5.00,0.00,47.31,1,
3250,249,2025-10-16 02:11:24+00,shipped,997.98,109.78,0.00,0.00,1107.76,5,
3251,355,2025-10-16 04:33:30+00,processing,3319.97,365.75,5.00,0.00,3690.72,1,
3252,240,2025-10-16 11:35:37+00,completed,11293.83,1242.87,5.00,0.00,12541.70,1,
3253,484,2025-10-16 22:02:23+00,shipped,1608.35,178.24,12.00,0.00,1798.59,2,
3254,491,2025-10-16 22:27:30+00,refunded,43.08,5.29,5.00,0.00,53.37,1,
3255,489,2025-10-17 16:17:39+00,completed,7464.94,780.99,35.00,400.00,7880.93,4,12
3256,438,2025-10-17 17:14:56+00,completed,6916.05,761.32,5.00,0.00,7682.37,1,
3257,495,2025-10-17 21:33:12+00,completed,2975.57,327.86,5.00,0.00,3308.43,1,
3258,322,2025-10-18 01:29:42+00,completed,6431.14,681.58,15.00,250.00,6877.72,3,3
3259,173,2025-10-18 02:30:14+00,completed,2094.69,234.27,35.00,0.00,2363.96,4,
3260,357,2025-10-18 09:29:26+00,cancelled,1688.54,185.74,0.00,0.00,1874.28,5,
3261,53,2025-10-18 10:20:57+00,shipped,1446.07,159.62,5.00,0.00,1610.69,1,
3262,29,2025-10-18 12:11:38+00,completed,6455.35,711.41,12.00,0.00,7178.76,2,
3263,188,2025-10-18 14:19:53+00,completed,1070.26,118.28,5.00,0.00,1193.54,1,
3264,90,2025-10-18 14:22:13+00,shipped,3756.47,411.56,15.00,30.00,4153.03,3,8
3265,344,2025-10-18 17:29:18+00,completed,1621.81,182.25,35.00,0.00,1839.06,4,
3266,365,2025-10-18 19:10:58+00,shipped,1499.22,168.76,35.00,0.00,1702.98,4,
3267,26,2025-10-18 21:25:49+00,completed,4788.82,527.32,5.00,0.00,5321.14,1,
3268,5,2025-10-19 00:09:42+00,pending,155.49,18.42,12.00,0.00,185.91,2,
3269,333,2025-10-19 08:19:35+00,shipped,2059.08,226.50,0.00,0.00,2285.58,5,
3270,5,2025-10-19 12:50:24+00,completed,732.12,81.08,5.00,0.00,818.20,1,
3271,495,2025-10-19 15:55:39+00,completed,126.64,15.25,12.00,0.00,153.89,2,
3272,156,2025-10-19 18:03:17+00,completed,3186.16,351.80,12.00,0.00,3549.96,2,
3273,368,2025-10-20 00:15:12+00,completed,5267.23,577.42,12.00,30.00,5826.65,2,8
3274,128,2025-10-20 10:19:23+00,cancelled,517.30,57.45,5.00,0.00,579.75,1,
3275,94,2025-10-20 13:06:41+00,completed,3464.13,379.07,12.00,30.00,3825.20,2,8
3276,211,2025-10-20 19:45:53+00,completed,127.22,14.54,5.00,0.00,146.76,1,
3277,367,2025-10-20 21:45:39+00,refunded,12902.38,1409.91,35.00,120.00,14227.29,4,6
3278,249,2025-10-21 04:41:20+00,completed,355.61,39.12,0.00,0.00,394.73,5,
3279,409,2025-10-21 07:03:34+00,pending,13372.07,1468.18,5.00,30.00,14815.25,1,8
3280,53,2025-10-21 08:25:02+00,completed,379.92,42.34,5.00,0.00,427.26,1,
3281,444,2025-10-21 11:38:01+00,completed,63.32,10.82,35.00,0.00,109.14,4,
3282,124,2025-10-21 13:57:24+00,processing,78.60,9.20,5.00,0.00,92.80,1,
3283,460,2025-10-21 18:54:39+00,completed,435.02,49.50,15.00,0.00,499.52,3,
3284,215,2025-10-21 19:45:56+00,pending,2642.49,292.32,15.00,0.00,2949.81,3,
3285,321,2025-10-21 22:36:40+00,refunded,16707.93,1793.87,0.00,400.00,18101.80,5,12
3286,178,2025-10-22 07:43:14+00,pending,3615.60,399.04,12.00,0.00,4026.64,2,
3287,255,2025-10-22 12:14:16+00,shipped,13612.67,1499.04,15.00,0.00,15126.71,3,
3288,404,2025-10-22 17:26:51+00,completed,4234.66,467.13,12.00,0.00,4713.79,2,
3289,496,2025-10-22 17:38:06+00,refunded,818.78,90.62,5.00,0.00,914.40,1,
3290,338,2025-10-23 05:02:45+00,pending,105.96,12.98,12.00,0.00,130.94,2,
3291,249,2025-10-23 10:20:55+00,completed,3872.60,425.99,0.00,0.00,4298.59,5,
3292,145,2025-10-23 10:50:48+00,completed,533.43,62.53,35.00,0.00,630.96,4,
3293,410,2025-10-23 13:39:44+00,completed,27.18,4.31,12.00,0.00,43.49,2,
3294,283,2025-10-24 01:43:17+00,shipped,1793.05,197.79,5.00,0.00,1995.84,1,
3295,100,2025-10-24 06:29:27+00,cancelled,140.38,15.99,5.00,0.00,161.37,1,
3296,179,2025-10-24 07:34:15+00,completed,8378.36,922.17,5.00,0.00,9305.53,1,
3297,145,2025-10-24 13:36:18+00,completed,749.61,82.46,0.00,0.00,832.07,5,
3298,437,2025-10-24 17:46:58+00,completed,71.76,7.89,0.00,0.00,79.65,5,
3299,200,2025-10-25 05:19:10+00,completed,18.21,3.65,15.00,0.00,36.86,3,
3300,409,2025-10-25 06:52:14+00,completed,932.94,103.94,12.00,0.00,1048.88,2,
3301,268,2025-10-25 13:39:21+00,shipped,805.17,89.89,12.00,0.00,907.06,2,
3302,312,2025-10-25 21:12:01+00,completed,63.08,7.49,5.00,0.00,75.57,1,
3303,438,2025-10-25 22:09:59+00,completed,1470.40,161.74,0.00,0.00,1632.14,5,
3304,19,2025-10-26 02:48:49+00,shipped,37.62,5.79,15.00,0.00,58.41,3,
3305,351,2025-10-26 02:49:20+00,completed,2733.72,301.26,5.00,0.00,3039.98,1,
3306,251,2025-10-26 14:51:14+00,completed,925.89,102.40,5.00,0.00,1033.29,1,
3307,474,2025-10-26 14:56:26+00,completed,1823.36,201.89,12.00,0.00,2037.25,2,
3308,320,2025-10-26 16:32:23+00,completed,14470.52,1591.76,0.00,0.00,16062.28,5,
3309,463,2025-10-26 19:29:52+00,completed,168.75,20.93,35.00,13.50,211.18,4,9
3310,404,2025-10-26 22:56:51+00,pending,106.62,12.28,5.00,0.00,123.90,1,
3311,345,2025-10-27 03:55:11+00,completed,2857.66,315.99,15.00,0.00,3188.65,3,
3312,217,2025-10-27 05:03:26+00,completed,6404.02,705.76,12.00,0.00,7121.78,2,
3313,172,2025-10-27 09:04:12+00,shipped,847.00,97.02,35.00,0.00,979.02,4,
3314,407,2025-10-27 15:09:57+00,completed,1304.76,142.97,5.00,10.00,1442.73,1,11
3315,224,2025-10-27 15:16:12+00,completed,888.51,99.06,12.00,0.00,999.57,2,
3316,99,2025-10-27 16:02:37+00,cancelled,517.38,57.46,5.00,0.00,579.84,1,
3317,327,2025-10-27 22:33:48+00,shipped,294.60,29.66,5.00,30.00,299.26,1,8
3318,391,2025-10-27 23:59:26+00,completed,3830.26,411.98,5.00,90.00,4157.24,1,10
3319,270,2025-10-28 03:26:37+00,shipped,10764.57,1185.42,12.00,0.00,11961.99,2,
3320,370,2025-10-28 12:48:00+00,processing,890.45,99.27,12.00,0.00,1001.72,2,
3321,225,2025-10-28 13:21:32+00,completed,4441.84,489.92,12.00,0.00,4943.76,2,
3322,497,2025-10-28 13:42:02+00,completed,908.63,101.27,12.00,0.00,1021.90,2,
3323,22,2025-10-28 15:51:50+00,shipped,70.67,9.09,12.00,0.00,91.76,2,
3324,370,2025-10-28 18:02:23+00,completed,13829.62,1522.91,15.00,0.00,15367.53,3,
3325,128,2025-10-29 01:43:26+00,completed,55.56,7.43,12.00,0.00,74.99,2,
3326,359,2025-10-29 05:36:27+00,completed,2329.03,256.74,5.00,0.00,2590.77,1,
3327,110,2025-10-29 07:06:41+00,pending,3617.60,399.59,15.00,0.00,4032.19,3,
3328,14,2025-10-29 08:10:23+00,completed,995.49,110.82,12.00,0.00,1118.31,2,
3329,374,2025-10-29 13:56:25+00,completed,5423.09,592.14,0.00,40.00,5975.23,5,1
3330,49,2025-10-29 14:25:32+00,completed,5915.33,652.34,15.00,0.00,6582.67,3,
3331,60,2025-10-29 15:10:31+00,completed,13148.41,1447.65,12.00,0.00,14608.06,2,
3332,252,2025-10-29 20:50:16+00,completed,3404.02,378.29,35.00,0.00,3817.31,4,
3333,319,2025-10-30 04:30:46+00,completed,253.06,28.39,5.00,0.00,286.45,1,
3334,39,2025-10-30 10:45:56+00,completed,999.48,110.49,5.00,0.00,1114.97,1,
3335,202,2025-10-30 13:27:09+00,completed,118.10,16.84,35.00,0.00,169.94,4,
3336,164,2025-10-30 17:47:25+00,completed,1460.60,160.12,5.00,10.00,1615.72,1,11
3337,425,2025-10-30 23:47:36+00,completed,5551.35,610.65,0.00,0.00,6162.00,5,
3338,189,2025-10-31 01:43:14+00,shipped,680.95,64.45,5.00,100.00,650.40,1,7
3339,499,2025-10-31 03:29:51+00,cancelled,69.72,8.22,5.00,0.00,82.94,1,
3340,140,2025-10-31 17:47:57+00,completed,604.32,55.48,0.00,100.00,559.80,5,7
3341,227,2025-10-31 19:08:15+00,completed,10141.16,1116.08,5.00,0.00,11262.24,1,
3342,432,2025-10-31 23:48:28+00,completed,5013.85,552.62,35.00,25.00,5576.47,4,5
3343,331,2025-11-01 02:51:12+00,shipped,6252.77,647.65,35.00,400.00,6535.42,4,12
3344,8,2025-11-01 03:06:55+00,shipped,16711.71,1839.61,12.00,0.00,18563.32,2,
3345,74,2025-11-01 03:54:38+00,completed,10187.10,1121.90,12.00,0.00,11321.00,2,
3346,391,2025-11-01 20:26:59+00,completed,12062.67,1326.34,5.00,10.00,13384.01,1,11
3347,74,2025-11-01 22:53:38+00,completed,2495.62,275.07,5.00,0.00,2775.69,1,
3348,407,2025-11-01 22:58:26+00,completed,1597.35,177.03,12.00,0.00,1786.38,2,
3349,356,2025-11-02 03:20:34+00,completed,632.48,70.89,12.00,0.00,715.37,2,
3350,79,2025-11-02 05:41:50+00,completed,14.19,2.88,12.00,0.00,29.07,2,
3351,380,2025-11-02 09:34:51+00,processing,136.06,15.52,5.00,0.00,156.58,1,
3352,135,2025-11-02 11:13:02+00,completed,568.80,63.89,12.00,0.00,644.69,2,
3353,239,2025-11-02 17:53:20+00,processing,466.47,46.80,15.00,55.98,472.29,3,6
3354,84,2025-11-02 20:43:54+00,cancelled,1035.51,112.48,12.00,25.00,1134.99,2,5
3355,268,2025-11-03 02:59:46+00,completed,632.48,70.12,5.00,0.00,707.60,1,
3356,202,2025-11-03 11:46:23+00,completed,150.09,14.86,0.00,15.01,149.94,5,1
3357,253,2025-11-03 15:21:20+00,pending,716.52,79.37,5.00,0.00,800.89,1,
3358,57,2025-11-03 18:27:26+00,completed,1982.28,219.37,12.00,0.00,2213.65,2,
3359,396,2025-11-03 18:28:26+00,shipped,254.27,29.29,12.00,0.00,295.56,2,
3360,311,2025-11-04 00:28:13+00,completed,7222.29,796.10,15.00,0.00,8033.39,3,
3361,68,2025-11-04 04:10:33+00,completed,5150.94,567.92,12.00,0.00,5730.86,2,
3362,402,2025-11-04 14:46:32+00,completed,4097.20,451.24,5.00,0.00,4553.44,1,
3363,166,2025-11-04 16:10:19+00,completed,321.57,36.69,12.00,0.00,370.26,2,
3364,420,2025-11-04 22:26:39+00,shipped,15962.76,1756.45,5.00,0.00,17724.21,1,
3365,230,2025-11-04 23:36:27+00,completed,6007.08,661.33,5.00,0.00,6673.41,1,
3366,405,2025-11-04 23:44:03+00,completed,2011.54,221.49,12.00,10.00,2235.03,2,11
3367,395,2025-11-05 08:23:27+00,shipped,6659.30,733.84,12.00,0.00,7405.14,2,
3368,482,2025-11-05 11:52:32+00,completed,18.52,2.59,5.00,0.00,26.11,1,
3369,149,2025-11-06 07:44:12+00,completed,2032.70,224.15,5.00,0.00,2261.85,1,
3370,453,2025-11-06 15:02:07+00,completed,37.04,4.62,5.00,0.00,46.66,1,
3371,118,2025-11-06 21:04:47+00,completed,1041.14,115.85,12.00,0.00,1168.99,2,
3372,418,2025-11-06 21:15:40+00,completed,203.49,22.93,5.00,0.00,231.42,1,
3373,160,2025-11-07 10:51:19+00,cancelled,223.20,25.10,5.00,0.00,253.30,1,
3374,229,2025-11-07 13:06:18+00,cancelled,9854.34,1084.53,5.00,0.00,10943.87,1,
3375,172,2025-11-07 16:58:05+00,completed,1490.73,164.53,5.00,0.00,1660.26,1,
3376,291,2025-11-08 02:56:20+00,processing,7888.03,868.23,5.00,0.00,8761.26,1,
3377,130,2025-11-08 05:23:41+00,completed,786.65,84.55,12.00,30.00,853.20,2,8
3378,496,2025-11-08 09:13:28+00,shipped,1344.70,149.24,12.00,0.00,1505.94,2,
3379,327,2025-11-08 11:20:05+00,completed,88.79,10.32,5.00,0.00,104.11,1,
3380,268,2025-11-08 15:36:14+00,completed,6422.04,708.07,15.00,0.00,7145.11,3,
3381,22,2025-11-08 16:49:32+00,completed,6279.88,690.79,0.00,0.00,6970.67,5,
3382,216,2025-11-09 00:18:20+00,shipped,1313.62,145.82,12.00,0.00,1471.44,2,
3383,316,2025-11-09 16:58:32+00,processing,660.26,62.73,0.00,90.00,632.99,5,10
3384,383,2025-11-09 19:22:06+00,shipped,283.59,31.74,5.00,0.00,320.33,1,
3385,318,2025-11-09 21:02:06+00,completed,240.85,27.04,5.00,0.00,272.89,1,
3386,296,2025-11-09 23:57:00+00,completed,5716.35,630.12,12.00,0.00,6358.47,2,
3387,341,2025-11-10 07:12:26+00,completed,709.89,79.41,12.00,0.00,801.30,2,
3388,107,2025-11-10 07:38:56+00,refunded,201.13,23.77,15.00,0.00,239.90,3,
3389,10,2025-11-10 11:33:17+00,processing,940.69,104.03,5.00,0.00,1049.72,1,
3390,38,2025-11-10 16:30:48+00,completed,310.38,37.99,35.00,0.00,383.37,4,
3391,157,2025-11-10 17:05:25+00,shipped,1872.14,209.79,35.00,0.00,2116.93,4,
3392,356,2025-11-10 20:49:09+00,cancelled,3584.85,394.88,5.00,0.00,3984.73,1,
3393,3,2025-11-10 20:55:12+00,completed,12928.88,1417.23,5.00,50.00,14301.11,1,9
3394,351,2025-11-10 21:30:42+00,processing,4494.87,450.99,5.00,400.00,4550.86,1,12
3395,464,2025-11-11 04:20:07+00,pending,18.52,2.59,5.00,0.00,26.11,1,
3396,176,2025-11-11 18:10:36+00,completed,4520.38,497.24,0.00,0.00,5017.62,5,
3397,337,2025-11-11 21:54:26+00,completed,7991.29,879.59,5.00,0.00,8875.88,1,
3398,22,2025-11-12 01:52:48+00,completed,217.46,25.24,12.00,0.00,254.70,2,
3399,151,2025-11-12 06:02:08+00,shipped,3926.78,433.60,15.00,0.00,4375.38,3,
3400,187,2025-11-12 15:39:06+00,completed,189.96,21.45,5.00,0.00,216.41,1,
3401,491,2025-11-12 20:02:01+00,completed,4336.92,477.06,0.00,0.00,4813.98,5,
3402,146,2025-11-12 21:08:42+00,completed,363.72,35.66,15.00,54.56,359.82,3,2
3403,21,2025-11-12 23:07:39+00,shipped,289.02,33.11,12.00,0.00,334.13,2,
3404,238,2025-11-13 02:43:19+00,completed,2243.36,246.77,0.00,0.00,2490.13,5,
3405,386,2025-11-13 04:20:41+00,completed,1570.55,172.76,0.00,0.00,1743.31,5,
3406,152,2025-11-13 05:09:48+00,processing,4420.52,487.91,15.00,0.00,4923.43,3,
3407,351,2025-11-13 11:23:14+00,processing,46.30,5.64,5.00,0.00,56.94,1,
3408,322,2025-11-13 22:53:14+00,completed,212.00,24.97,15.00,0.00,251.97,3,
3409,331,2025-11-14 01:22:48+00,completed,466.47,55.16,35.00,0.00,556.63,4,
3410,50,2025-11-14 04:18:19+00,completed,1331.94,147.06,5.00,0.00,1484.00,1,
3411,274,2025-11-14 13:20:20+00,shipped,4569.03,503.14,5.00,0.00,5077.17,1,
3412,473,2025-11-14 16:16:07+00,completed,4311.35,474.80,5.00,0.00,4791.15,1,
3413,478,2025-11-14 17:59:10+00,processing,5771.49,636.18,12.00,0.00,6419.67,2,
3414,62,2025-11-14 21:16:43+00,pending,19782.25,2175.50,5.00,10.00,21952.75,1,11
3415,102,2025-11-14 23:13:09+00,refunded,12815.38,1410.24,5.00,0.00,14230.62,1,
3416,135,2025-11-15 00:19:16+00,shipped,46.30,6.41,12.00,0.00,64.71,2,
3417,53,2025-11-15 09:08:47+00,completed,145.52,17.33,12.00,0.00,174.85,2,
3418,343,2025-11-16 04:32:28+00,refunded,14249.97,1568.05,5.00,0.00,15823.02,1,
3419,107,2025-11-16 05:23:06+00,shipped,2610.12,287.66,5.00,0.00,2902.78,1,
3420,350,2025-11-16 06:43:18+00,processing,12392.46,1364.49,12.00,0.00,13768.95,2,
3421,59,2025-11-16 11:50:53+00,completed,81.56,10.29,12.00,0.00,103.85,2,
3422,177,2025-11-16 16:04:15+00,processing,102.78,11.86,5.00,0.00,119.64,1,
3423,329,2025-11-16 19:53:40+00,completed,9.26,2.34,12.00,0.00,23.60,2,
3424,476,2025-11-17 02:31:36+00,cancelled,2667.76,284.10,5.00,90.00,2866.86,1,10
3425,307,2025-11-17 08:11:08+00,shipped,113.38,13.02,5.00,0.00,131.40,1,
3426,358,2025-11-17 15:47:17+00,completed,7548.24,830.86,5.00,0.00,8384.10,1,
3427,207,2025-11-17 17:53:52+00,completed,6936.61,763.58,5.00,0.00,7705.19,1,
3428,146,2025-11-18 00:33:53+00,completed,1063.09,118.26,12.00,0.00,1193.35,2,
3429,44,2025-11-18 02:53:10+00,pending,15791.01,1738.66,15.00,0.00,17544.67,3,
3430,51,2025-11-18 18:56:47+00,refunded,1714.62,189.16,5.00,0.00,1908.78,1,
3431,183,2025-11-19 22:46:38+00,processing,132.68,15.14,5.00,0.00,152.82,1,
3432,343,2025-11-20 19:12:47+00,shipped,5819.26,640.12,0.00,0.00,6459.38,5,
3433,187,2025-11-20 20:38:53+00,completed,6422.04,707.74,12.00,0.00,7141.78,2,
3434,181,2025-11-21 01:19:08+00,cancelled,3296.43,363.93,12.00,0.00,3672.36,2,
3435,499,2025-11-21 17:05:59+00,completed,1961.78,216.35,5.00,0.00,2183.13,1,
3436,445,2025-11-21 18:27:20+00,cancelled,3939.13,431.32,12.00,30.00,4352.45,2,8
3437,102,2025-11-21 19:35:27+00,completed,51.71,6.44,12.00,5.17,64.98,2,1
3438,187,2025-11-21 21:58:32+00,completed,3646.32,401.65,5.00,0.00,4052.97,1,
3439,22,2025-11-21 22:56:06+00,shipped,758.88,84.03,5.00,0.00,847.91,1,
3440,166,2025-11-21 22:57:33+00,completed,121.09,13.87,5.00,0.00,139.96,1,
3441,3,2025-11-22 03:13:17+00,completed,5578.99,614.24,5.00,0.00,6198.23,1,
3442,53,2025-11-22 05:47:53+00,cancelled,7255.63,798.67,5.00,0.00,8059.30,1,
3443,91,2025-11-22 15:19:27+00,shipped,1368.69,151.88,12.00,0.00,1532.57,2,
3444,76,2025-11-22 20:04:25+00,cancelled,8884.90,977.89,5.00,0.00,9867.79,1,
3445,397,2025-11-23 05:30:36+00,refunded,57.43,6.36,5.00,4.59,64.20,1,9
3446,167,2025-11-23 05:40:01+00,completed,2195.99,236.06,0.00,50.00,2382.05,5,9
3447,480,2025-11-23 12:57:53+00,processing,1609.96,166.65,5.00,100.00,1681.61,1,7
3448,21,2025-11-23 12:58:14+00,completed,4917.04,540.87,0.00,0.00,5457.91,5,
3449,100,2025-11-23 19:02:26+00,completed,12844.08,1414.17,12.00,0.00,14270.25,2,
3450,105,2025-11-24 03:41:24+00,completed,1877.67,206.54,0.00,0.00,2084.21,5,
3451,350,2025-11-24 07:02:52+00,completed,344.27,39.52,15.00,0.00,398.79,3,
3452,305,2025-11-24 10:16:29+00,completed,8775.04,966.57,12.00,0.00,9753.61,2,
3453,74,2025-11-24 15:58:31+00,completed,3900.37,386.69,15.00,400.00,3902.06,3,12
3454,179,2025-11-24 17:58:13+00,completed,2775.58,306.63,12.00,0.00,3094.21,2,
3455,49,2025-11-24 21:58:21+00,completed,1849.35,203.98,5.00,0.00,2058.33,1,
3456,43,2025-11-25 01:22:01+00,shipped,680.88,76.22,12.00,0.00,769.10,2,
3457,483,2025-11-25 02:39:01+00,shipped,11603.78,1276.97,5.00,0.00,12885.75,1,
3458,32,2025-11-25 09:13:25+00,completed,3786.52,389.57,5.00,250.00,3931.09,1,3
3459,403,2025-11-25 11:55:32+00,pending,12339.81,1357.38,0.00,0.00,13697.19,5,
3460,297,2025-11-25 13:56:50+00,shipped,1714.62,190.26,15.00,0.00,1919.88,3,
3461,335,2025-11-26 00:52:58+00,pending,5653.38,619.12,5.00,30.00,6247.50,1,8
3462,13,2025-11-26 09:34:22+00,completed,5790.75,627.30,12.00,100.00,6330.05,2,7
3463,417,2025-11-26 13:57:32+00,pending,1796.79,198.20,5.00,0.00,1999.99,1,
3464,425,2025-11-26 15:21:29+00,pending,129.08,14.75,5.00,0.00,148.83,1,
3465,409,2025-11-26 22:18:46+00,completed,632.40,61.86,5.00,75.00,624.26,1,2
3466,323,2025-11-27 01:25:54+00,completed,2184.87,240.89,5.00,0.00,2430.76,1,
3467,329,2025-11-27 05:58:48+00,pending,6618.66,701.10,5.00,250.00,7074.76,1,3
3468,453,2025-11-27 16:53:21+00,shipped,9865.20,1085.72,5.00,0.00,10955.92,1,
3469,70,2025-11-27 17:25:52+00,completed,1020.21,112.22,0.00,0.00,1132.43,5,
3470,216,2025-11-27 22:45:27+00,completed,58.68,7.00,5.00,0.00,70.68,1,
3471,59,2025-11-27 22:46:29+00,completed,4054.70,449.87,35.00,0.00,4539.57,4,
3472,380,2025-11-27 23:22:38+00,pending,2146.42,237.43,12.00,0.00,2395.85,2,
3473,72,2025-11-28 05:10:17+00,completed,55.56,9.96,35.00,0.00,100.52,4,
3474,424,2025-11-28 07:24:14+00,completed,5967.69,657.00,5.00,0.00,6629.69,1,
3475,224,2025-11-28 14:51:20+00,shipped,1270.84,135.94,5.00,40.00,1371.78,1,1
3476,99,2025-11-28 23:02:39+00,completed,4794.79,527.43,0.00,0.00,5322.22,5,
3477,14,2025-11-28 23:32:05+00,shipped,905.93,99.65,0.00,0.00,1005.58,5,
3478,31,2025-11-29 05:20:18+00,cancelled,7041.26,775.09,5.00,0.00,7821.35,1,
3479,263,2025-11-29 05:47:39+00,shipped,559.29,60.97,5.00,10.00,615.26,1,11
3480,466,2025-11-29 07:37:32+00,completed,74.64,7.94,5.00,7.46,80.12,1,1
3481,466,2025-11-29 09:21:29+00,processing,17.13,3.20,12.00,0.00,32.33,2,
3482,429,2025-11-29 10:19:36+00,completed,14347.78,1568.58,12.00,100.00,15828.36,2,7
3483,353,2025-11-29 18:13:53+00,completed,2610.12,290.96,35.00,0.00,2936.08,4,
3484,452,2025-11-30 15:55:53+00,processing,8509.47,937.36,12.00,0.00,9458.83,2,
3485,307,2025-11-30 21:06:36+00,cancelled,11638.50,1269.23,0.00,100.00,12807.73,5,7
3486,385,2025-11-30 23:41:03+00,shipped,1613.59,173.64,5.00,40.00,1752.23,1,1
3487,293,2025-12-01 03:18:50+00,refunded,2932.89,324.27,15.00,0.00,3272.16,3,
3488,90,2025-12-01 04:33:03+00,completed,1112.57,123.70,12.00,0.00,1248.27,2,
3489,49,2025-12-01 05:45:05+00,completed,572.54,64.30,12.00,0.00,648.84,2,
3490,462,2025-12-01 06:03:01+00,completed,749.61,83.01,5.00,0.00,837.62,1,
3491,466,2025-12-01 14:02:01+00,completed,4572.79,503.56,5.00,0.00,5081.35,1,
3492,205,2025-12-01 20:34:16+00,completed,9086.69,1000.86,12.00,0.00,10099.55,2,
3493,48,2025-12-01 20:44:09+00,completed,126.64,15.25,12.00,0.00,153.89,2,
3494,132,2025-12-01 23:04:48+00,completed,1157.61,127.89,5.00,0.00,1290.50,1,
3495,21,2025-12-01 23:26:59+00,completed,1090.86,108.11,12.00,120.00,1090.97,2,6
3496,374,2025-12-02 04:33:48+00,completed,15156.78,1668.57,12.00,0.00,16837.35,2,
3497,52,2025-12-02 04:51:06+00,completed,2625.40,262.61,12.00,250.00,2650.01,2,3
3498,321,2025-12-02 05:17:59+00,completed,310.18,34.67,5.00,0.00,349.85,1,
3499,55,2025-12-02 06:01:39+00,completed,9190.20,1011.47,5.00,0.00,10206.67,1,
3500,261,2025-12-02 12:26:49+00,completed,938.44,103.78,5.00,0.00,1047.22,1,
3501,221,2025-12-02 14:25:20+00,completed,4098.69,451.41,5.00,0.00,4555.10,1,
3502,406,2025-12-02 16:36:44+00,completed,8917.01,981.42,5.00,0.00,9903.43,1,
3503,410,2025-12-02 17:09:57+00,completed,450.27,50.08,5.00,0.00,505.35,1,
3504,244,2025-12-02 21:21:20+00,completed,4318.40,467.32,5.00,75.00,4715.72,1,2
3505,46,2025-12-02 21:42:24+00,shipped,1463.73,161.56,5.00,0.00,1630.29,1,
3506,455,2025-12-03 07:00:52+00,refunded,162.32,19.51,15.00,0.00,196.83,3,
3507,29,2025-12-03 14:49:23+00,completed,1070.26,108.05,12.00,100.00,1090.31,2,7
3508,27,2025-12-04 01:26:11+00,completed,1174.38,129.73,5.00,0.00,1309.11,1,
3509,216,2025-12-04 03:25:01+00,processing,4224.67,465.26,5.00,0.00,4694.93,1,
3510,251,2025-12-04 05:28:31+00,completed,3044.02,336.16,12.00,0.00,3392.18,2,
3511,66,2025-12-04 19:49:30+00,completed,555.30,59.10,12.00,30.00,596.40,2,8
3512,460,2025-12-04 20:13:04+00,completed,948.72,104.91,5.00,0.00,1058.63,1,
3513,35,2025-12-05 08:49:54+00,completed,505.92,56.97,12.00,0.00,574.89,2,
3514,344,2025-12-05 09:08:00+00,shipped,7478.59,823.96,12.00,0.00,8314.55,2,
3515,51,2025-12-05 12:23:31+00,completed,1331.25,146.44,0.00,0.00,1477.69,5,
3516,84,2025-12-05 19:38:22+00,cancelled,4496.07,495.12,5.00,0.00,4996.19,1,
3517,395,2025-12-05 21:43:54+00,completed,12556.33,1385.05,35.00,0.00,13976.38,4,
3518,10,2025-12-05 22:28:40+00,completed,3049.71,331.29,12.00,50.00,3343.00,2,9
3519,372,2025-12-06 09:12:58+00,shipped,8992.50,990.83,15.00,0.00,9998.33,3,
3520,357,2025-12-06 09:32:37+00,refunded,560.28,60.55,35.00,44.82,611.01,4,9
3521,114,2025-12-06 10:38:47+00,cancelled,92.72,10.20,0.00,0.00,102.92,5,
3522,215,2025-12-06 12:44:40+00,processing,2425.15,267.32,5.00,0.00,2697.47,1,
3523,305,2025-12-06 18:04:56+00,completed,9822.71,1081.82,12.00,0.00,10916.53,2,
3524,29,2025-12-06 18:15:52+00,shipped,1531.70,159.14,35.00,120.00,1605.84,4,6
3525,395,2025-12-06 21:41:21+00,refunded,666.33,77.15,35.00,0.00,778.48,4,
3526,185,2025-12-07 06:23:28+00,shipped,1322.93,145.52,0.00,0.00,1468.45,5,
3527,437,2025-12-07 07:19:43+00,completed,11997.08,1320.23,5.00,0.00,13322.31,1,
3528,451,2025-12-07 16:14:05+00,completed,5334.68,587.36,5.00,0.00,5927.04,1,
3529,423,2025-12-07 22:46:42+00,completed,8245.56,907.56,5.00,0.00,9158.12,1,
3530,317,2025-12-08 08:15:56+00,pending,7725.24,853.63,35.00,0.00,8613.87,4,
3531,101,2025-12-08 20:35:19+00,refunded,2371.73,233.94,5.00,250.00,2360.67,1,3
3532,146,2025-12-09 11:15:17+00,cancelled,1047.86,116.58,12.00,0.00,1176.44,2,
3533,256,2025-12-09 12:25:34+00,completed,9874.72,1090.07,35.00,0.00,10999.79,4,
3534,184,2025-12-09 13:12:28+00,completed,46.30,6.41,12.00,0.00,64.71,2,
3535,452,2025-12-09 16:11:20+00,cancelled,627.88,69.62,5.00,0.00,702.50,1,
3536,13,2025-12-09 17:46:54+00,completed,7340.04,808.72,12.00,0.00,8160.76,2,
3537,382,2025-12-09 20:33:55+00,completed,117.84,14.28,12.00,0.00,144.12,2,
3538,490,2025-12-09 21:37:12+00,refunded,8408.38,916.34,12.00,90.00,9246.72,2,10
3539,374,2025-12-10 03:08:39+00,cancelled,25.08,3.80,12.00,2.51,38.37,2,1
3540,107,2025-12-10 04:48:45+00,cancelled,316.24,34.79,0.00,0.00,351.03,5,
3541,64,2025-12-10 11:49:02+00,completed,13.79,2.84,12.00,0.00,28.63,2,
3542,320,2025-12-10 13:36:35+00,completed,91.56,8.56,0.00,13.73,86.39,5,10
3543,49,2025-12-10 17:33:17+00,completed,24.88,6.59,35.00,0.00,66.47,4,
3544,128,2025-12-11 02:36:06+00,processing,519.84,58.83,15.00,0.00,593.67,3,
3545,470,2025-12-11 03:25:27+00,completed,1025.38,109.49,0.00,30.00,1104.87,5,8
3546,359,2025-12-11 04:01:43+00,completed,91.56,9.82,5.00,7.32,99.06,1,9
3547,453,2025-12-11 04:50:32+00,processing,523.40,58.12,5.00,0.00,586.52,1,
3548,439,2025-12-11 04:55:45+00,processing,2012.29,225.20,35.00,0.00,2272.49,4,
3549,456,2025-12-11 05:05:24+00,completed,1182.81,133.96,35.00,0.00,1351.77,4,
3550,48,2025-12-11 06:34:07+00,completed,4281.36,472.27,12.00,0.00,4765.63,2,
3551,64,2025-12-11 17:12:33+00,completed,334.67,38.13,12.00,0.00,384.80,2,
3552,399,2025-12-12 00:33:14+00,pending,1778.04,197.23,15.00,0.00,1990.27,3,
3553,123,2025-12-12 02:26:09+00,processing,1144.66,125.91,0.00,0.00,1270.57,5,
3554,14,2025-12-12 13:14:32+00,cancelled,2280.46,250.85,0.00,0.00,2531.31,5,
3555,436,2025-12-12 21:24:51+00,completed,6.27,2.34,15.00,0.00,23.61,3,
3556,178,2025-12-13 02:14:18+00,completed,10813.39,1190.02,5.00,0.00,12008.41,1,
3557,496,2025-12-13 02:14:44+00,completed,363.57,40.54,5.00,0.00,409.11,1,
3558,147,2025-12-13 03:13:01+00,processing,9406.79,1022.10,5.00,120.00,10313.89,1,6
3559,113,2025-12-13 04:35:10+00,completed,2703.36,298.69,12.00,0.00,3014.05,2,
3560,13,2025-12-13 08:44:11+00,pending,1575.20,173.82,5.00,0.00,1754.02,1,
3561,209,2025-12-13 09:37:44+00,completed,1695.86,177.19,5.00,90.00,1788.05,1,10
3562,286,2025-12-13 12:36:31+00,completed,7588.32,831.97,5.00,30.00,8395.29,1,8
3563,299,2025-12-13 13:20:25+00,shipped,4419.82,486.18,0.00,0.00,4906.00,5,
3564,293,2025-12-13 17:17:22+00,completed,9372.06,1031.48,5.00,0.00,10408.54,1,
3565,147,2025-12-14 08:05:31+00,refunded,10843.08,1193.29,5.00,0.00,12041.37,1,
3566,5,2025-12-14 10:36:43+00,completed,999.48,110.49,5.00,0.00,1114.97,1,
3567,240,2025-12-14 13:05:08+00,refunded,6401.72,705.51,12.00,0.00,7119.23,2,
3568,277,2025-12-14 18:28:14+00,completed,1891.32,197.60,5.00,100.00,1993.92,1,7
3569,423,2025-12-14 20:16:51+00,completed,7.43,1.37,5.00,0.00,13.80,1,
3570,19,2025-12-15 03:02:28+00,completed,880.11,97.36,5.00,0.00,982.47,1,
3571,364,2025-12-16 12:42:08+00,completed,9670.06,1067.56,35.00,0.00,10772.62,4,
3572,252,2025-12-16 19:59:33+00,completed,1949.25,214.97,5.00,0.00,2169.22,1,
3573,297,2025-12-16 20:29:15+00,completed,4743.36,525.62,35.00,0.00,5303.98,4,
3574,387,2025-12-17 00:43:56+00,cancelled,1012.50,111.38,0.00,0.00,1123.88,5,
3575,487,2025-12-17 01:02:53+00,completed,6313.30,698.31,35.00,0.00,7046.61,4,
3576,499,2025-12-17 02:42:28+00,processing,1913.54,167.81,12.00,400.00,1693.35,2,12
3577,171,2025-12-17 04:44:48+00,completed,11763.47,1297.83,35.00,0.00,13096.30,4,
3578,129,2025-12-17 08:12:39+00,completed,6625.60,729.37,5.00,0.00,7359.97,1,
3579,116,2025-12-18 03:38:26+00,completed,1030.28,117.18,35.00,0.00,1182.46,4,
3580,484,2025-12-18 07:50:03+00,completed,4331.29,476.99,5.00,0.00,4813.28,1,
3581,356,2025-12-18 08:23:52+00,processing,1844.80,204.58,15.00,0.00,2064.38,3,
3582,66,2025-12-18 10:06:54+00,shipped,172.57,19.53,5.00,0.00,197.10,1,
3583,28,2025-12-18 12:06:33+00,completed,828.78,92.49,12.00,0.00,933.27,2,
3584,289,2025-12-18 12:37:30+00,completed,865.17,99.02,35.00,0.00,999.19,4,
3585,437,2025-12-18 16:27:48+00,completed,3186.16,351.03,5.00,0.00,3542.19,1,
3586,257,2025-12-18 17:16:14+00,completed,3713.23,401.31,35.00,100.00,4049.54,4,7
3587,353,2025-12-18 18:07:59+00,completed,12484.83,1373.88,5.00,0.00,13863.71,1,
3588,221,2025-12-19 07:30:55+00,completed,240.85,27.81,12.00,0.00,280.66,2,
3589,237,2025-12-19 08:04:16+00,completed,177.71,23.40,35.00,0.00,236.11,4,
3590,370,2025-12-19 08:10:43+00,pending,9069.63,998.21,5.00,0.00,10072.84,1,
3591,370,2025-12-19 08:50:16+00,cancelled,4304.44,474.04,5.00,0.00,4783.48,1,
3592,27,2025-12-19 10:06:21+00,refunded,749.61,83.01,5.00,0.00,837.62,1,
3593,290,2025-12-19 10:41:09+00,completed,5664.60,614.53,12.00,90.00,6201.13,2,10
3594,120,2025-12-19 11:55:27+00,shipped,8914.12,970.10,5.00,100.00,9789.22,1,7
3595,442,2025-12-19 15:57:35+00,completed,13780.96,1475.76,35.00,400.00,14891.72,4,12
3596,420,2025-12-19 21:41:58+00,completed,383.60,42.75,5.00,0.00,431.35,1,
3597,452,2025-12-20 00:45:54+00,shipped,7346.71,809.46,12.00,0.00,8168.17,2,
3598,366,2025-12-20 06:43:08+00,completed,118.60,16.90,35.00,0.00,170.50,4,
3599,177,2025-12-20 08:28:26+00,shipped,1665.92,179.40,5.00,40.00,1810.32,1,1
3600,494,2025-12-20 10:59:52+00,completed,1266.48,140.96,15.00,0.00,1422.44,3,
3601,20,2025-12-20 13:00:42+00,completed,45.30,6.63,15.00,0.00,66.93,3,
3602,326,2025-12-20 17:19:56+00,completed,11188.97,1231.34,5.00,0.00,12425.31,1,
3603,146,2025-12-21 02:29:30+00,shipped,1475.71,149.68,5.00,120.00,1510.39,1,6
3604,423,2025-12-21 07:58:58+00,completed,2112.16,232.89,5.00,0.00,2350.05,1,
3605,257,2025-12-21 10:03:42+00,completed,4745.14,523.29,12.00,0.00,5280.43,2,
3606,44,2025-12-21 10:56:28+00,completed,8290.80,885.81,12.00,250.00,8938.61,2,3
3607,20,2025-12-21 12:08:24+00,completed,3603.26,400.21,35.00,0.00,4038.47,4,
3608,28,2025-12-21 16:07:13+00,completed,5241.96,577.17,5.00,0.00,5824.13,1,
3609,5,2025-12-21 18:21:25+00,shipped,189.06,24.65,35.00,0.00,248.71,4,
3610,350,2025-12-22 01:25:07+00,completed,1291.62,140.10,12.00,30.00,1413.72,2,8
3611,241,2025-12-22 05:51:17+00,pending,279.51,31.30,5.00,0.00,315.81,1,
3612,364,2025-12-22 08:23:46+00,pending,6400.88,705.42,12.00,0.00,7118.30,2,
3613,179,2025-12-22 09:25:48+00,shipped,10785.97,1178.76,5.00,75.00,11894.73,1,2
3614,355,2025-12-22 11:12:22+00,completed,8928.12,982.64,5.00,0.00,9915.76,1,
3615,361,2025-12-22 12:59:23+00,shipped,2738.22,301.20,0.00,0.00,3039.42,5,
3616,51,2025-12-22 13:37:08+00,completed,4816.34,533.65,35.00,0.00,5384.99,4,
3617,209,2025-12-22 13:39:18+00,shipped,243.86,28.14,12.00,0.00,284.00,2,
3618,225,2025-12-22 23:23:29+00,processing,6696.84,738.30,15.00,0.00,7450.14,3,
3619,470,2025-12-24 05:03:26+00,completed,550.32,64.39,35.00,0.00,649.71,4,
3620,230,2025-12-24 07:05:51+00,pending,3984.75,442.17,35.00,0.00,4461.92,4,
3621,13,2025-12-24 16:26:05+00,completed,1630.83,183.24,35.00,0.00,1849.07,4,
3622,174,2025-12-24 16:32:40+00,completed,6422.04,706.42,0.00,0.00,7128.46,5,
3623,456,2025-12-25 04:42:59+00,completed,1795.30,201.33,35.00,0.00,2031.63,4,
3624,172,2025-12-25 06:03:43+00,shipped,13341.05,1457.84,12.00,100.00,14710.89,2,7
3625,495,2025-12-25 08:55:53+00,completed,6273.49,685.13,5.00,50.00,6913.62,1,9
3626,370,2025-12-25 22:26:31+00,shipped,12909.02,1407.34,5.00,120.00,14201.36,1,6
3627,272,2025-12-26 01:40:35+00,completed,6658.58,733.76,12.00,0.00,7404.34,2,
3628,220,2025-12-26 06:15:29+00,completed,122.88,14.07,5.00,0.00,141.95,1,
3629,445,2025-12-26 10:25:52+00,shipped,8865.29,979.03,35.00,0.00,9879.32,4,
3630,48,2025-12-26 11:40:06+00,pending,774.10,80.20,5.00,50.00,809.30,1,9
3631,227,2025-12-26 18:18:58+00,processing,10.84,2.51,12.00,0.00,25.35,2,
3632,91,2025-12-27 03:26:28+00,processing,3169.55,352.50,35.00,0.00,3557.05,4,
3633,22,2025-12-27 08:31:54+00,completed,5352.10,590.38,15.00,0.00,5957.48,3,
3634,439,2025-12-27 09:42:30+00,completed,155.09,16.33,12.00,18.61,164.81,2,6
3635,272,2025-12-27 15:59:09+00,processing,2602.33,279.11,35.00,100.00,2816.44,4,7
3636,396,2025-12-27 17:17:22+00,shipped,2128.17,235.42,12.00,0.00,2375.59,2,
3637,466,2025-12-28 01:07:38+00,shipped,912.74,81.64,12.00,182.55,823.83,2,3
3638,27,2025-12-28 08:57:47+00,shipped,4990.77,549.53,5.00,0.00,5545.30,1,
3639,411,2025-12-28 19:35:33+00,shipped,1685.28,185.93,5.00,0.00,1876.21,1,
3640,454,2025-12-28 19:53:47+00,completed,252.43,26.87,12.00,20.19,271.11,2,9
3641,51,2025-12-28 20:36:46+00,completed,1184.63,130.86,5.00,0.00,1320.49,1,
3642,129,2025-12-28 21:43:11+00,completed,9633.14,1063.50,35.00,0.00,10731.64,4,
3643,188,2025-12-29 02:01:13+00,completed,6331.94,687.16,5.00,90.00,6934.10,1,10
3644,99,2025-12-29 05:26:03+00,completed,4490.36,494.49,5.00,0.00,4989.85,1,
3645,308,2025-12-29 05:45:16+00,completed,9080.02,972.62,12.00,250.00,9814.64,2,3
3646,240,2025-12-29 10:09:38+00,completed,415.81,39.43,5.00,62.37,397.87,1,10
3647,5,2025-12-29 11:39:50+00,completed,4798.66,529.50,15.00,0.00,5343.16,3,
3648,464,2025-12-29 14:37:49+00,completed,1068.23,118.06,5.00,0.00,1191.29,1,
3649,281,2025-12-29 15:48:16+00,completed,8002.11,881.55,12.00,0.00,8895.66,2,
3650,323,2025-12-29 16:41:18+00,completed,3352.32,369.86,35.00,25.00,3732.18,4,5
3651,388,2025-12-29 22:51:18+00,refunded,150.48,17.10,5.00,0.00,172.58,1,
3652,319,2025-12-30 01:58:19+00,refunded,6725.80,739.84,0.00,0.00,7465.64,5,
3653,188,2025-12-30 03:46:52+00,completed,519.82,57.73,5.00,0.00,582.55,1,
3654,286,2025-12-30 07:44:15+00,shipped,7360.18,810.17,5.00,0.00,8175.35,1,
3655,104,2025-12-30 09:57:32+00,processing,7435.20,818.42,5.00,0.00,8258.62,1,
3656,18,2025-12-30 18:34:09+00,cancelled,4297.46,461.17,15.00,120.00,4653.63,3,6
3657,173,2025-12-30 22:33:08+00,completed,3303.02,363.88,5.00,0.00,3671.90,1,
3658,32,2025-12-31 03:39:01+00,processing,3700.76,404.33,5.00,30.00,4080.09,1,8
3659,18,2025-12-31 13:31:30+00,cancelled,8714.82,959.95,12.00,0.00,9686.77,2,
3660,255,2025-12-31 16:56:14+00,refunded,5382.00,587.84,12.00,50.00,5931.84,2,9
3661,184,2026-01-01 08:19:38+00,completed,3481.64,383.53,5.00,0.00,3870.17,1,
3662,78,2026-01-01 12:51:19+00,completed,4567.23,503.72,12.00,0.00,5082.95,2,
3663,113,2026-01-01 12:55:53+00,completed,1090.86,120.54,5.00,0.00,1216.40,1,
3664,44,2026-01-01 14:59:59+00,completed,51.39,6.97,12.00,0.00,70.36,2,
3665,285,2026-01-01 16:03:20+00,completed,206.92,23.31,5.00,0.00,235.23,1,
3666,190,2026-01-01 18:06:15+00,processing,2781.58,302.12,15.00,50.00,3048.70,3,9
3667,326,2026-01-02 05:27:20+00,completed,999.48,113.79,35.00,0.00,1148.27,4,
3668,110,2026-01-02 06:30:19+00,completed,1729.11,179.75,5.00,100.00,1813.86,1,7
3669,308,2026-01-02 10:56:59+00,completed,399.82,43.98,0.00,0.00,443.80,5,
3670,399,2026-01-02 19:21:12+00,completed,912.74,90.00,15.00,109.53,908.21,3,6
3671,274,2026-01-03 02:10:20+00,completed,9763.65,1075.65,15.00,0.00,10854.30,3,
3672,215,2026-01-03 02:41:35+00,completed,5602.47,620.12,35.00,0.00,6257.59,4,
3673,293,2026-01-03 04:47:06+00,cancelled,3110.68,342.72,5.00,0.00,3458.40,1,
3674,453,2026-01-03 10:21:40+00,completed,458.23,47.66,0.00,25.00,480.89,5,5
3675,449,2026-01-03 14:46:16+00,processing,3431.24,377.99,5.00,0.00,3814.23,1,
3676,272,2026-01-03 22:38:09+00,completed,979.36,109.05,12.00,0.00,1100.41,2,
3677,434,2026-01-04 05:38:49+00,completed,6459.08,711.05,5.00,0.00,7175.13,1,
3678,496,2026-01-04 07:48:14+00,pending,5519.20,608.43,12.00,0.00,6139.63,2,
3679,288,2026-01-04 09:23:00+00,processing,7160.16,791.47,35.00,0.00,7986.63,4,
3680,436,2026-01-04 18:54:43+00,completed,3538.34,393.07,35.00,0.00,3966.41,4,
3681,102,2026-01-04 20:20:19+00,processing,1766.28,198.14,35.00,0.00,1999.42,4,
3682,392,2026-01-04 21:49:27+00,completed,9005.44,991.15,5.00,0.00,10001.59,1,
3683,276,2026-01-04 23:46:41+00,completed,4856.62,534.78,5.00,0.00,5396.40,1,
3684,489,2026-01-05 11:33:05+00,cancelled,942.10,103.63,0.00,0.00,1045.73,5,
3685,215,2026-01-05 16:53:28+00,shipped,2540.00,280.72,12.00,0.00,2832.72,2,
3686,458,2026-01-05 21:46:26+00,completed,8202.45,876.09,12.00,250.00,8840.54,2,3
3687,364,2026-01-05 22:58:50+00,shipped,3475.98,386.21,35.00,0.00,3897.19,4,
3688,235,2026-01-06 03:04:22+00,completed,4478.74,493.21,5.00,0.00,4976.95,1,
3689,392,2026-01-06 18:50:29+00,shipped,13094.13,1441.67,12.00,0.00,14547.80,2,
3690,281,2026-01-06 21:02:22+00,completed,6606.41,728.03,12.00,0.00,7346.44,2,
3691,47,2026-01-07 05:44:52+00,completed,1647.54,181.23,0.00,0.00,1828.77,5,
3692,288,2026-01-07 09:32:13+00,completed,320.77,36.60,12.00,0.00,369.37,2,
3693,244,2026-01-07 11:48:57+00,processing,28.04,3.08,0.00,0.00,31.12,5,
3694,361,2026-01-07 14:41:39+00,completed,289.84,32.43,5.00,0.00,327.27,1,
3695,311,2026-01-07 16:22:20+00,completed,8877.48,977.84,12.00,0.00,9867.32,2,
3696,396,2026-01-08 04:21:20+00,completed,2544.34,283.73,35.00,0.00,2863.07,4,
3697,385,2026-01-08 07:16:13+00,cancelled,2057.01,226.82,5.00,0.00,2288.83,1,
3698,159,2026-01-08 07:57:19+00,completed,1387.30,152.60,0.00,0.00,1539.90,5,
3699,66,2026-01-08 15:36:36+00,refunded,2470.69,272.33,5.00,0.00,2748.02,1,
3700,283,2026-01-09 07:11:57+00,completed,93.18,9.77,5.00,9.32,98.63,1,1
3701,300,2026-01-09 11:04:05+00,shipped,567.05,62.93,5.00,0.00,634.98,1,
3702,436,2026-01-09 11:41:56+00,completed,17079.92,1879.34,5.00,0.00,18964.26,1,
3703,420,2026-01-09 14:18:26+00,processing,3510.40,376.79,5.00,90.00,3802.19,1,10
3704,116,2026-01-09 15:15:39+00,completed,13190.16,1451.47,5.00,0.00,14646.63,1,
3705,71,2026-01-09 16:04:13+00,completed,193.29,25.11,35.00,0.00,253.40,4,
3706,480,2026-01-10 01:47:00+00,processing,1083.84,120.54,12.00,0.00,1216.38,2,
3707,33,2026-01-10 02:21:49+00,completed,20.04,3.52,12.00,0.00,35.56,2,
3708,488,2026-01-10 08:22:02+00,completed,28.10,3.64,5.00,0.00,36.74,1,
3709,95,2026-01-11 08:29:09+00,completed,828.09,94.94,35.00,0.00,958.03,4,
3710,119,2026-01-11 20:50:46+00,completed,35.28,4.43,5.00,0.00,44.71,1,
3711,29,2026-01-11 22:30:24+00,cancelled,3487.85,384.21,5.00,0.00,3877.06,1,
3712,62,2026-01-12 02:23:02+00,shipped,190.20,21.47,5.00,0.00,216.67,1,
3713,431,2026-01-12 05:46:44+00,completed,3907.60,429.84,0.00,0.00,4337.44,5,
3714,165,2026-01-12 16:47:50+00,completed,970.40,108.39,15.00,0.00,1093.79,3,
3715,454,2026-01-12 22:09:45+00,completed,3047.04,335.72,5.00,0.00,3387.76,1,
3716,490,2026-01-13 12:40:00+00,processing,4066.84,451.20,35.00,0.00,4553.04,4,
3717,136,2026-01-13 13:37:05+00,refunded,367.23,40.95,5.00,0.00,413.18,1,
3718,319,2026-01-13 14:15:23+00,completed,189.96,21.45,5.00,0.00,216.41,1,
3719,251,2026-01-13 23:18:44+00,completed,4979.29,547.72,0.00,0.00,5527.01,5,
3720,123,2026-01-14 08:32:47+00,processing,7890.78,866.56,12.00,25.00,8744.34,2,5
3721,209,2026-01-14 08:44:01+00,processing,1360.28,150.95,12.00,0.00,1523.23,2,
3722,21,2026-01-14 13:07:43+00,refunded,3489.03,385.11,12.00,0.00,3886.14,2,
3723,480,2026-01-14 13:11:59+00,processing,9096.88,1004.51,35.00,0.00,10136.39,4,
3724,275,2026-01-14 20:46:29+00,completed,4685.01,515.90,5.00,0.00,5205.91,1,
3725,232,2026-01-14 22:24:10+00,refunded,1597.50,179.57,35.00,0.00,1812.07,4,
3726,183,2026-01-15 02:07:26+00,completed,2100.11,231.56,5.00,0.00,2336.67,1,
3727,487,2026-01-15 03:50:35+00,completed,5164.10,571.90,35.00,0.00,5771.00,4,
3728,66,2026-01-15 09:43:24+00,shipped,9637.23,1060.65,5.00,0.00,10702.88,1,
3729,96,2026-01-15 11:49:11+00,completed,3351.30,363.69,5.00,50.00,3669.99,1,9
3730,438,2026-01-15 17:46:33+00,shipped,37.04,5.39,12.00,0.00,54.43,2,
3731,145,2026-01-15 19:28:29+00,completed,2368.04,261.03,5.00,0.00,2634.07,1,
3732,165,2026-01-15 21:31:24+00,shipped,2032.91,227.47,35.00,0.00,2295.38,4,
3733,499,2026-01-15 21:31:33+00,cancelled,675.18,74.27,0.00,0.00,749.45,5,
3734,361,2026-01-16 07:52:26+00,processing,3650.96,405.46,35.00,0.00,4091.42,4,
3735,188,2026-01-16 11:51:03+00,processing,11228.11,1236.41,12.00,0.00,12476.52,2,
3736,179,2026-01-16 13:49:08+00,completed,2863.40,315.52,5.00,0.00,3183.92,1,
3737,402,2026-01-16 13:52:42+00,completed,76.30,8.10,5.00,7.63,81.77,1,1
3738,244,2026-01-16 19:42:15+00,processing,268.00,31.13,15.00,0.00,314.13,3,
3739,378,2026-01-16 20:33:34+00,completed,969.80,107.23,5.00,0.00,1082.03,1,
3740,275,2026-01-16 21:02:31+00,completed,5589.30,615.37,5.00,0.00,6209.67,1,
3741,311,2026-01-16 21:05:38+00,completed,94.82,10.98,5.00,0.00,110.80,1,
3742,62,2026-01-17 07:11:43+00,completed,1395.06,154.01,5.00,0.00,1554.07,1,
3743,452,2026-01-17 10:38:54+00,cancelled,6292.56,692.73,5.00,0.00,6990.29,1,
3744,159,2026-01-17 14:03:26+00,completed,6319.85,695.73,5.00,0.00,7020.58,1,
3745,237,2026-01-17 14:09:56+00,completed,1249.35,138.75,12.00,0.00,1400.10,2,
3746,420,2026-01-17 17:45:30+00,completed,322.72,36.82,12.00,0.00,371.54,2,
3747,104,2026-01-17 18:30:34+00,completed,14986.22,1622.30,12.00,250.00,16370.52,2,3
3748,453,2026-01-17 20:43:10+00,completed,828.21,92.42,12.00,0.00,932.63,2,
3749,380,2026-01-17 23:50:50+00,completed,532.50,59.12,5.00,0.00,596.62,1,
3750,64,2026-01-18 02:55:24+00,completed,2889.52,319.50,15.00,0.00,3224.02,3,
3751,43,2026-01-18 05:37:01+00,refunded,9.08,2.65,15.00,0.00,26.73,3,
3752,261,2026-01-18 06:51:11+00,refunded,371.84,42.22,12.00,0.00,426.06,2,
3753,291,2026-01-18 16:29:46+00,shipped,4563.70,502.56,5.00,0.00,5071.26,1,
3754,338,2026-01-18 21:19:25+00,processing,3151.51,347.22,5.00,0.00,3503.73,1,
3755,474,2026-01-18 23:10:25+00,completed,2113.26,223.88,12.00,90.00,2259.14,2,10
3756,51,2026-01-19 12:02:27+00,completed,5882.26,648.37,12.00,0.00,6542.63,2,
3757,338,2026-01-19 17:11:47+00,completed,530.33,58.89,5.00,0.00,594.22,1,
3758,488,2026-01-19 18:19:54+00,completed,1090.55,109.51,5.00,100.00,1105.06,1,7
3759,185,2026-01-19 21:32:58+00,completed,7619.73,836.52,35.00,50.00,8441.25,4,9
3760,385,2026-01-20 09:59:27+00,completed,1114.62,118.43,12.00,50.00,1195.05,2,9
3761,49,2026-01-21 04:59:25+00,shipped,2895.26,319.03,5.00,0.00,3219.29,1,
3762,111,2026-01-21 08:03:57+00,refunded,12829.30,1411.77,5.00,0.00,14246.07,1,
3763,168,2026-01-21 09:53:36+00,completed,49.76,7.12,15.00,0.00,71.88,3,
3764,3,2026-01-21 10:53:07+00,refunded,22589.13,2486.12,12.00,0.00,25087.25,2,
3765,33,2026-01-21 14:52:59+00,completed,391.24,43.44,35.00,31.30,438.38,4,9
3766,343,2026-01-21 18:13:14+00,completed,11595.97,1276.88,12.00,0.00,12884.85,2,
3767,351,2026-01-21 19:53:10+00,completed,204.54,18.45,0.00,36.82,186.17,5,7
3768,185,2026-01-21 21:01:15+00,completed,862.85,96.56,15.00,0.00,974.41,3,
3769,331,2026-01-21 22:57:04+00,completed,510.38,57.46,12.00,0.00,579.84,2,
3770,19,2026-01-22 02:06:25+00,pending,10703.40,1177.37,0.00,0.00,11880.77,5,
3771,205,2026-01-22 05:58:34+00,completed,9338.17,1027.75,5.00,0.00,10370.92,1,
3772,188,2026-01-22 07:46:54+00,completed,378.43,42.18,5.00,0.00,425.61,1,
3773,435,2026-01-22 09:34:59+00,refunded,384.72,43.64,12.00,0.00,440.36,2,
3774,267,2026-01-22 22:14:00+00,processing,7893.80,868.87,5.00,0.00,8767.67,1,
3775,120,2026-01-23 00:40:03+00,processing,60.22,7.17,5.00,0.00,72.39,1,
3776,435,2026-01-23 06:05:26+00,completed,1703.96,188.76,12.00,0.00,1904.72,2,
3777,476,2026-01-23 08:38:28+00,shipped,4757.65,523.89,5.00,0.00,5286.54,1,
3778,11,2026-01-23 19:02:25+00,completed,10807.13,1190.43,15.00,0.00,12012.56,3,
3779,13,2026-01-24 01:12:27+00,cancelled,1044.82,115.48,5.00,0.00,1165.30,1,
3780,84,2026-01-24 02:03:21+00,cancelled,1802.25,198.80,5.00,0.00,2006.05,1,
3781,261,2026-01-24 04:28:41+00,refunded,2597.72,289.60,35.00,0.00,2922.32,4,
3782,128,2026-01-24 08:40:31+00,completed,97.53,13.72,35.00,7.80,138.45,4,9
3783,283,2026-01-24 11:06:00+00,completed,14214.05,1564.10,5.00,0.00,15783.15,1,
3784,353,2026-01-24 11:40:39+00,shipped,394.25,44.69,12.00,0.00,450.94,2,
3785,178,2026-01-25 08:34:48+00,cancelled,3639.90,400.39,0.00,0.00,4040.29,5,
3786,305,2026-01-25 10:34:47+00,cancelled,1695.58,187.83,12.00,0.00,1895.41,2,
3787,285,2026-01-25 16:11:36+00,completed,175.96,19.91,5.00,0.00,200.87,1,
3788,85,2026-01-25 19:37:11+00,completed,709.98,78.65,5.00,0.00,793.63,1,
3789,94,2026-01-26 01:11:05+00,completed,591.35,64.50,35.00,40.00,650.85,4,1
3790,412,2026-01-26 02:51:57+00,shipped,404.89,45.64,35.00,25.00,460.53,4,5
3791,110,2026-01-26 03:49:43+00,processing,126.46,14.46,5.00,0.00,145.92,1,
3792,329,2026-01-26 15:42:50+00,pending,249.87,29.14,35.00,19.99,294.02,4,9
3793,285,2026-01-26 17:42:01+00,refunded,2073.49,185.40,12.00,400.00,1870.89,2,12
3794,258,2026-01-27 01:22:35+00,processing,6603.42,726.93,5.00,0.00,7335.35,1,
3795,464,2026-01-27 12:29:26+00,completed,6247.46,688.87,15.00,0.00,6951.33,3,
3796,343,2026-01-27 21:44:30+00,completed,351.33,39.20,5.00,0.00,395.53,1,
3797,357,2026-01-27 21:47:13+00,completed,6373.75,702.43,12.00,0.00,7088.18,2,
3798,355,2026-01-27 23:32:09+00,pending,4570.62,503.32,5.00,0.00,5078.94,1,
3799,407,2026-01-28 17:13:34+00,refunded,1362.00,151.14,12.00,0.00,1525.14,2,
3800,66,2026-01-29 03:00:28+00,refunded,4635.84,484.09,15.00,250.00,4884.93,3,3
3801,106,2026-01-29 05:04:24+00,completed,790.60,82.02,5.00,50.00,827.62,1,9
3802,149,2026-01-29 05:24:21+00,processing,777.40,68.96,5.00,155.48,695.88,1,3
3803,132,2026-01-29 08:22:55+00,processing,41.96,5.17,5.00,0.00,52.13,1,
3804,41,2026-01-29 13:30:03+00,pending,2236.90,246.61,5.00,0.00,2488.51,1,
3805,403,2026-01-29 16:25:48+00,completed,1052.48,115.77,0.00,0.00,1168.25,5,
3806,75,2026-01-29 21:55:35+00,completed,62.04,10.67,35.00,0.00,107.71,4,
3807,180,2026-01-30 03:58:24+00,processing,7297.41,804.37,15.00,0.00,8116.78,3,
3808,342,2026-01-31 05:02:22+00,completed,1030.19,113.87,5.00,0.00,1149.06,1,
3809,459,2026-01-31 08:42:20+00,completed,3565.59,392.76,5.00,0.00,3963.35,1,
3810,349,2026-01-31 09:39:38+00,pending,8548.36,941.64,12.00,0.00,9502.00,2,
3811,46,2026-01-31 17:41:08+00,completed,20300.31,2234.35,12.00,0.00,22546.66,2,
3812,58,2026-01-31 20:37:33+00,processing,1021.81,113.72,12.00,0.00,1147.53,2,
3813,217,2026-01-31 22:50:20+00,processing,6035.77,667.78,35.00,0.00,6738.55,4,
3814,255,2026-02-01 00:57:39+00,shipped,1113.25,123.78,12.00,0.00,1249.03,2,
3815,26,2026-02-01 02:40:31+00,processing,4832.70,518.95,5.00,120.00,5236.65,1,6
3816,455,2026-02-01 08:12:07+00,completed,189.96,18.45,12.00,34.19,186.22,2,7
3817,496,2026-02-01 08:55:37+00,completed,11148.91,1230.23,35.00,0.00,12414.14,4,
3818,396,2026-02-01 10:11:38+00,completed,10379.57,1128.55,0.00,120.00,11388.12,5,6
3819,274,2026-02-01 12:18:04+00,cancelled,1404.88,155.09,5.00,0.00,1564.97,1,
3820,464,2026-02-01 19:59:02+00,shipped,596.43,66.16,5.00,0.00,667.59,1,
3821,46,2026-02-01 21:51:22+00,completed,1001.79,111.52,12.00,0.00,1125.31,2,
3822,147,2026-02-01 22:32:00+00,shipped,312.38,34.91,5.00,0.00,352.29,1,
3823,427,2026-02-01 23:34:23+00,completed,2888.14,319.35,15.00,0.00,3222.49,3,
3824,255,2026-02-02 00:14:50+00,completed,11733.65,1292.02,12.00,0.00,13037.67,2,
3825,105,2026-02-02 02:51:40+00,processing,5484.22,603.26,0.00,0.00,6087.48,5,
3826,185,2026-02-02 06:54:19+00,completed,1070.51,106.76,0.00,100.00,1077.27,5,7
3827,139,2026-02-02 10:53:50+00,completed,2902.56,319.83,5.00,0.00,3227.39,1,
3828,343,2026-02-02 19:53:24+00,shipped,2250.91,244.85,5.00,30.00,2470.76,1,8
3829,482,2026-02-02 21:48:46+00,completed,1254.16,138.51,5.00,0.00,1397.67,1,
3830,352,2026-02-03 05:20:25+00,shipped,224.40,25.23,5.00,0.00,254.63,1,
3831,162,2026-02-03 09:32:08+00,completed,6497.53,715.28,5.00,0.00,7217.81,1,
3832,382,2026-02-03 20:13:11+00,shipped,533.70,59.26,5.00,0.00,597.96,1,
3833,238,2026-02-03 23:18:00+00,completed,1499.22,165.46,5.00,0.00,1669.68,1,
3834,248,2026-02-04 03:40:00+00,completed,10913.01,1200.98,5.00,0.00,12118.99,1,
3835,183,2026-02-04 07:03:50+00,shipped,3429.24,378.54,12.00,0.00,3819.78,2,
3836,171,2026-02-04 13:51:21+00,completed,1364.99,154.00,35.00,0.00,1553.99,4,
3837,423,2026-02-04 23:15:47+00,completed,2570.30,282.73,0.00,0.00,2853.03,5,
3838,439,2026-02-05 06:34:12+00,completed,7701.01,850.96,35.00,0.00,8586.97,4,
3839,229,2026-02-05 12:32:55+00,processing,1035.42,114.45,5.00,0.00,1154.87,1,
3840,225,2026-02-05 14:12:53+00,completed,2382.02,263.34,12.00,0.00,2657.36,2,
3841,337,2026-02-05 19:29:07+00,processing,10551.22,1157.88,5.00,30.00,11684.10,1,8
3842,331,2026-02-05 20:47:41+00,completed,420.41,46.80,5.00,0.00,472.21,1,
3843,248,2026-02-06 00:15:11+00,cancelled,8121.34,882.90,5.00,100.00,8909.24,1,7
3844,268,2026-02-06 14:08:32+00,completed,4768.86,525.12,5.00,0.00,5298.98,1,
3845,382,2026-02-06 16:15:12+00,completed,1263.36,126.32,5.00,120.00,1274.68,1,6
3846,3,2026-02-06 22:45:04+00,completed,2450.25,270.08,5.00,0.00,2725.33,1,
3847,15,2026-02-07 00:27:48+00,completed,27.78,6.91,35.00,0.00,69.69,4,
3848,118,2026-02-07 05:11:09+00,completed,1620.11,178.76,5.00,0.00,1803.87,1,
3849,94,2026-02-07 15:49:20+00,completed,767.80,88.31,35.00,0.00,891.11,4,
3850,453,2026-02-08 00:58:13+00,completed,8232.35,906.11,5.00,0.00,9143.46,1,
3851,212,2026-02-08 07:18:43+00,completed,1007.72,105.90,5.00,50.00,1068.62,1,9
3852,378,2026-02-08 10:36:36+00,completed,222.61,25.81,12.00,0.00,260.42,2,
3853,45,2026-02-08 19:08:23+00,shipped,1287.46,143.27,15.00,0.00,1445.73,3,
3854,101,2026-02-08 23:30:02+00,completed,762.05,84.38,5.00,0.00,851.43,1,
3855,294,2026-02-09 01:22:54+00,processing,5727.08,617.33,5.00,120.00,6229.41,1,6
3856,468,2026-02-09 05:14:28+00,processing,1545.92,158.50,15.00,120.00,1599.42,3,6
3857,259,2026-02-09 15:19:38+00,completed,7355.12,809.61,5.00,0.00,8169.73,1,
3858,427,2026-02-09 18:09:46+00,cancelled,14048.26,1546.63,12.00,0.00,15606.89,2,
3859,222,2026-02-10 00:54:36+00,shipped,125.88,15.17,12.00,0.00,153.05,2,
3860,468,2026-02-10 01:11:32+00,cancelled,1277.88,141.89,12.00,0.00,1431.77,2,
3861,47,2026-02-10 01:15:41+00,shipped,10230.60,1125.92,5.00,0.00,11361.52,1,
3862,98,2026-02-10 03:21:02+00,completed,4678.07,515.14,5.00,0.00,5198.21,1,
3863,147,2026-02-10 10:13:55+00,pending,1254.78,138.58,5.00,0.00,1398.36,1,
3864,352,2026-02-11 01:47:23+00,completed,9429.86,1027.60,12.00,100.00,10369.46,2,7
3865,114,2026-02-11 02:51:56+00,completed,138.35,14.55,5.00,11.07,146.83,1,9
3866,455,2026-02-11 08:39:01+00,completed,510.71,56.73,5.00,0.00,572.44,1,
3867,363,2026-02-11 16:54:43+00,completed,46.30,6.41,12.00,0.00,64.71,2,
3868,265,2026-02-11 20:14:07+00,completed,869.37,96.18,5.00,0.00,970.55,1,
3869,358,2026-02-12 00:33:01+00,processing,150.34,17.86,12.00,0.00,180.20,2,
3870,72,2026-02-12 01:13:09+00,completed,8301.14,914.45,12.00,0.00,9227.59,2,
3871,9,2026-02-12 04:45:02+00,cancelled,10899.12,1197.47,12.00,25.00,12083.59,2,5
3872,110,2026-02-12 08:30:31+00,cancelled,1499.22,162.16,0.00,25.00,1636.38,5,5
3873,404,2026-02-12 13:50:42+00,shipped,1415.88,157.07,12.00,0.00,1584.95,2,
3874,327,2026-02-12 21:32:47+00,processing,472.65,43.18,5.00,85.08,435.75,1,7
3875,263,2026-02-13 03:23:46+00,processing,779.76,76.42,5.00,90.00,771.18,1,10
3876,171,2026-02-13 08:21:39+00,completed,186.34,20.50,0.00,0.00,206.84,5,
3877,309,2026-02-13 12:22:09+00,completed,15544.62,1682.96,5.00,250.00,16982.58,1,3
3878,499,2026-02-13 13:26:01+00,completed,393.98,36.09,5.00,70.92,364.15,1,7
3879,317,2026-02-13 22:13:43+00,refunded,9735.57,1072.23,12.00,0.00,10819.80,2,
3880,36,2026-02-14 11:48:46+00,pending,3718.12,409.54,5.00,0.00,4132.66,1,
3881,297,2026-02-14 18:03:25+00,cancelled,17.32,2.46,5.00,0.00,24.78,1,
3882,33,2026-02-14 22:13:01+00,completed,2497.89,275.32,5.00,0.00,2778.21,1,
3883,89,2026-02-15 16:27:08+00,completed,3726.32,413.75,35.00,0.00,4175.07,4,
3884,494,2026-02-15 17:53:15+00,cancelled,3437.07,378.63,5.00,0.00,3820.70,1,
3885,267,2026-02-16 02:43:26+00,processing,13689.53,1509.70,35.00,0.00,15234.23,4,
3886,431,2026-02-16 12:12:37+00,completed,1777.54,195.53,0.00,0.00,1973.07,5,
3887,253,2026-02-16 12:15:05+00,completed,6047.76,665.80,5.00,0.00,6718.56,1,
3888,130,2026-02-16 20:02:46+00,shipped,393.75,44.63,12.00,0.00,450.38,2,
3889,194,2026-02-17 01:06:48+00,refunded,1532.94,169.17,5.00,0.00,1707.11,1,
3890,217,2026-02-17 05:17:44+00,completed,866.69,95.89,5.00,0.00,967.58,1,
3891,52,2026-02-17 06:20:42+00,shipped,2112.16,236.19,35.00,0.00,2383.35,4,
3892,340,2026-02-17 13:02:05+00,shipped,1389.39,153.38,5.00,0.00,1547.77,1,
3893,237,2026-02-17 14:29:04+00,completed,969.19,103.86,5.00,30.00,1048.05,1,8
3894,461,2026-02-17 15:56:15+00,pending,5660.26,623.95,12.00,0.00,6296.21,2,
3895,156,2026-02-18 01:50:36+00,refunded,3275.12,334.08,12.00,250.00,3371.20,2,3
3896,124,2026-02-18 05:03:28+00,completed,2234.35,247.43,15.00,0.00,2496.78,3,
3897,106,2026-02-18 07:29:47+00,completed,973.73,107.66,5.00,0.00,1086.39,1,
3898,120,2026-02-18 10:19:51+00,completed,6969.26,770.47,35.00,0.00,7774.73,4,
3899,414,2026-02-18 19:19:02+00,pending,15973.81,1757.67,5.00,0.00,17736.48,1,
3900,33,2026-02-19 01:55:26+00,completed,9195.20,983.97,0.00,250.00,9929.17,5,3
3901,218,2026-02-19 04:36:18+00,completed,1088.55,121.06,12.00,0.00,1221.61,2,
3902,274,2026-02-19 04:57:50+00,completed,505.74,59.48,35.00,0.00,600.22,4,
3903,251,2026-02-19 16:58:26+00,completed,7054.30,776.52,5.00,0.00,7835.82,1,
3904,459,2026-02-19 17:22:59+00,completed,4206.80,464.40,15.00,0.00,4686.20,3,
3905,270,2026-02-20 05:45:07+00,cancelled,813.45,86.73,5.00,30.00,875.18,1,8
3906,328,2026-02-20 07:36:23+00,processing,11.25,1.24,0.00,0.00,12.49,5,
3907,263,2026-02-20 08:29:23+00,cancelled,1043.04,115.28,5.00,0.00,1163.32,1,
3908,362,2026-02-20 13:06:37+00,completed,3941.08,434.07,5.00,0.00,4380.15,1,
3909,35,2026-02-20 15:01:30+00,processing,1933.05,212.64,0.00,0.00,2145.69,5,
3910,248,2026-02-21 12:12:04+00,shipped,2642.87,294.57,35.00,0.00,2972.44,4,
3911,455,2026-02-21 15:49:50+00,completed,2476.36,270.75,15.00,30.00,2732.11,3,8
3912,360,2026-02-21 20:46:29+00,completed,8243.12,907.29,5.00,0.00,9155.41,1,
3913,75,2026-02-22 00:31:31+00,refunded,378.39,42.17,5.00,0.00,425.56,1,
3914,124,2026-02-22 00:32:12+00,completed,1813.28,200.01,5.00,0.00,2018.29,1,
3915,227,2026-02-22 05:55:26+00,completed,632.40,70.11,5.00,0.00,707.51,1,
3916,71,2026-02-22 12:21:33+00,completed,15659.48,1723.09,5.00,0.00,17387.57,1,
3917,402,2026-02-22 18:29:42+00,completed,1597.50,176.28,5.00,0.00,1778.78,1,
3918,89,2026-02-23 01:23:21+00,completed,289.02,32.34,5.00,0.00,326.36,1,
3919,47,2026-02-23 11:55:40+00,processing,573.79,63.67,5.00,0.00,642.46,1,
3920,385,2026-02-23 12:43:57+00,completed,692.42,76.72,5.00,0.00,774.14,1,
3921,482,2026-02-23 19:46:24+00,shipped,3143.03,347.38,15.00,0.00,3505.41,3,
3922,180,2026-02-24 03:09:30+00,pending,1184.60,120.96,35.00,120.00,1220.56,4,6
3923,490,2026-02-24 14:50:32+00,processing,744.69,76.42,0.00,50.00,771.11,5,9
3924,225,2026-02-25 18:48:56+00,completed,4388.37,483.27,5.00,0.00,4876.64,1,
3925,392,2026-02-25 20:13:56+00,completed,5043.53,554.79,0.00,0.00,5598.32,5,
3926,267,2026-02-25 23:20:38+00,completed,4706.36,519.35,15.00,0.00,5240.71,3,
3927,398,2026-02-26 00:16:27+00,completed,519.92,58.84,15.00,0.00,593.76,3,
3928,177,2026-02-26 11:33:50+00,completed,4105.22,452.12,5.00,0.00,4562.34,1,
3929,79,2026-02-26 12:29:36+00,completed,7160.51,785.46,5.00,25.00,7925.97,1,5
3930,22,2026-02-26 13:28:52+00,processing,1777.97,197.23,15.00,0.00,1990.20,3,
3931,261,2026-02-26 14:16:53+00,pending,963.32,107.29,12.00,0.00,1082.61,2,
3932,18,2026-02-27 04:46:10+00,completed,3457.04,384.12,35.00,0.00,3876.16,4,
3933,15,2026-02-27 06:48:21+00,completed,9867.10,1086.70,12.00,0.00,10965.80,2,
3934,338,2026-02-27 10:25:14+00,completed,1957.93,206.02,35.00,120.00,2078.95,4,6
3935,276,2026-02-27 17:56:39+00,shipped,3197.46,352.27,5.00,0.00,3554.73,1,
3936,50,2026-02-27 19:20:13+00,completed,3243.62,346.35,5.00,100.00,3494.97,1,7
3937,227,2026-02-28 02:42:33+00,refunded,7869.32,866.18,5.00,0.00,8740.50,1,
3938,492,2026-02-28 06:41:26+00,shipped,6123.28,677.41,35.00,0.00,6835.69,4,
3939,174,2026-02-28 13:28:38+00,completed,353.40,39.42,5.00,0.00,397.82,1,
3940,442,2026-02-28 18:47:40+00,completed,6422.04,706.97,5.00,0.00,7134.01,1,
3941,142,2026-02-28 21:16:36+00,completed,3141.65,302.13,5.00,400.00,3048.78,1,12
3942,394,2026-03-01 01:08:59+00,refunded,9830.14,1070.87,5.00,100.00,10806.01,1,7
3943,499,2026-03-01 01:19:13+00,cancelled,2554.52,281.55,5.00,0.00,2841.07,1,
3944,200,2026-03-01 02:07:13+00,completed,966.54,107.97,15.00,0.00,1089.51,3,
3945,10,2026-03-01 11:29:23+00,completed,4618.29,509.33,12.00,0.00,5139.62,2,
3946,39,2026-03-01 19:52:39+00,processing,13653.74,1502.46,5.00,0.00,15161.20,1,
3947,414,2026-03-02 02:35:21+00,cancelled,987.70,112.50,35.00,0.00,1135.20,4,
3948,130,2026-03-02 02:37:39+00,completed,2420.60,266.82,5.00,0.00,2692.42,1,
3949,145,2026-03-02 05:03:49+00,completed,430.70,47.93,5.00,0.00,483.63,1,
3950,339,2026-03-02 08:52:00+00,completed,12672.26,1391.20,5.00,30.00,14038.46,1,8
3951,104,2026-03-02 10:37:34+00,cancelled,1065.00,117.70,5.00,0.00,1187.70,1,
3952,345,2026-03-02 11:14:20+00,processing,887.30,97.60,0.00,0.00,984.90,5,
3953,153,2026-03-02 13:09:11+00,completed,5586.66,615.08,5.00,0.00,6206.74,1,
3954,270,2026-03-02 17:04:41+00,pending,966.54,107.64,12.00,0.00,1086.18,2,
3955,221,2026-03-02 21:36:14+00,processing,6037.92,665.82,15.00,0.00,6718.74,3,
3956,53,2026-03-03 01:33:13+00,completed,4254.02,469.26,12.00,0.00,4735.28,2,
3957,95,2026-03-03 03:38:33+00,completed,12686.51,1396.84,12.00,0.00,14095.35,2,
3958,492,2026-03-03 03:56:00+00,shipped,1417.47,156.47,5.00,0.00,1578.94,1,
3959,429,2026-03-03 04:14:09+00,completed,284.77,31.87,5.00,0.00,321.64,1,
3960,391,2026-03-03 06:11:22+00,completed,999.48,111.59,15.00,0.00,1126.07,3,
3961,309,2026-03-03 10:13:03+00,completed,4911.96,540.87,5.00,0.00,5457.83,1,
3962,274,2026-03-03 10:21:05+00,completed,2622.35,292.31,35.00,0.00,2949.66,4,
3963,101,2026-03-03 15:07:43+00,completed,1919.86,211.73,5.00,0.00,2136.59,1,
3964,342,2026-03-03 16:24:45+00,completed,5861.88,642.06,5.00,30.00,6478.94,1,8
3965,176,2026-03-04 06:11:07+00,completed,7108.23,783.56,15.00,0.00,7906.79,3,
3966,20,2026-03-04 07:21:18+00,processing,373.90,41.68,5.00,0.00,420.58,1,
3967,493,2026-03-04 11:24:15+00,completed,993.82,110.64,12.00,0.00,1116.46,2,
3968,417,2026-03-04 14:24:16+00,refunded,13371.18,1443.88,5.00,250.00,14570.06,1,3
3969,461,2026-03-05 02:44:08+00,completed,316.24,35.34,5.00,0.00,356.58,1,
3970,194,2026-03-05 10:13:52+00,completed,1053.43,117.20,12.00,0.00,1182.63,2,
3971,176,2026-03-05 12:29:30+00,completed,6088.99,658.24,15.00,120.00,6642.23,3,6
3972,355,2026-03-06 03:28:38+00,completed,4681.54,516.29,12.00,0.00,5209.83,2,
3973,44,2026-03-06 03:53:05+00,processing,385.67,36.44,15.00,69.42,367.69,3,7
3974,39,2026-03-06 07:40:42+00,processing,4863.54,525.64,5.00,90.00,5304.18,1,10
3975,438,2026-03-06 16:02:01+00,completed,12910.70,1420.73,5.00,0.00,14336.43,1,
3976,429,2026-03-06 16:53:16+00,completed,7899.52,867.85,15.00,25.00,8757.37,3,5
3977,312,2026-03-06 17:10:27+00,completed,1561.26,173.06,12.00,0.00,1746.32,2,
3978,468,2026-03-06 18:35:35+00,completed,6428.42,708.45,12.00,0.00,7148.87,2,
3979,121,2026-03-07 03:08:44+00,shipped,1383.11,155.99,35.00,0.00,1574.10,4,
3980,449,2026-03-07 04:19:58+00,processing,283.33,31.72,5.00,0.00,320.05,1,
3981,453,2026-03-07 15:10:07+00,pending,1890.70,209.63,15.00,0.00,2115.33,3,
3982,121,2026-03-07 18:42:50+00,refunded,1373.86,152.77,15.00,0.00,1541.63,3,
3983,239,2026-03-07 19:34:06+00,completed,1577.47,173.52,0.00,0.00,1750.99,5,
3984,266,2026-03-07 23:25:12+00,completed,99.93,10.66,12.00,14.99,107.60,2,10
3985,256,2026-03-08 16:22:54+00,completed,499.74,45.63,5.00,89.95,460.42,1,7
3986,352,2026-03-08 19:53:07+00,completed,86.16,9.48,0.00,0.00,95.64,5,
3987,300,2026-03-08 22:39:35+00,completed,1551.24,174.49,35.00,0.00,1760.73,4,
3988,130,2026-03-09 15:34:34+00,completed,5245.20,577.52,5.00,0.00,5827.72,1,
3989,197,2026-03-09 18:42:20+00,completed,14139.09,1555.85,5.00,0.00,15699.94,1,
3990,434,2026-03-09 18:43:33+00,cancelled,455.23,44.91,35.00,81.94,453.20,4,7
3991,58,2026-03-10 04:23:52+00,cancelled,86.02,10.78,12.00,0.00,108.80,2,
3992,128,2026-03-10 05:17:36+00,shipped,3186.76,351.09,5.00,0.00,3542.85,1,
3993,308,2026-03-10 07:52:25+00,cancelled,9603.78,1060.27,35.00,0.00,10699.05,4,
3994,445,2026-03-10 13:17:43+00,cancelled,396.92,40.72,5.00,31.75,410.89,1,9
3995,318,2026-03-10 15:24:42+00,completed,119.34,13.68,5.00,0.00,138.02,1,
3996,46,2026-03-10 23:17:30+00,completed,5709.92,631.94,35.00,0.00,6376.86,4,
3997,224,2026-03-11 05:46:06+00,completed,1744.22,182.51,35.00,120.00,1841.73,4,6
3998,341,2026-03-11 18:49:33+00,completed,6023.80,663.94,12.00,0.00,6699.74,2,
3999,244,2026-03-11 19:56:09+00,pending,37.62,7.99,35.00,0.00,80.61,4,
4000,493,2026-03-11 21:28:25+00,completed,1572.83,173.56,5.00,0.00,1751.39,1,
4001,257,2026-03-12 00:19:37+00,completed,3029.00,333.74,5.00,0.00,3367.74,1,
4002,55,2026-03-12 02:22:56+00,shipped,3529.85,389.60,12.00,0.00,3931.45,2,
4003,123,2026-03-12 04:19:08+00,completed,10351.46,1138.66,0.00,0.00,11490.12,5,
4004,232,2026-03-12 05:32:30+00,completed,5317.02,586.19,12.00,0.00,5915.21,2,
4005,481,2026-03-12 10:56:28+00,pending,2165.65,239.54,12.00,0.00,2417.19,2,
4006,160,2026-03-12 13:08:01+00,processing,6493.22,710.40,5.00,40.00,7168.62,1,1
4007,195,2026-03-12 17:21:04+00,completed,2413.97,238.59,5.00,250.00,2407.56,1,3
4008,164,2026-03-12 23:56:16+00,processing,6618.49,728.58,5.00,0.00,7352.07,1,
4009,425,2026-03-13 01:11:29+00,completed,6736.98,741.07,0.00,0.00,7478.05,5,
4010,124,2026-03-13 05:09:47+00,completed,5727.43,602.52,0.00,250.00,6079.95,5,3
4011,445,2026-03-13 06:12:20+00,shipped,104.58,15.35,35.00,0.00,154.93,4,
4012,417,2026-03-13 06:15:48+00,pending,61.48,7.31,5.00,0.00,73.79,1,
4013,306,2026-03-13 07:41:57+00,processing,2674.98,267.30,5.00,250.00,2697.28,1,3
4014,300,2026-03-13 10:56:03+00,completed,1779.57,197.07,12.00,0.00,1988.64,2,
4015,305,2026-03-13 17:15:54+00,shipped,624.25,55.48,5.00,124.85,559.88,1,3
4016,380,2026-03-14 18:50:46+00,completed,1076.62,119.75,12.00,0.00,1208.37,2,
4017,339,2026-03-14 21:38:10+00,cancelled,1459.50,161.09,5.00,0.00,1625.59,1,
4018,114,2026-03-15 01:27:09+00,completed,632.40,70.11,5.00,0.00,707.51,1,
4019,462,2026-03-15 02:43:48+00,shipped,4832.70,532.15,5.00,0.00,5369.85,1,
4020,445,2026-03-15 02:46:46+00,refunded,637.16,68.44,35.00,50.00,690.60,4,9
4021,303,2026-03-15 09:42:23+00,completed,4582.59,463.93,35.00,400.00,4681.52,4,12
4022,9,2026-03-15 12:25:15+00,completed,8333.13,907.29,5.00,90.00,9155.42,1,10
4023,427,2026-03-15 15:19:32+00,completed,1753.62,193.45,5.00,0.00,1952.07,1,
4024,130,2026-03-15 15:33:09+00,completed,394.93,47.29,35.00,0.00,477.22,4,
4025,208,2026-03-16 04:39:23+00,completed,218.91,27.93,35.00,0.00,281.84,4,
4026,33,2026-03-16 05:47:04+00,refunded,588.76,65.31,5.00,0.00,659.07,1,
4027,75,2026-03-16 11:28:08+00,completed,13465.80,1481.79,5.00,0.00,14952.59,1,
4028,382,2026-03-16 14:14:32+00,completed,3710.52,408.16,0.00,0.00,4118.68,5,
4029,464,2026-03-16 20:45:27+00,pending,4168.37,459.84,12.00,0.00,4640.21,2,
4030,484,2026-03-16 20:56:38+00,completed,2255.38,248.64,5.00,0.00,2509.02,1,
4031,241,2026-03-17 02:14:40+00,shipped,727.24,81.32,12.00,0.00,820.56,2,
4032,469,2026-03-17 03:50:12+00,shipped,63.32,8.29,12.00,0.00,83.61,2,
4033,18,2026-03-17 05:00:41+00,completed,386.40,43.05,5.00,0.00,434.45,1,
4034,213,2026-03-17 16:16:11+00,shipped,13418.75,1477.71,15.00,0.00,14911.46,3,
4035,255,2026-03-17 18:15:34+00,completed,78.60,9.43,15.00,7.86,95.17,3,1
4036,332,2026-03-17 23:21:50+00,shipped,4176.80,461.10,15.00,0.00,4652.90,3,
4037,497,2026-03-18 00:06:29+00,completed,2225.64,235.14,12.00,100.00,2372.78,2,7
4038,135,2026-03-18 05:09:25+00,completed,1163.32,128.52,5.00,0.00,1296.84,1,
4039,454,2026-03-18 19:01:36+00,completed,3801.63,418.18,0.00,0.00,4219.81,5,
4040,365,2026-03-18 19:07:13+00,completed,249.90,28.81,12.00,0.00,290.71,2,
4041,166,2026-03-18 20:35:26+00,processing,475.74,44.23,12.00,85.63,446.34,2,7
4042,78,2026-03-18 20:41:57+00,completed,371.80,41.45,5.00,0.00,418.25,1,
4043,90,2026-03-18 23:22:48+00,completed,5535.34,606.14,5.00,30.00,6116.48,1,8
4044,317,2026-03-19 00:53:07+00,completed,878.14,96.60,0.00,0.00,974.74,5,
4045,65,2026-03-19 09:25:19+00,completed,5034.18,554.31,5.00,0.00,5593.49,1,
4046,41,2026-03-19 10:36:30+00,pending,2769.12,305.15,5.00,0.00,3079.27,1,
4047,162,2026-03-19 10:40:40+00,cancelled,1790.08,197.46,5.00,0.00,1992.54,1,
4048,474,2026-03-19 21:01:45+00,cancelled,1875.08,195.81,5.00,100.00,1975.89,1,7
4049,159,2026-03-20 02:29:57+00,completed,4224.32,465.23,5.00,0.00,4694.55,1,
4050,94,2026-03-20 07:15:47+00,shipped,801.79,88.20,0.00,0.00,889.99,5,
4051,231,2026-03-20 08:32:04+00,completed,1376.13,151.92,5.00,0.00,1533.05,1,
4052,49,2026-03-20 09:10:04+00,pending,15160.46,1668.20,5.00,0.00,16833.66,1,
4053,271,2026-03-20 10:44:15+00,completed,630.95,73.25,35.00,0.00,739.20,4,
4054,208,2026-03-20 12:48:10+00,completed,1293.14,132.90,35.00,120.00,1341.04,4,6
4055,183,2026-03-20 17:34:08+00,completed,7587.43,835.94,12.00,0.00,8435.37,2,
4056,291,2026-03-21 01:40:17+00,cancelled,436.64,48.58,5.00,0.00,490.22,1,
4057,477,2026-03-21 10:08:37+00,pending,13386.79,1473.10,5.00,0.00,14864.89,1,
4058,455,2026-03-21 14:24:18+00,completed,11063.32,1217.52,5.00,0.00,12285.84,1,
4059,353,2026-03-21 16:51:33+00,completed,1175.29,133.13,35.00,0.00,1343.42,4,
4060,78,2026-03-21 17:21:32+00,completed,10352.37,1139.31,5.00,0.00,11496.68,1,
4061,261,2026-03-21 23:15:22+00,cancelled,2226.50,246.24,12.00,0.00,2484.74,2,
4062,463,2026-03-22 00:18:23+00,shipped,14660.28,1613.95,12.00,0.00,16286.23,2,
4063,59,2026-03-22 06:00:02+00,pending,3431.83,381.35,35.00,0.00,3848.18,4,
4064,202,2026-03-22 09:14:28+00,completed,9.46,4.89,35.00,0.00,49.35,4,
4065,57,2026-03-22 12:13:57+00,processing,5432.92,598.94,12.00,0.00,6043.86,2,
4066,487,2026-03-22 16:22:49+00,shipped,100.49,11.60,5.00,0.00,117.09,1,
4067,224,2026-03-22 18:22:49+00,completed,310.38,34.69,5.00,0.00,350.07,1,
4068,345,2026-03-22 20:39:59+00,completed,112.89,12.74,12.00,9.03,128.60,2,9
4069,209,2026-03-22 21:20:44+00,completed,55.16,6.62,5.00,0.00,66.78,1,
4070,300,2026-03-23 03:10:35+00,completed,1525.10,168.31,5.00,0.00,1698.41,1,
4071,485,2026-03-23 12:07:55+00,completed,4789.78,525.23,35.00,50.00,5300.01,4,9
4072,368,2026-03-23 14:20:59+00,completed,1108.73,123.28,12.00,0.00,1244.01,2,
4073,488,2026-03-23 16:17:48+00,shipped,142.42,15.73,12.00,11.39,158.76,2,9
4074,453,2026-03-23 16:41:02+00,cancelled,12296.93,1353.21,5.00,0.00,13655.14,1,
4075,494,2026-03-24 00:43:55+00,completed,2072.70,229.32,12.00,0.00,2314.02,2,
4076,142,2026-03-24 01:42:37+00,refunded,13219.71,1454.72,5.00,0.00,14679.43,1,
4077,461,2026-03-24 02:04:38+00,shipped,4976.93,548.01,5.00,0.00,5529.94,1,
4078,146,2026-03-24 05:48:01+00,completed,307.64,35.16,12.00,0.00,354.80,2,
4079,189,2026-03-24 08:13:38+00,refunded,1723.72,190.16,5.00,0.00,1918.88,1,
4080,186,2026-03-24 15:53:14+00,completed,2634.42,291.11,12.00,0.00,2937.53,2,
4081,367,2026-03-24 17:26:46+00,completed,678.66,74.65,0.00,0.00,753.31,5,
4082,21,2026-03-24 17:52:51+00,completed,731.38,81.00,5.00,0.00,817.38,1,
4083,366,2026-03-24 17:58:08+00,processing,959.27,105.52,0.00,0.00,1064.79,5,
4084,455,2026-03-24 17:58:57+00,refunded,6710.41,739.80,15.00,0.00,7465.21,3,
4085,302,2026-03-24 19:21:02+00,completed,1131.49,125.78,12.00,0.00,1269.27,2,
4086,221,2026-03-25 07:19:46+00,completed,191.09,19.05,5.00,22.93,192.21,1,6
4087,424,2026-03-25 08:52:53+00,cancelled,712.04,78.87,5.00,0.00,795.91,1,
4088,114,2026-03-25 11:16:18+00,completed,98.25,11.36,5.00,0.00,114.61,1,
4089,495,2026-03-25 22:02:05+00,processing,413.52,45.49,0.00,0.00,459.01,5,
4090,385,2026-03-26 04:23:16+00,completed,2127.12,234.53,5.00,0.00,2366.65,1,
4091,265,2026-03-27 00:50:27+00,processing,8391.27,919.74,0.00,30.00,9281.01,5,8
4092,260,2026-03-27 01:52:06+00,completed,1277.13,141.03,5.00,0.00,1423.16,1,
4093,186,2026-03-27 02:42:12+00,completed,1249.35,137.43,0.00,0.00,1386.78,5,
4094,189,2026-03-27 04:15:50+00,shipped,413.84,46.07,5.00,0.00,464.91,1,
4095,186,2026-03-28 02:37:06+00,completed,255.19,28.62,5.00,0.00,288.81,1,
4096,380,2026-03-28 12:06:55+00,completed,20013.60,2205.35,35.00,0.00,22253.95,4,
4097,180,2026-03-28 16:18:10+00,completed,14890.34,1638.49,5.00,0.00,16533.83,1,
4098,64,2026-03-28 19:39:00+00,completed,211.56,24.59,12.00,0.00,248.15,2,
4099,472,2026-03-28 23:19:44+00,refunded,12268.09,1350.04,5.00,0.00,13623.13,1,
4100,426,2026-03-29 03:26:50+00,completed,749.61,83.01,5.00,0.00,837.62,1,
4101,431,2026-03-29 12:22:23+00,completed,56.69,6.79,5.00,0.00,68.48,1,
4102,195,2026-03-29 13:30:28+00,cancelled,1367.62,113.38,5.00,341.90,1144.10,1,12
4103,461,2026-03-29 19:54:26+00,shipped,172.26,19.50,5.00,0.00,196.76,1,
4104,66,2026-03-29 20:18:17+00,pending,9.26,2.67,15.00,0.00,26.93,3,
4105,387,2026-03-29 20:36:14+00,processing,9962.84,1097.23,12.00,0.00,11072.07,2,
4106,224,2026-03-29 23:02:44+00,shipped,554.64,57.78,15.00,44.37,583.05,3,9
4107,431,2026-03-30 10:19:22+00,shipped,4412.44,489.22,35.00,0.00,4936.66,4,
4108,398,2026-03-30 17:31:14+00,completed,86.60,13.38,35.00,0.00,134.98,4,
4109,316,2026-03-30 20:19:26+00,processing,1339.32,147.33,0.00,0.00,1486.65,5,
4110,362,2026-03-31 00:24:57+00,pending,74.64,9.53,12.00,0.00,96.17,2,
4111,46,2026-03-31 02:28:09+00,completed,5194.93,571.99,5.00,0.00,5771.92,1,
4112,488,2026-03-31 03:55:13+00,completed,1581.12,174.47,5.00,0.00,1760.59,1,
4113,454,2026-03-31 19:11:05+00,completed,1382.09,152.58,5.00,0.00,1539.67,1,
4114,321,2026-03-31 21:48:22+00,refunded,819.09,91.42,12.00,0.00,922.51,2,
4115,272,2026-03-31 22:52:12+00,completed,10788.67,1187.30,5.00,0.00,11980.97,1,
4116,115,2026-04-01 02:12:54+00,pending,6453.84,711.24,12.00,0.00,7177.08,2,
4117,469,2026-04-01 07:32:53+00,completed,2028.33,223.67,5.00,0.00,2257.00,1,
4118,121,2026-04-01 08:30:29+00,shipped,1165.02,129.80,15.00,0.00,1309.82,3,
4119,137,2026-04-01 18:56:16+00,completed,316.24,34.79,0.00,0.00,351.03,5,
4120,8,2026-04-01 22:14:01+00,completed,1518.02,157.63,5.00,90.00,1590.65,1,10
4121,484,2026-04-01 23:44:32+00,completed,5767.61,635.76,12.00,0.00,6415.37,2,
4122,268,2026-04-02 02:17:19+00,completed,1903.43,182.43,5.00,250.00,1840.86,1,3
4123,195,2026-04-02 02:57:55+00,completed,12043.53,1325.34,5.00,0.00,13373.87,1,
4124,180,2026-04-02 20:21:06+00,completed,1611.20,178.55,12.00,0.00,1801.75,2,
4125,232,2026-04-02 23:40:47+00,completed,11579.91,1275.11,12.00,0.00,12867.02,2,
4126,275,2026-04-03 01:17:14+00,cancelled,2546.88,280.71,5.00,0.00,2832.59,1,
4127,466,2026-04-03 01:21:36+00,completed,2317.28,255.45,5.00,0.00,2577.73,1,
4128,271,2026-04-03 03:48:12+00,completed,6466.98,712.69,12.00,0.00,7191.67,2,
4129,411,2026-04-03 04:41:45+00,completed,8633.51,951.34,15.00,0.00,9599.85,3,
4130,90,2026-04-03 09:44:34+00,completed,135.70,15.48,5.00,0.00,156.18,1,
4131,348,2026-04-03 10:55:35+00,processing,1055.71,119.98,35.00,0.00,1210.69,4,
4132,474,2026-04-03 13:00:19+00,processing,110.46,13.47,12.00,0.00,135.93,2,
4133,474,2026-04-03 14:52:48+00,pending,6090.41,657.30,5.00,120.00,6632.71,1,6
4134,345,2026-04-03 15:23:08+00,processing,7029.55,773.80,5.00,0.00,7808.35,1,
4135,357,2026-04-03 16:24:14+00,processing,4361.02,481.03,12.00,0.00,4854.05,2,
4136,397,2026-04-03 17:11:50+00,completed,10753.65,1183.45,5.00,0.00,11942.10,1,
4137,100,2026-04-03 18:31:15+00,completed,11928.00,1313.73,15.00,0.00,13256.73,3,
4138,397,2026-04-03 21:17:26+00,shipped,11659.56,1283.10,5.00,0.00,12947.66,1,
4139,211,2026-04-03 23:08:27+00,cancelled,1177.02,133.32,35.00,0.00,1345.34,4,
4140,100,2026-04-03 23:32:44+00,completed,10878.76,1197.21,5.00,0.00,12080.97,1,
4141,286,2026-04-04 00:20:33+00,completed,15883.26,1746.61,35.00,40.00,17624.87,4,1
4142,74,2026-04-04 05:44:26+00,pending,10849.36,1194.75,12.00,0.00,12056.11,2,
4143,70,2026-04-04 09:40:58+00,completed,477.36,53.06,5.00,0.00,535.42,1,
4144,126,2026-04-04 16:08:36+00,shipped,280.22,32.14,12.00,0.00,324.36,2,
4145,148,2026-04-05 00:22:33+00,shipped,354.81,40.35,12.00,0.00,407.16,2,
4146,230,2026-04-05 01:39:17+00,pending,192.68,22.51,12.00,0.00,227.19,2,
4147,114,2026-04-05 05:33:00+00,pending,245.44,23.50,5.00,36.82,237.12,1,10
4148,396,2026-04-05 13:06:53+00,processing,5436.41,599.33,12.00,0.00,6047.74,2,
4149,175,2026-04-05 15:10:35+00,shipped,12694.84,1369.48,5.00,250.00,13819.32,1,3
4150,98,2026-04-05 18:51:47+00,processing,1170.73,129.33,5.00,0.00,1305.06,1,
4151,472,2026-04-05 19:54:12+00,completed,435.02,51.70,35.00,0.00,521.72,4,
4152,416,2026-04-05 19:56:46+00,shipped,749.61,84.11,15.00,0.00,848.72,3,
4153,220,2026-04-06 01:26:13+00,completed,21823.05,2391.19,5.00,90.00,24129.24,1,10
4154,414,2026-04-06 06:18:45+00,completed,3707.08,409.10,12.00,0.00,4128.18,2,
4155,80,2026-04-06 16:52:40+00,completed,466.47,52.96,15.00,0.00,534.43,3,
4156,289,2026-04-06 17:37:03+00,completed,4166.81,458.90,5.00,0.00,4630.71,1,
4157,323,2026-04-07 00:04:25+00,completed,3856.14,424.73,5.00,0.00,4285.87,1,
4158,251,2026-04-07 00:29:43+00,pending,521.74,57.94,5.00,0.00,584.68,1,
4159,309,2026-04-07 09:10:57+00,completed,5237.06,574.65,12.00,25.00,5798.71,2,5
4160,102,2026-04-07 12:08:55+00,completed,18.16,3.32,12.00,0.00,33.48,2,
4161,149,2026-04-07 12:40:30+00,completed,11675.15,1284.82,5.00,0.00,12964.97,1,
4162,89,2026-04-07 14:31:30+00,completed,117.90,13.52,5.00,0.00,136.42,1,
4163,91,2026-04-07 18:51:20+00,shipped,6685.59,735.96,5.00,0.00,7426.55,1,
4164,244,2026-04-07 19:23:13+00,refunded,79.66,9.31,5.00,0.00,93.97,1,
4165,68,2026-04-07 22:47:04+00,completed,2212.29,243.90,5.00,0.00,2461.19,1,
4166,412,2026-04-08 09:16:26+00,completed,20.02,3.85,15.00,0.00,38.87,3,
4167,358,2026-04-08 10:18:47+00,completed,1642.23,181.20,5.00,0.00,1828.43,1,
4168,344,2026-04-08 11:10:24+00,completed,1660.79,184.01,12.00,0.00,1856.80,2,
4169,244,2026-04-08 11:36:48+00,refunded,705.57,78.16,5.00,0.00,788.73,1,
4170,383,2026-04-08 23:04:14+00,cancelled,606.69,67.29,5.00,0.00,678.98,1,
4171,312,2026-04-09 00:42:15+00,refunded,2216.47,239.96,5.00,40.00,2421.43,1,1
4172,458,2026-04-09 05:06:14+00,refunded,1277.49,140.52,0.00,0.00,1418.01,5,
4173,195,2026-04-09 13:29:29+00,completed,6422.04,708.07,15.00,0.00,7145.11,3,
4174,164,2026-04-09 22:48:38+00,completed,48.17,9.15,35.00,0.00,92.32,4,
4175,220,2026-04-10 02:46:12+00,refunded,7162.56,789.20,12.00,0.00,7963.76,2,
4176,289,2026-04-10 09:46:04+00,completed,5306.91,583.76,0.00,0.00,5890.67,5,
4177,465,2026-04-10 17:52:39+00,pending,7745.76,852.58,5.00,0.00,8603.34,1,
4178,137,2026-04-10 23:58:13+00,completed,63.50,7.54,5.00,0.00,76.04,1,
4179,149,2026-04-11 03:10:23+00,completed,132.92,15.17,5.00,0.00,153.09,1,
4180,266,2026-04-11 03:12:18+00,completed,9242.75,1011.75,5.00,50.00,10209.50,1,9
4181,392,2026-04-11 04:39:55+00,completed,11823.09,1301.86,12.00,0.00,13136.95,2,
4182,300,2026-04-11 07:43:58+00,completed,4457.06,489.73,35.00,40.00,4941.79,4,1
4183,425,2026-04-11 08:17:33+00,completed,2294.26,253.69,12.00,0.00,2559.95,2,
4184,453,2026-04-11 12:02:37+00,cancelled,1919.66,212.81,15.00,0.00,2147.47,3,
4185,15,2026-04-12 01:12:42+00,shipped,1497.20,165.24,5.00,0.00,1667.44,1,
4186,420,2026-04-12 02:41:50+00,cancelled,1331.25,146.99,5.00,0.00,1483.24,1,
4187,28,2026-04-12 06:04:39+00,cancelled,505.92,59.50,35.00,0.00,600.42,4,
4188,171,2026-04-12 09:31:12+00,completed,509.78,53.33,5.00,30.00,538.11,1,8
4189,383,2026-04-12 11:44:18+00,cancelled,2882.24,317.05,0.00,0.00,3199.29,5,
4190,224,2026-04-13 03:35:31+00,completed,889.38,99.48,15.00,0.00,1003.86,3,
4191,64,2026-04-13 06:57:23+00,completed,9609.92,1058.41,12.00,0.00,10680.33,2,
4192,257,2026-04-13 11:11:10+00,shipped,11140.90,1226.82,12.00,0.00,12379.72,2,
4193,492,2026-04-14 02:35:11+00,shipped,8718.88,959.63,5.00,0.00,9683.51,1,
4194,158,2026-04-14 05:35:15+00,completed,1974.00,190.19,5.00,250.00,1919.19,1,3
4195,164,2026-04-14 07:13:19+00,shipped,12143.22,1335.75,0.00,0.00,13478.97,5,
4196,116,2026-04-14 07:24:15+00,completed,2856.36,318.05,35.00,0.00,3209.41,4,
4197,20,2026-04-14 11:32:15+00,completed,71.80,8.45,5.00,0.00,85.25,1,
4198,333,2026-04-14 17:14:23+00,completed,12508.41,1373.18,5.00,30.00,13856.59,1,8
4199,348,2026-04-14 18:29:17+00,completed,6961.13,766.27,5.00,0.00,7732.40,1,
4200,218,2026-04-15 04:50:57+00,shipped,86.60,12.42,35.00,8.66,125.36,4,1
4201,323,2026-04-15 04:58:01+00,completed,2738.22,302.85,15.00,0.00,3056.07,3,
4202,455,2026-04-15 09:20:29+00,completed,485.19,55.02,15.00,0.00,555.21,3,
4203,229,2026-04-15 09:27:32+00,completed,14054.44,1546.54,5.00,0.00,15605.98,1,
4204,248,2026-04-15 11:17:57+00,processing,2610.12,287.66,5.00,0.00,2902.78,1,
4205,464,2026-04-15 17:23:32+00,completed,5218.75,575.38,12.00,0.00,5806.13,2,
4206,125,2026-04-15 19:18:20+00,processing,13909.99,1530.65,5.00,0.00,15445.64,1,
4207,355,2026-04-15 21:29:24+00,cancelled,4260.45,469.20,5.00,0.00,4734.65,1,
4208,266,2026-04-16 00:53:26+00,completed,5245.46,578.32,12.00,0.00,5835.78,2,
4209,423,2026-04-16 12:00:55+00,processing,8040.04,888.25,35.00,0.00,8963.29,4,
4210,136,2026-04-16 13:02:21+00,completed,4475.16,492.82,5.00,0.00,4972.98,1,
4211,476,2026-04-16 16:45:55+00,completed,1919.06,211.65,5.00,0.00,2135.71,1,
4212,227,2026-04-17 01:29:59+00,completed,3096.91,344.51,35.00,0.00,3476.42,4,
4213,152,2026-04-17 07:15:17+00,cancelled,10022.04,1102.97,5.00,0.00,11130.01,1,
4214,90,2026-04-17 09:32:19+00,completed,2326.86,248.80,35.00,100.00,2510.66,4,7
4215,372,2026-04-17 19:19:40+00,shipped,8424.54,928.02,12.00,0.00,9364.56,2,
4216,235,2026-04-18 04:27:17+00,shipped,1098.72,122.18,12.00,0.00,1232.90,2,
4217,365,2026-04-18 10:12:05+00,processing,4575.77,504.65,12.00,0.00,5092.42,2,
4218,144,2026-04-19 02:17:09+00,completed,8691.59,957.39,12.00,0.00,9660.98,2,
4219,205,2026-04-19 10:08:18+00,completed,5063.77,558.33,12.00,0.00,5634.10,2,
4220,334,2026-04-19 10:15:48+00,processing,1197.28,132.25,5.00,0.00,1334.53,1,
4221,402,2026-04-19 19:20:46+00,completed,291.88,33.43,12.00,0.00,337.31,2,
4222,419,2026-04-20 07:26:21+00,completed,5975.87,657.90,5.00,0.00,6638.77,1,
4223,438,2026-04-20 17:06:33+00,completed,18.32,3.34,12.00,0.00,33.66,2,
4224,307,2026-04-20 17:09:36+00,completed,11180.20,1231.14,12.00,0.00,12423.34,2,
4225,20,2026-04-20 18:42:21+00,completed,27.78,3.61,5.00,0.00,36.39,1,
4226,268,2026-04-20 19:05:01+00,shipped,1780.95,197.22,12.00,0.00,1990.17,2,
4227,265,2026-04-20 22:56:15+00,pending,2349.82,254.30,12.00,50.00,2566.12,2,9
4228,78,2026-04-20 23:01:19+00,processing,4563.70,503.66,15.00,0.00,5082.36,3,
4229,416,2026-04-20 23:50:51+00,completed,6764.29,745.39,12.00,0.00,7521.68,2,
4230,412,2026-04-21 10:49:59+00,completed,131.26,13.83,5.00,10.50,139.59,1,9
4231,429,2026-04-21 11:35:19+00,cancelled,1305.06,143.56,0.00,0.00,1448.62,5,
4232,482,2026-04-21 15:27:38+00,refunded,3966.94,434.16,5.00,25.00,4381.10,1,5
4233,238,2026-04-21 15:29:01+00,processing,552.55,61.33,5.00,0.00,618.88,1,
4234,397,2026-04-21 18:54:28+00,completed,728.79,81.49,12.00,0.00,822.28,2,
4235,494,2026-04-21 19:45:00+00,completed,6781.21,749.78,35.00,0.00,7565.99,4,
4236,86,2026-04-21 21:16:38+00,completed,16.05,2.32,5.00,0.00,23.37,1,
4237,425,2026-04-22 01:06:41+00,completed,60.06,10.46,35.00,0.00,105.52,4,
4238,494,2026-04-22 14:11:57+00,completed,10031.52,1104.79,12.00,0.00,11148.31,2,
4239,441,2026-04-22 18:10:48+00,completed,11699.16,1288.56,15.00,0.00,13002.72,3,
4240,385,2026-04-22 20:31:02+00,shipped,2947.24,325.52,12.00,0.00,3284.76,2,
4241,446,2026-04-22 22:12:54+00,cancelled,1658.02,183.70,12.00,0.00,1853.72,2,
4242,434,2026-04-23 06:45:27+00,shipped,2531.70,282.34,35.00,0.00,2849.04,4,
4243,300,2026-04-23 10:23:53+00,completed,379.44,42.29,5.00,0.00,426.73,1,
4244,192,2026-04-23 11:51:35+00,shipped,17041.12,1875.84,12.00,0.00,18928.96,2,
4245,373,2026-04-23 18:58:59+00,completed,466.47,45.70,5.00,55.98,461.19,1,6
4246,442,2026-04-23 23:07:17+00,completed,1392.41,153.17,0.00,0.00,1545.58,5,
4247,57,2026-04-24 07:07:32+00,pending,291.94,30.18,35.00,52.55,304.57,4,7
4248,366,2026-04-24 16:49:28+00,pending,1194.74,132.74,12.00,0.00,1339.48,2,
4249,340,2026-04-24 19:26:41+00,completed,28.72,4.48,12.00,0.00,45.20,2,
4250,483,2026-04-25 00:20:01+00,cancelled,505.22,56.89,12.00,0.00,574.11,2,
4251,41,2026-04-25 08:11:46+00,completed,15433.10,1697.64,0.00,0.00,17130.74,5,
4252,425,2026-04-25 09:17:00+00,shipped,3514.32,388.23,15.00,0.00,3917.55,3,
4253,215,2026-04-25 13:34:31+00,completed,1561.02,172.26,5.00,0.00,1738.28,1,
4254,221,2026-04-25 14:57:37+00,processing,656.80,66.75,0.00,50.00,673.55,5,9
4255,187,2026-04-25 17:05:31+00,completed,6283.86,692.54,12.00,0.00,6988.40,2,
4256,383,2026-04-25 22:26:35+00,completed,61.18,8.05,12.00,0.00,81.23,2,
4257,341,2026-04-26 07:13:22+00,pending,993.74,110.96,15.00,0.00,1119.70,3,
4258,212,2026-04-26 07:39:15+00,processing,541.98,60.17,5.00,0.00,607.15,1,
4259,7,2026-04-26 13:41:22+00,shipped,1610.31,164.48,5.00,120.00,1659.79,1,6
4260,38,2026-04-26 21:34:13+00,shipped,2697.86,297.31,5.00,0.00,3000.17,1,
4261,316,2026-04-27 12:42:09+00,refunded,31.54,4.02,5.00,0.00,40.56,1,
4262,139,2026-04-28 01:37:34+00,shipped,40.04,5.72,12.00,0.00,57.76,2,
4263,212,2026-04-28 05:07:26+00,completed,1796.06,201.42,35.00,0.00,2032.48,4,
4264,164,2026-04-28 06:00:09+00,completed,9726.57,1042.42,0.00,250.00,10518.99,5,3
4265,277,2026-04-28 16:39:36+00,pending,358.02,40.70,12.00,0.00,410.72,2,
4266,296,2026-04-29 06:19:27+00,completed,100.20,11.57,5.00,0.00,116.77,1,
4267,16,2026-04-29 06:51:04+00,completed,13894.80,1524.25,12.00,50.00,15381.05,2,9
4268,301,2026-04-29 09:58:39+00,completed,7675.90,848.20,35.00,0.00,8559.10,4,
4269,286,2026-04-29 11:37:24+00,pending,94.20,14.21,35.00,0.00,143.41,4,
4270,277,2026-04-29 12:26:48+00,completed,1562.82,172.46,5.00,0.00,1740.28,1,
4271,194,2026-04-29 20:45:30+00,completed,1622.07,168.75,12.00,100.00,1702.82,2,7
4272,290,2026-04-30 03:19:58+00,completed,1683.94,172.58,5.00,120.00,1741.52,1,6
4273,158,2026-04-30 12:36:58+00,completed,375.23,41.28,0.00,0.00,416.51,5,
4274,305,2026-04-30 19:40:35+00,pending,1113.47,124.13,15.00,0.00,1252.60,3,
4275,175,2026-04-30 20:35:53+00,completed,435.00,48.40,5.00,0.00,488.40,1,
4276,349,2026-04-30 23:48:53+00,completed,2843.88,314.48,15.00,0.00,3173.36,3,
4277,277,2026-05-01 03:05:48+00,pending,4595.10,506.01,5.00,0.00,5106.11,1,
4278,419,2026-05-01 05:13:53+00,pending,6930.19,762.87,5.00,0.00,7698.06,1,
4279,222,2026-05-01 07:52:22+00,cancelled,4769.70,525.99,12.00,0.00,5307.69,2,
4280,480,2026-05-01 15:11:53+00,completed,4398.66,484.40,5.00,0.00,4888.06,1,
4281,326,2026-05-02 02:24:26+00,processing,444.80,49.48,5.00,0.00,499.28,1,
4282,395,2026-05-02 08:13:41+00,completed,65.80,8.89,15.00,0.00,89.69,3,
4283,446,2026-05-02 13:33:23+00,completed,4379.41,482.29,5.00,0.00,4866.70,1,
4284,244,2026-05-02 13:39:54+00,refunded,9913.74,1091.83,12.00,0.00,11017.57,2,
4285,236,2026-05-03 00:23:22+00,shipped,572.60,64.31,12.00,0.00,648.91,2,
4286,328,2026-05-03 03:05:17+00,completed,11239.22,1236.86,5.00,0.00,12481.08,1,
4287,292,2026-05-03 06:45:02+00,shipped,15.84,2.29,5.00,0.00,23.13,1,
4288,405,2026-05-03 07:16:03+00,completed,9094.93,1000.99,5.00,0.00,10100.92,1,
4289,274,2026-05-03 08:40:26+00,shipped,1293.93,146.18,35.00,0.00,1475.11,4,
4290,286,2026-05-03 15:57:54+00,completed,8657.00,952.27,0.00,0.00,9609.27,5,
4291,41,2026-05-03 19:05:57+00,shipped,4093.90,448.13,5.00,25.00,4522.03,1,5
4292,427,2026-05-03 22:15:08+00,shipped,563.58,62.54,5.00,0.00,631.12,1,
4293,434,2026-05-04 02:01:14+00,processing,5664.55,623.65,5.00,0.00,6293.20,1,
4294,76,2026-05-04 17:47:10+00,completed,76.72,8.99,5.00,0.00,90.71,1,
4295,209,2026-05-04 20:24:31+00,cancelled,13542.45,1484.72,5.00,50.00,14982.17,1,9
4296,254,2026-05-04 20:39:50+00,completed,4859.36,535.85,12.00,0.00,5407.21,2,
4297,322,2026-05-05 09:22:26+00,pending,18243.50,2007.34,5.00,0.00,20255.84,1,
4298,294,2026-05-05 16:20:09+00,completed,6027.00,664.29,12.00,0.00,6703.29,2,
4299,283,2026-05-05 18:08:34+00,cancelled,660.95,70.50,5.00,25.00,711.45,1,5
4300,225,2026-05-05 19:27:01+00,completed,91.55,10.62,5.00,0.00,107.17,1,
4301,112,2026-05-05 19:51:03+00,completed,292.57,30.20,12.00,30.00,304.77,2,8
4302,417,2026-05-05 22:41:17+00,pending,58.05,10.24,35.00,0.00,103.29,4,
4303,245,2026-05-06 10:03:21+00,cancelled,9176.24,1009.94,5.00,0.00,10191.18,1,
4304,289,2026-05-06 17:41:20+00,pending,16113.85,1774.17,15.00,0.00,17903.02,3,
4305,77,2026-05-06 21:34:01+00,cancelled,2764.57,305.75,15.00,0.00,3085.32,3,
4306,279,2026-05-06 22:05:38+00,cancelled,1389.40,156.68,35.00,0.00,1581.08,4,
4307,349,2026-05-06 22:10:29+00,pending,554.28,62.62,15.00,0.00,631.90,3,
4308,283,2026-05-07 02:39:48+00,shipped,2456.34,271.52,12.00,0.00,2739.86,2,
4309,113,2026-05-07 02:40:29+00,completed,53.52,6.44,5.00,0.00,64.96,1,
4310,180,2026-05-07 06:24:22+00,shipped,8898.89,979.43,5.00,0.00,9883.32,1,
4311,96,2026-05-07 08:13:02+00,shipped,137.86,15.71,5.00,0.00,158.57,1,
4312,235,2026-05-07 09:30:34+00,cancelled,5645.61,621.57,5.00,0.00,6272.18,1,
4313,144,2026-05-07 10:23:16+00,pending,14072.20,1548.49,5.00,0.00,15625.69,1,
4314,193,2026-05-07 20:45:53+00,cancelled,4889.52,539.17,12.00,0.00,5440.69,2,
4315,306,2026-05-07 20:57:03+00,completed,2202.19,242.79,5.00,0.00,2449.98,1,
4316,275,2026-05-08 03:33:23+00,completed,22820.64,2514.12,35.00,0.00,25369.76,4,
4317,2,2026-05-08 04:32:31+00,completed,295.62,31.42,15.00,25.00,317.04,3,5
4318,29,2026-05-08 13:08:08+00,shipped,3790.94,413.15,5.00,40.00,4169.09,1,1
4319,135,2026-05-08 14:49:20+00,completed,1360.28,149.63,0.00,0.00,1509.91,5,
4320,181,2026-05-09 01:36:15+00,completed,240.85,27.04,5.00,0.00,272.89,1,
4321,265,2026-05-09 02:01:00+00,completed,1587.85,178.51,35.00,0.00,1801.36,4,
4322,187,2026-05-09 04:26:22+00,cancelled,932.37,103.11,5.00,0.00,1040.48,1,
4323,9,2026-05-09 05:08:51+00,completed,116.93,13.15,12.00,9.35,132.73,2,9
4324,396,2026-05-09 17:12:22+00,shipped,5449.46,601.09,15.00,0.00,6065.55,3,
4325,55,2026-05-09 17:51:13+00,shipped,2119.29,233.67,5.00,0.00,2357.96,1,
4326,328,2026-05-10 03:05:36+00,refunded,850.14,93.52,0.00,0.00,943.66,5,
4327,437,2026-05-10 03:13:10+00,pending,110.07,12.66,5.00,0.00,127.73,1,
4328,201,2026-05-10 03:14:35+00,shipped,1162.97,117.48,5.00,100.00,1185.45,1,7
4329,312,2026-05-10 06:08:56+00,pending,266.25,29.29,0.00,0.00,295.54,5,
4330,159,2026-05-10 06:27:48+00,pending,4863.59,536.31,12.00,0.00,5411.90,2,
4331,407,2026-05-10 06:59:34+00,completed,3857.04,424.82,5.00,0.00,4286.86,1,
4332,446,2026-05-10 08:32:33+00,completed,612.26,71.20,35.00,0.00,718.46,4,
4333,57,2026-05-10 12:17:13+00,processing,18.52,3.36,12.00,0.00,33.88,2,
4334,236,2026-05-10 13:15:23+00,completed,28765.23,3155.60,12.00,90.00,31842.83,2,10
4335,312,2026-05-10 14:56:02+00,pending,2938.91,324.93,15.00,0.00,3278.84,3,
4336,348,2026-05-10 21:26:11+00,shipped,7400.01,811.25,15.00,40.00,8186.26,3,1
4337,459,2026-05-10 21:53:16+00,processing,3355.92,369.15,0.00,0.00,3725.07,5,
4338,98,2026-05-10 22:45:05+00,completed,7814.04,860.09,5.00,0.00,8679.13,1,
4339,8,2026-05-11 00:29:32+00,shipped,4225.29,465.33,5.00,0.00,4695.62,1,
4340,405,2026-05-11 03:57:51+00,completed,2229.80,245.83,5.00,0.00,2480.63,1,
4341,452,2026-05-11 05:03:50+00,completed,2036.00,224.51,5.00,0.00,2265.51,1,
4342,197,2026-05-11 10:20:15+00,completed,1777.35,196.83,12.00,0.00,1986.18,2,
4343,192,2026-05-11 14:14:15+00,completed,7548.85,828.17,5.00,25.00,8357.02,1,5
4344,234,2026-05-11 22:21:24+00,completed,694.21,74.38,12.00,30.00,750.59,2,8
4345,104,2026-05-12 00:24:23+00,processing,7503.81,827.07,15.00,0.00,8345.88,3,
4346,24,2026-05-12 01:45:12+00,processing,16692.64,1834.76,12.00,25.00,18514.40,2,5
4347,2,2026-05-12 14:07:39+00,shipped,83.92,9.63,12.00,8.39,97.16,2,1
4348,153,2026-05-12 20:26:30+00,pending,10772.30,1185.50,5.00,0.00,11962.80,1,
4349,94,2026-05-12 22:41:09+00,shipped,4963.89,547.35,12.00,0.00,5523.24,2,
4350,202,2026-05-13 04:59:10+00,processing,793.74,87.31,0.00,0.00,881.05,5,
4351,265,2026-05-13 23:34:53+00,shipped,150.09,16.51,0.00,0.00,166.60,5,
4352,477,2026-05-14 02:16:12+00,refunded,13077.16,1439.81,12.00,0.00,14528.97,2,
4353,58,2026-05-14 06:50:45+00,cancelled,977.97,108.13,5.00,0.00,1091.10,1,
4354,151,2026-05-14 06:57:40+00,shipped,11977.09,1319.13,15.00,0.00,13311.22,3,
4355,194,2026-05-14 09:50:59+00,completed,462.98,51.48,5.00,0.00,519.46,1,
4356,337,2026-05-14 13:21:32+00,completed,5116.64,564.15,12.00,0.00,5692.79,2,
4357,31,2026-05-14 15:06:15+00,completed,13473.96,1483.46,12.00,0.00,14969.42,2,
4358,174,2026-05-14 16:37:35+00,shipped,7480.23,824.15,12.00,0.00,8316.38,2,
4359,113,2026-05-14 18:53:58+00,shipped,4474.78,479.58,5.00,120.00,4839.36,1,6
4360,201,2026-05-15 02:32:19+00,completed,609.66,68.38,12.00,0.00,690.04,2,
4361,382,2026-05-15 09:44:26+00,completed,8355.19,920.39,12.00,0.00,9287.58,2,
4362,190,2026-05-15 11:58:44+00,processing,1402.24,158.10,35.00,0.00,1595.34,4,
4363,435,2026-05-15 12:39:16+00,completed,4384.60,486.16,35.00,0.00,4905.76,4,
4364,271,2026-05-15 16:44:19+00,processing,19191.38,2114.90,35.00,0.00,21341.28,4,
4365,308,2026-05-15 23:28:23+00,completed,47.70,5.27,5.00,4.77,53.20,1,1
4366,36,2026-05-16 02:42:52+00,completed,1498.25,164.81,0.00,0.00,1663.06,5,
4367,453,2026-05-16 12:42:04+00,processing,1953.45,215.43,5.00,0.00,2173.88,1,
4368,247,2026-05-16 13:34:26+00,completed,999.48,111.26,12.00,0.00,1122.74,2,
4369,189,2026-05-16 14:33:52+00,pending,3284.75,361.87,5.00,0.00,3651.62,1,
4370,166,2026-05-16 20:01:59+00,refunded,6002.35,660.81,5.00,0.00,6668.16,1,
4371,409,2026-05-16 21:53:51+00,completed,6768.72,745.11,5.00,0.00,7518.83,1,
4372,102,2026-05-17 04:09:04+00,completed,7284.61,799.66,15.00,30.00,8069.27,3,8
4373,145,2026-05-17 08:21:30+00,refunded,1346.79,148.70,5.00,0.00,1500.49,1,
4374,234,2026-05-17 10:15:05+00,completed,6604.84,727.08,5.00,0.00,7336.92,1,
4375,112,2026-05-17 13:07:42+00,pending,1714.80,189.95,12.00,0.00,1916.75,2,
4376,337,2026-05-17 15:28:05+00,completed,743.17,79.00,5.00,30.00,797.17,1,8
4377,123,2026-05-18 14:58:57+00,completed,2228.53,245.14,0.00,0.00,2473.67,5,
4378,10,2026-05-18 18:37:09+00,processing,5604.29,617.02,5.00,0.00,6226.31,1,
4379,367,2026-05-19 00:45:40+00,cancelled,99.60,11.51,5.00,0.00,116.11,1,
4380,12,2026-05-19 00:52:58+00,shipped,5348.12,575.09,0.00,120.00,5803.21,5,6
4381,151,2026-05-19 03:43:15+00,pending,255.06,29.38,12.00,0.00,296.44,2,
4382,409,2026-05-19 13:47:32+00,completed,15567.19,1708.21,12.00,50.00,17237.40,2,9
4383,297,2026-05-19 15:56:23+00,completed,746.00,78.21,5.00,40.00,789.21,1,1
4384,68,2026-05-19 17:45:15+00,shipped,91.56,10.62,5.00,0.00,107.18,1,
4385,244,2026-05-19 18:20:30+00,completed,1667.28,183.40,0.00,0.00,1850.68,5,
4386,382,2026-05-19 18:46:27+00,shipped,9135.74,1005.48,5.00,0.00,10146.22,1,
4387,16,2026-05-19 20:19:53+00,completed,2495.53,275.06,5.00,0.00,2775.59,1,
4388,85,2026-05-19 23:45:11+00,completed,466.47,52.63,12.00,0.00,531.10,2,
4389,107,2026-05-20 09:52:29+00,processing,1926.32,209.92,12.00,30.00,2118.24,2,8
4390,260,2026-05-20 10:28:27+00,cancelled,3625.11,400.41,15.00,0.00,4040.52,3,
4391,232,2026-05-21 00:54:19+00,completed,479.22,49.63,12.00,40.00,500.85,2,1
4392,325,2026-05-21 02:49:02+00,completed,111.69,12.84,5.00,0.00,129.53,1,
4393,339,2026-05-21 05:06:04+00,completed,4293.88,472.88,5.00,0.00,4771.76,1,
4394,248,2026-05-21 05:13:00+00,shipped,140.65,16.02,5.00,0.00,161.67,1,
4395,378,2026-05-21 08:26:21+00,completed,4562.90,505.77,35.00,0.00,5103.67,4,
4396,96,2026-05-21 09:15:09+00,completed,9413.86,1036.07,5.00,0.00,10454.93,1,
4397,417,2026-05-21 10:42:17+00,completed,91.55,10.62,5.00,0.00,107.17,1,
4398,215,2026-05-21 12:09:53+00,pending,8343.93,915.85,12.00,30.00,9241.78,2,8
4399,66,2026-05-21 12:42:29+00,pending,3449.84,380.03,5.00,0.00,3834.87,1,
4400,7,2026-05-21 18:10:03+00,pending,9.26,4.87,35.00,0.00,49.13,4,
4401,181,2026-05-21 19:03:05+00,completed,5447.31,572.25,5.00,250.00,5774.56,1,3
4402,309,2026-05-21 21:30:51+00,completed,213.50,20.51,5.00,32.02,206.99,1,10
4403,379,2026-05-22 04:20:40+00,completed,7588.25,835.26,5.00,0.00,8428.51,1,
4404,8,2026-05-22 06:22:23+00,shipped,109.92,13.41,12.00,0.00,135.33,2,
4405,33,2026-05-22 10:43:25+00,processing,1035.42,114.45,5.00,0.00,1154.87,1,
4406,427,2026-05-22 14:27:20+00,cancelled,383.62,46.05,35.00,0.00,464.67,4,
4407,326,2026-05-22 18:54:00+00,completed,9962.84,1099.76,35.00,0.00,11097.60,4,
4408,407,2026-05-23 07:43:44+00,completed,1276.93,141.01,5.00,0.00,1422.94,1,
4409,481,2026-05-23 08:40:30+00,completed,8290.25,902.03,0.00,90.00,9102.28,5,10
4410,268,2026-05-23 08:46:02+00,refunded,138.87,15.28,0.00,0.00,154.15,5,
4411,47,2026-05-23 14:35:06+00,completed,5057.34,556.86,5.00,0.00,5619.20,1,
4412,322,2026-05-23 17:12:20+00,completed,110.84,12.74,5.00,0.00,128.58,1,
4413,326,2026-05-24 06:35:38+00,processing,46.29,6.41,12.00,0.00,64.70,2,
4414,365,2026-05-24 19:31:53+00,completed,185.01,20.90,5.00,0.00,210.91,1,
4415,93,2026-05-24 20:44:12+00,completed,2214.48,244.91,12.00,0.00,2471.39,2,
4416,466,2026-05-25 03:35:06+00,refunded,2557.51,282.65,12.00,0.00,2852.16,2,
4417,23,2026-05-25 04:36:56+00,completed,641.50,71.11,5.00,0.00,717.61,1,
4418,387,2026-05-25 06:54:03+00,pending,41.96,5.17,5.00,0.00,52.13,1,
4419,321,2026-05-25 10:38:31+00,completed,308.60,34.50,5.00,0.00,348.10,1,
4420,301,2026-05-26 01:20:23+00,cancelled,5.35,1.14,5.00,0.00,11.49,1,
4421,372,2026-05-26 02:28:18+00,shipped,6250.88,660.10,0.00,250.00,6660.98,5,3
4422,482,2026-05-26 05:48:48+00,completed,4116.96,454.19,12.00,0.00,4583.15,2,
4423,375,2026-05-26 21:53:30+00,cancelled,4435.38,488.44,5.00,0.00,4928.82,1,
4424,212,2026-05-27 00:07:26+00,completed,5839.38,642.88,5.00,0.00,6487.26,1,
4425,419,2026-05-27 07:33:29+00,completed,1627.24,179.55,5.00,0.00,1811.79,1,
4426,180,2026-05-27 10:04:12+00,completed,1734.12,192.40,15.00,0.00,1941.52,3,
4427,419,2026-05-27 12:14:47+00,completed,5033.43,544.33,15.00,100.00,5492.76,3,7
4428,55,2026-05-27 15:39:25+00,completed,6525.01,721.60,35.00,0.00,7281.61,4,
4429,358,2026-05-28 01:11:35+00,cancelled,7574.75,833.77,5.00,0.00,8413.52,1,
4430,212,2026-05-28 03:43:09+00,completed,11088.45,1215.88,5.00,40.00,12269.33,1,1
4431,92,2026-05-28 05:36:51+00,shipped,2217.69,240.10,5.00,40.00,2422.79,1,1
4432,178,2026-05-28 10:38:37+00,shipped,15885.64,1747.97,5.00,0.00,17638.61,1,
4433,175,2026-05-28 13:35:39+00,shipped,1739.99,189.20,5.00,25.00,1909.19,1,5
4434,437,2026-05-28 15:09:10+00,completed,8038.48,885.55,12.00,0.00,8936.03,2,
4435,326,2026-05-28 15:55:06+00,completed,2670.90,295.12,12.00,0.00,2978.02,2,
4436,289,2026-05-28 18:21:07+00,completed,8914.12,980.55,0.00,0.00,9894.67,5,
4437,484,2026-05-28 20:30:11+00,shipped,154.01,17.49,5.00,0.00,176.50,1,
4438,288,2026-05-28 22:44:26+00,processing,610.16,67.67,5.00,0.00,682.83,1,
4439,94,2026-05-29 01:02:34+00,completed,106.50,13.04,12.00,0.00,131.54,2,
4440,385,2026-05-29 01:55:14+00,completed,3111.64,342.28,0.00,0.00,3453.92,5,
4441,123,2026-05-29 09:29:28+00,completed,9100.52,1001.61,5.00,0.00,10107.13,1,
4442,285,2026-05-29 10:04:10+00,shipped,2288.68,253.07,12.00,0.00,2553.75,2,
4443,286,2026-05-29 10:26:25+00,processing,12505.05,1375.56,0.00,0.00,13880.61,5,
4444,382,2026-05-29 12:48:21+00,completed,2860.14,315.17,5.00,0.00,3180.31,1,
4445,398,2026-05-29 16:16:00+00,pending,147.85,17.58,12.00,0.00,177.43,2,
4446,42,2026-05-29 19:48:20+00,cancelled,1396.89,153.66,0.00,0.00,1550.55,5,
4447,186,2026-05-29 20:15:28+00,processing,1561.44,169.56,5.00,25.00,1711.00,1,5
4448,321,2026-05-30 00:11:55+00,refunded,12492.27,1374.70,5.00,0.00,13871.97,1,
4449,483,2026-05-30 02:48:53+00,completed,2304.78,254.85,12.00,0.00,2571.63,2,
4450,148,2026-05-30 03:26:37+00,completed,67.51,8.75,12.00,0.00,88.26,2,
4451,8,2026-05-30 04:04:20+00,completed,718.30,79.01,0.00,0.00,797.31,5,
4452,491,2026-05-30 08:34:20+00,completed,12860.78,1416.01,12.00,0.00,14288.79,2,
4453,145,2026-05-30 14:12:09+00,cancelled,63.40,8.29,12.00,0.00,83.69,2,
4454,345,2026-05-30 19:30:05+00,completed,1667.28,175.15,15.00,90.00,1767.43,3,10
4455,232,2026-05-30 19:40:39+00,completed,3053.47,331.48,0.00,40.00,3344.95,5,1
4456,248,2026-05-30 19:45:22+00,refunded,9353.32,1030.19,12.00,0.00,10395.51,2,
4457,68,2026-05-30 19:57:53+00,shipped,36.22,5.30,12.00,0.00,53.52,2,
4458,389,2026-05-30 20:03:37+00,completed,13306.14,1464.23,5.00,0.00,14775.37,1,
4459,478,2026-05-30 22:21:22+00,cancelled,1146.00,115.61,5.00,100.00,1166.61,1,7
4460,382,2026-05-31 16:04:38+00,completed,3584.24,384.92,5.00,90.00,3884.16,1,10
4461,189,2026-05-31 17:47:24+00,refunded,26.16,3.43,5.00,0.00,34.59,1,
4462,317,2026-06-01 09:14:18+00,completed,2670.60,295.09,12.00,0.00,2977.69,2,
4463,184,2026-06-01 10:59:12+00,refunded,4483.83,497.07,35.00,0.00,5015.90,4,
4464,128,2026-06-01 11:57:24+00,cancelled,85.73,11.08,15.00,0.00,111.81,3,
4465,261,2026-06-01 14:55:10+00,shipped,1231.32,136.77,12.00,0.00,1380.09,2,
4466,344,2026-06-01 22:06:48+00,completed,3736.57,414.87,35.00,0.00,4186.44,4,
4467,291,2026-06-02 05:37:10+00,completed,1717.48,189.47,5.00,0.00,1911.95,1,
4468,392,2026-06-02 06:28:54+00,shipped,10703.40,1178.69,12.00,0.00,11894.09,2,
4469,479,2026-06-02 07:27:55+00,completed,2486.13,274.02,5.00,0.00,2765.15,1,
4470,486,2026-06-02 09:00:23+00,completed,4435.38,488.44,5.00,0.00,4928.82,1,
4471,236,2026-06-02 09:39:11+00,cancelled,1627.74,179.60,5.00,0.00,1812.34,1,
4472,142,2026-06-02 11:00:23+00,cancelled,333.31,37.98,12.00,0.00,383.29,2,
4473,469,2026-06-02 14:08:42+00,completed,249.87,27.49,0.00,0.00,277.36,5,
4474,125,2026-06-02 19:37:43+00,completed,46.30,5.64,5.00,0.00,56.94,1,
4475,75,2026-06-02 23:28:11+00,cancelled,948.72,104.91,5.00,0.00,1058.63,1,
4476,477,2026-06-03 04:04:39+00,completed,3127.76,344.60,5.00,0.00,3477.36,1,
4477,168,2026-06-03 06:22:22+00,cancelled,1628.82,166.52,5.00,120.00,1680.34,1,6
4478,189,2026-06-03 06:25:44+00,completed,632.40,70.11,5.00,0.00,707.51,1,
4479,264,2026-06-03 07:11:21+00,completed,4912.68,541.71,12.00,0.00,5466.39,2,
4480,46,2026-06-03 12:14:12+00,completed,7194.65,791.96,5.00,0.00,7991.61,1,
4481,57,2026-06-03 16:10:32+00,completed,16956.83,1866.90,15.00,0.00,18838.73,3,
4482,288,2026-06-03 18:31:51+00,completed,4293.80,472.87,5.00,0.00,4771.67,1,
4483,397,2026-06-03 22:14:04+00,pending,1547.39,168.01,5.00,25.00,1695.40,1,5
4484,13,2026-06-04 01:58:17+00,cancelled,4606.69,510.59,35.00,0.00,5152.28,4,
4485,298,2026-06-04 05:47:06+00,shipped,6635.79,731.26,12.00,0.00,7379.05,2,
4486,444,2026-06-04 07:34:56+00,processing,6971.54,768.19,12.00,0.00,7751.73,2,
4487,101,2026-06-04 08:54:30+00,completed,882.38,98.38,12.00,0.00,992.76,2,
4488,110,2026-06-04 09:46:01+00,completed,2610.12,287.66,5.00,0.00,2902.78,1,
4489,128,2026-06-04 18:42:42+00,processing,944.38,105.20,12.00,0.00,1061.58,2,
4490,168,2026-06-04 23:57:53+00,completed,1987.07,219.13,5.00,0.00,2211.20,1,
4491,69,2026-06-05 05:46:43+00,completed,1174.80,130.88,15.00,0.00,1320.68,3,
4492,301,2026-06-05 06:57:36+00,completed,5600.52,616.06,0.00,0.00,6216.58,5,
4493,119,2026-06-05 16:10:43+00,completed,7868.10,822.81,12.00,400.00,8302.91,2,12
4494,478,2026-06-05 19:08:09+00,completed,1251.92,139.03,12.00,0.00,1402.95,2,
4495,46,2026-06-06 04:49:19+00,completed,9553.39,1052.19,12.00,0.00,10617.58,2,
4496,122,2026-06-06 13:22:30+00,processing,89.90,10.44,5.00,0.00,105.34,1,
4497,396,2026-06-07 00:48:43+00,completed,16.05,3.09,12.00,0.00,31.14,2,
4498,409,2026-06-07 01:28:04+00,pending,12151.89,1340.56,35.00,0.00,13527.45,4,
4499,268,2026-06-07 03:19:18+00,shipped,6851.71,754.24,5.00,0.00,7610.95,1,
4500,55,2026-06-07 05:45:02+00,completed,4988.58,552.59,35.00,0.00,5576.17,4,
4501,334,2026-06-07 21:23:15+00,completed,112.37,11.92,5.00,8.99,120.30,1,9
4502,69,2026-06-08 11:44:26+00,completed,177.42,20.07,5.00,0.00,202.49,1,
4503,3,2026-06-08 13:39:20+00,completed,10486.31,1129.84,35.00,250.00,11401.15,4,3
4504,207,2026-06-08 17:11:53+00,completed,2235.63,246.47,5.00,0.00,2487.10,1,
4505,157,2026-06-08 17:16:06+00,processing,15202.57,1676.13,35.00,0.00,16913.70,4,
4506,221,2026-06-09 00:18:01+00,shipped,12299.18,1353.46,5.00,0.00,13657.64,1,
4507,73,2026-06-09 00:37:54+00,completed,3976.61,437.98,5.00,0.00,4419.59,1,
4508,57,2026-06-09 02:49:32+00,shipped,3271.78,360.45,5.00,0.00,3637.23,1,
4509,411,2026-06-09 05:49:43+00,completed,102.78,11.86,5.00,0.00,119.64,1,
4510,294,2026-06-09 09:38:38+00,completed,14463.18,1592.27,12.00,0.00,16067.45,2,
4511,98,2026-06-09 12:46:05+00,shipped,10283.77,1135.06,35.00,0.00,11453.83,4,
4512,49,2026-06-09 13:06:48+00,completed,9222.08,1016.08,15.00,0.00,10253.16,3,
4513,265,2026-06-09 21:01:00+00,completed,3561.90,393.13,12.00,0.00,3967.03,2,
4514,277,2026-06-09 21:35:28+00,processing,2781.38,307.60,15.00,0.00,3103.98,3,
4515,114,2026-06-10 01:41:44+00,processing,3257.35,362.16,35.00,0.00,3654.51,4,
4516,367,2026-06-10 06:53:58+00,cancelled,1299.18,140.16,15.00,40.00,1414.34,3,1
4517,361,2026-06-10 07:43:29+00,cancelled,1057.10,116.28,0.00,0.00,1173.38,5,
4518,157,2026-06-10 11:16:10+00,completed,91.55,9.82,5.00,7.32,99.05,1,9
4519,426,2026-06-10 13:53:58+00,completed,1265.19,134.22,5.00,50.00,1354.41,1,9
4520,119,2026-06-10 22:59:54+00,completed,2111.16,232.78,5.00,0.00,2348.94,1,
4521,238,2026-06-11 00:48:05+00,completed,7749.81,853.80,12.00,0.00,8615.61,2,
4522,489,2026-06-11 03:09:14+00,completed,2298.10,254.44,15.00,0.00,2567.54,3,
4523,303,2026-06-11 04:14:41+00,completed,142.92,16.27,5.00,0.00,164.19,1,
4524,152,2026-06-11 06:36:54+00,pending,3614.50,399.25,15.00,0.00,4028.75,3,
4525,469,2026-06-11 11:38:13+00,pending,8992.50,989.73,5.00,0.00,9987.23,1,
4526,461,2026-06-11 21:26:01+00,pending,6258.31,688.96,5.00,0.00,6952.27,1,
4527,114,2026-06-12 00:21:41+00,completed,7140.93,786.60,35.00,25.00,7937.53,4,5
4528,146,2026-06-12 14:23:44+00,pending,3697.10,408.33,15.00,0.00,4120.43,3,
4529,397,2026-06-12 15:34:30+00,completed,8813.34,973.32,35.00,0.00,9821.66,4,
4530,430,2026-06-12 23:15:49+00,completed,3228.42,355.68,5.00,0.00,3589.10,1,
4531,318,2026-06-13 02:59:58+00,completed,1825.48,201.35,5.00,0.00,2031.83,1,
4532,396,2026-06-13 04:59:07+00,completed,1771.33,195.40,5.00,0.00,1971.73,1,
4533,207,2026-06-13 20:59:06+00,shipped,150.29,14.60,5.00,22.54,147.35,1,10
4534,473,2026-06-13 22:04:08+00,completed,749.61,83.01,5.00,0.00,837.62,1,
4535,293,2026-06-14 03:27:42+00,completed,14162.66,1559.21,12.00,0.00,15733.87,2,
4536,472,2026-06-14 11:15:26+00,completed,4513.81,500.37,35.00,0.00,5049.18,4,
4537,99,2026-06-14 15:38:54+00,completed,373.68,44.95,35.00,0.00,453.63,4,
4538,284,2026-06-14 15:53:23+00,completed,13137.53,1446.45,12.00,0.00,14595.98,2,
4539,220,2026-06-14 18:34:48+00,completed,2847.49,313.77,5.00,0.00,3166.26,1,
4540,188,2026-06-14 21:14:24+00,completed,2799.42,311.79,35.00,0.00,3146.21,4,
4541,488,2026-06-15 01:43:19+00,shipped,3443.83,379.37,5.00,0.00,3828.20,1,
4542,25,2026-06-15 04:40:34+00,processing,1489.37,164.38,5.00,0.00,1658.75,1,
4543,151,2026-06-15 10:09:19+00,cancelled,260.48,29.20,5.00,0.00,294.68,1,
4544,66,2026-06-16 00:58:20+00,shipped,6232.15,685.54,0.00,0.00,6917.69,5,
4545,363,2026-06-16 06:14:22+00,shipped,3700.31,407.58,5.00,0.00,4112.89,1,
4546,23,2026-06-16 06:17:57+00,shipped,1677.01,171.82,5.00,120.00,1733.83,1,6
4547,411,2026-06-16 13:39:09+00,cancelled,5645.37,621.54,5.00,0.00,6271.91,1,
4548,146,2026-06-16 13:59:26+00,shipped,10046.98,1079.32,15.00,250.00,10891.30,3,3
4549,235,2026-06-16 14:56:44+00,processing,2282.25,252.37,12.00,0.00,2546.62,2,
4550,259,2026-06-16 15:47:11+00,cancelled,24.84,3.28,5.00,0.00,33.12,1,
4551,296,2026-06-16 17:18:04+00,cancelled,7249.90,771.31,12.00,250.00,7783.21,2,3
4552,449,2026-06-16 21:17:05+00,completed,574.44,58.79,0.00,40.00,593.23,5,1
4553,460,2026-06-16 23:53:16+00,completed,9713.50,1070.13,15.00,0.00,10798.63,3,
4554,278,2026-06-17 03:37:48+00,processing,3429.24,381.07,35.00,0.00,3845.31,4,
4555,500,2026-06-17 06:10:49+00,processing,10770.28,1184.73,0.00,0.00,11955.01,5,
4556,75,2026-06-17 08:20:17+00,refunded,4164.30,458.62,5.00,0.00,4627.92,1,
4557,356,2026-06-17 10:47:54+00,completed,14410.80,1586.84,15.00,0.00,16012.64,3,
4558,15,2026-06-17 11:03:18+00,completed,3399.48,374.49,5.00,0.00,3778.97,1,
4559,426,2026-06-17 12:18:28+00,completed,83.16,8.33,5.00,12.47,84.02,1,10
4560,77,2026-06-17 17:12:24+00,refunded,13491.32,1485.37,12.00,0.00,14988.69,2,
4561,102,2026-06-17 18:53:29+00,completed,293.74,32.86,5.00,0.00,331.60,1,
4562,386,2026-06-17 21:21:18+00,completed,4358.89,480.03,5.00,0.00,4843.92,1,
4563,62,2026-06-17 23:11:00+00,shipped,3956.59,436.87,15.00,0.00,4408.46,3,
4564,268,2026-06-17 23:41:35+00,completed,294.92,36.29,35.00,0.00,366.21,4,
4565,50,2026-06-18 04:15:47+00,completed,435.02,48.40,5.00,0.00,488.42,1,
4566,77,2026-06-18 09:39:56+00,completed,20391.49,2246.91,35.00,0.00,22673.40,4,
4567,232,2026-06-18 14:41:11+00,completed,316.26,35.34,5.00,0.00,356.60,1,
4568,492,2026-06-18 15:25:06+00,pending,4792.52,527.18,0.00,0.00,5319.70,5,
4569,79,2026-06-18 19:57:15+00,completed,2904.00,319.99,5.00,0.00,3228.99,1,
4570,151,2026-06-18 21:48:42+00,completed,226.43,25.46,5.00,0.00,256.89,1,
4571,258,2026-06-18 22:05:08+00,pending,3846.06,424.39,12.00,0.00,4282.45,2,
4572,363,2026-06-18 22:51:34+00,shipped,13401.69,1475.51,12.00,0.00,14889.20,2,
4573,293,2026-06-18 23:32:52+00,processing,2070.73,228.33,5.00,0.00,2304.06,1,
4574,183,2026-06-19 13:03:47+00,completed,876.09,96.92,5.00,0.00,978.01,1,
4575,159,2026-06-19 19:01:51+00,shipped,16581.07,1825.57,15.00,0.00,18421.64,3,
4576,21,2026-06-20 05:14:58+00,shipped,1044.81,112.18,0.00,25.00,1131.99,5,5
4577,308,2026-06-20 10:50:33+00,shipped,5837.58,643.45,12.00,0.00,6493.03,2,
4578,359,2026-06-20 17:15:55+00,completed,1596.09,165.12,5.00,100.00,1666.21,1,7
4579,257,2026-06-20 19:50:43+00,cancelled,3679.49,392.86,12.00,120.00,3964.35,2,6
4580,110,2026-06-20 20:49:31+00,completed,8914.12,981.10,5.00,0.00,9900.22,1,
4581,86,2026-06-21 00:12:33+00,completed,10301.30,1133.69,5.00,0.00,11439.99,1,
4582,307,2026-06-21 00:22:50+00,cancelled,2322.31,246.10,5.00,90.00,2483.41,1,10
4583,103,2026-06-21 13:12:06+00,completed,1565.83,172.79,5.00,0.00,1743.62,1,
4584,145,2026-06-21 14:12:30+00,completed,1438.17,162.05,35.00,0.00,1635.22,4,
4585,45,2026-06-21 15:26:43+00,completed,68.52,8.86,12.00,0.00,89.38,2,
4586,252,2026-06-21 15:47:40+00,pending,13951.28,1535.19,5.00,0.00,15491.47,1,
4587,46,2026-06-21 16:34:32+00,shipped,68.16,8.82,12.00,0.00,88.98,2,
4588,342,2026-06-21 22:52:40+00,completed,5108.64,561.95,0.00,0.00,5670.59,5,
4589,136,2026-06-21 22:54:40+00,completed,4334.81,477.38,5.00,0.00,4817.19,1,
4590,495,2026-06-22 02:53:18+00,completed,7183.24,794.01,35.00,0.00,8012.25,4,
4591,337,2026-06-22 05:59:20+00,pending,73.20,8.60,5.00,0.00,86.80,1,
4592,426,2026-06-22 12:41:38+00,completed,1263.91,139.58,5.00,0.00,1408.49,1,
4593,208,2026-06-22 19:03:05+00,completed,4927.22,543.31,12.00,0.00,5482.53,2,
4594,118,2026-06-23 01:30:25+00,cancelled,7742.40,853.31,15.00,0.00,8610.71,3,
4595,462,2026-06-23 07:49:50+00,completed,11642.29,1281.20,5.00,0.00,12928.49,1,
4596,6,2026-06-24 07:36:11+00,completed,1740.86,192.81,12.00,0.00,1945.67,2,
4597,403,2026-06-24 13:00:31+00,completed,11663.95,1277.53,0.00,50.00,12891.48,5,9
4598,172,2026-06-24 18:48:47+00,cancelled,6785.10,746.91,5.00,0.00,7537.01,1,
4599,288,2026-06-24 23:14:01+00,shipped,12967.24,1415.95,5.00,100.00,14288.19,1,7
4600,97,2026-06-25 00:23:15+00,cancelled,13.38,2.02,5.00,0.00,20.40,1,
4601,375,2026-06-25 08:22:31+00,completed,15706.26,1728.24,5.00,0.00,17439.50,1,
4602,389,2026-06-25 09:02:31+00,shipped,37.04,4.22,5.00,3.70,42.56,1,1
4603,326,2026-06-25 14:46:03+00,pending,2846.85,313.15,0.00,0.00,3160.00,5,
4604,27,2026-06-25 19:44:07+00,processing,7374.78,812.55,12.00,0.00,8199.33,2,
4605,102,2026-06-25 20:53:35+00,completed,9475.46,1042.30,0.00,0.00,10517.76,5,
4606,36,2026-06-25 23:54:49+00,completed,1976.44,213.56,5.00,40.00,2155.00,1,1
4607,291,2026-06-26 04:12:24+00,processing,8259.75,909.12,5.00,0.00,9173.87,1,
4608,271,2026-06-26 07:09:54+00,shipped,2811.34,313.10,35.00,0.00,3159.44,4,
4609,467,2026-06-26 11:05:27+00,cancelled,6235.26,680.93,5.00,50.00,6871.19,1,9
4610,296,2026-06-26 12:25:06+00,pending,6310.08,695.43,12.00,0.00,7017.51,2,
4611,354,2026-06-26 22:50:46+00,completed,6497.78,716.08,12.00,0.00,7225.86,2,
4612,445,2026-06-27 01:01:36+00,completed,1648.69,181.36,0.00,0.00,1830.05,5,
4613,31,2026-06-27 03:07:08+00,completed,9682.92,1066.44,12.00,0.00,10761.36,2,
4614,158,2026-06-27 06:46:39+00,shipped,950.87,102.40,5.00,25.00,1033.27,1,5
4615,37,2026-06-27 11:21:15+00,shipped,7245.84,798.36,12.00,0.00,8056.20,2,
4616,216,2026-06-27 15:23:07+00,cancelled,10.36,1.69,5.00,0.00,17.05,1,
4617,465,2026-06-27 15:30:34+00,shipped,71.80,11.75,35.00,0.00,118.55,4,
4618,442,2026-06-27 19:10:03+00,pending,352.36,42.61,35.00,0.00,429.97,4,
4619,441,2026-06-27 21:19:05+00,cancelled,30363.29,3341.61,15.00,0.00,33719.90,3,
4620,229,2026-06-28 05:11:36+00,completed,8675.34,954.84,5.00,0.00,9635.18,1,
4621,401,2026-06-28 10:32:36+00,cancelled,8394.69,924.74,12.00,0.00,9331.43,2,
4622,470,2026-06-28 13:19:34+00,completed,9017.18,992.44,5.00,0.00,10014.62,1,
4623,259,2026-06-28 14:39:12+00,processing,1139.26,126.97,15.00,0.00,1281.23,3,
4624,91,2026-06-28 15:09:00+00,completed,55.56,6.66,5.00,0.00,67.22,1,
4625,39,2026-06-28 18:56:54+00,cancelled,723.90,80.95,12.00,0.00,816.85,2,
4626,217,2026-06-28 19:16:59+00,completed,7773.87,855.68,5.00,0.00,8634.55,1,
4627,62,2026-06-28 19:55:49+00,processing,758.88,84.03,5.00,0.00,847.91,1,
4628,472,2026-06-29 00:55:37+00,completed,584.78,65.65,12.00,0.00,662.43,2,
4629,291,2026-06-29 04:12:57+00,completed,9.06,2.32,12.00,0.00,23.38,2,
4630,48,2026-06-29 06:28:33+00,completed,345.65,32.87,5.00,51.85,331.67,1,10
4631,399,2026-06-29 09:59:41+00,completed,36.77,4.59,5.00,0.00,46.36,1,
4632,402,2026-06-30 04:24:55+00,completed,8670.99,954.36,5.00,0.00,9630.35,1,
4633,137,2026-06-30 13:37:39+00,completed,501.12,55.67,5.00,0.00,561.79,1,
4634,438,2026-06-30 16:46:26+00,completed,5970.10,660.56,35.00,0.00,6665.66,4,
4635,439,2026-06-30 22:44:26+00,shipped,11600.40,1277.36,12.00,0.00,12889.76,2,
4636,237,2026-06-30 22:56:19+00,completed,210.22,24.77,15.00,0.00,249.99,3,
4637,407,2026-06-30 23:18:04+00,processing,6652.74,732.35,5.00,0.00,7390.09,1,
4638,176,2026-07-01 00:03:37+00,completed,10703.40,1177.92,5.00,0.00,11886.32,1,
4639,351,2026-07-01 04:03:42+00,completed,853.57,97.74,35.00,0.00,986.31,4,
4640,211,2026-07-01 06:02:24+00,completed,2254.54,244.15,5.00,40.00,2463.69,1,1
4641,225,2026-07-01 15:37:27+00,completed,7325.36,796.44,5.00,90.00,8036.80,1,10
4642,486,2026-07-01 17:15:43+00,completed,91.56,13.92,35.00,0.00,140.48,4,
4643,489,2026-07-01 18:10:02+00,completed,112.52,12.93,5.00,0.00,130.45,1,
4644,67,2026-07-01 21:02:32+00,pending,2584.74,285.64,12.00,0.00,2882.38,2,
4645,409,2026-07-02 09:22:56+00,completed,3659.67,403.11,5.00,0.00,4067.78,1,
4646,121,2026-07-02 11:39:35+00,completed,76.30,12.24,35.00,0.00,123.54,4,
4647,371,2026-07-02 21:40:20+00,shipped,745.86,66.19,5.00,149.17,667.88,1,3
4648,218,2026-07-03 03:26:19+00,processing,1149.00,126.39,0.00,0.00,1275.39,5,
4649,402,2026-07-03 11:25:43+00,completed,716.40,80.12,12.00,0.00,808.52,2,
4650,438,2026-07-03 12:04:01+00,shipped,7030.45,775.00,15.00,0.00,7820.45,3,
4651,211,2026-07-03 14:12:11+00,completed,832.30,91.55,0.00,0.00,923.85,5,
4652,478,2026-07-03 15:20:38+00,completed,10132.52,1115.90,12.00,0.00,11260.42,2,
4653,152,2026-07-03 18:01:48+00,pending,1304.18,143.46,0.00,0.00,1447.64,5,
4654,149,2026-07-03 18:08:30+00,completed,9385.68,1032.97,5.00,0.00,10423.65,1,
4655,205,2026-07-03 23:00:09+00,processing,16819.64,1847.96,5.00,25.00,18647.60,1,5
4656,418,2026-07-04 00:37:13+00,refunded,1389.36,153.38,5.00,0.00,1547.74,1,
4657,25,2026-07-04 07:13:34+00,processing,2064.09,228.15,35.00,25.00,2302.24,4,5
4658,458,2026-07-04 07:45:46+00,completed,28.55,3.38,5.00,2.85,34.08,1,1
4659,182,2026-07-04 10:23:08+00,shipped,6490.56,715.28,12.00,0.00,7217.84,2,
4660,229,2026-07-04 21:08:50+00,completed,13868.18,1526.05,5.00,0.00,15399.23,1,
4661,458,2026-07-05 03:53:54+00,completed,4466.54,491.87,5.00,0.00,4963.41,1,
4662,284,2026-07-05 04:18:24+00,completed,1933.08,213.19,5.00,0.00,2151.27,1,
4663,260,2026-07-05 04:40:34+00,completed,5593.20,615.80,5.00,0.00,6214.00,1,
4664,354,2026-07-05 05:38:58+00,processing,316.24,33.36,12.00,25.00,336.60,2,5
4665,411,2026-07-05 07:25:14+00,processing,1380.85,146.94,5.00,50.00,1482.79,1,9
4666,175,2026-07-05 07:39:42+00,completed,967.90,107.79,12.00,0.00,1087.69,2,
4667,471,2026-07-05 20:29:48+00,completed,4233.48,466.23,5.00,0.00,4704.71,1,
4668,335,2026-07-05 23:43:23+00,shipped,24.37,3.23,5.00,0.00,32.60,1,
4669,156,2026-07-06 03:27:59+00,refunded,552.12,59.30,12.00,25.00,598.42,2,5
4670,137,2026-07-06 08:30:13+00,completed,13303.90,1458.48,5.00,50.00,14717.38,1,9
4671,423,2026-07-06 08:49:49+00,pending,467.55,49.23,5.00,25.00,496.78,1,5
4672,379,2026-07-06 10:44:00+00,processing,4412.44,486.69,12.00,0.00,4911.13,2,
4673,482,2026-07-06 15:10:11+00,completed,9019.23,992.12,0.00,0.00,10011.35,5,
4674,107,2026-07-06 22:10:30+00,completed,9662.99,1066.78,35.00,0.00,10764.77,4,
4675,435,2026-07-06 23:47:55+00,completed,4559.81,502.90,12.00,0.00,5074.71,2,
4676,238,2026-07-07 01:03:35+00,processing,697.06,76.68,0.00,0.00,773.74,5,
4677,386,2026-07-07 04:25:36+00,pending,6390.84,703.54,5.00,0.00,7099.38,1,
4678,471,2026-07-07 11:17:27+00,completed,10403.65,1144.40,0.00,0.00,11548.05,5,
4679,89,2026-07-07 16:30:54+00,completed,294.24,36.22,35.00,0.00,365.46,4,
4680,70,2026-07-07 19:26:40+00,pending,780.47,87.17,12.00,0.00,879.64,2,
4681,217,2026-07-07 21:08:28+00,completed,4581.80,501.80,5.00,25.00,5063.60,1,5
4682,15,2026-07-08 01:13:30+00,shipped,2657.37,292.86,5.00,0.00,2955.23,1,
4683,144,2026-07-08 02:25:39+00,completed,2872.85,316.56,5.00,0.00,3194.41,1,
4684,102,2026-07-08 05:25:06+00,processing,363.03,40.48,5.00,0.00,408.51,1,
4685,469,2026-07-08 09:58:52+00,completed,12088.19,1329.70,0.00,0.00,13417.89,5,
4686,357,2026-07-08 11:39:29+00,completed,2272.24,251.60,15.00,0.00,2538.84,3,
4687,271,2026-07-08 15:18:34+00,completed,14951.05,1645.17,5.00,0.00,16601.22,1,
4688,171,2026-07-08 17:46:13+00,completed,2758.34,303.97,5.00,0.00,3067.31,1,
4689,31,2026-07-08 21:33:57+00,completed,1453.26,160.41,5.00,0.00,1618.67,1,
4690,218,2026-07-08 22:32:10+00,completed,1562.72,172.45,5.00,0.00,1740.17,1,
4691,293,2026-07-09 10:12:15+00,completed,1196.79,126.70,5.00,50.00,1278.49,1,9
4692,196,2026-07-09 11:36:14+00,completed,8071.84,889.55,15.00,0.00,8976.39,3,
4693,368,2026-07-09 23:05:57+00,completed,1253.25,139.51,15.00,0.00,1407.76,3,
4694,139,2026-07-10 08:34:33+00,shipped,35.94,4.50,5.00,0.00,45.44,1,
4695,301,2026-07-10 15:36:56+00,completed,9653.10,1061.84,0.00,0.00,10714.94,5,
4696,193,2026-07-11 03:52:02+00,completed,3130.95,345.72,12.00,0.00,3488.67,2,
4697,395,2026-07-11 04:36:26+00,completed,11246.16,1238.40,12.00,0.00,12496.56,2,
4698,60,2026-07-11 09:16:12+00,completed,3749.04,409.31,12.00,40.00,4130.35,2,1
4699,91,2026-07-11 12:23:11+00,completed,13374.06,1466.20,5.00,50.00,14795.26,1,9
4700,308,2026-07-11 13:06:58+00,shipped,11654.04,1282.49,5.00,0.00,12941.53,1,
4701,164,2026-07-11 18:51:48+00,cancelled,2982.11,324.18,5.00,40.00,3271.29,1,1
4702,485,2026-07-12 02:15:10+00,processing,6572.64,724.64,15.00,0.00,7312.28,3,
4703,133,2026-07-12 07:12:50+00,completed,43.30,4.84,5.00,4.33,48.81,1,1
4704,283,2026-07-12 07:19:35+00,shipped,14438.07,1588.74,5.00,0.00,16031.81,1,
4705,156,2026-07-12 07:30:49+00,completed,9708.66,1071.80,35.00,0.00,10815.46,4,
4706,492,2026-07-12 10:32:30+00,refunded,104.14,12.01,5.00,0.00,121.15,1,
4707,361,2026-07-12 11:29:40+00,shipped,1326.22,147.53,15.00,0.00,1488.75,3,
4708,71,2026-07-12 16:29:49+00,completed,5561.41,567.76,0.00,400.00,5729.17,5,12
4709,252,2026-07-12 19:28:18+00,pending,3124.04,344.19,5.00,0.00,3473.23,1,
4710,216,2026-07-13 00:49:30+00,shipped,5450.89,600.15,5.00,0.00,6056.04,1,
4711,464,2026-07-13 01:57:37+00,completed,11206.32,1236.55,35.00,0.00,12477.87,4,
4712,10,2026-07-13 08:13:18+00,shipped,11679.09,1285.25,5.00,0.00,12969.34,1,
4713,17,2026-07-13 09:22:12+00,processing,103.46,13.03,15.00,0.00,131.49,3,
4714,434,2026-07-13 20:38:58+00,completed,1040.54,109.51,5.00,50.00,1105.05,1,9
4715,356,2026-07-13 22:32:33+00,shipped,499.73,55.52,5.00,0.00,560.25,1,
4716,26,2026-07-14 00:52:07+00,completed,758.88,84.03,5.00,0.00,847.91,1,
4717,416,2026-07-14 01:46:53+00,completed,900.54,99.61,5.00,0.00,1005.15,1,
4718,13,2026-07-14 13:29:34+00,pending,10558.62,1161.45,0.00,0.00,11720.07,5,
4719,433,2026-07-14 14:44:04+00,shipped,105.42,12.15,5.00,0.00,122.57,1,
4720,387,2026-07-14 22:35:12+00,processing,3471.43,372.51,5.00,90.00,3758.94,1,10
4721,12,2026-07-14 23:00:27+00,completed,2849.40,309.25,12.00,50.00,3120.65,2,9
4722,138,2026-07-14 23:12:49+00,pending,86.03,11.11,15.00,0.00,112.14,3,
4723,30,2026-07-14 23:23:18+00,refunded,113.50,16.34,35.00,0.00,164.84,4,
4724,275,2026-07-15 01:33:54+00,cancelled,5388.06,593.24,5.00,0.00,5986.30,1,
4725,339,2026-07-15 04:33:06+00,shipped,11097.48,1178.37,15.00,400.00,11890.85,3,12
4726,477,2026-07-15 09:02:11+00,completed,13.79,2.07,5.00,0.00,20.86,1,
4727,434,2026-07-15 12:29:16+00,completed,15980.17,1758.37,5.00,0.00,17743.54,1,
4728,209,2026-07-15 13:00:24+00,refunded,2228.53,245.69,5.00,0.00,2479.22,1,
4729,458,2026-07-15 18:03:53+00,processing,12844.08,1413.40,5.00,0.00,14262.48,1,
4730,329,2026-07-15 19:56:40+00,completed,3866.16,426.60,12.00,0.00,4304.76,2,
4731,190,2026-07-15 22:26:59+00,completed,9084.65,1000.63,12.00,0.00,10097.28,2,
4732,193,2026-07-16 08:51:50+00,processing,7499.72,784.82,35.00,400.00,7919.54,4,12
4733,121,2026-07-16 13:07:21+00,completed,2374.29,256.22,5.00,50.00,2585.51,1,9
4734,179,2026-07-16 14:04:25+00,pending,818.78,93.92,35.00,0.00,947.70,4,
4735,373,2026-07-16 16:26:34+00,completed,758.88,84.03,5.00,0.00,847.91,1,
4736,105,2026-07-16 20:53:46+00,completed,1636.05,180.52,5.00,0.00,1821.57,1,
4737,383,2026-07-17 00:33:05+00,completed,126.76,14.49,5.00,0.00,146.25,1,
4738,271,2026-07-17 05:33:01+00,processing,527.08,59.30,12.00,0.00,598.38,2,
4739,276,2026-07-17 11:08:00+00,completed,399.65,38.69,12.00,59.95,390.39,2,10
4740,175,2026-07-17 13:21:02+00,refunded,1771.10,196.47,15.00,0.00,1982.57,3,
4741,55,2026-07-17 13:21:52+00,completed,13527.56,1489.35,12.00,0.00,15028.91,2,
4742,183,2026-07-17 13:28:58+00,completed,17733.26,1950.11,35.00,40.00,19678.37,4,1
4743,213,2026-07-17 14:25:38+00,completed,7762.53,843.43,5.00,100.00,8510.96,1,7
4744,458,2026-07-17 18:39:01+00,completed,2843.12,314.06,12.00,0.00,3169.18,2,
4745,302,2026-07-17 21:43:47+00,refunded,2619.58,289.47,12.00,0.00,2921.05,2,
4746,355,2026-07-18 05:07:46+00,cancelled,77.81,9.88,12.00,0.00,99.69,2,
4747,396,2026-07-18 06:35:10+00,completed,3309.33,359.63,0.00,40.00,3628.96,5,1
4748,241,2026-07-18 07:18:31+00,completed,4630.13,510.96,15.00,0.00,5156.09,3,
4749,437,2026-07-18 14:23:14+00,completed,9926.84,1092.50,5.00,0.00,11024.34,1,
4750,159,2026-07-18 18:56:35+00,shipped,1451.18,156.88,15.00,40.00,1583.06,3,1
4751,470,2026-07-18 21:35:07+00,completed,12834.07,1412.30,5.00,0.00,14251.37,1,
4752,294,2026-07-18 22:27:17+00,shipped,1781.08,168.42,0.00,250.00,1699.50,5,3
4753,497,2026-07-18 23:28:53+00,shipped,5819.92,644.04,35.00,0.00,6498.96,4,
4754,23,2026-07-19 02:55:24+00,completed,27.78,6.91,35.00,0.00,69.69,4,
4755,13,2026-07-19 10:11:07+00,completed,27.24,3.55,5.00,0.00,35.79,1,
4756,401,2026-07-19 11:06:18+00,completed,6543.65,723.65,35.00,0.00,7302.30,4,
4757,325,2026-07-19 11:14:01+00,refunded,208.12,23.44,5.00,0.00,236.56,1,
4758,135,2026-07-20 02:50:24+00,completed,1038.42,109.28,5.00,50.00,1102.70,1,9
4759,190,2026-07-20 09:59:42+00,completed,2087.24,231.25,15.00,0.00,2333.49,3,
4760,45,2026-07-20 12:19:50+00,shipped,7385.47,813.72,12.00,0.00,8211.19,2,
4761,417,2026-07-20 15:28:14+00,pending,4507.16,496.34,5.00,0.00,5008.50,1,
4762,310,2026-07-20 19:22:40+00,processing,2783.01,307.45,12.00,0.00,3102.46,2,
4763,36,2026-07-20 21:56:50+00,shipped,9431.13,1037.97,5.00,0.00,10474.10,1,
4764,152,2026-07-21 02:32:51+00,completed,1714.62,189.16,5.00,0.00,1908.78,1,
4765,179,2026-07-21 05:25:21+00,completed,3763.39,415.62,15.00,0.00,4194.01,3,
4766,214,2026-07-21 13:19:10+00,processing,8400.53,927.91,35.00,0.00,9363.44,4,
4767,345,2026-07-21 13:19:32+00,completed,4446.22,492.93,35.00,0.00,4974.15,4,
4768,350,2026-07-21 13:21:31+00,processing,36.64,4.03,0.00,0.00,40.67,5,
4769,80,2026-07-21 17:00:57+00,completed,870.04,99.55,35.00,0.00,1004.59,4,
4770,62,2026-07-21 21:27:04+00,completed,3294.20,360.71,35.00,50.00,3639.91,4,9
4771,417,2026-07-21 23:38:15+00,completed,4445.97,484.88,12.00,50.00,4892.85,2,9
4772,486,2026-07-22 01:50:30+00,pending,104.31,11.47,0.00,0.00,115.78,5,
4773,352,2026-07-22 02:52:49+00,completed,2511.12,276.22,0.00,0.00,2787.34,5,
4774,412,2026-07-22 02:52:59+00,shipped,929.16,92.53,12.00,100.00,933.69,2,7
4775,10,2026-07-22 06:52:41+00,processing,3150.32,347.86,12.00,0.00,3510.18,2,
4776,463,2026-07-22 10:48:58+00,completed,13718.21,1499.65,5.00,90.00,15132.86,1,10
4777,174,2026-07-22 13:02:38+00,completed,2673.04,294.58,5.00,0.00,2972.62,1,
4778,265,2026-07-22 15:34:42+00,completed,14058.94,1519.53,5.00,250.00,15333.47,1,3
4779,232,2026-07-22 20:44:52+00,shipped,10978.05,1208.14,5.00,0.00,12191.19,1,
4780,269,2026-07-23 00:54:43+00,completed,2869.68,319.51,35.00,0.00,3224.19,4,
4781,40,2026-07-23 05:57:48+00,completed,6717.49,740.24,12.00,0.00,7469.73,2,
4782,458,2026-07-23 14:41:42+00,refunded,602.94,67.64,12.00,0.00,682.58,2,
4783,211,2026-07-23 14:53:18+00,completed,751.57,86.52,35.00,0.00,873.09,4,
4784,39,2026-07-23 17:14:31+00,processing,9184.89,1010.34,0.00,0.00,10195.23,5,
4785,81,2026-07-23 23:00:48+00,completed,6722.50,740.79,12.00,0.00,7475.29,2,
4786,37,2026-07-24 02:03:56+00,completed,18.92,2.63,5.00,0.00,26.55,1,
4787,428,2026-07-24 02:18:10+00,completed,18067.40,1987.96,5.00,0.00,20060.36,1,
4788,193,2026-07-24 02:52:32+00,shipped,68.52,8.86,12.00,0.00,89.38,2,
4789,368,2026-07-24 03:47:26+00,shipped,2151.20,240.48,35.00,0.00,2426.68,4,
4790,180,2026-07-24 07:28:40+00,cancelled,183.10,20.14,0.00,0.00,203.24,5,
4791,13,2026-07-24 09:07:58+00,completed,11088.45,1220.28,5.00,0.00,12313.73,1,
4792,291,2026-07-24 09:34:03+00,shipped,697.44,71.77,5.00,50.00,724.21,1,9
4793,185,2026-07-24 15:40:43+00,shipped,551.09,61.17,5.00,0.00,617.26,1,
4794,159,2026-07-24 20:30:16+00,completed,2752.92,304.14,12.00,0.00,3069.06,2,
4795,192,2026-07-25 13:53:27+00,cancelled,33.31,4.21,5.00,0.00,42.52,1,
4796,135,2026-07-25 16:12:22+00,completed,4425.19,446.62,35.00,400.00,4506.81,4,12
4797,466,2026-07-25 17:55:13+00,completed,3078.54,339.96,12.00,0.00,3430.50,2,
4798,354,2026-07-26 07:14:30+00,pending,4418.34,486.02,0.00,0.00,4904.36,5,
4799,472,2026-07-26 09:29:34+00,completed,4201.90,466.06,35.00,0.00,4702.96,4,
4800,211,2026-07-26 16:46:24+00,completed,129.90,14.84,5.00,0.00,149.74,1,
4801,16,2026-07-26 21:25:08+00,pending,727.93,80.62,5.00,0.00,813.55,1,
4802,28,2026-07-27 01:56:37+00,completed,4294.81,474.08,15.00,0.00,4783.89,3,
4803,323,2026-07-27 06:07:21+00,completed,4467.38,495.26,35.00,0.00,4997.64,4,
4804,492,2026-07-27 23:46:33+00,completed,1480.71,166.73,35.00,0.00,1682.44,4,
4805,417,2026-07-28 00:56:07+00,completed,2707.13,298.33,5.00,0.00,3010.46,1,
4806,443,2026-07-28 09:53:15+00,completed,209.34,21.60,12.00,25.00,217.94,2,5
4807,179,2026-07-28 11:58:05+00,completed,7115.97,783.31,5.00,0.00,7904.28,1,
4808,483,2026-07-28 17:38:50+00,refunded,2489.25,274.37,5.00,0.00,2768.62,1,
4809,126,2026-07-28 17:48:54+00,pending,63.42,7.53,5.00,0.00,75.95,1,
4810,34,2026-07-28 20:52:43+00,shipped,222.85,25.06,5.00,0.00,252.91,1,
4811,500,2026-07-28 21:27:31+00,pending,55.56,6.82,12.00,5.56,68.82,2,1
4812,323,2026-07-28 23:24:32+00,completed,7517.18,827.44,5.00,0.00,8349.62,1,
4813,5,2026-07-29 11:34:24+00,completed,17258.33,1898.42,0.00,0.00,19156.75,5,
4814,332,2026-07-29 12:02:54+00,completed,2251.45,247.66,0.00,0.00,2499.11,5,
4815,10,2026-07-29 14:31:37+00,processing,11088.45,1221.05,12.00,0.00,12321.50,2,
4816,292,2026-07-29 17:44:42+00,pending,366.20,40.83,5.00,0.00,412.03,1,
4817,51,2026-07-29 17:51:24+00,refunded,3412.29,375.90,5.00,0.00,3793.19,1,
4818,192,2026-07-30 07:15:19+00,refunded,134.80,15.38,5.00,0.00,155.18,1,
4819,492,2026-07-30 12:06:18+00,processing,1414.22,159.41,35.00,0.00,1608.63,4,
4820,185,2026-07-30 14:10:23+00,cancelled,4923.21,534.40,35.00,100.00,5392.61,4,7
4821,271,2026-07-30 14:23:47+00,completed,10172.11,1114.75,12.00,50.00,11248.86,2,9
4822,200,2026-07-30 18:10:00+00,completed,215.74,27.58,35.00,0.00,278.32,4,
4823,444,2026-07-30 21:20:48+00,processing,6613.90,728.85,12.00,0.00,7354.75,2,
4824,463,2026-07-30 23:27:11+00,completed,1763.00,194.48,5.00,0.00,1962.48,1,
4825,465,2026-07-31 11:35:02+00,shipped,5902.02,650.54,12.00,0.00,6564.56,2,
4826,149,2026-08-01 02:35:20+00,completed,16870.15,1855.72,0.00,0.00,18725.87,5,
4827,216,2026-08-01 05:49:04+00,refunded,3300.85,363.64,5.00,0.00,3669.49,1,
4828,78,2026-08-01 05:59:15+00,shipped,1734.12,191.30,5.00,0.00,1930.42,1,
4829,445,2026-08-01 09:42:48+00,completed,3802.15,418.79,5.00,0.00,4225.94,1,
4830,222,2026-08-01 10:48:00+00,completed,1684.17,186.91,15.00,0.00,1886.08,3,
4831,184,2026-08-01 20:54:53+00,completed,7219.52,794.15,0.00,0.00,8013.67,5,
4832,372,2026-08-01 21:59:20+00,cancelled,4962.00,546.37,5.00,0.00,5513.37,1,
4833,411,2026-08-02 04:58:05+00,completed,3561.90,393.13,12.00,0.00,3967.03,2,
4834,206,2026-08-02 05:59:11+00,completed,28.38,3.36,5.00,2.84,33.90,1,1
4835,382,2026-08-02 08:45:06+00,processing,62.94,8.24,12.00,0.00,83.18,2,
4836,239,2026-08-02 09:15:04+00,completed,18.52,3.36,12.00,0.00,33.88,2,
4837,252,2026-08-02 10:25:04+00,completed,347.22,38.74,5.00,0.00,390.96,1,
4838,41,2026-08-02 12:42:35+00,processing,60.04,7.92,12.00,0.00,79.96,2,
4839,414,2026-08-02 19:12:29+00,processing,387.81,42.66,0.00,0.00,430.47,5,
4840,443,2026-08-02 22:43:04+00,completed,184.63,20.86,5.00,0.00,210.49,1,
4841,448,2026-08-03 00:31:14+00,shipped,939.76,107.22,35.00,0.00,1081.98,4,
4842,31,2026-08-03 02:24:35+00,completed,1424.11,157.20,5.00,0.00,1586.31,1,
4843,345,2026-08-03 04:29:37+00,processing,10180.58,1117.66,5.00,25.00,11278.24,1,5
4844,206,2026-08-03 06:52:16+00,completed,2298.91,253.43,5.00,0.00,2557.34,1,
4845,483,2026-08-03 07:55:17+00,completed,2240.61,247.02,5.00,0.00,2492.63,1,
4846,202,2026-08-03 08:07:15+00,processing,372.18,44.79,35.00,0.00,451.97,4,
4847,344,2026-08-03 14:32:32+00,completed,2804.67,309.06,5.00,0.00,3118.73,1,
4848,168,2026-08-03 15:08:21+00,completed,125.88,13.85,0.00,0.00,139.73,5,
4849,19,2026-08-03 15:40:09+00,completed,1153.13,126.84,0.00,0.00,1279.97,5,
4850,229,2026-08-03 19:07:43+00,completed,1517.33,167.46,5.00,0.00,1689.79,1,
4851,417,2026-08-03 21:43:44+00,processing,247.16,28.51,12.00,0.00,287.67,2,
4852,466,2026-08-04 00:57:49+00,completed,174.64,19.76,5.00,0.00,199.40,1,
4853,191,2026-08-04 04:19:32+00,completed,6461.45,711.31,5.00,0.00,7177.76,1,
4854,299,2026-08-04 05:48:06+00,completed,16501.47,1815.71,5.00,0.00,18322.18,1,
4855,266,2026-08-04 11:35:57+00,cancelled,1111.52,122.82,5.00,0.00,1239.34,1,
4856,428,2026-08-04 15:49:43+00,completed,1987.46,219.94,12.00,0.00,2219.40,2,
4857,78,2026-08-04 18:20:24+00,completed,294.60,33.73,12.00,0.00,340.33,2,
4858,471,2026-08-05 16:53:09+00,completed,4435.38,489.21,12.00,0.00,4936.59,2,
4859,158,2026-08-06 00:29:08+00,cancelled,1714.62,192.46,35.00,0.00,1942.08,4,
4860,266,2026-08-06 01:49:37+00,completed,749.61,72.01,5.00,100.00,726.62,1,7
4861,191,2026-08-06 07:58:53+00,completed,17.13,2.43,5.00,0.00,24.56,1,
4862,21,2026-08-06 13:24:21+00,completed,107.87,12.42,5.00,0.00,125.29,1,
4863,240,2026-08-06 19:14:26+00,completed,12333.37,1357.22,5.00,0.00,13695.59,1,
4864,223,2026-08-06 23:55:07+00,processing,473.08,52.59,5.00,0.00,530.67,1,
4865,152,2026-08-07 08:36:26+00,cancelled,10668.31,1174.06,5.00,0.00,11847.37,1,
4866,326,2026-08-07 10:06:55+00,shipped,6197.55,676.78,5.00,50.00,6829.33,1,9
4867,94,2026-08-07 14:21:54+00,cancelled,749.61,83.01,5.00,0.00,837.62,1,
4868,13,2026-08-07 17:27:31+00,shipped,7153.86,787.47,5.00,0.00,7946.33,1,
4869,285,2026-08-08 04:39:30+00,completed,286.94,32.88,12.00,0.00,331.82,2,
4870,61,2026-08-08 12:15:06+00,refunded,5678.54,625.19,5.00,0.00,6308.73,1,
4871,64,2026-08-08 13:45:52+00,completed,9020.50,992.80,5.00,0.00,10018.30,1,
4872,443,2026-08-08 19:17:27+00,processing,8188.65,892.50,15.00,90.00,9006.15,3,10
4873,72,2026-08-08 19:41:48+00,processing,7252.14,798.29,5.00,0.00,8055.43,1,
4874,322,2026-08-08 20:27:21+00,refunded,222.20,28.29,35.00,0.00,285.49,4,
4875,477,2026-08-09 22:31:59+00,processing,3747.72,412.80,5.00,0.00,4165.52,1,
4876,455,2026-08-10 09:03:08+00,shipped,10703.40,1151.52,15.00,250.00,11619.92,3,3
4877,488,2026-08-10 14:15:30+00,completed,366.20,41.60,12.00,0.00,419.80,2,
4878,253,2026-08-10 16:01:01+00,completed,197.55,21.73,0.00,0.00,219.28,5,
4879,46,2026-08-10 17:44:58+00,completed,13017.21,1432.44,5.00,0.00,14454.65,1,
4880,404,2026-08-10 19:10:51+00,completed,16.56,2.37,5.00,0.00,23.93,1,
4881,498,2026-08-10 21:35:18+00,pending,1103.11,122.99,15.00,0.00,1241.10,3,
4882,376,2026-08-10 23:27:53+00,pending,186.84,21.10,5.00,0.00,212.94,1,
4883,287,2026-08-11 06:03:09+00,completed,14309.98,1574.65,5.00,0.00,15889.63,1,
4884,365,2026-08-11 08:07:57+00,completed,7289.99,805.75,35.00,0.00,8130.74,4,
4885,430,2026-08-11 12:00:56+00,pending,475.20,53.92,15.00,0.00,544.12,3,
4886,120,2026-08-11 14:54:53+00,completed,1909.33,210.58,5.00,0.00,2124.91,1,
4887,6,2026-08-12 00:40:31+00,completed,45.30,6.30,12.00,0.00,63.60,2,
4888,352,2026-08-12 03:05:06+00,shipped,791.07,90.87,35.00,0.00,916.94,4,
4889,416,2026-08-12 09:27:01+00,completed,6594.00,725.89,5.00,0.00,7324.89,1,
4890,133,2026-08-12 12:38:49+00,shipped,2600.93,287.42,12.00,0.00,2900.35,2,
4891,364,2026-08-12 12:40:43+00,cancelled,1101.06,121.67,5.00,0.00,1227.73,1,
4892,261,2026-08-12 15:43:00+00,processing,5543.93,610.38,5.00,0.00,6159.31,1,
4893,58,2026-08-12 16:31:14+00,shipped,71.09,9.47,15.00,0.00,95.56,3,
4894,199,2026-08-12 19:25:58+00,refunded,1877.30,208.15,15.00,0.00,2100.45,3,
4895,229,2026-08-12 22:14:30+00,completed,355.89,37.72,12.00,25.00,380.61,2,5
4896,380,2026-08-13 08:04:31+00,completed,10991.99,1209.67,5.00,0.00,12206.66,1,
4897,166,2026-08-13 10:19:00+00,completed,166.32,19.62,12.00,0.00,197.94,2,
4898,339,2026-08-13 10:28:54+00,completed,308.60,29.16,12.00,55.55,294.21,2,7
4899,315,2026-08-13 14:48:53+00,completed,9704.10,1071.30,35.00,0.00,10810.40,4,
4900,391,2026-08-13 16:09:23+00,refunded,4269.48,470.19,5.00,0.00,4744.67,1,
4901,388,2026-08-13 16:37:20+00,pending,14098.44,1551.38,5.00,0.00,15654.82,1,
4902,181,2026-08-13 17:44:45+00,completed,111.92,13.96,15.00,0.00,140.88,3,
4903,350,2026-08-13 18:36:33+00,completed,1500.20,161.17,15.00,50.00,1626.37,3,9
4904,271,2026-08-13 22:39:22+00,cancelled,15548.39,1714.17,35.00,0.00,17297.56,4,
4905,481,2026-08-14 01:54:00+00,completed,12124.84,1335.05,12.00,0.00,13471.89,2,
4906,310,2026-08-14 06:18:09+00,completed,10237.80,1123.41,0.00,25.00,11336.21,5,5
4907,413,2026-08-14 06:44:40+00,shipped,46.30,6.41,12.00,0.00,64.71,2,
4908,322,2026-08-14 11:22:24+00,processing,15.26,5.53,35.00,0.00,55.79,4,
4909,375,2026-08-14 19:32:25+00,completed,214.38,22.25,5.00,17.15,224.48,1,9
4910,155,2026-08-14 21:15:21+00,processing,1075.60,118.32,0.00,0.00,1193.92,5,
4911,490,2026-08-15 06:26:06+00,completed,69.72,8.99,12.00,0.00,90.71,2,
4912,371,2026-08-15 08:12:33+00,shipped,5276.71,584.29,35.00,0.00,5896.00,4,
4913,347,2026-08-15 17:29:14+00,completed,1261.44,139.31,5.00,0.00,1405.75,1,
4914,372,2026-08-15 19:31:55+00,pending,71.80,8.45,5.00,0.00,85.25,1,
4915,140,2026-08-15 21:26:46+00,processing,4307.52,473.83,0.00,0.00,4781.35,5,
4916,32,2026-08-15 22:00:30+00,shipped,2780.31,305.83,0.00,0.00,3086.14,5,
4917,231,2026-08-16 00:12:17+00,shipped,14365.74,1581.88,15.00,0.00,15962.62,3,
4918,2,2026-08-16 06:25:03+00,shipped,1817.93,200.52,5.00,0.00,2023.45,1,
4919,150,2026-08-16 12:10:45+00,completed,9582.31,1054.60,5.00,0.00,10641.91,1,
4920,102,2026-08-16 12:43:00+00,completed,7772.43,855.52,5.00,0.00,8632.95,1,
4921,329,2026-08-16 20:50:49+00,cancelled,100.49,12.37,12.00,0.00,124.86,2,
4922,330,2026-08-16 23:19:34+00,completed,524.90,59.06,12.00,0.00,595.96,2,
4923,448,2026-08-17 06:06:36+00,completed,6712.29,738.90,5.00,0.00,7456.19,1,
4924,78,2026-08-17 11:18:55+00,completed,1711.87,188.86,5.00,0.00,1905.73,1,
4925,305,2026-08-17 16:28:23+00,completed,17967.78,1977.01,5.00,0.00,19949.79,1,
4926,376,2026-08-17 17:08:59+00,shipped,11097.06,1222.00,12.00,0.00,12331.06,2,
4927,239,2026-08-17 18:32:22+00,completed,310.38,34.14,0.00,0.00,344.52,5,
4928,254,2026-08-18 12:47:32+00,completed,6060.84,667.79,35.00,25.00,6738.63,4,5
4929,295,2026-08-19 05:59:28+00,completed,15111.64,1657.33,5.00,50.00,16723.97,1,9
4930,4,2026-08-19 08:48:30+00,completed,4267.37,469.96,5.00,0.00,4742.33,1,
4931,3,2026-08-20 01:05:12+00,refunded,7808.25,859.46,5.00,0.00,8672.71,1,
4932,435,2026-08-20 03:04:15+00,completed,13804.31,1519.79,12.00,0.00,15336.10,2,
4933,268,2026-08-20 03:59:56+00,completed,1211.49,134.58,12.00,0.00,1358.07,2,
4934,178,2026-08-20 04:41:18+00,shipped,9558.48,1051.98,5.00,0.00,10615.46,1,
4935,150,2026-08-20 09:49:42+00,completed,6287.71,693.30,15.00,0.00,6996.01,3,
4936,238,2026-08-20 16:05:39+00,completed,57.44,5.81,0.00,4.60,58.65,5,9
4937,287,2026-08-20 20:23:41+00,pending,8674.07,927.97,12.00,250.00,9364.04,2,3
4938,226,2026-08-20 22:40:43+00,cancelled,1470.64,162.32,5.00,0.00,1637.96,1,
4939,47,2026-08-21 00:46:52+00,refunded,371.85,38.70,5.00,25.00,390.55,1,5
4940,305,2026-08-21 07:08:58+00,completed,15244.00,1678.49,15.00,0.00,16937.49,3,
4941,200,2026-08-21 14:27:14+00,completed,844.80,94.25,12.00,0.00,951.05,2,
4942,438,2026-08-22 02:41:30+00,shipped,8562.72,942.45,5.00,0.00,9510.17,1,
4943,357,2026-08-22 20:58:22+00,pending,110.68,12.72,5.00,0.00,128.40,1,
4944,475,2026-08-23 00:16:29+00,pending,6.05,2.32,15.00,0.00,23.37,3,
4945,339,2026-08-23 00:32:34+00,completed,44.12,6.17,12.00,0.00,62.29,2,
4946,32,2026-08-23 09:30:04+00,refunded,4656.54,513.87,15.00,0.00,5185.41,3,
4947,141,2026-08-23 12:34:21+00,completed,1499.22,165.46,5.00,0.00,1669.68,1,
4948,194,2026-08-23 21:01:09+00,completed,81.94,10.33,12.00,0.00,104.27,2,
4949,484,2026-08-23 22:41:45+00,completed,984.65,105.56,0.00,25.00,1065.21,5,5
4950,481,2026-08-24 05:17:04+00,completed,70.48,10.98,35.00,5.64,110.82,4,9
4951,472,2026-08-24 11:34:48+00,refunded,1018.00,104.83,35.00,100.00,1057.83,4,7
4952,36,2026-08-24 13:11:13+00,completed,16427.82,1808.38,12.00,0.00,18248.20,2,
4953,253,2026-08-24 13:34:27+00,completed,822.02,72.89,5.00,164.40,735.51,1,3
4954,216,2026-08-24 18:43:09+00,completed,2195.35,242.04,5.00,0.00,2442.39,1,
4955,190,2026-08-24 20:58:11+00,completed,5875.56,646.86,5.00,0.00,6527.42,1,
4956,224,2026-08-25 03:54:00+00,completed,1979.55,219.40,15.00,0.00,2213.95,3,
4957,310,2026-08-25 09:35:14+00,cancelled,3799.60,419.28,12.00,0.00,4230.88,2,
4958,277,2026-08-25 11:18:55+00,processing,3339.75,371.22,35.00,0.00,3745.97,4,
4959,135,2026-08-25 11:46:34+00,completed,46.30,6.23,15.00,4.63,62.90,3,1
4960,255,2026-08-25 13:33:16+00,completed,266.25,29.84,5.00,0.00,301.09,1,
4961,387,2026-08-25 19:17:37+00,completed,6389.06,704.45,15.00,0.00,7108.51,3,
4962,95,2026-08-25 21:25:10+00,shipped,38.10,5.51,12.00,0.00,55.61,2,
4963,480,2026-08-26 00:33:12+00,completed,126.80,14.50,5.00,0.00,146.30,1,
4964,299,2026-08-26 09:40:16+00,completed,2334.78,257.38,5.00,0.00,2597.16,1,
4965,461,2026-08-26 14:03:39+00,shipped,6963.91,769.88,35.00,0.00,7768.79,4,
4966,55,2026-08-26 15:25:12+00,shipped,891.14,99.35,12.00,0.00,1002.49,2,
4967,221,2026-08-26 17:05:35+00,cancelled,310.98,35.86,15.00,0.00,361.84,3,
4968,221,2026-08-26 21:44:18+00,shipped,1726.29,193.74,35.00,0.00,1955.03,4,
4969,313,2026-08-27 08:15:33+00,processing,8763.04,965.58,15.00,0.00,9743.62,3,
4970,450,2026-08-27 08:27:45+00,cancelled,1593.08,149.06,12.00,250.00,1504.14,2,3
4971,190,2026-08-27 12:23:53+00,completed,2072.06,231.78,35.00,0.00,2338.84,4,
4972,381,2026-08-27 13:08:26+00,completed,3730.60,406.19,12.00,50.00,4098.79,2,9
4973,123,2026-08-27 18:18:47+00,completed,1465.16,162.49,12.00,0.00,1639.65,2,
4974,247,2026-08-27 18:49:07+00,completed,6907.64,732.89,5.00,250.00,7395.53,1,3
4975,148,2026-08-28 02:41:02+00,shipped,1822.87,200.52,0.00,0.00,2023.39,5,
4976,92,2026-08-28 06:15:19+00,refunded,7580.43,824.17,12.00,100.00,8316.60,2,7
4977,8,2026-08-28 08:37:01+00,processing,14535.26,1599.43,5.00,0.00,16139.69,1,
4978,443,2026-08-28 12:52:57+00,shipped,2769.28,294.94,12.00,100.00,2976.22,2,7
4979,61,2026-08-28 23:01:24+00,completed,4493.21,467.30,5.00,250.00,4715.51,1,3
4980,64,2026-08-28 23:44:42+00,refunded,2886.56,318.07,5.00,0.00,3209.63,1,
4981,184,2026-08-29 01:50:47+00,completed,1986.19,216.28,5.00,25.00,2182.47,1,5
4982,105,2026-08-29 02:48:25+00,completed,4912.68,540.94,5.00,0.00,5458.62,1,
4983,267,2026-08-29 03:45:59+00,shipped,2846.43,314.76,15.00,0.00,3176.19,3,
4984,306,2026-08-29 11:19:13+00,completed,10026.31,1103.44,5.00,0.00,11134.75,1,
4985,215,2026-08-29 19:01:54+00,cancelled,1071.24,118.39,5.00,0.00,1194.63,1,
4986,356,2026-08-29 23:43:31+00,completed,11365.54,1250.76,5.00,0.00,12621.30,1,
4987,317,2026-08-30 01:33:24+00,cancelled,21776.10,2399.22,35.00,0.00,24210.32,4,
4988,481,2026-08-30 06:50:52+00,refunded,6260.99,690.36,15.00,0.00,6966.35,3,
4989,191,2026-08-30 09:37:47+00,completed,477.36,53.61,35.00,25.00,540.97,4,5
4990,135,2026-08-30 12:08:41+00,shipped,17412.47,1915.37,0.00,0.00,19327.84,5,
4991,19,2026-08-30 16:29:26+00,completed,920.16,102.54,12.00,0.00,1034.70,2,
4992,89,2026-08-30 21:38:57+00,completed,10084.96,1109.90,5.00,0.00,11199.86,1,
4993,151,2026-08-30 22:04:02+00,completed,44.58,6.55,15.00,0.00,66.13,3,
4994,58,2026-08-30 22:12:31+00,completed,7507.68,827.16,12.00,0.00,8346.84,2,
4995,246,2026-08-30 23:40:16+00,completed,1760.74,170.03,35.00,250.00,1715.77,4,3
4996,333,2026-08-31 01:07:32+00,refunded,627.73,72.90,35.00,0.00,735.63,4,
4997,211,2026-08-31 03:16:52+00,shipped,3429.24,381.07,35.00,0.00,3845.31,4,
4998,202,2026-08-31 18:03:08+00,completed,11503.48,1265.93,5.00,0.00,12774.41,1,
4999,364,2026-08-31 19:17:03+00,completed,4518.61,497.60,5.00,0.00,5021.21,1,
5000,263,2026-08-31 23:04:06+00,cancelled,932.94,103.17,5.00,0.00,1041.11,1,
