order_item_id,order_id,product_id,quantity,unit_price
1,1,69,5,376.17
2,1,7,5,94.53
3,1,109,6,6.27
4,2,149,5,103.46
5,3,149,5,103.46
6,4,149,1,103.46
7,4,6,3,31.70
8,4,144,3,17.32
9,4,109,5,6.27
10,5,7,2,94.53
11,5,6,6,31.70
12,5,144,4,12.70
13,6,89,4,571.54
14,6,144,5,12.70
15,7,89,3,571.54
16,7,6,3,31.70
17,7,149,3,103.46
18,8,6,3,31.70
19,9,1,6,100.49
20,9,71,1,5.88
21,10,71,1,5.88
22,10,7,3,94.53
23,10,144,6,17.32
24,11,7,3,94.53
25,11,149,2,103.46
26,11,6,3,31.70
27,11,109,1,6.27
28,11,89,3,571.54
29,12,149,6,103.46
30,12,89,4,571.54
31,12,71,2,5.88
32,12,6,6,31.70
33,13,6,2,31.70
34,14,7,4,94.53
35,14,109,4,6.27
36,15,71,2,5.88
37,15,1,6,100.49
38,16,144,6,17.32
39,17,7,6,94.53
40,17,89,2,571.54
41,18,144,6,12.70
42,18,89,4,571.54
43,18,71,2,5.88
44,18,6,1,31.70
45,18,7,2,94.53
46,19,69,5,376.17
47,19,89,3,571.54
48,19,7,6,94.53
49,19,109,4,6.27
50,20,1,2,100.49
51,20,89,4,571.54
52,21,71,3,5.88
53,21,6,5,31.70
54,22,71,3,5.88
55,22,6,2,31.70
56,22,149,1,103.46
57,22,89,4,571.54
58,22,7,3,94.53
59,23,109,1,6.27
60,23,89,3,571.54
61,23,7,1,94.53
62,24,89,4,571.54
63,24,69,4,376.17
64,24,6,3,31.70
65,24,149,1,103.46
66,24,109,5,6.27
67,25,149,1,103.46
68,25,89,3,571.54
69,25,144,5,12.70
70,25,6,3,31.70
71,25,7,4,94.53
72,26,6,1,31.70
73,27,7,6,94.53
74,28,7,1,94.53
75,28,69,2,376.17
76,28,89,2,571.54
77,29,89,6,571.54
78,29,149,5,103.46
79,30,149,4,103.46
80,31,144,2,12.70
81,31,7,3,94.53
82,32,144,4,12.70
83,32,7,6,94.53
84,32,149,4,103.46
85,33,7,2,94.53
86,34,89,4,571.54
87,34,7,3,94.53
88,34,149,3,103.46
89,35,109,4,6.27
90,35,7,1,94.53
91,36,7,5,94.53
92,37,89,3,571.54
93,37,149,4,103.46
94,38,1,4,100.49
95,38,149,6,103.46
96,39,89,2,571.54
97,39,149,3,103.46
98,40,149,1,103.46
99,40,7,6,94.53
100,41,7,3,94.53
101,42,6,3,31.70
102,43,7,4,94.53
103,43,6,5,31.70
104,43,109,6,6.27
105,44,71,1,5.88
106,45,149,4,103.46
107,45,109,6,6.27
108,46,149,5,103.46
109,47,89,5,571.54
110,47,149,5,103.46
111,47,6,2,31.70
112,48,149,6,103.46
113,48,6,2,31.70
114,48,71,6,5.88
115,49,6,4,31.70
116,49,109,3,6.27
117,50,144,3,12.70
118,51,109,3,6.27
119,51,89,1,571.54
120,52,6,3,31.70
121,52,89,5,571.54
122,53,1,4,100.49
123,53,7,2,94.53
124,53,89,4,571.54
125,54,149,4,103.46
126,54,89,2,571.54
127,55,149,5,103.46
128,56,6,1,31.70
129,56,7,4,94.53
130,56,89,6,571.54
131,56,1,2,100.49
132,57,149,1,103.46
133,57,1,3,100.49
134,58,1,3,100.49
135,58,7,3,94.53
136,58,113,4,30.17
137,59,109,2,6.27
138,59,6,5,31.70
139,59,89,5,571.54
140,59,149,2,103.46
141,60,69,3,376.17
142,60,71,5,5.88
143,60,7,1,94.53
144,60,109,2,6.27
145,61,149,6,103.46
146,61,7,4,94.53
147,61,71,5,5.88
148,61,109,2,6.27
149,62,149,2,103.46
150,62,34,3,966.54
151,63,71,1,5.88
152,63,89,3,571.54
153,64,89,1,571.54
154,65,34,2,966.54
155,65,89,1,571.54
156,66,89,5,571.54
157,66,71,5,5.88
158,66,34,3,966.54
159,67,6,5,31.70
160,67,89,5,571.54
161,67,144,1,12.70
162,68,6,3,31.70
163,68,71,5,5.88
164,68,149,4,103.46
165,69,6,6,31.70
166,69,149,1,103.46
167,69,109,2,6.27
168,69,71,6,5.88
169,70,6,5,31.70
170,70,149,6,103.46
171,70,34,3,966.54
172,71,89,5,571.54
173,72,149,4,103.46
174,72,6,4,31.70
175,72,34,4,966.54
176,73,34,6,966.54
177,73,149,3,103.46
178,73,6,5,31.70
179,73,7,1,94.53
180,74,6,6,31.70
181,74,71,5,5.88
182,74,149,3,103.46
183,75,34,2,966.54
184,75,149,5,103.46
185,75,89,5,571.54
186,76,109,6,6.27
187,76,6,4,31.70
188,76,1,5,100.49
189,77,89,6,571.54
190,77,1,2,100.49
191,77,34,6,966.54
192,77,6,2,31.70
193,78,149,3,103.46
194,78,6,6,31.70
195,78,89,3,571.54
196,79,89,1,571.54
197,79,6,4,31.70
198,79,149,2,103.46
199,80,89,2,571.54
200,80,34,6,966.54
201,81,71,6,5.88
202,81,149,1,103.46
203,82,149,6,103.46
204,82,89,3,571.54
205,82,7,2,94.53
206,83,7,2,94.53
207,83,149,2,103.46
208,83,6,3,31.70
209,83,34,6,966.54
210,84,34,3,966.54
211,85,69,5,376.17
212,85,34,3,966.54
213,85,71,4,5.88
214,85,89,3,571.54
215,86,89,2,571.54
216,86,149,4,103.46
217,86,71,3,5.88
218,87,113,4,27.67
219,87,34,2,966.54
220,88,7,5,94.53
221,88,149,3,103.46
222,88,89,3,571.54
223,89,34,1,966.54
224,89,109,1,6.27
225,89,69,6,376.17
226,90,34,1,966.54
227,90,149,1,103.46
228,91,149,5,103.46
229,91,69,6,376.17
230,91,89,5,571.54
231,91,71,2,5.88
232,91,111,1,18.84
233,92,1,6,100.49
234,92,149,6,103.46
235,93,89,5,571.54
236,93,144,5,17.32
237,94,144,5,12.70
238,94,7,5,94.53
239,95,34,6,966.54
240,95,89,6,571.54
241,96,89,2,571.54
242,96,34,1,966.54
243,96,149,3,103.46
244,96,6,3,31.70
245,96,71,2,5.88
246,97,89,2,571.54
247,97,6,3,31.70
248,97,71,6,5.88
249,98,6,3,31.70
250,99,34,6,966.54
251,99,89,4,571.54
252,100,34,2,966.54
253,101,6,3,31.70
254,102,1,6,100.49
255,102,6,4,31.70
256,102,7,1,94.53
257,102,89,5,571.54
258,102,109,4,6.27
259,103,149,2,103.46
260,103,71,3,5.88
261,103,109,6,6.27
262,103,6,3,31.70
263,104,144,5,12.70
264,105,89,6,571.54
265,105,71,6,5.88
266,105,113,4,27.67
267,106,7,3,94.53
268,106,34,6,966.54
269,107,109,1,6.27
270,107,6,3,31.70
271,108,89,3,571.54
272,108,6,3,31.70
273,108,149,4,103.46
274,108,34,3,966.54
275,109,6,2,31.70
276,109,89,1,571.54
277,109,34,6,966.54
278,109,144,5,12.70
279,109,71,6,5.88
280,110,149,6,103.46
281,110,111,5,18.84
282,111,111,3,18.84
283,112,144,3,17.32
284,112,1,5,100.49
285,113,144,4,12.70
286,113,149,2,103.46
287,113,89,4,571.54
288,114,34,6,966.54
289,114,144,3,12.70
290,114,6,4,31.70
291,115,71,2,5.88
292,115,149,1,103.46
293,115,34,3,966.54
294,115,7,6,94.53
295,116,6,4,31.70
296,116,71,6,5.88
297,116,149,4,103.46
298,117,34,3,966.54
299,117,149,5,103.46
300,117,89,3,571.54
301,117,109,2,6.27
302,118,51,6,479.39
303,118,34,4,966.54
304,118,89,1,571.54
305,119,7,3,94.53
306,120,149,2,103.46
307,120,34,1,966.54
308,120,89,2,571.54
309,120,6,4,31.70
310,120,109,2,6.27
311,121,6,1,31.70
312,121,34,2,966.54
313,122,109,2,6.27
314,122,149,2,103.46
315,122,89,5,571.54
316,123,71,1,5.88
317,123,149,1,103.46
318,124,109,6,6.27
319,124,6,3,31.70
320,124,69,5,376.17
321,125,89,2,571.54
322,126,71,1,5.88
323,126,6,6,31.70
324,126,51,1,479.39
325,127,144,4,12.70
326,127,89,5,571.54
327,127,34,2,966.54
328,127,109,6,6.27
329,128,34,6,966.54
330,128,109,5,6.27
331,128,111,3,18.84
332,129,89,5,571.54
333,129,149,6,103.46
334,130,89,3,571.54
335,130,6,2,31.70
336,130,7,5,94.53
337,130,149,5,103.46
338,130,109,4,6.27
339,131,71,1,5.88
340,131,113,2,27.67
341,131,1,5,100.49
342,131,7,1,94.53
343,131,34,3,966.54
344,132,6,6,31.70
345,132,89,4,571.54
346,132,149,1,103.46
347,133,6,4,31.70
348,133,149,4,103.46
349,134,89,5,571.54
350,134,7,5,94.53
351,135,6,6,31.70
352,136,6,6,31.70
353,137,7,4,94.53
354,138,89,5,571.54
355,138,34,1,966.54
356,138,111,4,18.84
357,139,34,6,966.54
358,139,149,5,103.46
359,140,6,5,31.70
360,141,111,2,18.84
361,141,51,5,479.39
362,141,7,1,94.53
363,142,149,6,103.46
364,142,7,3,94.53
365,142,69,4,376.17
366,143,51,1,479.39
367,144,131,4,158.12
368,144,51,5,479.39
369,145,6,3,31.70
370,145,34,2,966.54
371,145,131,5,158.12
372,145,89,3,571.54
373,145,149,4,103.46
374,146,149,4,103.46
375,146,131,6,158.12
376,147,7,6,94.53
377,147,89,4,571.54
378,147,131,1,158.12
379,147,34,5,966.54
380,148,109,4,6.27
381,148,51,6,479.39
382,149,89,5,571.54
383,149,131,6,158.12
384,149,109,3,6.27
385,149,9,2,4.73
386,150,7,2,94.53
387,150,69,4,376.17
388,151,6,1,31.70
389,151,109,1,6.27
390,151,71,1,5.88
391,152,9,1,4.73
392,152,6,3,31.70
393,152,131,3,158.12
394,152,34,5,966.54
395,153,149,5,103.46
396,153,6,4,31.70
397,154,109,5,6.27
398,155,131,6,158.12
399,155,89,5,571.54
400,155,71,6,5.88
401,156,89,1,571.54
402,156,69,5,376.17
403,156,131,4,158.12
404,157,149,5,103.46
405,157,9,2,5.62
406,157,34,4,966.54
407,158,6,1,31.70
408,158,149,1,103.46
409,158,89,4,571.54
410,159,109,2,6.27
411,159,71,2,5.88
412,160,109,3,6.27
413,160,71,5,5.88
414,161,144,1,12.70
415,161,69,6,376.17
416,161,131,4,158.12
417,161,89,3,571.54
418,162,131,4,158.12
419,162,6,5,31.70
420,162,149,6,103.46
421,162,7,1,94.53
422,163,7,1,94.53
423,163,69,5,376.17
424,163,34,5,966.54
425,163,109,1,6.27
426,164,131,4,158.12
427,165,6,2,31.70
428,166,1,5,100.49
429,166,89,1,571.54
430,167,131,1,158.12
431,168,89,1,571.54
432,168,6,2,31.70
433,168,149,4,103.46
434,168,131,3,158.12
435,169,34,1,966.54
436,170,6,1,31.70
437,171,69,3,376.17
438,171,131,2,158.12
439,172,6,3,31.70
440,172,34,2,966.54
441,173,89,6,571.54
442,174,149,1,103.46
443,174,131,2,158.12
444,174,109,3,6.27
445,174,89,1,571.54
446,174,7,5,94.53
447,175,9,3,4.73
448,175,51,4,479.39
449,176,6,4,31.70
450,177,1,4,100.49
451,177,144,3,12.70
452,178,131,3,158.12
453,179,51,2,479.39
454,179,34,6,966.54
455,180,69,3,376.17
456,180,6,4,31.70
457,180,1,5,100.49
458,180,34,5,966.54
459,181,9,1,4.73
460,181,6,5,31.70
461,182,89,2,571.54
462,182,71,5,5.88
463,183,7,5,94.53
464,183,131,1,158.12
465,183,1,3,100.49
466,183,9,4,5.62
467,184,34,4,966.54
468,184,149,6,103.46
469,185,7,4,94.53
470,186,89,5,571.54
471,186,34,5,966.54
472,187,7,5,94.53
473,188,34,1,966.54
474,188,109,1,6.27
475,189,69,3,376.17
476,190,131,2,158.12
477,190,109,5,6.27
478,191,149,2,103.46
479,192,109,1,6.27
480,192,6,3,31.70
481,193,89,5,571.54
482,193,9,3,4.73
483,193,34,4,966.54
484,193,51,4,479.39
485,193,1,5,100.49
486,194,51,2,479.39
487,194,69,5,376.17
488,194,1,4,100.49
489,195,6,4,31.70
490,195,9,3,4.73
491,195,149,3,103.46
492,196,149,1,103.46
493,196,1,3,100.49
494,196,6,6,31.70
495,196,109,2,6.27
496,196,89,3,571.54
497,197,144,5,12.70
498,197,131,5,158.12
499,197,1,1,100.49
500,198,9,2,4.73
501,199,131,1,158.12
502,200,6,4,31.70
503,200,131,1,158.12
504,200,144,6,17.32
505,201,9,5,4.73
506,201,89,2,571.54
507,201,149,5,103.46
508,202,131,1,158.12
509,202,9,3,4.73
510,202,7,3,94.53
511,203,109,5,6.27
512,203,34,3,966.54
513,203,9,6,4.73
514,204,69,6,376.17
515,205,149,1,103.46
516,205,144,3,12.70
517,205,89,6,571.54
518,205,34,3,966.54
519,206,71,1,5.88
520,206,1,3,100.49
521,206,109,6,6.27
522,207,131,5,158.12
523,207,34,6,966.54
524,208,71,4,5.88
525,208,34,2,966.54
526,209,149,5,103.46
527,209,34,5,966.54
528,209,131,1,158.12
529,210,6,2,31.70
530,210,149,5,103.46
531,211,89,6,571.54
532,211,149,5,103.46
533,211,1,5,100.49
534,212,144,5,12.70
535,213,149,2,103.46
536,213,6,1,31.70
537,213,34,2,966.54
538,214,131,3,158.12
539,214,149,3,103.46
540,214,6,6,31.70
541,214,9,3,5.62
542,214,51,2,479.39
543,215,34,1,966.54
544,216,149,5,103.46
545,216,34,6,966.54
546,217,9,3,5.62
547,217,131,3,158.12
548,217,34,5,966.54
549,218,149,5,103.46
550,218,89,4,571.54
551,218,34,3,966.54
552,219,149,4,103.46
553,219,89,5,571.54
554,220,109,5,6.27
555,220,34,5,966.54
556,220,9,3,4.73
557,221,89,2,571.54
558,221,149,2,103.46
559,222,7,6,94.53
560,222,131,3,158.12
561,222,34,3,966.54
562,222,89,4,571.54
563,223,109,6,6.27
564,223,131,3,158.12
565,223,34,4,966.54
566,224,131,3,158.12
567,224,149,3,103.46
568,224,9,1,4.73
569,225,6,1,31.70
570,226,7,5,94.53
571,227,34,6,966.54
572,227,51,6,479.39
573,227,7,3,94.53
574,228,131,5,158.12
575,228,55,6,126.48
576,229,9,2,4.73
577,230,109,4,6.27
578,231,80,5,46.29
579,231,7,1,94.53
580,232,34,5,966.54
581,232,131,6,158.12
582,232,149,4,103.46
583,232,55,2,126.48
584,233,149,3,103.46
585,234,89,2,571.54
586,234,55,4,126.48
587,234,80,3,46.29
588,235,89,6,571.54
589,235,55,5,126.48
590,236,109,1,6.27
591,236,34,4,966.54
592,237,149,4,103.46
593,238,144,4,17.32
594,238,55,2,126.48
595,238,89,3,571.54
596,239,80,3,46.29
597,240,113,1,30.17
598,240,131,2,158.12
599,241,55,1,126.48
600,241,131,4,158.12
601,241,89,3,571.54
602,242,27,6,85.73
603,242,131,6,158.12
604,242,149,5,103.46
605,242,6,1,31.70
606,242,34,6,966.54
607,243,6,5,31.70
608,243,109,4,6.27
609,243,131,6,158.12
610,243,149,3,103.46
611,244,89,5,571.54
612,244,131,2,158.12
613,244,7,4,94.53
614,245,131,3,158.12
615,245,51,3,479.39
616,245,71,5,5.88
617,246,131,5,158.12
618,247,89,6,571.54
619,248,1,1,100.49
620,248,71,3,5.88
621,249,1,5,100.49
622,250,16,4,9.26
623,251,16,5,12.44
624,251,67,1,63.32
625,252,16,6,9.26
626,253,55,4,126.48
627,253,16,1,9.26
628,253,144,1,12.70
629,254,7,3,94.53
630,255,51,5,479.39
631,255,16,4,9.26
632,256,67,6,63.32
633,256,55,1,126.48
634,256,131,1,158.12
635,256,16,4,9.26
636,257,16,4,9.26
637,257,55,3,126.48
638,258,16,5,9.26
639,258,131,6,158.12
640,259,111,3,18.84
641,259,34,2,966.54
642,259,55,2,126.48
643,260,16,3,12.44
644,260,55,2,126.48
645,261,131,2,158.12
646,261,16,5,12.44
647,261,55,2,126.48
648,262,67,3,63.32
649,262,16,6,9.26
650,262,131,5,158.12
651,263,111,6,18.84
652,264,71,4,5.88
653,265,9,4,4.73
654,265,16,2,9.26
655,265,6,4,31.70
656,265,42,4,1621.81
657,265,80,3,46.29
658,266,55,2,126.48
659,266,89,3,571.54
660,266,149,3,103.46
661,267,7,5,94.53
662,267,6,5,31.70
663,268,55,6,126.48
664,269,89,2,571.54
665,269,55,1,126.48
666,270,16,6,9.26
667,270,55,3,126.48
668,271,6,1,31.70
669,271,16,5,9.26
670,271,89,4,571.54
671,271,131,1,158.12
672,271,55,3,126.48
673,272,16,4,12.44
674,272,67,3,63.32
675,273,131,6,158.12
676,273,16,5,9.26
677,273,7,2,94.53
678,274,16,5,9.26
679,274,67,2,63.32
680,274,9,4,5.62
681,274,89,2,571.54
682,274,131,6,158.12
683,275,16,1,9.26
684,275,42,4,1621.81
685,276,16,2,9.26
686,276,34,4,966.54
687,276,89,5,571.54
688,277,67,6,63.32
689,278,55,6,126.48
690,278,16,3,9.26
691,279,27,4,85.73
692,280,6,6,31.70
693,281,51,2,479.39
694,282,131,6,158.12
695,282,16,2,9.26
696,282,55,2,126.48
697,283,131,6,158.12
698,283,9,1,4.73
699,283,7,6,94.53
700,284,16,1,9.26
701,284,7,3,94.53
702,284,71,6,5.88
703,284,131,4,158.12
704,285,131,3,158.12
705,285,6,2,31.70
706,286,42,5,1621.81
707,286,131,5,158.12
708,287,131,3,158.12
709,287,16,5,9.26
710,288,89,2,571.54
711,289,111,3,18.84
712,289,6,5,31.70
713,289,149,2,103.46
714,290,16,4,12.44
715,290,89,2,571.54
716,290,55,2,126.48
717,290,67,2,63.32
718,291,51,3,479.39
719,291,109,6,6.27
720,292,89,1,571.54
721,293,80,6,49.74
722,294,16,1,9.26
723,295,146,4,435.02
724,295,16,3,9.26
725,296,16,2,12.44
726,296,34,2,966.54
727,296,9,5,4.73
728,296,1,3,100.49
729,297,55,4,126.48
730,297,69,4,376.17
731,298,1,3,100.49
732,298,131,4,158.12
733,299,131,5,158.12
734,299,16,6,12.44
735,299,67,4,63.32
736,299,55,5,126.48
737,300,89,4,571.54
738,300,16,2,12.44
739,300,146,2,435.02
740,300,55,1,126.48
741,301,16,6,9.26
742,302,131,2,158.12
743,302,55,1,126.48
744,303,16,1,9.26
745,303,6,6,31.70
746,303,67,2,63.32
747,303,7,4,94.53
748,303,76,3,2140.68
749,304,55,2,126.48
750,304,131,4,158.12
751,304,16,2,9.26
752,304,149,6,103.46
753,305,51,2,479.39
754,305,67,4,63.32
755,305,6,1,31.70
756,305,76,1,2140.68
757,306,55,5,126.48
758,306,67,3,63.32
759,306,76,6,2140.68
760,306,16,4,9.26
761,307,16,4,9.26
762,307,131,5,158.12
763,308,51,5,479.39
764,308,34,1,966.54
765,308,146,3,435.02
766,309,146,3,435.02
767,309,16,3,9.26
768,309,34,2,966.54
769,310,131,4,158.12
770,310,16,2,9.26
771,310,146,2,435.02
772,311,149,3,103.46
773,311,16,3,9.26
774,311,55,6,126.48
775,312,55,6,126.48
776,313,9,2,5.62
777,313,16,1,12.44
778,313,67,3,63.32
779,313,6,2,31.70
780,314,34,2,966.54
781,315,55,3,126.48
782,316,16,5,12.44
783,316,9,6,4.73
784,316,76,1,2140.68
785,317,69,4,376.17
786,317,76,3,2140.68
787,318,55,4,126.48
788,318,16,1,9.26
789,319,6,5,31.70
790,319,76,1,2140.68
791,319,16,4,9.26
792,320,113,5,30.17
793,321,16,4,9.26
794,321,55,5,126.48
795,321,89,2,571.54
796,322,146,2,435.02
797,322,76,3,2140.68
798,322,16,3,12.44
799,323,55,4,126.48
800,323,16,5,9.26
801,324,146,1,435.02
802,324,109,6,6.27
803,324,16,5,9.26
804,325,16,3,9.26
805,325,69,1,376.17
806,325,89,3,571.54
807,325,76,6,2140.68
808,326,42,4,1621.81
809,326,55,2,126.48
810,327,89,6,571.54
811,327,16,6,12.44
812,328,16,6,9.26
813,329,131,2,158.12
814,329,55,5,126.48
815,329,76,1,2140.68
816,330,146,6,435.02
817,330,131,6,158.12
818,330,16,2,9.26
819,331,76,5,2140.68
820,331,149,5,103.46
821,331,109,6,6.27
822,332,76,1,2140.68
823,332,149,4,103.46
824,333,146,5,435.02
825,333,76,1,2140.68
826,333,1,1,100.49
827,334,16,3,9.26
828,335,55,6,126.48
829,335,149,4,103.46
830,335,67,2,63.32
831,336,131,6,158.12
832,336,34,3,966.54
833,337,76,3,2140.68
834,338,16,5,9.26
835,339,131,3,158.12
836,339,16,6,12.44
837,339,89,3,571.54
838,340,131,1,158.12
839,340,55,1,126.48
840,340,89,4,571.54
841,341,76,3,2140.68
842,341,16,6,9.26
843,341,109,6,6.27
844,341,146,6,435.02
845,341,34,2,966.54
846,342,149,5,103.46
847,342,34,4,966.54
848,343,55,2,126.48
849,344,16,6,9.26
850,345,146,6,435.02
851,346,67,2,63.32
852,346,146,2,435.02
853,347,16,3,9.26
854,348,51,6,479.39
855,349,6,6,31.70
856,349,111,6,18.84
857,349,146,5,435.02
858,349,76,6,2140.68
859,350,146,1,435.02
860,351,76,5,2140.68
861,351,131,6,158.12
862,352,67,2,63.32
863,352,16,4,9.26
864,352,34,4,966.54
865,353,149,1,103.46
866,354,34,3,966.54
867,354,16,2,12.44
868,354,89,1,571.54
869,355,131,2,158.12
870,355,71,5,5.88
871,355,76,1,2140.68
872,355,146,1,435.02
873,356,16,5,9.26
874,356,146,1,435.02
875,356,128,5,1676.16
876,356,55,1,126.48
877,357,16,1,9.26
878,357,55,4,126.48
879,358,16,3,9.26
880,358,89,1,571.54
881,359,131,6,158.12
882,359,149,5,103.46
883,359,16,5,9.26
884,359,55,4,126.48
885,360,89,2,571.54
886,361,144,3,12.70
887,361,5,6,636.38
888,362,16,1,9.26
889,362,128,3,1676.16
890,362,76,3,2140.68
891,362,42,3,1621.81
892,363,55,6,126.48
893,363,5,2,636.38
894,364,16,5,12.44
895,364,76,2,2140.68
896,365,89,3,571.54
897,365,34,3,966.54
898,365,131,5,158.12
899,365,9,6,4.73
900,366,76,1,2140.68
901,366,55,6,126.48
902,367,16,6,9.26
903,368,67,2,63.32
904,368,6,2,31.70
905,368,126,1,537.80
906,369,16,2,9.26
907,369,146,4,435.02
908,369,67,5,63.32
909,369,131,3,158.12
910,370,6,4,31.70
911,370,76,5,2140.68
912,370,55,4,126.48
913,371,6,5,31.70
914,371,76,5,2140.68
915,371,89,1,571.54
916,372,76,3,2140.68
917,372,146,2,435.02
918,372,131,3,158.12
919,373,76,2,2140.68
920,373,146,3,435.02
921,374,146,2,435.02
922,374,131,6,158.12
923,375,71,3,5.88
924,375,16,6,9.26
925,375,149,6,103.46
926,376,95,4,143.83
927,377,149,6,103.46
928,377,146,3,435.02
929,378,146,6,435.02
930,378,19,5,10.84
931,378,111,4,18.84
932,379,16,1,9.26
933,379,55,6,126.48
934,380,89,6,571.54
935,381,131,6,158.12
936,381,16,3,9.26
937,382,55,5,126.48
938,383,67,3,63.32
939,383,89,4,571.54
940,384,146,6,435.02
941,385,7,5,94.53
942,385,76,1,2140.68
943,385,34,2,966.54
944,385,149,2,103.46
945,386,16,4,12.44
946,386,67,2,63.32
947,386,6,4,31.70
948,386,71,1,5.88
949,387,149,3,103.46
950,387,76,1,2140.68
951,387,16,5,9.26
952,388,9,3,4.73
953,388,55,4,126.48
954,389,34,6,966.54
955,389,9,6,4.73
956,390,16,3,9.26
957,391,146,4,435.02
958,391,76,6,2140.68
959,391,16,2,12.44
960,391,7,4,94.53
961,392,7,3,94.53
962,392,16,4,9.26
963,393,7,5,94.53
964,393,16,5,9.26
965,393,19,2,13.79
966,394,55,2,126.48
967,395,16,5,9.26
968,395,76,3,2140.68
969,396,146,2,435.02
970,396,16,6,12.44
971,396,76,5,2140.68
972,396,27,6,85.73
973,397,16,1,12.44
974,397,55,1,126.48
975,398,89,4,571.54
976,398,149,3,103.46
977,398,42,2,1621.81
978,398,9,1,4.73
979,399,67,3,63.32
980,400,146,5,435.02
981,400,34,2,966.54
982,400,6,6,31.70
983,400,27,3,85.73
984,401,149,2,103.46
985,401,76,2,2140.68
986,401,80,1,49.74
987,402,149,1,103.46
988,403,55,2,126.48
989,403,5,5,636.38
990,403,149,3,103.46
991,403,89,6,571.54
992,404,149,4,103.46
993,404,6,3,31.70
994,404,146,1,435.02
995,404,16,6,9.26
996,405,16,3,9.26
997,405,76,5,2140.68
998,405,9,6,4.73
999,405,95,3,181.93
1000,406,80,4,49.74
1001,406,34,5,966.54
1002,407,16,1,9.26
1003,408,67,4,63.32
1004,408,131,1,158.12
1005,408,16,4,9.26
1006,409,16,6,9.26
1007,409,76,4,2140.68
1008,409,9,5,4.73
1009,409,131,3,158.12
1010,409,7,5,94.53
1011,410,76,4,2140.68
1012,410,16,1,12.44
1013,410,67,5,63.32
1014,411,76,2,2140.68
1015,411,146,6,435.02
1016,412,34,1,966.54
1017,412,16,5,9.26
1018,413,16,5,12.44
1019,413,55,1,126.48
1020,413,76,6,2140.68
1021,414,6,4,31.70
1022,414,16,1,9.26
1023,414,149,1,103.46
1024,414,76,4,2140.68
1025,415,146,5,435.02
1026,415,149,4,103.46
1027,415,16,1,9.26
1028,415,76,5,2140.68
1029,416,76,2,2140.68
1030,417,16,4,12.44
1031,417,80,5,49.74
1032,418,131,2,158.12
1033,419,42,6,1621.81
1034,419,16,5,9.26
1035,420,5,2,636.38
1036,420,16,4,12.44
1037,421,76,5,2140.68
1038,421,80,2,46.29
1039,422,55,5,126.48
1040,422,89,6,571.54
1041,423,7,2,94.53
1042,423,67,4,63.32
1043,424,111,4,18.84
1044,425,16,4,9.26
1045,425,1,5,100.49
1046,425,149,5,103.46
1047,426,34,5,966.54
1048,426,16,3,9.26
1049,427,55,5,126.48
1050,427,6,6,31.70
1051,428,76,1,2140.68
1052,428,149,6,103.46
1053,429,16,2,9.26
1054,430,16,3,9.26
1055,430,19,6,10.84
1056,430,55,4,126.48
1057,430,36,6,32.19
1058,431,89,2,571.54
1059,431,76,5,2140.68
1060,431,7,5,94.53
1061,432,131,6,158.12
1062,432,6,6,31.70
1063,432,146,5,435.02
1064,433,149,3,103.46
1065,433,7,4,94.53
1066,433,5,2,636.38
1067,434,16,2,9.26
1068,434,51,3,479.39
1069,434,9,2,4.73
1070,435,146,1,435.02
1071,435,9,2,5.62
1072,435,16,2,9.26
1073,435,76,2,2140.68
1074,435,55,2,126.48
1075,436,16,6,9.26
1076,436,89,6,571.54
1077,437,80,1,46.29
1078,438,16,3,9.26
1079,438,34,5,966.54
1080,438,7,1,94.53
1081,439,9,4,4.73
1082,439,89,5,571.54
1083,439,34,4,966.54
1084,440,16,3,9.26
1085,440,34,6,966.54
1086,441,19,2,10.84
1087,441,7,5,94.53
1088,442,16,3,12.44
1089,442,109,4,6.27
1090,442,55,5,126.48
1091,443,71,3,5.88
1092,443,89,5,571.54
1093,444,19,5,10.84
1094,444,149,4,103.46
1095,444,16,6,9.26
1096,445,34,4,966.54
1097,445,135,2,249.87
1098,445,76,3,2140.68
1099,445,16,4,9.26
1100,446,7,1,94.53
1101,446,135,1,249.87
1102,446,55,1,126.48
1103,447,131,3,158.12
1104,447,135,1,249.87
1105,447,144,2,12.70
1106,448,16,5,12.44
1107,449,111,6,18.84
1108,449,67,4,63.32
1109,449,135,2,249.87
1110,450,80,3,49.74
1111,451,16,1,9.26
1112,452,135,3,249.87
1113,452,76,1,2140.68
1114,452,19,6,13.79
1115,452,34,4,966.54
1116,453,126,3,745.21
1117,453,135,2,249.87
1118,453,16,1,12.44
1119,453,55,4,126.48
1120,454,7,1,94.53
1121,454,128,3,1676.16
1122,454,9,2,5.62
1123,455,89,2,571.54
1124,456,7,3,94.53
1125,457,111,5,18.84
1126,457,55,3,126.48
1127,457,135,4,249.87
1128,458,67,3,63.32
1129,459,131,1,158.12
1130,459,146,4,435.02
1131,459,135,5,249.87
1132,460,6,1,31.70
1133,461,135,2,249.87
1134,461,16,6,9.26
1135,461,76,4,2140.68
1136,461,34,1,966.54
1137,461,55,4,126.48
1138,462,34,4,966.54
1139,462,9,1,4.73
1140,462,16,3,12.44
1141,463,149,1,103.46
1142,464,76,3,2140.68
1143,464,146,2,435.02
1144,464,16,4,9.26
1145,465,109,1,6.27
1146,465,76,2,2140.68
1147,466,146,5,435.02
1148,467,131,3,158.12
1149,467,76,4,2140.68
1150,468,144,1,12.70
1151,468,111,5,18.84
1152,469,16,1,12.44
1153,470,55,1,126.48
1154,470,6,1,31.70
1155,470,7,3,94.53
1156,471,16,3,12.44
1157,471,19,3,10.84
1158,471,135,1,249.87
1159,472,67,4,63.32
1160,472,128,6,1989.48
1161,473,1,3,100.49
1162,473,69,3,376.17
1163,474,135,4,249.87
1164,475,131,4,158.12
1165,475,89,5,571.54
1166,476,146,2,435.02
1167,477,146,2,435.02
1168,477,6,1,31.70
1169,477,67,2,63.32
1170,478,55,2,126.48
1171,478,89,3,571.54
1172,478,36,5,32.19
1173,478,5,4,636.38
1174,479,16,4,9.26
1175,480,131,3,158.12
1176,481,135,5,249.87
1177,482,135,2,249.87
1178,483,16,5,12.44
1179,483,76,2,2140.68
1180,484,131,1,158.12
1181,485,135,1,249.87
1182,485,95,4,143.83
1183,485,16,3,9.26
1184,486,95,4,143.83
1185,486,76,5,2140.68
1186,486,89,3,571.54
1187,487,5,4,636.38
1188,487,111,3,18.84
1189,488,16,3,12.44
1190,488,55,2,126.48
1191,488,19,1,13.79
1192,489,34,6,966.54
1193,489,146,6,435.02
1194,490,16,1,12.44
1195,490,69,4,376.17
1196,490,146,6,435.02
1197,490,42,6,1621.81
1198,491,5,3,636.38
1199,492,76,3,2140.68
1200,492,16,3,12.44
1201,492,146,1,435.02
1202,493,6,6,31.70
1203,494,95,2,143.83
1204,495,76,4,2140.68
1205,495,34,5,966.54
1206,495,19,4,10.84
1207,496,146,3,435.02
1208,497,76,6,2140.68
1209,497,146,5,435.02
1210,497,16,5,9.26
1211,498,16,6,12.44
1212,498,7,5,94.53
1213,498,111,4,18.84
1214,499,135,1,249.87
1215,499,16,4,9.26
1216,499,67,1,63.32
1217,499,95,1,181.93
1218,500,76,1,2140.68
1219,500,146,5,435.02
1220,501,149,5,103.46
1221,501,5,1,636.38
1222,502,51,5,479.39
1223,502,6,1,31.70
1224,503,146,3,435.02
1225,503,16,4,9.26
1226,504,16,2,12.44
1227,504,146,4,435.02
1228,505,55,4,126.48
1229,505,34,5,966.54
1230,505,1,4,100.49
1231,506,76,2,2140.68
1232,506,16,5,9.26
1233,506,6,6,31.70
1234,507,1,4,100.49
1235,507,131,5,158.12
1236,508,67,1,63.32
1237,508,89,4,571.54
1238,508,16,3,9.26
1239,508,146,5,435.02
1240,509,16,6,9.26
1241,509,128,6,1989.48
1242,509,76,1,2140.68
1243,509,146,6,435.02
1244,509,95,4,143.83
1245,510,149,2,103.46
1246,510,69,5,376.17
1247,510,7,3,94.53
1248,510,80,2,46.29
1249,511,16,2,9.26
1250,512,76,3,2140.68
1251,513,16,2,9.26
1252,514,135,4,249.87
1253,514,146,6,435.02
1254,515,1,5,100.49
1255,515,36,3,32.19
1256,515,76,2,2140.68
1257,516,146,1,435.02
1258,516,131,1,158.12
1259,516,135,1,249.87
1260,516,16,5,9.26
1261,517,131,3,158.12
1262,517,16,4,9.26
1263,517,55,3,126.48
1264,518,89,5,571.54
1265,518,135,4,249.87
1266,518,76,2,2140.68
1267,518,131,6,158.12
1268,518,7,2,94.53
1269,519,113,1,27.67
1270,519,55,4,126.48
1271,520,27,4,85.73
1272,521,36,3,32.19
1273,522,19,2,10.84
1274,522,131,3,158.12
1275,522,16,4,12.44
1276,522,89,6,571.54
1277,523,135,1,249.87
1278,523,34,1,966.54
1279,524,135,6,249.87
1280,524,149,6,103.46
1281,525,9,6,4.73
1282,526,111,3,18.84
1283,526,131,5,158.12
1284,527,131,1,158.12
1285,527,135,4,249.87
1286,528,135,1,249.87
1287,528,6,1,31.70
1288,528,131,6,158.12
1289,529,76,6,2140.68
1290,529,16,4,9.26
1291,529,135,3,249.87
1292,530,135,6,249.87
1293,530,7,5,94.53
1294,531,135,5,249.87
1295,532,36,6,32.19
1296,532,146,4,435.02
1297,533,76,4,2140.68
1298,533,6,6,31.70
1299,533,16,5,9.26
1300,534,51,5,479.39
1301,534,131,4,158.12
1302,535,109,4,6.27
1303,535,111,4,18.84
1304,536,108,1,9.08
1305,536,69,2,376.17
1306,537,149,6,103.46
1307,538,109,6,6.27
1308,538,135,5,249.87
1309,538,89,6,571.54
1310,539,109,4,6.27
1311,539,135,5,249.87
1312,539,89,1,571.54
1313,540,135,3,249.87
1314,540,146,6,435.02
1315,541,135,2,249.87
1316,541,16,3,9.26
1317,541,89,3,571.54
1318,541,136,2,56.69
1319,541,76,4,2140.68
1320,542,126,1,537.80
1321,542,34,4,966.54
1322,542,135,6,249.87
1323,543,131,4,158.12
1324,543,89,2,571.54
1325,543,108,5,9.08
1326,544,89,6,571.54
1327,544,16,4,12.44
1328,544,67,1,63.32
1329,544,146,1,435.02
1330,545,55,1,126.48
1331,545,135,5,249.87
1332,545,71,6,5.88
1333,545,146,2,435.02
1334,546,135,1,249.87
1335,547,34,6,966.54
1336,547,67,3,63.32
1337,547,89,6,571.54
1338,547,76,4,2140.68
1339,548,6,4,31.70
1340,548,76,2,2140.68
1341,548,16,1,12.44
1342,549,16,1,9.26
1343,550,16,4,9.26
1344,551,80,2,46.29
1345,551,54,3,11.25
1346,551,135,2,249.87
1347,552,135,6,249.87
1348,553,54,5,11.25
1349,553,89,4,571.54
1350,553,55,3,126.48
1351,553,7,5,94.53
1352,554,16,6,12.44
1353,554,55,6,126.48
1354,555,149,3,103.46
1355,555,135,5,249.87
1356,556,19,5,13.79
1357,556,149,5,103.46
1358,556,76,6,2140.68
1359,557,67,5,63.32
1360,557,147,5,119.34
1361,557,16,2,9.26
1362,557,146,4,435.02
1363,558,16,1,12.44
1364,559,126,2,537.80
1365,559,146,2,435.02
1366,559,149,4,103.46
1367,560,89,5,571.54
1368,560,135,5,249.87
1369,561,146,6,435.02
1370,561,34,4,966.54
1371,561,16,3,9.26
1372,562,76,2,2140.68
1373,562,147,4,119.34
1374,562,19,2,10.84
1375,563,76,4,2140.68
1376,563,34,2,966.54
1377,563,135,3,249.87
1378,564,135,6,249.87
1379,564,34,6,966.54
1380,565,16,1,12.44
1381,565,135,1,249.87
1382,565,146,2,435.02
1383,566,146,3,435.02
1384,566,16,3,12.44
1385,566,111,4,18.84
1386,567,6,6,31.70
1387,568,147,6,119.34
1388,569,135,1,249.87
1389,569,80,6,49.74
1390,569,146,3,435.02
1391,569,16,1,9.26
1392,570,131,1,158.12
1393,570,141,4,39.30
1394,571,146,3,435.02
1395,571,19,3,10.84
1396,572,55,2,126.48
1397,572,69,2,376.17
1398,573,131,4,158.12
1399,573,147,1,119.34
1400,573,16,3,9.26
1401,573,89,3,571.54
1402,573,146,5,435.02
1403,574,146,4,435.02
1404,574,54,5,11.25
1405,574,19,3,10.84
1406,575,135,5,249.87
1407,575,16,5,9.26
1408,575,146,4,435.02
1409,575,128,3,1676.16
1410,575,34,1,966.54
1411,576,131,4,158.12
1412,576,76,5,2140.68
1413,576,7,5,94.53
1414,576,55,5,126.48
1415,577,6,1,31.70
1416,577,51,6,479.39
1417,577,126,5,537.80
1418,577,135,1,249.87
1419,578,135,4,249.87
1420,579,146,4,435.02
1421,580,95,3,143.83
1422,580,149,5,103.46
1423,580,1,1,100.49
1424,580,34,2,966.54
1425,581,9,6,4.73
1426,581,67,6,63.32
1427,581,135,4,249.87
1428,582,55,6,126.48
1429,582,16,5,9.26
1430,582,9,5,4.73
1431,582,34,3,966.54
1432,583,6,2,31.70
1433,583,76,2,2140.68
1434,583,146,6,435.02
1435,584,69,3,376.17
1436,584,135,4,249.87
1437,585,146,6,435.02
1438,585,144,3,12.70
1439,585,16,4,9.26
1440,586,54,3,11.25
1441,586,147,4,119.34
1442,586,16,1,9.26
1443,586,80,5,46.29
1444,587,50,5,319.47
1445,587,131,1,158.12
1446,587,109,4,6.27
1447,587,16,3,12.44
1448,588,149,4,103.46
1449,589,76,4,2140.68
1450,589,131,4,158.12
1451,589,16,1,12.44
1452,590,9,1,4.73
1453,590,67,1,63.32
1454,590,76,3,2140.68
1455,591,109,3,6.27
1456,591,146,3,435.02
1457,592,9,4,5.62
1458,593,131,1,158.12
1459,593,19,1,10.84
1460,593,146,5,435.02
1461,594,89,2,571.54
1462,594,34,5,966.54
1463,595,147,4,119.34
1464,595,76,6,2140.68
1465,596,16,6,9.26
1466,597,55,5,126.48
1467,597,16,3,9.26
1468,597,89,6,571.54
1469,598,55,2,126.48
1470,598,131,5,158.12
1471,598,109,1,6.27
1472,598,67,2,63.32
1473,599,131,2,158.12
1474,600,51,2,479.39
1475,600,135,3,249.87
1476,601,51,4,479.39
1477,601,131,1,158.12
1478,602,76,2,2140.68
1479,602,149,1,103.46
1480,602,19,6,13.79
1481,603,89,5,571.54
1482,603,16,2,12.44
1483,603,135,3,249.87
1484,604,135,4,249.87
1485,604,55,4,126.48
1486,605,55,6,126.48
1487,605,113,4,27.67
1488,606,16,6,9.26
1489,606,9,2,5.62
1490,606,34,3,966.54
1491,607,146,4,435.02
1492,607,16,2,9.26
1493,607,6,6,31.70
1494,608,89,3,571.54
1495,609,51,4,479.39
1496,609,149,1,103.46
1497,610,55,1,126.48
1498,611,131,1,158.12
1499,611,55,1,126.48
1500,612,55,2,126.48
1501,612,89,6,571.54
1502,613,109,3,6.27
1503,613,16,5,9.26
1504,613,135,4,249.87
1505,614,7,6,94.53
1506,615,71,2,5.88
1507,615,135,6,249.87
1508,616,126,2,537.80
1509,616,16,1,9.26
1510,616,76,1,2140.68
1511,616,147,6,119.34
1512,617,89,6,571.54
1513,617,6,2,31.70
1514,618,76,1,2140.68
1515,618,135,5,249.87
1516,618,108,5,9.08
1517,618,16,3,9.26
1518,619,16,4,9.26
1519,620,16,4,9.26
1520,620,76,6,2140.68
1521,620,109,6,6.27
1522,621,135,4,249.87
1523,621,146,5,435.02
1524,621,27,2,85.73
1525,621,7,1,94.53
1526,622,131,6,158.12
1527,622,135,2,249.87
1528,622,16,6,12.44
1529,622,5,2,636.38
1530,623,16,2,12.44
1531,623,76,1,2140.68
1532,623,89,2,571.54
1533,623,19,2,13.79
1534,623,34,4,966.54
1535,624,89,4,571.54
1536,624,16,4,9.26
1537,624,80,2,46.29
1538,625,76,2,2140.68
1539,625,55,2,126.48
1540,625,109,6,6.27
1541,625,135,3,249.87
1542,626,146,1,435.02
1543,626,16,5,12.44
1544,627,131,5,158.12
1545,627,135,2,249.87
1546,627,50,3,319.47
1547,627,67,6,63.32
1548,627,16,2,9.26
1549,628,141,6,39.30
1550,628,76,5,2140.68
1551,628,34,4,966.54
1552,628,95,2,143.83
1553,629,89,5,571.54
1554,630,131,6,158.12
1555,630,16,4,12.44
1556,630,109,6,6.27
1557,631,108,5,9.08
1558,631,16,4,9.26
1559,632,131,2,158.12
1560,632,76,4,2140.68
1561,632,149,6,103.46
1562,633,16,3,12.44
1563,634,1,3,100.49
1564,634,135,2,249.87
1565,634,146,3,435.02
1566,635,34,6,966.54
1567,636,131,3,158.12
1568,637,76,2,2140.68
1569,637,9,1,4.73
1570,638,131,3,158.12
1571,638,144,5,12.70
1572,638,50,2,319.47
1573,638,9,6,4.73
1574,639,76,2,2140.68
1575,639,16,3,9.26
1576,639,7,6,94.53
1577,640,131,3,158.12
1578,640,42,6,1621.81
1579,640,135,3,249.87
1580,640,55,6,126.48
1581,641,55,6,126.48
1582,641,149,2,103.46
1583,642,76,6,2140.68
1584,643,76,3,2140.68
1585,643,16,4,9.26
1586,643,109,1,6.27
1587,644,135,2,249.87
1588,644,6,2,31.70
1589,645,146,1,435.02
1590,645,76,4,2140.68
1591,646,55,3,126.48
1592,647,54,2,11.25
1593,647,19,5,10.84
1594,648,144,6,17.32
1595,648,76,1,2140.68
1596,649,16,2,9.26
1597,649,146,4,435.02
1598,650,16,6,9.26
1599,650,131,1,158.12
1600,650,135,3,249.87
1601,651,89,2,571.54
1602,651,109,6,6.27
1603,652,135,3,249.87
1604,653,131,4,158.12
1605,653,16,5,9.26
1606,653,76,3,2140.68
1607,653,9,5,4.73
1608,654,55,5,126.48
1609,655,19,3,10.84
1610,655,135,3,249.87
1611,655,16,5,12.44
1612,655,146,1,435.02
1613,656,16,5,12.44
1614,656,108,5,9.08
1615,657,34,1,966.54
1616,657,55,3,126.48
1617,657,71,2,5.88
1618,658,146,2,435.02
1619,658,55,1,126.48
1620,658,76,2,2140.68
1621,659,146,3,435.02
1622,660,16,3,9.26
1623,660,76,5,2140.68
1624,661,50,3,319.47
1625,661,135,4,249.87
1626,662,16,6,9.26
1627,662,19,4,10.84
1628,662,149,6,103.46
1629,662,147,1,119.34
1630,663,135,5,249.87
1631,663,6,3,31.70
1632,664,146,3,435.02
1633,664,113,6,27.67
1634,664,16,3,12.44
1635,664,147,4,119.34
1636,665,1,3,100.49
1637,665,55,6,126.48
1638,666,6,4,31.70
1639,666,135,2,249.87
1640,666,1,1,100.49
1641,667,131,5,158.12
1642,668,9,1,4.73
1643,668,76,5,2140.68
1644,669,135,4,249.87
1645,669,19,5,10.84
1646,669,16,1,9.26
1647,669,6,6,31.70
1648,670,1,3,100.49
1649,670,89,3,571.54
1650,670,16,1,9.26
1651,671,135,4,249.87
1652,671,16,3,9.26
1653,671,19,6,10.84
1654,672,9,3,4.73
1655,673,76,2,2140.68
1656,674,129,4,20.39
1657,674,89,3,571.54
1658,675,149,1,103.46
1659,675,91,4,17.43
1660,675,76,5,2140.68
1661,676,16,3,12.44
1662,676,83,3,110.68
1663,676,149,4,103.46
1664,676,55,3,126.48
1665,677,55,5,126.48
1666,677,146,1,435.02
1667,677,149,5,103.46
1668,678,131,3,158.12
1669,678,80,1,46.29
1670,679,149,4,103.46
1671,679,16,5,12.44
1672,680,50,2,319.47
1673,681,34,1,966.54
1674,681,76,6,2140.68
1675,681,16,1,9.26
1676,681,19,4,13.79
1677,682,113,2,27.67
1678,682,76,5,2140.68
1679,682,16,5,12.44
1680,683,76,5,2140.68
1681,683,16,2,9.26
1682,683,146,3,435.02
1683,683,135,3,249.87
1684,683,109,2,6.27
1685,684,7,1,94.53
1686,684,135,1,249.87
1687,685,128,2,1676.16
1688,685,16,4,9.26
1689,686,16,1,9.26
1690,686,144,5,12.70
1691,686,71,1,5.88
1692,686,9,4,4.73
1693,686,135,5,249.87
1694,687,67,4,63.32
1695,687,16,6,9.26
1696,688,16,4,9.26
1697,689,135,3,249.87
1698,689,147,6,119.34
1699,690,76,2,2140.68
1700,691,76,4,2140.68
1701,691,149,2,103.46
1702,692,16,6,9.26
1703,692,67,5,63.32
1704,693,55,6,126.48
1705,694,67,3,63.32
1706,694,135,4,249.87
1707,695,91,5,17.43
1708,695,146,2,435.02
1709,695,89,1,571.54
1710,696,54,6,11.25
1711,696,50,2,319.47
1712,697,34,6,966.54
1713,697,16,2,9.26
1714,697,129,5,20.39
1715,698,131,3,158.12
1716,699,34,4,966.54
1717,699,16,1,9.26
1718,699,129,2,20.39
1719,700,67,6,63.32
1720,700,6,1,31.70
1721,701,16,3,9.26
1722,702,16,2,9.26
1723,702,6,6,31.70
1724,702,135,3,249.87
1725,703,50,4,319.47
1726,703,149,6,103.46
1727,703,131,2,158.12
1728,704,129,4,20.39
1729,704,1,3,100.49
1730,705,50,2,319.47
1731,705,131,2,158.12
1732,705,55,5,126.48
1733,706,76,1,2140.68
1734,706,19,4,10.84
1735,707,6,1,31.70
1736,707,16,6,9.26
1737,707,135,5,249.87
1738,708,54,4,11.25
1739,709,7,4,94.53
1740,709,67,4,63.32
1741,709,1,3,100.49
1742,710,16,6,9.26
1743,711,16,2,12.44
1744,711,34,1,966.54
1745,711,131,1,158.12
1746,712,135,6,249.87
1747,712,76,5,2140.68
1748,712,19,5,10.84
1749,712,16,6,9.26
1750,712,6,5,31.70
1751,713,131,5,158.12
1752,713,135,3,249.87
1753,714,135,2,249.87
1754,714,55,3,126.48
1755,714,16,1,9.26
1756,714,83,5,110.68
1757,714,34,5,966.54
1758,715,111,5,18.84
1759,715,55,2,126.48
1760,715,128,2,1989.48
1761,715,19,6,10.84
1762,715,67,5,63.32
1763,716,91,1,17.43
1764,716,55,1,126.48
1765,717,16,4,12.44
1766,717,76,6,2140.68
1767,717,109,5,6.27
1768,717,9,5,4.73
1769,717,131,6,158.12
1770,718,16,6,9.26
1771,718,19,3,10.84
1772,719,95,3,181.93
1773,719,144,3,12.70
1774,720,9,6,4.73
1775,720,135,2,249.87
1776,720,55,6,126.48
1777,721,149,5,103.46
1778,722,19,4,13.79
1779,722,34,2,966.54
1780,722,89,2,571.54
1781,722,16,5,12.44
1782,723,16,4,9.26
1783,723,131,3,158.12
1784,724,135,5,249.87
1785,725,76,2,2140.68
1786,725,67,1,63.32
1787,726,89,2,571.54
1788,727,135,4,249.87
1789,727,16,6,9.26
1790,728,16,3,12.44
1791,728,54,6,11.25
1792,729,146,1,435.02
1793,729,34,4,966.54
1794,729,16,5,9.26
1795,729,135,4,249.87
1796,729,67,6,63.32
1797,730,131,3,158.12
1798,730,6,2,31.70
1799,731,16,6,9.26
1800,731,149,2,103.46
1801,731,54,6,11.25
1802,731,55,5,126.48
1803,732,76,4,2140.68
1804,732,19,1,10.84
1805,732,131,5,158.12
1806,732,7,5,94.53
1807,733,146,1,435.02
1808,733,147,2,119.34
1809,733,16,1,9.26
1810,734,129,1,20.39
1811,734,131,2,158.12
1812,734,50,6,319.47
1813,734,6,6,31.70
1814,734,135,2,249.87
1815,735,131,1,158.12
1816,736,34,2,966.54
1817,736,9,6,5.62
1818,736,16,4,12.44
1819,736,135,5,249.87
1820,737,113,4,30.17
1821,737,54,1,11.25
1822,738,149,4,103.46
1823,738,131,4,158.12
1824,739,109,2,6.27
1825,739,149,4,103.46
1826,739,16,5,9.26
1827,740,7,2,94.53
1828,740,76,2,2140.68
1829,740,131,2,158.12
1830,740,1,2,100.49
1831,741,16,3,9.26
1832,742,76,1,2140.68
1833,742,9,2,4.73
1834,742,7,1,94.53
1835,743,54,2,11.25
1836,743,67,3,63.32
1837,743,16,4,9.26
1838,744,83,4,110.68
1839,744,76,4,2140.68
1840,744,149,6,103.46
1841,745,16,2,12.44
1842,745,149,4,103.46
1843,746,135,5,249.87
1844,746,131,2,158.12
1845,747,16,3,9.26
1846,747,34,4,966.54
1847,747,89,1,571.54
1848,748,16,4,9.26
1849,748,146,6,435.02
1850,748,76,3,2140.68
1851,749,50,4,319.47
1852,750,16,6,12.44
1853,750,146,5,435.02
1854,751,34,2,966.54
1855,751,76,2,2140.68
1856,752,34,6,966.54
1857,752,16,3,9.26
1858,753,131,3,158.12
1859,753,16,6,12.44
1860,754,135,4,249.87
1861,754,16,3,9.26
1862,754,6,3,31.70
1863,754,86,6,168.75
1864,755,6,2,31.70
1865,755,16,4,9.26
1866,756,146,2,435.02
1867,756,16,3,9.26
1868,757,135,6,249.87
1869,758,146,4,435.02
1870,758,108,6,9.08
1871,758,135,3,249.87
1872,758,9,2,4.73
1873,758,16,4,9.26
1874,759,89,1,571.54
1875,759,16,5,9.26
1876,760,34,4,966.54
1877,761,9,4,4.73
1878,761,76,3,2140.68
1879,761,34,6,966.54
1880,761,19,1,10.84
1881,762,76,2,2140.68
1882,762,7,2,94.53
1883,762,16,3,9.26
1884,763,54,5,11.25
1885,763,16,3,9.26
1886,764,16,1,12.44
1887,764,80,1,46.29
1888,764,109,5,6.27
1889,765,126,3,537.80
1890,765,129,5,20.39
1891,765,5,4,636.38
1892,765,16,2,9.26
1893,766,7,6,94.53
1894,766,36,3,32.19
1895,766,89,2,571.54
1896,767,135,3,249.87
1897,767,141,1,39.30
1898,768,135,6,249.87
1899,769,89,1,571.54
1900,769,135,6,249.87
1901,770,16,6,9.26
1902,770,109,1,6.27
1903,771,67,1,63.32
1904,771,7,6,94.53
1905,771,146,1,435.02
1906,772,16,3,9.26
1907,772,131,2,158.12
1908,772,5,3,636.38
1909,773,149,3,103.46
1910,773,129,1,20.39
1911,773,16,4,9.26
1912,774,76,4,2140.68
1913,774,149,1,103.46
1914,775,5,1,636.38
1915,775,16,6,12.44
1916,776,131,6,158.12
1917,777,67,4,63.32
1918,777,16,2,9.26
1919,777,7,6,94.53
1920,778,146,6,435.02
1921,779,67,3,63.32
1922,779,141,6,53.23
1923,780,16,1,9.26
1924,780,149,1,103.46
1925,781,16,3,9.26
1926,781,76,3,2140.68
1927,781,135,4,249.87
1928,781,108,1,9.08
1929,781,109,1,6.27
1930,782,16,5,9.26
1931,783,42,2,1621.81
1932,783,19,1,13.79
1933,784,108,1,9.08
1934,784,7,5,94.53
1935,785,135,4,249.87
1936,785,6,4,31.70
1937,785,76,5,2140.68
1938,786,111,2,18.84
1939,787,55,4,126.48
1940,788,69,4,376.17
1941,788,16,1,12.44
1942,788,129,3,20.39
1943,788,67,3,63.32
1944,789,16,5,9.26
1945,789,67,2,63.32
1946,789,19,1,10.84
1947,789,55,2,126.48
1948,789,129,3,20.39
1949,790,54,1,11.25
1950,790,89,4,571.54
1951,790,149,5,103.46
1952,791,131,6,158.12
1953,792,16,4,9.26
1954,792,135,2,249.87
1955,793,19,6,10.84
1956,794,135,2,249.87
1957,795,135,4,249.87
1958,795,16,6,9.26
1959,795,5,2,636.38
1960,796,144,2,17.32
1961,797,135,4,249.87
1962,797,16,6,9.26
1963,797,131,1,158.12
1964,798,51,5,479.39
1965,798,16,5,9.26
1966,798,1,2,100.49
1967,798,135,3,249.87
1968,799,89,6,571.54
1969,799,19,4,13.79
1970,799,16,1,9.26
1971,800,83,1,110.68
1972,801,146,1,435.02
1973,801,6,2,31.70
1974,802,126,6,537.80
1975,803,16,6,12.44
1976,803,129,2,20.39
1977,803,76,6,2140.68
1978,804,131,1,158.12
1979,804,86,3,168.75
1980,804,34,2,966.54
1981,805,34,2,966.54
1982,805,135,3,249.87
1983,805,16,4,12.44
1984,805,89,2,571.54
1985,806,89,5,571.54
1986,806,135,3,249.87
1987,807,55,6,126.48
1988,807,16,2,9.26
1989,807,67,4,63.32
1990,807,89,1,571.54
1991,808,16,1,12.44
1992,808,54,1,11.25
1993,808,42,3,1621.81
1994,808,91,3,17.43
1995,809,16,5,9.26
1996,809,149,2,103.46
1997,809,131,1,158.12
1998,809,7,1,94.53
1999,809,71,3,5.88
2000,810,16,6,9.26
2001,810,76,2,2140.68
2002,810,131,3,158.12
2003,810,135,1,249.87
2004,811,16,1,9.26
2005,811,7,2,94.53
2006,811,55,5,126.48
2007,812,5,4,636.38
2008,812,1,1,100.49
2009,812,16,4,9.26
2010,813,86,5,168.75
2011,813,55,4,126.48
2012,813,67,5,63.32
2013,814,89,5,571.54
2014,815,76,5,2140.68
2015,815,16,5,12.44
2016,815,135,4,249.87
2017,815,146,6,435.02
2018,815,55,3,126.48
2019,816,16,3,12.44
2020,817,16,5,9.26
2021,817,146,3,435.02
2022,818,135,6,249.87
2023,818,131,5,158.12
2024,818,146,6,435.02
2025,818,147,1,119.34
2026,818,141,1,53.23
2027,819,55,2,126.48
2028,820,109,6,6.27
2029,821,51,1,479.39
2030,821,147,4,119.34
2031,821,16,4,12.44
2032,822,146,6,435.02
2033,823,135,6,249.87
2034,823,140,4,19.65
2035,824,16,5,9.26
2036,824,9,3,4.73
2037,824,147,4,119.34
2038,825,16,4,12.44
2039,825,67,5,63.32
2040,826,71,5,5.88
2041,826,16,6,9.26
2042,827,50,3,319.47
2043,827,126,6,537.80
2044,827,129,1,20.39
2045,828,135,4,249.87
2046,828,149,2,103.46
2047,828,67,1,63.32
2048,829,109,4,6.27
2049,829,9,1,4.73
2050,829,36,4,32.19
2051,829,76,2,2140.68
2052,829,16,6,12.44
2053,830,54,3,11.25
2054,830,76,2,2140.68
2055,830,146,5,435.02
2056,831,9,2,5.62
2057,831,149,4,103.46
2058,832,16,1,12.44
2059,832,135,2,249.87
2060,832,89,1,571.54
2061,833,146,4,435.02
2062,833,135,5,249.87
2063,833,16,4,9.26
2064,834,16,3,9.26
2065,834,76,3,2140.68
2066,835,76,5,2140.68
2067,836,108,6,9.08
2068,836,72,1,125.19
2069,837,50,2,319.47
2070,838,147,4,119.34
2071,839,149,6,103.46
2072,839,9,5,4.73
2073,839,126,6,745.21
2074,839,34,2,966.54
2075,839,135,5,249.87
2076,840,149,5,103.46
2077,840,76,4,2140.68
2078,840,19,6,10.84
2079,840,9,3,5.62
2080,840,135,5,249.87
2081,841,27,2,85.73
2082,841,76,6,2140.68
2083,842,135,6,249.87
2084,842,9,6,5.62
2085,842,1,2,100.49
2086,843,126,6,537.80
2087,843,55,6,126.48
2088,843,1,4,100.49
2089,844,5,3,636.38
2090,845,131,6,158.12
2091,845,16,1,9.26
2092,846,135,6,249.87
2093,846,146,5,435.02
2094,847,135,3,249.87
2095,847,55,6,126.48
2096,847,34,5,966.54
2097,848,67,5,63.32
2098,848,16,6,9.26
2099,848,141,6,53.23
2100,849,135,1,249.87
2101,849,86,5,168.75
2102,849,89,4,571.54
2103,850,5,5,636.38
2104,851,108,5,9.08
2105,851,36,6,32.19
2106,851,9,4,5.62
2107,852,135,4,249.87
2108,852,141,3,39.30
2109,853,6,4,31.70
2110,853,89,5,571.54
2111,854,131,3,158.12
2112,854,149,1,103.46
2113,855,16,4,12.44
2114,855,149,5,103.46
2115,855,146,1,435.02
2116,856,76,2,2140.68
2117,856,55,6,126.48
2118,857,146,5,435.02
2119,858,76,6,2140.68
2120,859,36,6,32.19
2121,860,76,5,2140.68
2122,861,9,2,4.73
2123,861,129,5,20.39
2124,862,50,5,319.47
2125,862,16,5,9.26
2126,863,34,4,966.54
2127,863,39,2,150.09
2128,864,131,1,158.12
2129,864,19,2,10.84
2130,865,55,3,126.48
2131,865,108,6,9.08
2132,865,135,1,249.87
2133,866,42,4,1621.81
2134,867,135,2,249.87
2135,867,6,5,31.70
2136,868,16,3,9.26
2137,868,6,3,31.70
2138,868,135,4,249.87
2139,869,146,4,435.02
2140,869,135,6,249.87
2141,869,51,3,479.39
2142,869,16,3,12.44
2143,870,16,4,9.26
2144,870,89,6,571.54
2145,870,129,2,20.39
2146,871,34,1,966.54
2147,871,149,4,103.46
2148,871,76,1,2140.68
2149,871,135,1,249.87
2150,872,5,1,636.38
2151,873,89,6,571.54
2152,873,16,2,12.44
2153,873,50,1,319.47
2154,874,76,2,2140.68
2155,874,109,4,6.27
2156,875,113,5,30.17
2157,875,86,2,168.75
2158,875,16,2,9.26
2159,876,131,6,158.12
2160,876,16,1,12.44
2161,876,135,3,249.87
2162,876,146,6,435.02
2163,877,39,2,172.57
2164,877,76,2,2140.68
2165,877,149,2,103.46
2166,878,76,4,2140.68
2167,878,16,5,9.26
2168,879,89,2,571.54
2169,879,67,4,63.32
2170,879,54,6,11.25
2171,880,146,1,435.02
2172,881,16,1,9.26
2173,882,16,2,9.26
2174,882,34,3,966.54
2175,882,67,3,63.32
2176,882,39,6,172.57
2177,883,89,3,571.54
2178,883,144,5,17.32
2179,883,135,1,249.87
2180,884,89,2,571.54
2181,885,149,4,103.46
2182,885,135,2,249.87
2183,885,131,2,158.12
2184,886,42,4,1621.81
2185,887,76,2,2140.68
2186,887,89,6,571.54
2187,888,146,4,435.02
2188,888,34,3,966.54
2189,888,16,1,9.26
2190,889,135,3,249.87
2191,889,16,2,12.44
2192,889,34,2,966.54
2193,890,39,5,150.09
2194,890,16,6,9.26
2195,890,146,4,435.02
2196,891,16,6,9.26
2197,891,144,1,12.70
2198,892,135,3,249.87
2199,892,54,6,11.25
2200,892,7,2,94.53
2201,892,83,6,110.68
2202,893,16,4,9.26
2203,893,135,6,249.87
2204,893,131,5,158.12
2205,893,76,6,2140.68
2206,894,36,1,32.19
2207,894,67,1,63.32
2208,895,34,1,966.54
2209,896,16,3,9.26
2210,896,76,3,2140.68
2211,896,149,5,103.46
2212,896,9,3,5.62
2213,897,16,5,12.44
2214,898,144,3,12.70
2215,898,135,1,249.87
2216,898,91,4,17.43
2217,898,146,4,435.02
2218,899,19,4,10.84
2219,899,55,5,126.48
2220,899,39,6,150.09
2221,899,135,5,249.87
2222,900,135,4,249.87
2223,900,86,1,225.04
2224,900,91,6,17.43
2225,901,19,4,13.79
2226,901,135,1,249.87
2227,901,131,4,158.12
2228,901,16,2,12.44
2229,901,71,2,5.88
2230,902,135,2,249.87
2231,902,16,4,12.44
2232,903,50,4,319.47
2233,903,55,6,126.48
2234,904,39,3,150.09
2235,905,146,4,435.02
2236,905,34,4,966.54
2237,905,108,6,9.08
2238,906,146,5,435.02
2239,906,16,5,9.26
2240,906,39,4,172.57
2241,907,69,3,376.17
2242,908,16,4,9.26
2243,908,34,4,966.54
2244,908,109,5,6.27
2245,909,76,1,2140.68
2246,909,16,2,9.26
2247,909,135,5,249.87
2248,910,76,5,2140.68
2249,910,42,1,1621.81
2250,910,77,2,9.06
2251,911,16,3,9.26
2252,912,55,3,126.48
2253,912,34,1,966.54
2254,913,16,2,9.26
2255,913,6,4,31.70
2256,913,135,5,249.87
2257,914,67,5,63.32
2258,915,76,6,2140.68
2259,916,135,4,249.87
2260,917,39,2,172.57
2261,917,17,4,1848.55
2262,917,135,5,249.87
2263,918,1,6,100.49
2264,918,128,5,1676.16
2265,918,6,2,31.70
2266,919,89,2,571.54
2267,920,129,3,20.39
2268,920,17,6,2350.00
2269,920,9,2,5.62
2270,921,76,6,2140.68
2271,921,135,6,249.87
2272,921,67,2,63.32
2273,921,16,5,9.26
2274,922,71,4,5.88
2275,923,19,5,10.84
2276,923,34,6,966.54
2277,923,16,4,9.26
2278,923,6,3,31.70
2279,924,34,6,966.54
2280,924,141,2,39.30
2281,924,108,5,9.08
2282,925,89,5,571.54
2283,926,149,6,103.46
2284,926,76,4,2140.68
2285,927,34,6,966.54
2286,927,6,6,31.70
2287,927,55,3,126.48
2288,928,16,3,12.44
2289,928,146,6,435.02
2290,928,55,5,126.48
2291,929,80,6,46.29
2292,929,16,6,9.26
2293,930,55,4,126.48
2294,931,9,6,4.73
2295,931,19,2,13.79
2296,931,16,5,9.26
2297,932,95,2,143.83
2298,932,140,2,19.65
2299,932,89,1,571.54
2300,933,16,2,12.44
2301,933,76,1,2140.68
2302,933,108,1,9.08
2303,934,146,3,435.02
2304,934,129,5,20.39
2305,934,76,1,2140.68
2306,935,71,2,5.88
2307,935,55,6,126.48
2308,936,86,1,168.75
2309,936,126,3,537.80
2310,936,67,3,63.32
2311,937,76,4,2140.68
2312,938,126,4,537.80
2313,938,91,4,17.43
2314,939,19,3,10.84
2315,939,6,6,31.70
2316,939,146,4,435.02
2317,940,146,2,435.02
2318,940,16,5,12.44
2319,940,147,1,119.34
2320,941,6,1,31.70
2321,941,9,1,4.73
2322,942,146,4,435.02
2323,942,76,6,2140.68
2324,943,131,4,158.12
2325,943,141,2,39.30
2326,943,67,4,63.32
2327,943,147,5,119.34
2328,944,76,3,2140.68
2329,944,16,4,12.44
2330,944,77,6,9.06
2331,945,16,4,12.44
2332,945,131,4,158.12
2333,945,51,6,479.39
2334,946,89,5,571.54
2335,946,16,4,9.26
2336,946,51,2,479.39
2337,947,16,5,9.26
2338,947,27,5,85.73
2339,948,6,5,31.70
2340,949,76,5,2140.68
2341,949,55,3,126.48
2342,949,16,3,9.26
2343,950,16,2,9.26
2344,950,71,2,5.88
2345,950,129,6,20.39
2346,951,131,4,158.12
2347,951,76,1,2140.68
2348,951,7,6,94.53
2349,951,19,4,10.84
2350,951,16,3,12.44
2351,952,55,2,126.48
2352,952,135,2,249.87
2353,953,135,3,249.87
2354,954,55,6,126.48
2355,954,5,1,636.38
2356,954,16,5,9.26
2357,955,39,5,150.09
2358,955,135,6,249.87
2359,955,7,6,94.53
2360,956,76,6,2140.68
2361,956,131,5,158.12
2362,956,7,4,94.53
2363,956,149,3,103.46
2364,957,55,6,126.48
2365,958,19,3,10.84
2366,959,135,1,249.87
2367,959,39,2,150.09
2368,959,55,2,126.48
2369,960,19,2,10.84
2370,960,67,2,63.32
2371,960,16,1,12.44
2372,961,141,5,39.30
2373,961,17,2,2350.00
2374,961,36,4,32.19
2375,961,135,3,249.87
2376,961,91,2,17.43
2377,962,54,3,11.25
2378,963,146,3,435.02
2379,964,89,3,571.54
2380,964,129,6,20.39
2381,965,135,3,249.87
2382,965,16,4,9.26
2383,965,76,1,2140.68
2384,966,91,6,17.43
2385,966,27,2,85.73
2386,967,76,6,2140.68
2387,968,126,1,537.80
2388,968,80,2,46.29
2389,969,135,5,249.87
2390,969,39,5,150.09
2391,970,149,4,103.46
2392,970,129,4,20.39
2393,971,39,5,150.09
2394,972,16,5,9.26
2395,972,86,2,168.75
2396,972,129,5,20.39
2397,973,16,3,9.26
2398,973,131,1,158.12
2399,973,76,4,2140.68
2400,974,69,4,376.17
2401,974,5,5,636.38
2402,974,67,4,63.32
2403,975,16,4,9.26
2404,975,141,2,53.23
2405,975,149,4,103.46
2406,975,135,5,249.87
2407,976,149,6,103.46
2408,976,39,4,172.57
2409,977,16,6,9.26
2410,977,128,3,1676.16
2411,978,1,3,100.49
2412,978,55,4,126.48
2413,978,76,1,2140.68
2414,978,83,3,110.68
2415,979,126,3,537.80
2416,979,131,1,158.12
2417,979,147,4,119.34
2418,980,89,2,571.54
2419,981,146,3,435.02
2420,982,89,1,571.54
2421,982,131,6,158.12
2422,982,39,3,150.09
2423,983,39,2,150.09
2424,983,128,5,1676.16
2425,983,131,4,158.12
2426,984,54,3,11.25
2427,984,16,1,9.26
2428,984,76,3,2140.68
2429,984,7,2,94.53
2430,985,16,2,9.26
2431,985,109,3,6.27
2432,986,6,1,31.70
2433,986,129,4,20.39
2434,986,149,4,103.46
2435,987,16,1,9.26
2436,987,76,4,2140.68
2437,987,83,4,110.68
2438,988,16,3,12.44
2439,988,39,4,172.57
2440,989,135,4,249.87
2441,989,147,5,119.34
2442,990,71,1,5.88
2443,991,128,4,1676.16
2444,991,16,5,9.26
2445,992,135,1,249.87
2446,992,17,5,1848.55
2447,992,86,6,168.75
2448,992,7,3,94.53
2449,992,146,3,435.02
2450,993,34,6,966.54
2451,993,16,2,12.44
2452,994,131,3,158.12
2453,994,89,6,571.54
2454,994,54,2,11.25
2455,995,149,3,103.46
2456,996,76,3,2140.68
2457,996,135,6,249.87
2458,996,16,6,9.26
2459,996,131,4,158.12
2460,996,89,1,571.54
2461,997,106,3,535.13
2462,997,109,4,6.27
2463,998,146,6,435.02
2464,998,67,3,63.32
2465,999,76,1,2140.68
2466,999,80,6,46.29
2467,999,67,3,63.32
2468,1000,135,3,249.87
2469,1000,149,5,103.46
2470,1000,67,3,63.32
2471,1001,146,5,435.02
2472,1002,131,3,158.12
2473,1002,16,1,12.44
2474,1002,77,1,9.06
2475,1003,146,5,435.02
2476,1003,54,2,11.25
2477,1004,50,4,319.47
2478,1004,131,2,158.12
2479,1005,6,4,31.70
2480,1005,16,4,12.44
2481,1005,131,1,158.12
2482,1005,7,1,94.53
2483,1006,67,4,63.32
2484,1006,16,1,9.26
2485,1006,39,6,150.09
2486,1006,144,5,12.70
2487,1007,6,4,31.70
2488,1007,16,1,12.44
2489,1007,108,1,9.08
2490,1007,7,6,94.53
2491,1007,34,4,966.54
2492,1008,106,1,535.13
2493,1009,135,6,249.87
2494,1009,16,1,12.44
2495,1009,55,5,126.48
2496,1009,7,2,94.53
2497,1010,54,6,11.25
2498,1010,129,1,20.39
2499,1011,129,6,20.39
2500,1011,104,6,16.45
2501,1012,104,4,23.13
2502,1012,16,3,9.26
2503,1013,131,6,158.12
2504,1014,111,6,18.84
2505,1014,131,4,158.12
2506,1014,7,2,94.53
2507,1014,16,4,12.44
2508,1015,67,3,63.32
2509,1015,76,3,2140.68
2510,1015,34,1,966.54
2511,1016,16,4,9.26
2512,1017,86,5,168.75
2513,1017,16,3,12.44
2514,1017,6,3,31.70
2515,1018,149,2,103.46
2516,1018,55,1,126.48
2517,1018,16,3,12.44
2518,1019,39,1,150.09
2519,1019,141,4,39.30
2520,1020,16,2,9.26
2521,1020,55,3,126.48
2522,1021,146,2,435.02
2523,1021,135,5,249.87
2524,1021,16,4,9.26
2525,1022,135,2,249.87
2526,1023,39,5,172.57
2527,1023,128,3,1676.16
2528,1023,7,6,94.53
2529,1024,76,5,2140.68
2530,1025,16,2,12.44
2531,1026,76,3,2140.68
2532,1026,131,6,158.12
2533,1027,36,2,32.19
2534,1028,76,3,2140.68
2535,1028,50,3,319.47
2536,1028,16,3,9.26
2537,1028,131,1,158.12
2538,1029,19,1,13.79
2539,1029,86,6,168.75
2540,1029,6,3,31.70
2541,1030,111,2,18.84
2542,1030,34,3,966.54
2543,1030,91,1,17.43
2544,1031,39,2,150.09
2545,1031,131,6,158.12
2546,1031,135,4,249.87
2547,1031,16,1,9.26
2548,1032,11,3,10.30
2549,1033,11,1,10.30
2550,1033,108,3,9.08
2551,1034,18,3,1118.64
2552,1034,6,6,31.70
2553,1034,141,1,53.23
2554,1034,106,1,535.13
2555,1035,131,6,158.12
2556,1035,76,6,2140.68
2557,1035,67,3,63.32
2558,1035,89,6,571.54
2559,1036,34,3,966.54
2560,1036,109,6,6.27
2561,1037,55,2,126.48
2562,1037,104,4,23.13
2563,1037,34,4,966.54
2564,1038,9,3,5.62
2565,1038,146,5,435.02
2566,1038,16,6,9.26
2567,1039,109,2,6.27
2568,1039,34,2,966.54
2569,1039,86,1,168.75
2570,1040,51,4,479.39
2571,1040,16,2,9.26
2572,1040,9,3,5.62
2573,1041,129,6,20.39
2574,1041,135,5,249.87
2575,1042,76,3,2140.68
2576,1042,9,2,4.73
2577,1042,67,3,63.32
2578,1043,129,3,20.39
2579,1043,19,4,10.84
2580,1043,141,6,39.30
2581,1044,76,4,2140.68
2582,1045,39,3,150.09
2583,1045,149,3,103.46
2584,1045,16,5,12.44
2585,1046,16,3,9.26
2586,1046,67,6,63.32
2587,1047,71,3,5.88
2588,1047,89,6,571.54
2589,1048,131,5,158.12
2590,1049,126,4,745.21
2591,1049,131,6,158.12
2592,1049,135,2,249.87
2593,1049,55,5,126.48
2594,1050,71,4,5.88
2595,1050,135,4,249.87
2596,1051,1,6,100.49
2597,1052,131,2,158.12
2598,1052,6,1,31.70
2599,1053,55,3,126.48
2600,1054,80,5,46.29
2601,1055,129,3,20.39
2602,1055,51,5,479.39
2603,1055,126,2,537.80
2604,1056,34,2,966.54
2605,1056,131,5,158.12
2606,1056,135,6,249.87
2607,1057,135,2,249.87
2608,1057,146,3,435.02
2609,1057,9,3,4.73
2610,1058,71,4,5.88
2611,1058,149,1,103.46
2612,1058,16,5,9.26
2613,1058,104,2,16.45
2614,1059,55,3,126.48
2615,1059,113,3,27.67
2616,1060,16,2,9.26
2617,1060,111,2,18.84
2618,1060,104,6,23.13
2619,1061,1,5,100.49
2620,1061,16,6,9.26
2621,1061,129,4,20.39
2622,1061,135,5,249.87
2623,1062,131,3,158.12
2624,1063,146,2,435.02
2625,1064,141,6,39.30
2626,1064,16,6,12.44
2627,1064,76,4,2140.68
2628,1064,34,1,966.54
2629,1064,129,6,20.39
2630,1065,135,2,249.87
2631,1065,4,4,61.61
2632,1066,39,6,172.57
2633,1066,147,2,119.34
2634,1067,9,2,5.62
2635,1068,7,3,94.53
2636,1068,126,1,537.80
2637,1069,146,4,435.02
2638,1070,86,4,168.75
2639,1070,17,3,1848.55
2640,1070,149,2,103.46
2641,1070,50,3,319.47
2642,1071,131,4,158.12
2643,1071,16,6,9.26
2644,1071,4,2,48.17
2645,1072,135,5,249.87
2646,1072,16,2,9.26
2647,1072,39,4,150.09
2648,1072,1,3,100.49
2649,1072,69,2,376.17
2650,1073,16,4,12.44
2651,1073,149,5,103.46
2652,1074,76,5,2140.68
2653,1074,16,1,9.26
2654,1074,67,5,63.32
2655,1075,131,6,158.12
2656,1075,16,3,12.44
2657,1075,76,2,2140.68
2658,1076,67,5,63.32
2659,1076,16,4,9.26
2660,1077,51,4,479.39
2661,1077,131,4,158.12
2662,1077,16,5,9.26
2663,1077,67,1,63.32
2664,1078,39,6,150.09
2665,1078,142,1,3.96
2666,1078,135,5,249.87
2667,1079,135,2,249.87
2668,1079,39,5,172.57
2669,1079,9,5,4.73
2670,1079,16,4,12.44
2671,1079,131,4,158.12
2672,1080,109,6,6.27
2673,1081,146,3,435.02
2674,1081,76,4,2140.68
2675,1082,16,5,9.26
2676,1083,135,2,249.87
2677,1084,146,4,435.02
2678,1084,89,1,571.54
2679,1084,42,1,1621.81
2680,1085,55,2,126.48
2681,1085,89,5,571.54
2682,1085,16,5,9.26
2683,1086,111,6,18.84
2684,1086,16,2,9.26
2685,1086,142,1,3.96
2686,1087,128,1,1989.48
2687,1087,55,3,126.48
2688,1088,16,4,9.26
2689,1088,55,6,126.48
2690,1088,39,4,150.09
2691,1089,16,3,9.26
2692,1089,129,5,20.39
2693,1090,11,2,10.30
2694,1090,106,6,535.13
2695,1091,80,5,46.29
2696,1091,16,1,9.26
2697,1091,135,2,249.87
2698,1092,135,1,249.87
2699,1093,135,3,249.87
2700,1093,106,5,535.13
2701,1094,144,1,17.32
2702,1094,52,1,4.14
2703,1094,146,3,435.02
2704,1094,135,1,249.87
2705,1095,11,3,10.30
2706,1096,135,3,249.87
2707,1096,76,2,2140.68
2708,1096,129,2,20.39
2709,1096,4,2,61.61
2710,1097,109,6,6.27
2711,1097,104,2,16.45
2712,1097,67,2,63.32
2713,1098,128,4,1676.16
2714,1098,34,1,966.54
2715,1098,146,1,435.02
2716,1098,82,4,7.79
2717,1098,16,1,12.44
2718,1099,146,2,435.02
2719,1099,55,3,126.48
2720,1099,131,1,158.12
2721,1100,7,2,94.53
2722,1101,108,4,9.08
2723,1101,146,1,435.02
2724,1101,9,5,4.73
2725,1102,19,4,10.84
2726,1102,16,6,12.44
2727,1103,76,5,2140.68
2728,1103,106,1,535.13
2729,1103,135,6,249.87
2730,1103,39,3,172.57
2731,1104,4,5,48.17
2732,1104,16,6,9.26
2733,1104,67,5,63.32
2734,1104,147,6,119.34
2735,1104,146,2,435.02
2736,1105,113,3,27.67
2737,1106,104,5,23.13
2738,1106,54,6,11.25
2739,1107,4,5,48.17
2740,1107,11,1,10.30
2741,1107,131,2,158.12
2742,1108,76,5,2140.68
2743,1108,9,3,4.73
2744,1109,146,2,435.02
2745,1110,5,4,636.38
2746,1110,55,4,126.48
2747,1111,146,2,435.02
2748,1112,11,4,10.30
2749,1112,9,2,4.73
2750,1113,135,5,249.87
2751,1114,82,4,7.79
2752,1114,149,4,103.46
2753,1114,11,6,10.30
2754,1114,34,3,966.54
2755,1115,76,2,2140.68
2756,1116,92,1,1535.18
2757,1116,4,5,61.61
2758,1117,129,6,20.39
2759,1117,16,1,12.44
2760,1117,4,5,48.17
2761,1118,142,4,3.96
2762,1118,34,6,966.54
2763,1118,128,2,1989.48
2764,1119,19,2,10.84
2765,1119,149,3,103.46
2766,1119,39,3,150.09
2767,1120,135,4,249.87
2768,1120,67,1,63.32
2769,1120,76,5,2140.68
2770,1121,1,1,100.49
2771,1122,131,6,158.12
2772,1122,19,5,10.84
2773,1122,4,6,48.17
2774,1122,7,2,94.53
2775,1123,16,3,9.26
2776,1123,135,1,249.87
2777,1124,135,3,249.87
2778,1125,135,4,249.87
2779,1125,92,5,1535.18
2780,1125,39,2,150.09
2781,1125,146,5,435.02
2782,1125,51,2,479.39
2783,1126,6,4,31.70
2784,1127,11,1,10.30
2785,1127,39,6,150.09
2786,1127,131,3,158.12
2787,1128,19,5,10.84
2788,1128,149,2,103.46
2789,1129,52,2,4.14
2790,1130,89,6,571.54
2791,1131,129,5,20.39
2792,1131,135,4,249.87
2793,1131,16,1,12.44
2794,1132,16,3,12.44
2795,1132,146,4,435.02
2796,1132,129,5,20.39
2797,1133,144,4,12.70
2798,1133,135,1,249.87
2799,1133,131,5,158.12
2800,1133,55,4,126.48
2801,1134,1,5,100.49
2802,1134,4,5,48.17
2803,1135,86,3,225.04
2804,1135,135,6,249.87
2805,1135,140,3,19.65
2806,1135,71,3,5.88
2807,1136,82,6,7.79
2808,1137,135,1,249.87
2809,1137,55,5,126.48
2810,1138,39,2,150.09
2811,1138,19,3,10.84
2812,1139,135,3,249.87
2813,1139,16,3,9.26
2814,1139,77,5,9.06
2815,1139,39,1,150.09
2816,1140,106,2,535.13
2817,1140,129,2,20.39
2818,1141,89,1,571.54
2819,1142,50,4,319.47
2820,1142,131,5,158.12
2821,1142,16,4,9.26
2822,1143,55,5,126.48
2823,1143,106,2,535.13
2824,1143,89,5,571.54
2825,1143,135,5,249.87
2826,1143,67,3,63.32
2827,1144,141,1,53.23
2828,1144,16,1,9.26
2829,1144,76,5,2140.68
2830,1144,34,4,966.54
2831,1144,108,4,9.08
2832,1145,19,2,10.84
2833,1145,82,1,7.79
2834,1145,135,5,249.87
2835,1145,91,4,17.43
2836,1146,149,2,103.46
2837,1147,67,1,63.32
2838,1148,140,2,19.65
2839,1148,16,4,9.26
2840,1148,147,6,119.34
2841,1149,86,6,168.75
2842,1149,131,2,158.12
2843,1149,39,4,150.09
2844,1149,16,2,9.26
2845,1149,89,3,571.54
2846,1150,39,5,150.09
2847,1150,76,5,2140.68
2848,1151,16,5,12.44
2849,1151,50,5,319.47
2850,1152,16,6,9.26
2851,1152,142,4,3.96
2852,1153,80,1,49.74
2853,1153,135,6,249.87
2854,1153,149,2,103.46
2855,1153,16,3,9.26
2856,1154,17,2,1848.55
2857,1154,55,5,126.48
2858,1154,131,4,158.12
2859,1155,55,5,126.48
2860,1155,76,5,2140.68
2861,1155,131,4,158.12
2862,1156,7,3,94.53
2863,1156,146,1,435.02
2864,1157,17,5,1848.55
2865,1157,55,1,126.48
2866,1157,1,4,100.49
2867,1158,39,1,150.09
2868,1158,76,1,2140.68
2869,1158,135,2,249.87
2870,1159,146,5,435.02
2871,1159,39,1,150.09
2872,1159,106,4,535.13
2873,1160,51,6,479.39
2874,1160,17,1,1848.55
2875,1161,67,3,63.32
2876,1161,6,5,31.70
2877,1161,39,1,150.09
2878,1162,36,4,32.19
2879,1163,9,2,4.73
2880,1164,16,5,12.44
2881,1164,135,3,249.87
2882,1165,16,4,9.26
2883,1166,149,6,103.46
2884,1166,77,4,9.06
2885,1167,135,6,249.87
2886,1167,1,3,100.49
2887,1167,76,2,2140.68
2888,1167,131,4,158.12
2889,1168,55,5,126.48
2890,1168,6,6,31.70
2891,1168,146,4,435.02
2892,1169,39,3,150.09
2893,1169,106,5,535.13
2894,1169,67,3,63.32
2895,1170,67,4,63.32
2896,1170,131,3,158.12
2897,1171,5,3,636.38
2898,1171,146,3,435.02
2899,1171,117,2,1388.10
2900,1172,144,4,12.70
2901,1172,16,2,9.26
2902,1172,4,4,48.17
2903,1173,16,1,12.44
2904,1174,34,6,966.54
2905,1174,16,1,9.26
2906,1174,67,2,63.32
2907,1175,16,4,9.26
2908,1175,146,2,435.02
2909,1175,135,6,249.87
2910,1175,131,6,158.12
2911,1176,71,6,5.88
2912,1176,34,6,966.54
2913,1177,55,2,126.48
2914,1177,141,5,39.30
2915,1178,16,2,12.44
2916,1178,11,5,10.30
2917,1178,34,4,966.54
2918,1178,147,1,119.34
2919,1178,135,1,249.87
2920,1179,71,4,5.88
2921,1179,34,6,966.54
2922,1180,149,6,103.46
2923,1180,16,5,12.44
2924,1180,55,5,126.48
2925,1181,147,4,119.34
2926,1181,16,1,9.26
2927,1181,135,5,249.87
2928,1181,76,6,2140.68
2929,1182,106,6,535.13
2930,1182,146,5,435.02
2931,1183,55,6,126.48
2932,1183,16,6,9.26
2933,1183,67,6,63.32
2934,1184,34,6,966.54
2935,1184,16,1,12.44
2936,1184,6,1,31.70
2937,1184,135,5,249.87
2938,1185,16,1,9.26
2939,1185,135,6,249.87
2940,1185,39,4,150.09
2941,1186,16,6,9.26
2942,1187,39,3,150.09
2943,1187,6,3,31.70
2944,1188,131,4,158.12
2945,1188,55,5,126.48
2946,1188,129,4,20.39
2947,1189,77,1,9.06
2948,1189,11,6,10.30
2949,1190,89,5,571.54
2950,1191,86,1,168.75
2951,1191,80,4,46.29
2952,1191,146,6,435.02
2953,1191,1,4,100.49
2954,1192,7,4,94.53
2955,1193,131,3,158.12
2956,1194,34,1,966.54
2957,1194,147,4,119.34
2958,1194,55,1,126.48
2959,1195,19,5,13.79
2960,1195,149,2,103.46
2961,1195,16,6,12.44
2962,1196,129,2,20.39
2963,1196,71,6,5.88
2964,1196,34,4,966.54
2965,1197,7,3,94.53
2966,1198,6,2,31.70
2967,1199,76,5,2140.68
2968,1199,67,2,63.32
2969,1200,16,1,9.26
2970,1200,146,3,435.02
2971,1200,42,1,1621.81
2972,1200,39,1,150.09
2973,1201,106,3,535.13
2974,1201,89,5,571.54
2975,1201,19,1,10.84
2976,1201,146,6,435.02
2977,1201,5,6,636.38
2978,1202,16,4,12.44
2979,1202,39,4,172.57
2980,1202,135,2,249.87
2981,1202,9,3,4.73
2982,1202,146,3,435.02
2983,1203,50,5,319.47
2984,1204,52,1,4.14
2985,1204,39,4,150.09
2986,1204,135,6,249.87
2987,1205,16,5,9.26
2988,1205,106,5,535.13
2989,1206,67,2,63.32
2990,1206,39,2,172.57
2991,1207,19,6,13.79
2992,1207,140,3,19.65
2993,1207,147,1,119.34
2994,1207,76,3,2140.68
2995,1207,55,3,126.48
2996,1208,135,6,249.87
2997,1208,104,2,16.45
2998,1208,16,1,9.26
2999,1209,4,5,48.17
3000,1209,149,4,103.46
3001,1209,135,5,249.87
3002,1209,91,3,17.43
3003,1210,131,1,158.12
3004,1210,54,1,11.25
3005,1211,19,3,10.84
3006,1211,67,1,63.32
3007,1211,77,6,9.06
3008,1212,76,1,2140.68
3009,1212,7,1,94.53
3010,1213,19,5,10.84
3011,1213,39,3,172.57
3012,1213,82,3,7.79
3013,1213,129,3,20.39
3014,1214,62,3,266.25
3015,1215,77,4,9.06
3016,1215,39,4,150.09
3017,1216,16,1,9.26
3018,1216,67,4,63.32
3019,1217,76,3,2140.68
3020,1217,55,1,126.48
3021,1218,91,3,17.43
3022,1219,1,4,100.49
3023,1219,34,6,966.54
3024,1219,146,4,435.02
3025,1219,71,5,5.88
3026,1220,107,1,76.72
3027,1220,55,3,126.48
3028,1220,135,1,249.87
3029,1220,76,5,2140.68
3030,1221,20,1,153.36
3031,1221,16,1,12.44
3032,1222,62,4,266.25
3033,1222,34,5,966.54
3034,1222,135,6,249.87
3035,1223,16,3,9.26
3036,1223,77,3,9.06
3037,1223,149,3,103.46
3038,1223,131,3,158.12
3039,1224,16,1,9.26
3040,1224,149,4,103.46
3041,1224,135,2,249.87
3042,1225,106,1,535.13
3043,1225,89,3,571.54
3044,1226,135,6,249.87
3045,1227,135,2,249.87
3046,1227,108,3,9.08
3047,1228,20,1,153.36
3048,1228,11,2,10.30
3049,1228,146,6,435.02
3050,1228,117,6,1388.10
3051,1228,67,3,63.32
3052,1229,135,3,249.87
3053,1229,11,3,10.30
3054,1230,135,2,249.87
3055,1230,108,2,9.08
3056,1231,62,4,266.25
3057,1232,4,5,48.17
3058,1233,135,3,249.87
3059,1233,62,2,266.25
3060,1233,52,4,4.14
3061,1234,54,6,11.25
3062,1235,76,1,2140.68
3063,1235,89,1,571.54
3064,1235,39,3,150.09
3065,1236,146,3,435.02
3066,1236,39,6,150.09
3067,1237,135,4,249.87
3068,1238,39,4,150.09
3069,1238,55,4,126.48
3070,1238,89,5,571.54
3071,1238,1,6,100.49
3072,1239,16,2,12.44
3073,1240,135,1,249.87
3074,1240,131,5,158.12
3075,1241,149,4,103.46
3076,1241,135,1,249.87
3077,1241,146,6,435.02
3078,1242,146,1,435.02
3079,1242,128,5,1676.16
3080,1242,149,6,103.46
3081,1243,128,3,1676.16
3082,1243,54,2,11.25
3083,1244,16,3,9.26
3084,1245,1,3,100.49
3085,1245,131,4,158.12
3086,1245,16,2,12.44
3087,1245,55,2,126.48
3088,1245,76,3,2140.68
3089,1246,19,5,10.84
3090,1246,16,1,12.44
3091,1247,62,2,340.07
3092,1247,16,1,12.44
3093,1248,117,6,1388.10
3094,1248,7,3,94.53
3095,1248,62,5,340.07
3096,1249,62,4,340.07
3097,1249,39,2,150.09
3098,1250,16,3,12.44
3099,1250,135,5,249.87
3100,1250,7,3,94.53
3101,1251,62,3,266.25
3102,1251,54,6,11.25
3103,1251,6,3,31.70
3104,1251,5,2,636.38
3105,1251,146,5,435.02
3106,1252,20,4,153.36
3107,1253,109,2,6.27
3108,1253,146,2,435.02
3109,1254,135,3,249.87
3110,1254,23,4,818.78
3111,1254,71,4,5.88
3112,1255,106,6,535.13
3113,1255,4,1,48.17
3114,1255,135,3,249.87
3115,1256,54,1,11.25
3116,1256,107,6,76.72
3117,1257,104,5,16.45
3118,1258,55,3,126.48
3119,1258,9,3,4.73
3120,1259,71,4,5.88
3121,1259,16,3,9.26
3122,1260,76,6,2140.68
3123,1260,16,2,9.26
3124,1260,34,5,966.54
3125,1261,131,4,158.12
3126,1261,146,2,435.02
3127,1261,6,5,31.70
3128,1261,34,5,966.54
3129,1262,16,3,12.44
3130,1262,135,3,249.87
3131,1263,131,5,158.12
3132,1263,51,4,479.39
3133,1264,126,2,745.21
3134,1264,67,5,63.32
3135,1264,23,1,818.78
3136,1264,11,1,10.30
3137,1265,50,2,319.47
3138,1265,16,3,12.44
3139,1265,62,4,266.25
3140,1266,9,5,5.62
3141,1266,23,4,818.78
3142,1266,67,4,63.32
3143,1267,108,4,9.08
3144,1268,34,5,966.54
3145,1268,89,3,571.54
3146,1269,146,1,435.02
3147,1269,106,5,535.13
3148,1269,135,4,249.87
3149,1269,113,5,27.67
3150,1270,16,2,12.44
3151,1270,131,6,158.12
3152,1270,89,4,571.54
3153,1270,92,1,1662.94
3154,1271,76,3,2140.68
3155,1271,67,6,63.32
3156,1271,149,4,103.46
3157,1272,149,1,103.46
3158,1272,135,4,249.87
3159,1273,89,3,571.54
3160,1273,135,6,249.87
3161,1273,16,5,9.26
3162,1273,111,2,18.84
3163,1274,76,1,2140.68
3164,1274,147,5,119.34
3165,1274,77,4,9.06
3166,1275,91,2,17.43
3167,1276,135,4,249.87
3168,1276,80,4,46.29
3169,1276,55,5,126.48
3170,1276,16,1,9.26
3171,1277,55,5,126.48
3172,1278,91,2,17.43
3173,1279,6,3,31.70
3174,1279,146,4,435.02
3175,1280,6,5,31.70
3176,1280,146,1,435.02
3177,1280,76,6,2140.68
3178,1281,55,1,126.48
3179,1281,16,3,9.26
3180,1281,39,5,172.57
3181,1281,23,3,818.78
3182,1282,76,2,2140.68
3183,1282,104,2,16.45
3184,1282,16,5,9.26
3185,1282,39,1,150.09
3186,1283,16,3,9.26
3187,1283,106,5,535.13
3188,1283,131,3,158.12
3189,1284,5,6,636.38
3190,1285,117,4,1388.10
3191,1285,106,6,535.13
3192,1285,67,4,63.32
3193,1285,129,6,20.39
3194,1286,6,5,31.70
3195,1286,142,6,3.96
3196,1287,16,1,9.26
3197,1287,76,2,2140.68
3198,1287,55,5,126.48
3199,1287,95,4,181.93
3200,1287,20,5,153.36
3201,1288,89,3,571.54
3202,1289,9,6,5.62
3203,1290,82,4,11.03
3204,1291,89,4,571.54
3205,1291,146,2,435.02
3206,1291,76,4,2140.68
3207,1291,16,1,9.26
3208,1291,6,3,31.70
3209,1292,4,3,48.17
3210,1292,89,6,571.54
3211,1293,80,2,49.74
3212,1293,55,3,126.48
3213,1293,7,3,94.53
3214,1293,95,2,143.83
3215,1294,140,4,19.65
3216,1295,16,3,12.44
3217,1296,106,3,535.13
3218,1296,34,2,966.54
3219,1296,146,2,435.02
3220,1297,135,1,249.87
3221,1297,34,1,966.54
3222,1297,76,5,2140.68
3223,1298,147,4,119.34
3224,1298,39,2,172.57
3225,1299,131,2,158.12
3226,1299,129,1,20.39
3227,1300,131,2,158.12
3228,1301,135,3,249.87
3229,1302,16,6,12.44
3230,1302,23,2,818.78
3231,1302,129,6,20.39
3232,1303,19,6,13.79
3233,1304,135,4,249.87
3234,1305,16,2,12.44
3235,1305,21,2,363.62
3236,1306,7,3,94.53
3237,1307,108,2,9.08
3238,1307,9,4,4.73
3239,1307,147,6,119.34
3240,1308,91,2,17.43
3241,1308,16,3,9.26
3242,1309,91,2,17.43
3243,1309,54,5,11.25
3244,1309,55,2,126.48
3245,1309,16,5,9.26
3246,1309,4,4,48.17
3247,1310,146,1,435.02
3248,1310,4,2,48.17
3249,1310,62,5,266.25
3250,1310,55,2,126.48
3251,1311,104,1,23.13
3252,1312,11,5,10.30
3253,1312,135,5,249.87
3254,1312,76,1,2140.68
3255,1312,146,3,435.02
3256,1312,109,1,6.27
3257,1313,129,1,20.39
3258,1313,19,2,10.84
3259,1313,135,4,249.87
3260,1314,39,2,150.09
3261,1315,135,1,249.87
3262,1315,9,6,4.73
3263,1315,140,4,19.65
3264,1315,69,1,376.17
3265,1316,135,4,249.87
3266,1316,16,2,9.26
3267,1316,34,4,966.54
3268,1316,21,2,363.62
3269,1317,4,6,48.17
3270,1317,34,5,966.54
3271,1317,1,2,100.49
3272,1317,131,6,158.12
3273,1318,72,6,125.19
3274,1318,16,3,9.26
3275,1318,62,6,266.25
3276,1318,4,4,48.17
3277,1318,76,1,2140.68
3278,1319,38,4,2072.70
3279,1320,1,2,100.49
3280,1321,67,5,63.32
3281,1321,21,4,363.62
3282,1322,141,2,53.23
3283,1323,135,5,249.87
3284,1323,131,3,158.12
3285,1323,39,6,150.09
3286,1323,55,6,126.48
3287,1324,129,2,20.39
3288,1325,16,4,12.44
3289,1325,4,1,61.61
3290,1325,135,4,249.87
3291,1325,149,5,103.46
3292,1325,27,2,85.73
3293,1326,76,3,2140.68
3294,1326,16,3,9.26
3295,1327,67,5,63.32
3296,1327,76,3,2140.68
3297,1327,149,3,103.46
3298,1328,1,4,100.49
3299,1328,76,4,2140.68
3300,1328,135,2,249.87
3301,1328,149,6,103.46
3302,1328,91,5,17.43
3303,1329,67,3,63.32
3304,1329,9,5,4.73
3305,1329,131,1,158.12
3306,1330,55,6,126.48
3307,1330,89,1,571.54
3308,1330,131,6,158.12
3309,1330,136,1,56.69
3310,1331,76,4,2140.68
3311,1331,16,3,12.44
3312,1331,135,2,249.87
3313,1332,4,5,48.17
3314,1332,135,6,249.87
3315,1333,108,1,9.08
3316,1333,51,3,479.39
3317,1333,76,5,2140.68
3318,1333,109,1,6.27
3319,1334,89,4,571.54
3320,1334,11,2,10.30
3321,1334,1,4,100.49
3322,1334,55,6,126.48
3323,1335,50,1,319.47
3324,1336,16,3,9.26
3325,1337,39,2,150.09
3326,1337,16,5,9.26
3327,1337,4,3,61.61
3328,1337,7,1,94.53
3329,1338,54,2,11.25
3330,1338,38,6,2072.70
3331,1338,62,4,340.07
3332,1339,55,3,126.48
3333,1340,89,1,571.54
3334,1340,55,6,126.48
3335,1340,62,4,340.07
3336,1340,17,2,1848.55
3337,1341,9,6,4.73
3338,1341,39,5,150.09
3339,1342,16,4,9.26
3340,1343,16,5,9.26
3341,1343,42,3,1621.81
3342,1344,76,2,2140.68
3343,1344,135,3,249.87
3344,1345,146,6,435.02
3345,1345,39,1,172.57
3346,1346,23,6,818.78
3347,1346,142,5,3.96
3348,1346,62,6,266.25
3349,1346,80,6,46.29
3350,1346,38,5,2072.70
3351,1347,86,2,168.75
3352,1348,104,3,16.45
3353,1349,76,4,2140.68
3354,1350,67,1,63.32
3355,1350,72,1,125.19
3356,1350,27,3,85.73
3357,1351,55,6,126.48
3358,1351,95,2,181.93
3359,1351,62,6,266.25
3360,1352,21,3,363.62
3361,1352,86,3,168.75
3362,1353,9,5,4.73
3363,1354,141,6,39.30
3364,1354,34,1,966.54
3365,1355,16,1,9.26
3366,1355,6,1,31.70
3367,1355,149,2,103.46
3368,1356,21,3,363.62
3369,1356,149,1,103.46
3370,1357,21,4,363.62
3371,1357,20,1,153.36
3372,1357,142,2,3.96
3373,1358,62,4,266.25
3374,1358,27,3,85.73
3375,1359,62,2,266.25
3376,1359,6,6,31.70
3377,1359,129,1,20.39
3378,1360,131,6,158.12
3379,1360,16,1,9.26
3380,1361,16,5,9.26
3381,1361,4,3,48.17
3382,1361,135,1,249.87
3383,1362,55,6,126.48
3384,1362,76,4,2140.68
3385,1363,135,4,249.87
3386,1364,76,4,2140.68
3387,1364,142,1,5.01
3388,1364,67,2,63.32
3389,1365,7,2,94.53
3390,1366,77,4,9.06
3391,1366,142,1,5.01
3392,1366,146,3,435.02
3393,1366,135,1,249.87
3394,1366,54,4,11.25
3395,1367,89,4,571.54
3396,1367,34,3,966.54
3397,1367,82,6,7.79
3398,1368,16,5,9.26
3399,1369,62,4,266.25
3400,1369,19,5,10.84
3401,1369,6,4,31.70
3402,1370,146,3,435.02
3403,1370,39,2,150.09
3404,1371,21,1,363.62
3405,1371,39,6,150.09
3406,1371,34,4,966.54
3407,1372,135,5,249.87
3408,1372,38,3,2072.70
3409,1372,5,1,636.38
3410,1373,131,2,158.12
3411,1373,135,6,249.87
3412,1374,83,5,110.68
3413,1375,131,3,158.12
3414,1375,50,5,319.47
3415,1376,27,6,85.73
3416,1376,142,5,3.96
3417,1377,23,4,818.78
3418,1378,39,6,172.57
3419,1378,135,6,249.87
3420,1379,16,2,12.44
3421,1379,135,5,249.87
3422,1380,144,4,12.70
3423,1380,91,3,17.43
3424,1381,71,5,5.88
3425,1381,19,6,10.84
3426,1381,77,1,9.06
3427,1382,149,6,103.46
3428,1383,129,4,20.39
3429,1383,109,4,6.27
3430,1384,39,3,150.09
3431,1384,16,5,9.26
3432,1384,34,1,966.54
3433,1384,129,5,20.39
3434,1384,76,1,2140.68
3435,1385,16,3,12.44
3436,1385,80,6,46.29
3437,1385,77,4,9.06
3438,1385,135,3,249.87
3439,1386,89,5,571.54
3440,1386,6,3,31.70
3441,1387,18,1,1118.64
3442,1387,20,5,153.36
3443,1388,55,3,126.48
3444,1388,146,4,435.02
3445,1388,129,1,20.39
3446,1389,11,6,10.30
3447,1389,146,3,435.02
3448,1389,23,5,818.78
3449,1390,16,5,9.26
3450,1390,17,6,1848.55
3451,1390,4,6,48.17
3452,1390,6,1,31.70
3453,1391,89,4,571.54
3454,1391,62,6,340.07
3455,1392,77,2,9.06
3456,1392,62,6,266.25
3457,1393,1,1,100.49
3458,1393,21,4,363.62
3459,1393,126,1,745.21
3460,1393,76,1,2140.68
3461,1394,16,6,9.26
3462,1394,23,6,818.78
3463,1395,135,3,249.87
3464,1395,50,2,319.47
3465,1395,67,2,63.32
3466,1396,146,1,435.02
3467,1396,135,3,249.87
3468,1397,62,3,266.25
3469,1397,18,5,1118.64
3470,1398,39,3,150.09
3471,1398,23,4,818.78
3472,1399,39,4,172.57
3473,1399,67,1,63.32
3474,1399,21,1,363.62
3475,1400,89,2,571.54
3476,1400,129,4,20.39
3477,1401,76,6,2140.68
3478,1401,129,5,20.39
3479,1401,39,6,172.57
3480,1402,11,4,10.30
3481,1402,131,2,158.12
3482,1403,91,2,17.43
3483,1403,62,4,266.25
3484,1403,109,6,6.27
3485,1403,16,5,9.26
3486,1404,27,6,85.73
3487,1404,129,2,20.39
3488,1404,76,3,2140.68
3489,1405,9,2,4.73
3490,1405,62,2,340.07
3491,1405,16,6,9.26
3492,1406,6,5,31.70
3493,1406,55,4,126.48
3494,1407,76,2,2140.68
3495,1407,39,1,172.57
3496,1407,21,4,387.81
3497,1407,67,4,63.32
3498,1407,16,6,12.44
3499,1408,135,2,249.87
3500,1408,69,4,376.17
3501,1408,131,6,158.12
3502,1408,147,1,119.34
3503,1409,23,5,818.78
3504,1409,7,1,94.53
3505,1410,83,6,110.68
3506,1411,89,3,571.54
3507,1411,9,5,4.73
3508,1411,16,3,9.26
3509,1411,50,2,319.47
3510,1412,6,2,31.70
3511,1412,147,6,119.34
3512,1413,1,1,100.49
3513,1413,149,6,103.46
3514,1413,71,1,5.88
3515,1413,135,1,249.87
3516,1413,51,3,479.39
3517,1414,131,5,158.12
3518,1414,39,6,172.57
3519,1415,149,4,103.46
3520,1415,136,5,56.69
3521,1416,104,1,16.45
3522,1416,146,4,435.02
3523,1416,21,3,363.62
3524,1417,135,2,249.87
3525,1417,147,1,119.34
3526,1417,144,5,12.70
3527,1417,16,2,9.26
3528,1418,89,1,571.54
3529,1419,34,4,966.54
3530,1419,146,2,435.02
3531,1420,109,1,6.27
3532,1420,4,4,61.61
3533,1421,55,5,126.48
3534,1421,9,4,5.62
3535,1422,146,2,435.02
3536,1422,67,5,63.32
3537,1423,55,4,126.48
3538,1423,34,2,966.54
3539,1424,146,4,435.02
3540,1424,129,5,20.39
3541,1425,16,3,9.26
3542,1425,76,4,2140.68
3543,1425,82,2,11.03
3544,1426,131,2,158.12
3545,1426,76,6,2140.68
3546,1426,92,2,1535.18
3547,1426,4,5,48.17
3548,1427,135,4,249.87
3549,1428,39,2,172.57
3550,1428,76,6,2140.68
3551,1428,82,3,7.79
3552,1428,11,6,10.30
3553,1429,77,3,9.06
3554,1430,82,3,7.79
3555,1430,115,3,1593.08
3556,1430,131,6,158.12
3557,1431,62,3,340.07
3558,1431,54,1,11.25
3559,1431,117,6,1388.10
3560,1432,146,6,435.02
3561,1432,76,1,2140.68
3562,1432,113,6,27.67
3563,1432,115,4,1593.08
3564,1433,89,1,571.54
3565,1433,11,1,10.30
3566,1434,11,6,10.30
3567,1435,16,6,12.44
3568,1435,89,5,571.54
3569,1435,76,4,2140.68
3570,1436,149,4,103.46
3571,1436,16,5,9.26
3572,1436,62,4,340.07
3573,1436,140,5,22.17
3574,1437,89,6,571.54
3575,1438,62,3,266.25
3576,1439,16,4,9.26
3577,1439,142,1,3.96
3578,1440,16,1,9.26
3579,1440,55,2,126.48
3580,1440,7,4,94.53
3581,1440,9,4,4.73
3582,1441,62,1,266.25
3583,1441,115,1,1593.08
3584,1441,16,4,9.26
3585,1442,16,4,9.26
3586,1443,16,2,9.26
3587,1443,89,1,571.54
3588,1444,149,3,103.46
3589,1445,16,6,9.26
3590,1445,4,6,61.61
3591,1446,16,1,9.26
3592,1446,21,3,387.81
3593,1447,106,1,535.13
3594,1447,67,2,63.32
3595,1448,23,2,818.78
3596,1448,34,1,966.54
3597,1449,16,5,9.26
3598,1449,140,1,19.65
3599,1449,135,3,249.87
3600,1450,71,5,5.88
3601,1451,149,4,103.46
3602,1451,115,1,1593.08
3603,1451,16,5,9.26
3604,1452,76,5,2140.68
3605,1453,106,5,535.13
3606,1453,135,3,249.87
3607,1453,21,2,363.62
3608,1454,62,4,266.25
3609,1455,146,6,435.02
3610,1456,20,3,153.36
3611,1456,141,3,39.30
3612,1457,141,3,53.23
3613,1457,147,5,119.34
3614,1457,54,6,11.25
3615,1457,1,5,100.49
3616,1458,135,3,249.87
3617,1458,76,5,2140.68
3618,1458,16,1,9.26
3619,1459,135,6,249.87
3620,1459,140,1,22.17
3621,1459,146,6,435.02
3622,1459,131,1,158.12
3623,1459,21,6,363.62
3624,1460,54,5,11.25
3625,1460,16,6,9.26
3626,1461,135,4,249.87
3627,1462,23,1,818.78
3628,1462,108,3,9.08
3629,1462,34,3,966.54
3630,1463,146,6,435.02
3631,1463,76,5,2140.68
3632,1463,131,3,158.12
3633,1463,128,1,1676.16
3634,1464,115,2,1593.08
3635,1465,131,5,158.12
3636,1465,126,3,745.21
3637,1466,21,3,387.81
3638,1466,135,6,249.87
3639,1466,150,3,634.04
3640,1467,115,2,1593.08
3641,1467,135,3,249.87
3642,1467,89,4,571.54
3643,1467,131,6,158.12
3644,1468,62,6,266.25
3645,1469,19,5,13.79
3646,1469,39,2,150.09
3647,1469,135,3,249.87
3648,1469,62,3,266.25
3649,1470,129,4,20.39
3650,1470,126,5,537.80
3651,1471,77,3,9.06
3652,1472,16,1,9.26
3653,1473,55,4,126.48
3654,1473,11,6,10.30
3655,1474,76,3,2140.68
3656,1474,146,4,435.02
3657,1474,7,3,94.53
3658,1475,135,4,249.87
3659,1475,50,5,319.47
3660,1475,62,4,266.25
3661,1475,115,4,1593.08
3662,1476,39,2,150.09
3663,1476,16,6,12.44
3664,1476,76,4,2140.68
3665,1477,7,5,94.53
3666,1478,128,4,1676.16
3667,1478,16,3,12.44
3668,1478,106,6,535.13
3669,1479,4,2,48.17
3670,1479,76,3,2140.68
3671,1480,62,1,340.07
3672,1480,21,1,363.62
3673,1481,92,6,1662.94
3674,1481,21,6,363.62
3675,1482,16,2,9.26
3676,1483,135,6,249.87
3677,1484,146,4,435.02
3678,1484,142,5,3.96
3679,1485,55,5,126.48
3680,1485,144,1,17.32
3681,1485,62,3,340.07
3682,1485,104,4,23.13
3683,1486,67,6,63.32
3684,1486,16,1,12.44
3685,1486,76,4,2140.68
3686,1487,55,1,126.48
3687,1487,62,1,340.07
3688,1487,149,6,103.46
3689,1487,21,6,363.62
3690,1487,76,1,2140.68
3691,1488,16,5,9.26
3692,1489,6,2,31.70
3693,1489,77,5,9.06
3694,1489,83,3,110.68
3695,1489,16,1,9.26
3696,1490,146,4,435.02
3697,1490,144,2,12.70
3698,1490,76,3,2140.68
3699,1491,9,1,4.73
3700,1491,34,3,966.54
3701,1491,146,3,435.02
3702,1492,19,1,13.79
3703,1492,16,2,9.26
3704,1492,86,4,168.75
3705,1492,126,4,745.21
3706,1492,11,2,10.30
3707,1493,149,3,103.46
3708,1493,62,5,266.25
3709,1494,54,1,11.25
3710,1494,147,1,119.34
3711,1494,115,6,1593.08
3712,1495,55,4,126.48
3713,1495,51,4,479.39
3714,1495,21,1,363.62
3715,1496,108,2,9.08
3716,1496,131,5,158.12
3717,1497,5,5,636.38
3718,1497,16,1,12.44
3719,1497,62,5,266.25
3720,1498,16,1,9.26
3721,1498,146,2,435.02
3722,1498,111,1,18.84
3723,1498,89,5,571.54
3724,1498,76,3,2140.68
3725,1499,1,3,100.49
3726,1499,16,5,12.44
3727,1499,5,2,636.38
3728,1500,16,2,9.26
3729,1500,89,1,571.54
3730,1501,16,3,9.26
3731,1501,4,4,48.17
3732,1502,62,1,266.25
3733,1502,115,6,1593.08
3734,1502,126,5,537.80
3735,1503,76,3,2140.68
3736,1503,34,1,966.54
3737,1503,16,4,9.26
3738,1503,51,1,479.39
3739,1504,131,2,158.12
3740,1504,16,1,9.26
3741,1504,62,3,266.25
3742,1504,55,4,126.48
3743,1505,34,1,966.54
3744,1505,106,5,535.13
3745,1505,149,5,103.46
3746,1506,20,6,153.36
3747,1506,76,2,2140.68
3748,1506,135,5,249.87
3749,1507,34,3,966.54
3750,1507,146,6,435.02
3751,1507,131,5,158.12
3752,1508,62,1,266.25
3753,1508,135,1,249.87
3754,1509,16,3,9.26
3755,1509,34,4,966.54
3756,1510,92,5,1662.94
3757,1511,16,2,12.44
3758,1511,77,3,9.06
3759,1511,11,4,10.30
3760,1512,9,6,4.73
3761,1512,117,1,1388.10
3762,1513,55,6,126.48
3763,1513,19,3,10.84
3764,1513,11,2,10.30
3765,1513,135,5,249.87
3766,1514,16,3,9.26
3767,1514,62,6,340.07
3768,1515,89,4,571.54
3769,1515,4,3,48.17
3770,1516,62,1,266.25
3771,1516,16,2,9.26
3772,1517,6,3,31.70
3773,1517,109,4,6.27
3774,1517,131,6,158.12
3775,1518,91,6,17.43
3776,1518,4,1,48.17
3777,1518,146,1,435.02
3778,1519,76,4,2140.68
3779,1519,55,3,126.48
3780,1519,109,1,6.27
3781,1520,117,5,1388.10
3782,1520,76,6,2140.68
3783,1521,135,2,249.87
3784,1522,20,2,153.36
3785,1522,21,2,387.81
3786,1522,76,4,2140.68
3787,1522,16,5,9.26
3788,1523,16,5,12.44
3789,1523,34,3,966.54
3790,1523,4,4,48.17
3791,1524,1,6,100.49
3792,1524,89,2,571.54
3793,1525,21,2,363.62
3794,1526,21,1,363.62
3795,1527,80,3,46.29
3796,1527,67,3,63.32
3797,1528,17,5,1848.55
3798,1529,16,3,12.44
3799,1529,76,4,2140.68
3800,1529,83,6,110.68
3801,1530,82,4,11.03
3802,1530,104,4,16.45
3803,1530,4,1,48.17
3804,1530,76,6,2140.68
3805,1531,95,5,143.83
3806,1531,135,3,249.87
3807,1531,23,2,818.78
3808,1531,131,5,158.12
3809,1531,62,2,266.25
3810,1532,109,5,6.27
3811,1532,76,5,2140.68
3812,1532,144,5,12.70
3813,1532,52,3,4.14
3814,1533,16,2,12.44
3815,1533,6,3,31.70
3816,1533,17,2,1848.55
3817,1534,142,5,3.96
3818,1534,106,5,535.13
3819,1535,117,1,1388.10
3820,1535,77,6,9.06
3821,1535,7,5,94.53
3822,1535,111,3,18.84
3823,1536,6,6,31.70
3824,1537,131,1,158.12
3825,1538,19,6,10.84
3826,1538,16,4,12.44
3827,1539,34,2,966.54
3828,1539,62,4,266.25
3829,1539,100,1,1939.75
3830,1540,4,1,48.17
3831,1540,135,3,249.87
3832,1540,80,1,46.29
3833,1541,16,6,9.26
3834,1542,38,3,2072.70
3835,1542,141,6,39.30
3836,1543,146,2,435.02
3837,1543,16,3,9.26
3838,1543,115,5,1593.08
3839,1544,131,6,158.12
3840,1544,62,3,266.25
3841,1545,62,6,266.25
3842,1545,92,5,1662.94
3843,1545,104,4,16.45
3844,1546,5,2,636.38
3845,1546,21,4,363.62
3846,1546,109,1,6.27
3847,1546,16,6,9.26
3848,1547,16,4,9.26
3849,1547,76,5,2140.68
3850,1548,34,5,966.54
3851,1549,34,4,966.54
3852,1549,141,3,39.30
3853,1550,16,6,9.26
3854,1550,146,5,435.02
3855,1550,128,1,1676.16
3856,1550,135,6,249.87
3857,1551,16,1,9.26
3858,1551,34,1,966.54
3859,1552,135,5,249.87
3860,1553,62,1,266.25
3861,1553,11,4,10.30
3862,1554,147,4,119.34
3863,1554,131,5,158.12
3864,1554,54,3,11.25
3865,1555,131,3,158.12
3866,1555,146,2,435.02
3867,1555,34,6,966.54
3868,1555,149,6,103.46
3869,1556,146,4,435.02
3870,1556,89,3,571.54
3871,1557,18,2,1118.64
3872,1557,149,4,103.46
3873,1557,135,4,249.87
3874,1558,1,2,100.49
3875,1558,144,6,12.70
3876,1558,146,1,435.02
3877,1559,127,4,313.94
3878,1559,80,5,46.29
3879,1559,135,5,249.87
3880,1560,146,1,435.02
3881,1560,34,1,966.54
3882,1561,16,4,9.26
3883,1562,51,2,479.39
3884,1562,131,1,158.12
3885,1563,11,5,10.30
3886,1563,62,6,340.07
3887,1564,71,6,5.88
3888,1564,16,5,12.44
3889,1565,17,4,1848.55
3890,1565,144,3,12.70
3891,1565,146,3,435.02
3892,1566,135,1,249.87
3893,1566,76,2,2140.68
3894,1567,135,4,249.87
3895,1568,131,2,158.12
3896,1568,104,2,23.13
3897,1569,76,4,2140.68
3898,1569,100,2,1939.75
3899,1570,67,2,63.32
3900,1570,76,2,2140.68
3901,1571,16,1,9.26
3902,1571,149,5,103.46
3903,1572,62,1,266.25
3904,1573,71,3,5.88
3905,1573,67,3,63.32
3906,1574,135,1,249.87
3907,1574,131,1,158.12
3908,1575,64,5,14.36
3909,1575,92,1,1535.18
3910,1575,23,1,818.78
3911,1575,108,6,9.08
3912,1575,135,3,249.87
3913,1576,131,4,158.12
3914,1577,55,5,126.48
3915,1577,16,4,9.26
3916,1577,39,5,172.57
3917,1578,16,4,9.26
3918,1579,135,4,249.87
3919,1579,147,6,119.34
3920,1579,146,5,435.02
3921,1579,39,4,172.57
3922,1580,135,3,249.87
3923,1580,42,6,1621.81
3924,1581,109,4,6.27
3925,1581,16,5,12.44
3926,1581,146,5,435.02
3927,1581,105,4,26.10
3928,1582,109,3,6.27
3929,1583,69,4,376.17
3930,1584,20,3,153.36
3931,1584,147,3,119.34
3932,1584,62,2,340.07
3933,1585,16,1,12.44
3934,1586,23,5,818.78
3935,1586,16,2,12.44
3936,1586,34,3,966.54
3937,1587,131,2,158.12
3938,1587,76,5,2140.68
3939,1587,17,5,1848.55
3940,1587,39,1,150.09
3941,1588,129,3,20.39
3942,1589,19,2,10.84
3943,1589,135,5,249.87
3944,1589,11,1,10.30
3945,1590,146,6,435.02
3946,1590,111,5,18.84
3947,1590,23,1,818.78
3948,1590,31,4,5.71
3949,1591,125,5,859.33
3950,1591,39,2,150.09
3951,1591,104,6,23.13
3952,1591,146,6,435.02
3953,1591,107,2,76.72
3954,1592,16,5,9.26
3955,1592,69,2,376.17
3956,1592,6,6,31.70
3957,1592,100,5,1939.75
3958,1592,135,3,249.87
3959,1593,19,5,10.84
3960,1593,55,3,126.48
3961,1593,76,5,2140.68
3962,1594,50,1,319.47
3963,1595,95,6,143.83
3964,1595,140,2,19.65
3965,1596,67,2,63.32
3966,1597,4,3,48.17
3967,1597,146,1,435.02
3968,1598,135,6,249.87
3969,1598,39,1,150.09
3970,1598,6,3,31.70
3971,1598,21,3,387.81
3972,1599,38,4,2072.70
3973,1599,142,4,3.96
3974,1599,146,4,435.02
3975,1599,54,6,11.25
3976,1600,62,3,340.07
3977,1601,82,6,7.79
3978,1601,9,5,4.73
3979,1601,64,4,14.36
3980,1602,89,6,571.54
3981,1603,129,6,20.39
3982,1603,23,2,818.78
3983,1603,16,1,9.26
3984,1603,21,2,363.62
3985,1604,62,6,266.25
3986,1604,34,4,966.54
3987,1604,19,5,10.84
3988,1604,126,1,537.80
3989,1604,7,6,94.53
3990,1605,77,4,9.06
3991,1605,62,4,266.25
3992,1606,21,3,363.62
3993,1606,31,1,5.71
3994,1606,89,3,571.54
3995,1606,106,1,535.13
3996,1607,50,1,319.47
3997,1607,149,4,103.46
3998,1608,125,6,859.33
3999,1609,16,6,12.44
4000,1609,67,4,63.32
4001,1609,76,5,2140.68
4002,1610,19,6,10.84
4003,1611,16,3,12.44
4004,1611,135,3,249.87
4005,1612,4,3,61.61
4006,1612,39,4,150.09
4007,1612,16,6,12.44
4008,1612,11,6,10.30
4009,1612,135,6,249.87
4010,1613,16,2,9.26
4011,1613,146,6,435.02
4012,1613,34,6,966.54
4013,1613,111,3,18.84
4014,1614,7,3,94.53
4015,1614,135,2,249.87
4016,1614,146,4,435.02
4017,1614,108,5,9.08
4018,1615,55,6,126.48
4019,1615,62,3,266.25
4020,1615,69,6,376.17
4021,1615,147,5,119.34
4022,1616,31,1,5.71
4023,1616,23,4,818.78
4024,1616,64,6,14.36
4025,1617,115,6,1593.08
4026,1617,106,6,535.13
4027,1617,11,5,10.30
4028,1617,57,3,33.31
4029,1618,16,1,9.26
4030,1619,115,3,1593.08
4031,1619,144,2,17.32
4032,1620,146,4,435.02
4033,1620,54,4,11.25
4034,1620,38,4,2072.70
4035,1620,57,6,33.31
4036,1621,16,2,12.44
4037,1621,55,6,126.48
4038,1622,131,2,158.12
4039,1622,146,6,435.02
4040,1622,76,2,2140.68
4041,1623,104,1,16.45
4042,1623,106,4,535.13
4043,1623,55,2,126.48
4044,1623,89,4,571.54
4045,1624,136,5,56.69
4046,1625,92,3,1662.94
4047,1625,62,5,266.25
4048,1625,86,2,168.75
4049,1625,76,6,2140.68
4050,1626,19,3,13.79
4051,1626,135,6,249.87
4052,1626,146,6,435.02
4053,1626,16,6,9.26
4054,1627,149,4,103.46
4055,1627,62,2,266.25
4056,1627,16,2,12.44
4057,1627,64,5,15.90
4058,1628,135,3,249.87
4059,1628,137,4,439.07
4060,1629,23,1,818.78
4061,1629,16,5,9.26
4062,1630,129,4,20.39
4063,1630,135,2,249.87
4064,1630,6,5,31.70
4065,1631,39,3,150.09
4066,1631,34,5,966.54
4067,1631,109,2,6.27
4068,1632,16,5,9.26
4069,1632,131,3,158.12
4070,1633,67,4,63.32
4071,1633,111,6,18.84
4072,1633,135,6,249.87
4073,1634,62,3,266.25
4074,1634,115,4,1593.08
4075,1635,67,5,63.32
4076,1635,105,2,26.10
4077,1635,6,2,31.70
4078,1636,129,5,20.39
4079,1636,7,5,94.53
4080,1636,62,4,266.25
4081,1637,57,3,33.31
4082,1637,4,6,48.17
4083,1637,16,1,12.44
4084,1638,135,1,249.87
4085,1638,57,5,33.31
4086,1639,127,5,313.94
4087,1640,77,2,9.06
4088,1640,135,4,249.87
4089,1641,62,1,266.25
4090,1641,106,2,535.13
4091,1642,106,4,535.13
4092,1642,16,3,9.26
4093,1643,42,6,1621.81
4094,1643,100,6,1939.75
4095,1644,55,1,126.48
4096,1644,19,6,10.84
4097,1644,80,3,46.29
4098,1645,23,2,818.78
4099,1645,34,3,966.54
4100,1645,106,5,535.13
4101,1646,83,1,110.68
4102,1647,77,5,9.06
4103,1647,50,3,319.47
4104,1647,86,4,168.75
4105,1647,146,2,435.02
4106,1648,106,5,535.13
4107,1648,76,3,2140.68
4108,1649,19,5,10.84
4109,1649,16,1,9.26
4110,1649,131,3,158.12
4111,1649,146,6,435.02
4112,1649,34,5,966.54
4113,1650,83,2,110.68
4114,1650,16,4,12.44
4115,1650,86,1,225.04
4116,1651,76,1,2140.68
4117,1652,20,5,153.36
4118,1653,76,2,2140.68
4119,1654,106,6,535.13
4120,1654,16,6,9.26
4121,1655,131,3,158.12
4122,1655,76,4,2140.68
4123,1655,82,2,7.79
4124,1655,115,6,1593.08
4125,1656,6,5,31.70
4126,1656,107,4,76.72
4127,1656,57,3,44.57
4128,1657,34,3,966.54
4129,1657,9,3,4.73
4130,1658,1,6,100.49
4131,1658,67,5,63.32
4132,1658,39,2,150.09
4133,1659,54,2,11.25
4134,1659,50,1,319.47
4135,1660,135,3,249.87
4136,1660,31,3,5.71
4137,1661,19,5,10.84
4138,1661,23,2,818.78
4139,1661,57,3,33.31
4140,1661,4,4,48.17
4141,1661,62,5,266.25
4142,1662,89,2,571.54
4143,1662,51,2,479.39
4144,1663,20,3,153.36
4145,1663,95,5,181.93
4146,1664,42,4,1621.81
4147,1664,23,1,818.78
4148,1665,16,2,9.26
4149,1665,95,1,143.83
4150,1665,62,3,340.07
4151,1665,31,2,5.71
4152,1665,146,3,435.02
4153,1666,16,6,12.44
4154,1666,149,2,103.46
4155,1667,55,6,126.48
4156,1668,6,2,31.70
4157,1668,91,3,17.43
4158,1668,135,5,249.87
4159,1669,16,6,9.26
4160,1669,129,1,20.39
4161,1669,39,2,172.57
4162,1669,51,5,479.39
4163,1669,62,1,266.25
4164,1670,16,1,9.26
4165,1670,64,2,15.90
4166,1670,146,4,435.02
4167,1671,149,6,103.46
4168,1671,131,6,158.12
4169,1671,23,5,818.78
4170,1672,19,3,10.84
4171,1672,20,3,153.36
4172,1672,34,3,966.54
4173,1672,131,1,158.12
4174,1672,55,6,126.48
4175,1673,39,1,150.09
4176,1673,126,4,537.80
4177,1674,144,2,12.70
4178,1674,146,3,435.02
4179,1674,16,5,12.44
4180,1675,9,2,4.73
4181,1675,64,1,15.90
4182,1676,31,3,5.71
4183,1676,16,2,9.26
4184,1676,38,6,2072.70
4185,1677,4,5,48.17
4186,1678,55,6,126.48
4187,1678,108,6,9.08
4188,1678,11,3,10.30
4189,1678,62,4,266.25
4190,1679,71,4,5.88
4191,1679,131,6,158.12
4192,1679,76,6,2140.68
4193,1680,115,3,1593.08
4194,1681,131,4,158.12
4195,1681,57,4,33.31
4196,1681,51,3,479.39
4197,1681,135,2,249.87
4198,1681,52,2,4.14
4199,1682,57,5,33.31
4200,1682,20,6,153.36
4201,1682,11,5,10.30
4202,1683,39,3,172.57
4203,1683,89,5,571.54
4204,1683,9,6,4.73
4205,1684,135,1,249.87
4206,1684,83,1,110.68
4207,1684,146,4,435.02
4208,1684,21,3,363.62
4209,1684,76,6,2140.68
4210,1685,51,6,479.39
4211,1685,131,5,158.12
4212,1685,16,3,9.26
4213,1686,4,5,48.17
4214,1686,83,3,110.68
4215,1686,42,4,1621.81
4216,1686,142,6,5.01
4217,1687,50,3,319.47
4218,1687,135,5,249.87
4219,1687,16,1,9.26
4220,1687,115,3,1593.08
4221,1687,62,6,266.25
4222,1688,11,6,10.30
4223,1689,135,1,249.87
4224,1689,76,5,2140.68
4225,1689,4,4,48.17
4226,1690,104,2,23.13
4227,1690,137,4,439.07
4228,1691,131,3,158.12
4229,1691,57,2,33.31
4230,1692,6,5,31.70
4231,1692,92,3,1535.18
4232,1692,117,2,1388.10
4233,1692,55,1,126.48
4234,1693,149,4,103.46
4235,1693,104,3,16.45
4236,1694,1,5,100.49
4237,1694,62,2,340.07
4238,1694,9,5,4.73
4239,1694,34,6,966.54
4240,1695,146,2,435.02
4241,1695,129,6,20.39
4242,1695,4,6,48.17
4243,1695,16,1,9.26
4244,1695,135,4,249.87
4245,1696,4,4,61.61
4246,1697,146,3,435.02
4247,1697,27,6,85.73
4248,1697,62,1,266.25
4249,1698,121,4,1103.11
4250,1698,140,6,19.65
4251,1698,16,6,9.26
4252,1698,39,5,150.09
4253,1699,115,1,1593.08
4254,1699,62,6,340.07
4255,1700,23,1,818.78
4256,1701,146,2,435.02
4257,1701,6,6,31.70
4258,1701,109,6,6.27
4259,1701,131,5,158.12
4260,1702,64,3,14.36
4261,1702,7,3,94.53
4262,1702,9,4,4.73
4263,1703,67,6,63.32
4264,1703,55,5,126.48
4265,1703,135,4,249.87
4266,1704,121,5,1103.11
4267,1704,92,5,1535.18
4268,1704,67,4,63.32
4269,1705,109,6,6.27
4270,1706,89,2,571.54
4271,1707,21,2,363.62
4272,1708,121,6,1103.11
4273,1708,131,5,158.12
4274,1709,16,1,9.26
4275,1709,55,3,126.48
4276,1709,4,6,48.17
4277,1710,89,4,571.54
4278,1711,149,5,103.46
4279,1711,4,2,48.17
4280,1711,16,1,12.44
4281,1712,52,3,4.14
4282,1713,131,5,158.12
4283,1713,146,1,435.02
4284,1713,107,4,76.72
4285,1713,16,5,12.44
4286,1713,57,4,33.31
4287,1714,23,4,818.78
4288,1714,146,3,435.02
4289,1715,6,2,31.70
4290,1715,76,4,2140.68
4291,1715,62,4,340.07
4292,1716,9,1,4.73
4293,1716,16,6,12.44
4294,1717,16,6,9.26
4295,1718,16,1,9.26
4296,1718,149,6,103.46
4297,1718,20,6,153.36
4298,1719,146,6,435.02
4299,1719,115,6,1593.08
4300,1719,16,2,9.26
4301,1720,144,1,12.70
4302,1721,140,1,19.65
4303,1721,16,6,9.26
4304,1722,137,3,439.07
4305,1723,5,5,636.38
4306,1723,106,2,535.13
4307,1723,127,2,313.94
4308,1723,146,1,435.02
4309,1723,107,4,76.72
4310,1724,91,1,17.43
4311,1724,62,1,266.25
4312,1725,131,2,158.12
4313,1726,62,6,266.25
4314,1727,105,2,26.10
4315,1727,4,2,48.17
4316,1727,115,2,1593.08
4317,1727,55,2,126.48
4318,1728,135,5,249.87
4319,1728,54,6,11.25
4320,1728,19,4,10.84
4321,1729,86,2,168.75
4322,1729,131,1,158.12
4323,1729,4,1,48.17
4324,1730,11,6,10.30
4325,1730,7,4,94.53
4326,1731,55,6,126.48
4327,1732,39,2,172.57
4328,1732,16,6,12.44
4329,1733,57,1,33.31
4330,1734,21,1,387.81
4331,1735,121,3,1103.11
4332,1735,149,2,103.46
4333,1736,16,2,9.26
4334,1736,140,5,19.65
4335,1737,135,2,249.87
4336,1737,16,2,9.26
4337,1738,131,5,158.12
4338,1738,146,4,435.02
4339,1739,76,5,2140.68
4340,1739,64,1,15.90
4341,1740,117,4,1388.10
4342,1740,39,3,150.09
4343,1740,106,6,535.13
4344,1740,62,3,266.25
4345,1741,6,5,31.70
4346,1741,146,2,435.02
4347,1741,21,5,387.81
4348,1741,11,3,10.30
4349,1742,104,6,23.13
4350,1742,39,5,150.09
4351,1743,113,6,27.67
4352,1744,16,6,12.44
4353,1745,71,5,5.88
4354,1745,16,1,9.26
4355,1746,16,5,9.26
4356,1746,57,2,44.57
4357,1746,62,5,266.25
4358,1746,4,2,61.61
4359,1747,149,2,103.46
4360,1747,69,6,376.17
4361,1747,89,2,571.54
4362,1748,135,5,249.87
4363,1748,115,4,1593.08
4364,1748,39,5,150.09
4365,1749,106,2,535.13
4366,1749,131,3,158.12
4367,1749,19,1,13.79
4368,1750,16,5,12.44
4369,1751,23,4,818.78
4370,1751,67,2,63.32
4371,1752,64,4,15.90
4372,1752,104,6,23.13
4373,1752,57,3,33.31
4374,1752,115,2,1593.08
4375,1752,7,3,94.53
4376,1753,76,5,2140.68
4377,1753,16,3,9.26
4378,1753,34,2,966.54
4379,1754,100,2,1939.75
4380,1755,64,5,15.90
4381,1755,100,1,1939.75
4382,1755,6,1,31.70
4383,1755,121,2,1103.11
4384,1755,76,4,2140.68
4385,1756,146,4,435.02
4386,1756,91,2,17.43
4387,1756,54,5,11.25
4388,1756,57,1,33.31
4389,1756,76,1,2140.68
4390,1757,76,3,2140.68
4391,1757,9,5,5.62
4392,1757,127,6,313.94
4393,1758,83,5,110.68
4394,1758,129,1,20.39
4395,1758,16,4,9.26
4396,1758,126,4,537.80
4397,1759,135,5,249.87
4398,1759,16,1,9.26
4399,1760,67,3,63.32
4400,1761,146,2,435.02
4401,1761,131,6,158.12
4402,1762,16,4,9.26
4403,1762,146,6,435.02
4404,1762,50,5,319.47
4405,1762,6,2,31.70
4406,1762,55,3,126.48
4407,1763,39,6,172.57
4408,1763,76,3,2140.68
4409,1763,4,6,48.17
4410,1764,57,3,44.57
4411,1764,1,5,100.49
4412,1764,149,3,103.46
4413,1765,20,2,153.36
4414,1765,109,4,6.27
4415,1766,146,2,435.02
4416,1767,67,3,63.32
4417,1767,21,1,387.81
4418,1767,107,5,87.02
4419,1768,16,6,12.44
4420,1768,76,4,2140.68
4421,1768,131,1,158.12
4422,1769,39,6,172.57
4423,1769,31,1,5.71
4424,1770,128,6,1676.16
4425,1771,121,2,1103.11
4426,1771,23,1,818.78
4427,1771,19,4,10.84
4428,1772,55,6,126.48
4429,1772,69,2,376.17
4430,1773,137,6,439.07
4431,1774,17,1,1848.55
4432,1774,129,3,20.39
4433,1775,23,2,818.78
4434,1775,92,4,1535.18
4435,1775,131,2,158.12
4436,1776,125,3,859.33
4437,1777,16,6,12.44
4438,1777,64,3,14.36
4439,1777,47,3,20.98
4440,1778,131,4,158.12
4441,1778,23,1,818.78
4442,1778,57,6,33.31
4443,1779,19,6,10.84
4444,1779,5,4,636.38
4445,1779,146,4,435.02
4446,1779,115,2,1593.08
4447,1780,131,2,158.12
4448,1780,16,1,12.44
4449,1781,51,2,479.39
4450,1781,31,1,5.71
4451,1781,135,1,249.87
4452,1781,16,4,9.26
4453,1781,55,3,126.48
4454,1782,121,6,1103.11
4455,1782,127,3,313.94
4456,1782,131,4,158.12
4457,1783,47,5,20.98
4458,1783,16,1,9.26
4459,1783,62,3,266.25
4460,1783,135,1,249.87
4461,1784,54,3,11.25
4462,1785,121,5,1103.11
4463,1785,135,1,249.87
4464,1786,144,3,17.32
4465,1786,91,5,17.43
4466,1786,16,3,9.26
4467,1787,121,4,1103.11
4468,1788,16,3,12.44
4469,1788,76,2,2140.68
4470,1788,140,6,19.65
4471,1788,9,4,4.73
4472,1789,55,4,126.48
4473,1789,6,3,31.70
4474,1790,76,6,2140.68
4475,1790,11,2,10.30
4476,1790,6,5,31.70
4477,1790,131,4,158.12
4478,1791,7,4,94.53
4479,1791,131,2,158.12
4480,1792,76,6,2140.68
4481,1792,23,4,818.78
4482,1792,4,1,48.17
4483,1792,135,5,249.87
4484,1793,39,1,150.09
4485,1793,62,4,266.25
4486,1794,16,4,9.26
4487,1794,121,5,1103.11
4488,1794,54,5,11.25
4489,1795,16,4,9.26
4490,1796,23,4,818.78
4491,1796,16,2,9.26
4492,1797,140,6,19.65
4493,1797,129,4,20.39
4494,1798,135,6,249.87
4495,1798,147,4,119.34
4496,1798,7,5,94.53
4497,1798,23,1,818.78
4498,1799,16,5,12.44
4499,1800,39,6,150.09
4500,1801,16,3,12.44
4501,1801,135,1,249.87
4502,1801,146,1,435.02
4503,1802,107,4,76.72
4504,1802,131,6,158.12
4505,1803,104,2,23.13
4506,1804,149,5,103.46
4507,1804,76,2,2140.68
4508,1805,21,2,363.62
4509,1805,16,2,9.26
4510,1806,39,4,150.09
4511,1806,67,1,63.32
4512,1807,71,2,5.88
4513,1807,104,6,23.13
4514,1808,57,1,33.31
4515,1808,39,5,150.09
4516,1808,62,2,266.25
4517,1809,11,6,10.30
4518,1810,142,1,3.96
4519,1811,47,4,20.98
4520,1811,146,4,435.02
4521,1811,16,5,12.44
4522,1811,128,2,1676.16
4523,1812,108,3,9.08
4524,1812,9,2,5.62
4525,1813,67,3,63.32
4526,1813,72,1,125.19
4527,1813,19,6,10.84
4528,1814,135,3,249.87
4529,1814,89,1,571.54
4530,1814,6,1,31.70
4531,1814,4,3,61.61
4532,1815,115,3,1593.08
4533,1815,100,5,1939.75
4534,1816,76,4,2140.68
4535,1816,135,2,249.87
4536,1817,55,5,126.48
4537,1817,1,1,100.49
4538,1817,62,5,340.07
4539,1818,80,2,46.29
4540,1818,9,1,4.73
4541,1818,47,1,20.98
4542,1819,76,4,2140.68
4543,1819,62,3,266.25
4544,1819,135,3,249.87
4545,1820,7,6,94.53
4546,1821,16,6,9.26
4547,1821,89,6,571.54
4548,1822,55,4,126.48
4549,1822,11,1,10.30
4550,1822,88,5,17.13
4551,1822,62,6,266.25
4552,1822,135,3,249.87
4553,1823,146,2,435.02
4554,1823,77,1,9.06
4555,1823,106,2,535.13
4556,1824,50,1,319.47
4557,1824,142,2,5.01
4558,1824,88,5,17.13
4559,1824,62,4,266.25
4560,1825,135,3,249.87
4561,1825,64,1,14.36
4562,1825,23,2,818.78
4563,1826,129,5,20.39
4564,1826,76,3,2140.68
4565,1827,106,3,535.13
4566,1827,137,5,439.07
4567,1827,76,6,2140.68
4568,1827,57,5,33.31
4569,1827,55,5,126.48
4570,1828,108,6,9.08
4571,1828,91,3,17.43
4572,1828,135,2,249.87
4573,1829,146,4,435.02
4574,1830,146,6,435.02
4575,1830,76,2,2140.68
4576,1830,16,4,12.44
4577,1830,20,5,153.36
4578,1831,39,3,150.09
4579,1831,4,5,48.17
4580,1832,4,5,48.17
4581,1832,16,1,9.26
4582,1832,137,6,439.07
4583,1833,9,4,4.73
4584,1833,7,2,94.53
4585,1834,76,4,2140.68
4586,1834,1,1,100.49
4587,1834,88,6,17.13
4588,1835,135,3,249.87
4589,1835,19,5,10.84
4590,1835,39,1,150.09
4591,1835,4,1,48.17
4592,1836,135,1,249.87
4593,1836,16,5,9.26
4594,1836,145,1,533.13
4595,1836,67,3,63.32
4596,1836,57,5,33.31
4597,1837,9,5,4.73
4598,1837,55,5,126.48
4599,1837,146,1,435.02
4600,1838,52,1,4.14
4601,1838,17,4,2350.00
4602,1838,88,3,17.13
4603,1838,19,4,13.79
4604,1839,47,2,20.98
4605,1840,39,5,150.09
4606,1840,121,2,1103.11
4607,1840,31,1,5.71
4608,1840,146,2,435.02
4609,1841,20,1,153.36
4610,1841,142,6,3.96
4611,1841,76,5,2140.68
4612,1841,38,4,2072.70
4613,1842,47,5,20.98
4614,1842,121,6,1103.11
4615,1843,47,5,20.98
4616,1843,135,1,249.87
4617,1843,75,4,7.34
4618,1844,55,4,126.48
4619,1845,31,6,5.71
4620,1845,16,2,9.26
4621,1846,31,1,5.71
4622,1847,34,4,966.54
4623,1847,75,4,7.34
4624,1847,16,2,9.26
4625,1848,88,3,17.13
4626,1848,47,3,20.98
4627,1848,146,5,435.02
4628,1848,76,4,2140.68
4629,1849,47,3,20.98
4630,1850,4,5,61.61
4631,1850,16,2,9.26
4632,1850,75,6,7.34
4633,1850,55,6,126.48
4634,1851,16,2,9.26
4635,1851,55,4,126.48
4636,1851,89,5,571.54
4637,1851,88,6,17.13
4638,1851,39,5,150.09
4639,1852,135,4,249.87
4640,1852,145,5,402.40
4641,1852,76,1,2140.68
4642,1852,47,3,20.98
4643,1852,57,6,44.57
4644,1853,146,1,435.02
4645,1853,19,3,10.84
4646,1854,39,6,172.57
4647,1854,88,5,17.13
4648,1854,16,4,12.44
4649,1854,76,2,2140.68
4650,1855,35,1,118.27
4651,1855,57,6,44.57
4652,1856,137,5,439.07
4653,1856,76,4,2140.68
4654,1856,39,3,150.09
4655,1856,4,5,48.17
4656,1857,149,2,103.46
4657,1858,89,4,571.54
4658,1858,81,5,70.67
4659,1858,35,2,118.27
4660,1858,57,4,44.57
4661,1858,55,2,126.48
4662,1859,129,2,20.39
4663,1859,135,5,249.87
4664,1860,142,1,3.96
4665,1860,21,5,363.62
4666,1860,146,4,435.02
4667,1860,69,5,376.17
4668,1861,100,4,1939.75
4669,1862,66,4,1668.91
4670,1862,76,1,2140.68
4671,1863,88,1,17.13
4672,1864,146,2,435.02
4673,1864,76,1,2140.68
4674,1864,92,1,1662.94
4675,1865,9,5,5.62
4676,1866,64,4,14.36
4677,1866,21,2,363.62
4678,1866,57,3,33.31
4679,1867,88,5,17.13
4680,1867,34,6,966.54
4681,1868,34,2,966.54
4682,1868,71,6,5.88
4683,1869,135,2,249.87
4684,1869,62,4,340.07
4685,1870,16,6,9.26
4686,1870,135,6,249.87
4687,1870,76,4,2140.68
4688,1870,35,5,118.27
4689,1871,67,4,63.32
4690,1871,71,5,5.88
4691,1871,76,1,2140.68
4692,1872,16,2,9.26
4693,1872,57,4,33.31
4694,1872,141,6,39.30
4695,1872,88,3,17.13
4696,1873,4,5,48.17
4697,1873,47,1,20.98
4698,1873,135,4,249.87
4699,1874,149,1,103.46
4700,1875,128,5,1676.16
4701,1875,88,6,17.13
4702,1875,149,1,103.46
4703,1875,131,1,158.12
4704,1875,135,1,249.87
4705,1876,34,3,966.54
4706,1876,135,4,249.87
4707,1877,9,2,4.73
4708,1877,7,4,94.53
4709,1877,131,4,158.12
4710,1877,35,3,118.27
4711,1878,62,6,266.25
4712,1878,121,3,1103.11
4713,1878,135,5,249.87
4714,1879,149,5,103.46
4715,1879,88,2,17.13
4716,1880,38,1,2072.70
4717,1880,106,3,535.13
4718,1880,135,1,249.87
4719,1880,55,4,126.48
4720,1881,76,2,2140.68
4721,1882,135,1,249.87
4722,1882,23,2,818.78
4723,1882,106,1,535.13
4724,1883,146,4,435.02
4725,1884,76,5,2140.68
4726,1885,21,4,387.81
4727,1885,121,3,1103.11
4728,1886,76,2,2140.68
4729,1887,55,3,126.48
4730,1887,131,5,158.12
4731,1887,149,2,103.46
4732,1887,18,4,1118.64
4733,1888,76,4,2140.68
4734,1889,39,5,150.09
4735,1889,88,5,17.13
4736,1889,131,2,158.12
4737,1890,140,3,19.65
4738,1890,64,2,14.36
4739,1890,146,6,435.02
4740,1890,47,2,20.98
4741,1891,50,4,319.47
4742,1891,75,5,7.34
4743,1891,92,6,1535.18
4744,1892,135,2,249.87
4745,1893,55,6,126.48
4746,1893,39,6,150.09
4747,1893,17,6,1848.55
4748,1893,86,1,168.75
4749,1893,16,3,12.44
4750,1894,57,3,33.31
4751,1894,31,4,5.71
4752,1894,80,5,46.29
4753,1894,108,5,9.08
4754,1895,146,4,435.02
4755,1895,121,6,1103.11
4756,1896,135,3,249.87
4757,1896,140,3,19.65
4758,1896,31,2,5.71
4759,1897,38,1,2072.70
4760,1898,150,6,634.04
4761,1899,16,1,9.26
4762,1899,39,3,150.09
4763,1899,20,4,153.36
4764,1900,121,4,1103.11
4765,1900,4,1,48.17
4766,1900,105,1,26.10
4767,1901,57,5,33.31
4768,1901,34,3,966.54
4769,1901,21,6,363.62
4770,1902,23,2,818.78
4771,1902,72,2,125.19
4772,1902,35,2,118.27
4773,1903,71,5,5.88
4774,1903,4,1,48.17
4775,1903,31,1,5.71
4776,1903,144,5,12.70
4777,1904,146,1,435.02
4778,1905,38,3,2072.70
4779,1906,4,5,48.17
4780,1907,149,2,103.46
4781,1907,35,6,118.27
4782,1907,19,5,13.79
4783,1907,62,3,340.07
4784,1908,54,1,11.25
4785,1908,62,1,340.07
4786,1908,127,4,313.94
4787,1908,76,3,2140.68
4788,1909,76,6,2140.68
4789,1910,35,2,118.27
4790,1910,23,4,818.78
4791,1910,11,5,10.30
4792,1911,131,4,158.12
4793,1911,106,3,535.13
4794,1912,146,6,435.02
4795,1913,149,4,103.46
4796,1913,31,6,5.71
4797,1914,121,6,1103.11
4798,1914,62,1,266.25
4799,1915,121,5,1103.11
4800,1916,16,3,9.26
4801,1916,76,4,2140.68
4802,1916,135,4,249.87
4803,1916,64,6,14.36
4804,1917,141,1,53.23
4805,1917,55,4,126.48
4806,1918,57,5,33.31
4807,1918,86,4,225.04
4808,1918,137,1,439.07
4809,1918,35,3,118.27
4810,1919,88,1,17.13
4811,1919,76,3,2140.68
4812,1919,131,2,158.12
4813,1919,35,4,118.27
4814,1919,146,1,435.02
4815,1920,1,5,100.49
4816,1920,57,1,33.31
4817,1920,62,1,266.25
4818,1921,51,3,479.39
4819,1921,131,4,158.12
4820,1921,108,5,9.08
4821,1921,39,4,150.09
4822,1922,39,3,150.09
4823,1922,135,1,249.87
4824,1923,1,4,100.49
4825,1923,89,1,571.54
4826,1924,104,4,23.13
4827,1925,1,4,100.49
4828,1925,9,4,4.73
4829,1926,95,5,143.83
4830,1926,35,2,118.27
4831,1926,82,3,11.03
4832,1927,16,5,9.26
4833,1928,16,6,9.26
4834,1928,6,3,31.70
4835,1928,52,6,4.14
4836,1929,47,1,20.98
4837,1929,16,5,9.26
4838,1929,121,4,1103.11
4839,1929,129,3,20.39
4840,1929,21,1,363.62
4841,1930,121,3,1103.11
4842,1930,135,2,249.87
4843,1930,146,3,435.02
4844,1930,125,4,859.33
4845,1931,135,5,249.87
4846,1931,89,4,571.54
4847,1932,144,1,12.70
4848,1932,91,1,17.43
4849,1932,64,1,14.36
4850,1932,146,5,435.02
4851,1933,135,1,249.87
4852,1933,55,4,126.48
4853,1933,62,4,340.07
4854,1933,19,5,10.84
4855,1934,47,5,20.98
4856,1934,39,6,172.57
4857,1935,64,5,15.90
4858,1935,50,2,319.47
4859,1935,121,3,1103.11
4860,1935,88,6,17.13
4861,1936,7,6,94.53
4862,1936,55,4,126.48
4863,1937,135,4,249.87
4864,1937,76,6,2140.68
4865,1938,146,6,435.02
4866,1939,39,2,172.57
4867,1939,62,2,266.25
4868,1940,23,5,818.78
4869,1941,71,3,5.88
4870,1941,62,2,340.07
4871,1941,16,3,9.26
4872,1942,88,1,17.13
4873,1942,62,4,266.25
4874,1942,81,1,70.67
4875,1942,89,3,571.54
4876,1942,7,1,94.53
4877,1943,51,1,479.39
4878,1944,106,4,535.13
4879,1944,39,2,172.57
4880,1944,35,5,118.27
4881,1945,146,1,435.02
4882,1945,55,4,126.48
4883,1945,121,6,1103.11
4884,1946,64,3,14.36
4885,1946,16,5,12.44
4886,1946,62,3,266.25
4887,1947,131,2,158.12
4888,1947,150,6,634.04
4889,1947,67,5,63.32
4890,1948,88,2,17.13
4891,1948,141,1,53.23
4892,1948,39,2,150.09
4893,1948,47,4,20.98
4894,1949,16,2,9.26
4895,1949,129,5,20.39
4896,1950,16,1,9.26
4897,1950,4,6,48.17
4898,1950,17,6,1848.55
4899,1951,127,1,313.94
4900,1951,11,6,10.30
4901,1952,57,6,33.31
4902,1952,149,1,103.46
4903,1953,16,4,12.44
4904,1953,47,3,20.98
4905,1954,57,2,33.31
4906,1954,31,2,5.71
4907,1955,9,1,4.73
4908,1955,89,4,571.54
4909,1956,89,3,571.54
4910,1956,6,6,31.70
4911,1956,67,6,63.32
4912,1956,147,3,119.34
4913,1956,64,6,14.36
4914,1957,35,1,118.27
4915,1957,11,5,10.30
4916,1957,80,1,46.29
4917,1958,149,3,103.46
4918,1958,64,2,14.36
4919,1959,31,1,5.71
4920,1959,76,4,2140.68
4921,1960,39,2,150.09
4922,1960,16,1,9.26
4923,1960,88,4,17.13
4924,1961,39,4,150.09
4925,1961,121,4,1103.11
4926,1962,135,3,249.87
4927,1962,81,1,70.67
4928,1962,88,4,17.13
4929,1962,57,3,33.31
4930,1963,135,2,249.87
4931,1963,6,1,31.70
4932,1963,89,2,571.54
4933,1963,137,3,439.07
4934,1964,62,4,340.07
4935,1964,39,1,150.09
4936,1965,23,2,818.78
4937,1965,83,4,110.68
4938,1966,108,4,9.08
4939,1966,89,6,571.54
4940,1966,16,4,9.26
4941,1967,88,4,17.13
4942,1967,11,2,10.30
4943,1967,80,6,46.29
4944,1968,39,4,150.09
4945,1968,135,4,249.87
4946,1968,55,3,126.48
4947,1969,135,6,249.87
4948,1970,135,5,249.87
4949,1971,16,5,9.26
4950,1971,39,1,150.09
4951,1971,57,3,33.31
4952,1972,62,2,266.25
4953,1972,135,3,249.87
4954,1972,55,5,126.48
4955,1972,47,3,20.98
4956,1973,117,1,1388.10
4957,1973,34,1,966.54
4958,1974,144,5,17.32
4959,1974,76,4,2140.68
4960,1975,121,5,1103.11
4961,1975,21,5,363.62
4962,1976,131,2,158.12
4963,1976,62,3,340.07
4964,1977,76,6,2140.68
4965,1978,39,4,172.57
4966,1978,76,6,2140.68
4967,1978,16,3,12.44
4968,1978,124,6,10.01
4969,1979,135,6,249.87
4970,1979,16,1,9.26
4971,1980,62,6,340.07
4972,1980,124,5,10.01
4973,1980,35,1,118.27
4974,1981,142,1,3.96
4975,1981,35,5,118.27
4976,1981,5,1,636.38
4977,1981,135,3,249.87
4978,1982,135,6,249.87
4979,1983,55,2,126.48
4980,1983,135,2,249.87
4981,1984,135,2,249.87
4982,1984,88,2,17.13
4983,1984,39,4,172.57
4984,1984,142,4,3.96
4985,1985,124,3,10.01
4986,1985,4,6,61.61
4987,1986,16,5,12.44
4988,1986,57,5,33.31
4989,1987,1,6,100.49
4990,1988,109,6,6.27
4991,1988,104,1,23.13
4992,1988,88,5,17.13
4993,1988,76,5,2140.68
4994,1988,39,5,150.09
4995,1989,19,1,10.84
4996,1989,141,2,39.30
4997,1989,4,2,48.17
4998,1990,104,2,16.45
4999,1990,55,6,126.48
5000,1990,34,5,966.54
5001,1990,19,1,13.79
5002,1991,111,2,18.84
5003,1991,75,6,7.34
5004,1991,16,6,9.26
5005,1991,129,1,20.39
5006,1992,16,6,9.26
5007,1992,76,2,2140.68
5008,1993,19,1,13.79
5009,1993,35,4,118.27
5010,1993,55,4,126.48
5011,1993,62,1,340.07
5012,1994,91,3,17.43
5013,1994,35,5,118.27
5014,1994,149,5,103.46
5015,1995,146,5,435.02
5016,1995,1,6,100.49
5017,1995,135,1,249.87
5018,1996,75,5,7.34
5019,1996,149,6,103.46
5020,1996,21,3,363.62
5021,1996,11,5,10.30
5022,1997,34,2,966.54
5023,1997,39,6,150.09
5024,1997,88,1,17.13
5025,1997,115,6,1593.08
5026,1998,1,6,100.49
5027,1998,81,2,70.67
5028,1999,115,5,1593.08
5029,1999,9,1,5.62
5030,2000,109,5,6.27
5031,2000,36,1,32.19
5032,2001,7,1,94.53
5033,2002,76,3,2140.68
5034,2002,106,2,535.13
5035,2002,127,5,313.94
5036,2002,111,1,18.84
5037,2003,121,5,1103.11
5038,2003,124,5,10.01
5039,2004,39,2,150.09
5040,2004,62,2,266.25
5041,2004,69,6,376.17
5042,2005,34,2,966.54
5043,2005,62,1,266.25
5044,2005,81,4,70.67
5045,2005,77,6,9.06
5046,2006,100,4,1939.75
5047,2006,104,1,16.45
5048,2006,146,5,435.02
5049,2007,16,5,9.26
5050,2008,21,2,363.62
5051,2009,64,4,14.36
5052,2009,115,2,1593.08
5053,2009,62,5,266.25
5054,2009,106,4,535.13
5055,2010,69,3,376.17
5056,2010,135,5,249.87
5057,2011,34,5,966.54
5058,2011,19,6,10.84
5059,2012,57,1,44.57
5060,2013,23,5,818.78
5061,2013,57,1,33.31
5062,2014,76,2,2140.68
5063,2014,82,2,7.79
5064,2015,117,1,1388.10
5065,2015,81,3,70.67
5066,2015,21,5,363.62
5067,2015,35,6,118.27
5068,2016,88,1,17.13
5069,2017,140,6,19.65
5070,2017,88,4,17.13
5071,2018,135,3,249.87
5072,2018,17,5,1848.55
5073,2019,127,6,313.94
5074,2019,76,1,2140.68
5075,2019,115,2,1593.08
5076,2020,121,5,1103.11
5077,2020,16,5,12.44
5078,2021,127,5,313.94
5079,2021,6,5,31.70
5080,2021,64,4,14.36
5081,2022,82,6,7.79
5082,2022,135,4,249.87
5083,2023,34,4,966.54
5084,2023,88,4,17.13
5085,2023,135,6,249.87
5086,2023,31,1,5.71
5087,2024,76,1,2140.68
5088,2024,57,5,33.31
5089,2024,145,6,402.40
5090,2025,51,2,479.39
5091,2025,39,1,172.57
5092,2026,62,2,266.25
5093,2026,71,5,5.88
5094,2027,135,3,249.87
5095,2027,35,1,118.27
5096,2028,95,3,143.83
5097,2029,57,6,33.31
5098,2029,16,3,12.44
5099,2029,39,3,150.09
5100,2030,135,1,249.87
5101,2030,146,3,435.02
5102,2030,82,1,7.79
5103,2031,1,4,100.49
5104,2031,83,2,110.68
5105,2032,62,5,266.25
5106,2032,47,6,20.98
5107,2033,146,1,435.02
5108,2034,57,3,33.31
5109,2034,35,6,118.27
5110,2034,77,4,9.06
5111,2035,19,3,10.84
5112,2036,54,6,11.25
5113,2036,121,3,1103.11
5114,2037,146,3,435.02
5115,2037,76,3,2140.68
5116,2037,21,1,363.62
5117,2037,16,4,9.26
5118,2038,19,6,10.84
5119,2038,76,3,2140.68
5120,2039,64,5,14.36
5121,2039,4,1,48.17
5122,2039,19,3,13.79
5123,2040,6,4,31.70
5124,2041,16,5,9.26
5125,2041,6,6,31.70
5126,2042,121,2,1103.11
5127,2042,62,2,340.07
5128,2042,76,2,2140.68
5129,2042,104,3,23.13
5130,2043,21,4,363.62
5131,2043,9,1,4.73
5132,2043,16,6,9.26
5133,2043,80,3,46.29
5134,2044,88,5,17.13
5135,2044,108,2,9.08
5136,2045,76,5,2140.68
5137,2045,121,1,1103.11
5138,2045,64,3,14.36
5139,2045,149,3,103.46
5140,2045,135,6,249.87
5141,2046,19,1,10.84
5142,2046,17,6,1848.55
5143,2046,50,4,319.47
5144,2046,34,3,966.54
5145,2047,51,2,479.39
5146,2048,4,4,61.61
5147,2049,17,4,1848.55
5148,2049,16,2,12.44
5149,2049,35,3,118.27
5150,2049,89,6,571.54
5151,2050,52,4,4.14
5152,2050,90,4,31.54
5153,2051,23,5,818.78
5154,2052,88,6,17.13
5155,2052,39,4,150.09
5156,2052,16,3,12.44
5157,2052,150,6,634.04
5158,2053,146,3,435.02
5159,2053,88,4,17.13
5160,2054,64,4,14.36
5161,2054,76,5,2140.68
5162,2054,121,2,1103.11
5163,2055,121,2,1103.11
5164,2055,146,6,435.02
5165,2055,76,5,2140.68
5166,2055,135,2,249.87
5167,2056,16,3,9.26
5168,2056,115,1,1593.08
5169,2056,76,3,2140.68
5170,2056,135,6,249.87
5171,2056,35,1,118.27
5172,2057,34,1,966.54
5173,2057,23,5,818.78
5174,2058,135,3,249.87
5175,2058,35,6,118.27
5176,2058,86,4,168.75
5177,2059,69,6,376.17
5178,2059,62,6,266.25
5179,2060,47,6,20.98
5180,2060,39,4,150.09
5181,2060,146,6,435.02
5182,2061,57,5,44.57
5183,2061,119,5,155.09
5184,2061,126,3,745.21
5185,2062,109,6,6.27
5186,2062,125,2,859.33
5187,2063,107,1,87.02
5188,2064,76,2,2140.68
5189,2064,149,2,103.46
5190,2064,57,5,33.31
5191,2065,55,4,126.48
5192,2066,64,6,15.90
5193,2066,21,5,363.62
5194,2067,47,6,20.98
5195,2068,131,2,158.12
5196,2068,80,3,49.74
5197,2068,42,1,1621.81
5198,2069,147,2,119.34
5199,2069,149,5,103.46
5200,2069,90,2,31.54
5201,2070,7,5,94.53
5202,2070,91,5,17.43
5203,2070,104,2,16.45
5204,2071,39,1,172.57
5205,2071,16,1,9.26
5206,2071,55,3,126.48
5207,2072,131,3,158.12
5208,2072,16,6,9.26
5209,2073,71,4,5.88
5210,2074,6,6,31.70
5211,2074,131,2,158.12
5212,2074,64,4,14.36
5213,2074,115,4,1593.08
5214,2075,21,3,387.81
5215,2075,76,4,2140.68
5216,2075,121,2,1103.11
5217,2075,23,6,818.78
5218,2076,121,1,1103.11
5219,2076,146,4,435.02
5220,2076,89,3,571.54
5221,2076,76,2,2140.68
5222,2076,135,6,249.87
5223,2077,109,3,6.27
5224,2078,4,3,48.17
5225,2078,16,1,12.44
5226,2078,62,2,266.25
5227,2078,9,6,4.73
5228,2079,105,1,26.10
5229,2079,7,2,94.53
5230,2080,17,5,1848.55
5231,2080,131,2,158.12
5232,2080,129,4,20.39
5233,2081,6,2,31.70
5234,2082,47,3,20.98
5235,2082,34,2,966.54
5236,2083,119,3,155.09
5237,2083,47,2,20.98
5238,2084,135,4,249.87
5239,2085,76,1,2140.68
5240,2085,64,1,15.90
5241,2085,35,4,118.27
5242,2086,135,5,249.87
5243,2087,91,5,17.43
5244,2088,131,3,158.12
5245,2089,80,2,46.29
5246,2089,124,2,14.05
5247,2089,142,5,3.96
5248,2090,76,4,2140.68
5249,2090,50,2,319.47
5250,2091,129,4,20.39
5251,2091,62,6,266.25
5252,2091,51,3,479.39
5253,2092,149,3,103.46
5254,2092,76,2,2140.68
5255,2093,9,3,5.62
5256,2093,47,4,20.98
5257,2093,19,4,10.84
5258,2094,17,2,1848.55
5259,2095,31,5,5.71
5260,2095,39,6,150.09
5261,2095,16,1,12.44
5262,2096,19,5,10.84
5263,2096,82,4,7.79
5264,2096,111,5,18.84
5265,2096,106,4,535.13
5266,2096,23,6,818.78
5267,2097,64,5,14.36
5268,2097,39,6,150.09
5269,2097,16,5,9.26
5270,2098,88,4,17.13
5271,2098,34,6,966.54
5272,2098,16,4,12.44
5273,2098,131,5,158.12
5274,2099,146,5,435.02
5275,2099,149,1,103.46
5276,2099,135,2,249.87
5277,2099,131,1,158.12
5278,2100,82,1,7.79
5279,2100,3,3,433.53
5280,2101,27,4,85.73
5281,2102,35,3,118.27
5282,2103,147,6,119.34
5283,2103,62,1,266.25
5284,2103,86,6,168.75
5285,2104,39,6,150.09
5286,2104,131,5,158.12
5287,2105,131,2,158.12
5288,2105,55,3,126.48
5289,2106,115,1,1593.08
5290,2106,124,3,10.01
5291,2107,144,4,12.70
5292,2108,23,4,818.78
5293,2109,4,3,48.17
5294,2109,53,1,1145.45
5295,2109,135,5,249.87
5296,2110,135,6,249.87
5297,2110,91,1,17.43
5298,2110,127,4,313.94
5299,2110,111,2,18.84
5300,2111,147,2,119.34
5301,2111,19,6,10.84
5302,2111,145,4,402.40
5303,2111,62,3,266.25
5304,2112,16,5,9.26
5305,2112,147,3,119.34
5306,2112,67,2,63.32
5307,2112,62,6,266.25
5308,2112,21,4,363.62
5309,2113,135,3,249.87
5310,2113,39,2,150.09
5311,2113,34,4,966.54
5312,2113,67,1,63.32
5313,2114,109,4,6.27
5314,2115,146,1,435.02
5315,2115,62,6,266.25
5316,2116,52,1,4.14
5317,2117,129,4,20.39
5318,2117,121,3,1103.11
5319,2117,11,3,10.30
5320,2117,146,5,435.02
5321,2117,109,3,6.27
5322,2118,88,5,17.13
5323,2118,21,6,363.62
5324,2118,19,5,10.84
5325,2119,16,6,9.26
5326,2119,62,4,266.25
5327,2120,67,4,63.32
5328,2120,19,1,10.84
5329,2121,115,1,1593.08
5330,2121,16,1,12.44
5331,2121,88,3,17.13
5332,2121,55,2,126.48
5333,2122,76,4,2140.68
5334,2122,62,4,340.07
5335,2122,52,3,4.14
5336,2122,88,1,17.13
5337,2122,149,4,103.46
5338,2123,106,1,535.13
5339,2123,149,4,103.46
5340,2123,57,6,33.31
5341,2124,76,5,2140.68
5342,2125,89,4,571.54
5343,2125,108,3,9.08
5344,2126,55,2,126.48
5345,2126,91,6,17.43
5346,2127,135,5,249.87
5347,2127,6,2,31.70
5348,2127,23,5,818.78
5349,2127,16,5,12.44
5350,2127,55,4,126.48
5351,2128,135,5,249.87
5352,2129,142,4,3.96
5353,2129,129,2,20.39
5354,2129,55,1,126.48
5355,2130,76,3,2140.68
5356,2131,129,3,20.39
5357,2131,86,2,168.75
5358,2131,16,3,9.26
5359,2132,35,5,118.27
5360,2132,146,6,435.02
5361,2132,108,2,9.08
5362,2133,16,1,9.26
5363,2133,76,3,2140.68
5364,2133,146,1,435.02
5365,2134,137,1,439.07
5366,2134,21,2,387.81
5367,2134,51,5,479.39
5368,2135,135,3,249.87
5369,2135,34,1,966.54
5370,2135,17,5,1848.55
5371,2135,16,6,12.44
5372,2136,128,5,1989.48
5373,2136,16,5,12.44
5374,2136,135,3,249.87
5375,2137,131,4,158.12
5376,2137,135,6,249.87
5377,2137,4,5,61.61
5378,2138,62,6,266.25
5379,2138,106,6,535.13
5380,2139,146,4,435.02
5381,2139,57,3,44.57
5382,2139,119,5,155.09
5383,2140,64,4,14.36
5384,2140,131,3,158.12
5385,2140,1,1,100.49
5386,2141,146,4,435.02
5387,2141,6,1,31.70
5388,2141,2,3,2490.71
5389,2142,121,5,1103.11
5390,2142,135,6,249.87
5391,2142,131,6,158.12
5392,2143,35,5,118.27
5393,2144,144,3,12.70
5394,2144,135,1,249.87
5395,2144,113,2,27.67
5396,2145,124,6,10.01
5397,2146,64,2,15.90
5398,2147,88,6,17.13
5399,2148,39,6,150.09
5400,2148,106,4,535.13
5401,2148,64,5,14.36
5402,2149,119,4,155.09
5403,2150,146,5,435.02
5404,2150,135,6,249.87
5405,2150,34,5,966.54
5406,2150,39,3,150.09
5407,2151,146,2,435.02
5408,2151,67,3,63.32
5409,2152,50,4,319.47
5410,2153,106,6,535.13
5411,2153,146,1,435.02
5412,2153,135,1,249.87
5413,2154,88,3,17.13
5414,2154,39,5,150.09
5415,2155,47,5,20.98
5416,2155,131,1,158.12
5417,2155,7,3,94.53
5418,2156,149,6,103.46
5419,2156,121,3,1103.11
5420,2157,146,4,435.02
5421,2157,39,4,150.09
5422,2157,115,6,1593.08
5423,2158,76,5,2140.68
5424,2158,39,3,150.09
5425,2158,88,5,17.13
5426,2158,146,4,435.02
5427,2159,76,4,2140.68
5428,2159,18,4,1118.64
5429,2159,16,4,9.26
5430,2160,104,2,23.13
5431,2161,23,5,818.78
5432,2162,115,5,1593.08
5433,2163,131,3,158.12
5434,2163,16,2,9.26
5435,2163,76,5,2140.68
5436,2164,23,6,818.78
5437,2164,16,1,9.26
5438,2164,88,6,17.13
5439,2165,105,5,26.10
5440,2165,16,4,12.44
5441,2166,57,6,44.57
5442,2166,105,1,26.10
5443,2166,47,5,20.98
5444,2166,21,2,363.62
5445,2167,115,6,1593.08
5446,2167,121,2,1103.11
5447,2168,54,6,11.25
5448,2168,35,5,118.27
5449,2169,147,6,119.34
5450,2170,55,2,126.48
5451,2170,72,2,125.19
5452,2171,121,6,1103.11
5453,2171,146,2,435.02
5454,2171,16,3,9.26
5455,2172,64,5,14.36
5456,2173,135,5,249.87
5457,2173,6,6,31.70
5458,2173,21,4,387.81
5459,2173,146,5,435.02
5460,2174,109,5,6.27
5461,2175,90,4,31.54
5462,2175,106,5,535.13
5463,2176,95,5,181.93
5464,2176,50,5,319.47
5465,2176,42,4,1621.81
5466,2177,124,5,14.05
5467,2178,31,2,5.71
5468,2178,89,5,571.54
5469,2179,135,6,249.87
5470,2179,137,4,439.07
5471,2179,57,5,33.31
5472,2179,16,5,9.26
5473,2180,146,2,435.02
5474,2180,35,2,118.27
5475,2181,42,5,1621.81
5476,2181,47,5,20.98
5477,2182,64,4,15.90
5478,2182,88,6,17.13
5479,2183,4,2,48.17
5480,2183,57,3,33.31
5481,2183,3,4,433.53
5482,2184,135,5,249.87
5483,2185,89,4,571.54
5484,2186,146,3,435.02
5485,2187,31,2,5.71
5486,2187,88,3,17.13
5487,2188,23,1,818.78
5488,2188,142,5,5.01
5489,2188,92,6,1535.18
5490,2189,146,3,435.02
5491,2189,55,2,126.48
5492,2190,90,1,31.54
5493,2190,124,3,10.01
5494,2191,107,5,76.72
5495,2191,67,5,63.32
5496,2191,16,2,12.44
5497,2191,9,1,5.62
5498,2191,23,6,818.78
5499,2192,4,3,48.17
5500,2192,146,5,435.02
5501,2192,131,4,158.12
5502,2193,11,1,10.30
5503,2193,57,1,33.31
5504,2194,104,2,16.45
5505,2194,131,2,158.12
5506,2194,16,4,9.26
5507,2194,35,6,118.27
5508,2195,115,4,1593.08
5509,2195,76,5,2140.68
5510,2195,5,2,636.38
5511,2196,76,1,2140.68
5512,2196,16,1,12.44
5513,2196,88,6,17.13
5514,2197,71,1,5.88
5515,2197,77,5,9.06
5516,2198,21,2,387.81
5517,2198,76,5,2140.68
5518,2198,147,5,119.34
5519,2198,104,3,16.45
5520,2199,128,6,1989.48
5521,2199,16,4,12.44
5522,2199,88,6,17.13
5523,2199,21,2,363.62
5524,2200,55,5,126.48
5525,2200,50,1,319.47
5526,2200,9,4,4.73
5527,2200,39,5,172.57
5528,2201,88,6,17.13
5529,2201,146,5,435.02
5530,2201,89,3,571.54
5531,2202,9,3,5.62
5532,2202,16,3,12.44
5533,2202,131,4,158.12
5534,2202,113,6,30.17
5535,2203,64,3,14.36
5536,2203,62,4,266.25
5537,2204,88,3,17.13
5538,2204,76,2,2140.68
5539,2205,135,3,249.87
5540,2205,88,4,17.13
5541,2205,16,3,9.26
5542,2206,38,6,2072.70
5543,2206,76,3,2140.68
5544,2206,35,4,118.27
5545,2207,146,1,435.02
5546,2207,16,1,9.26
5547,2207,19,6,13.79
5548,2207,76,1,2140.68
5549,2207,71,6,5.88
5550,2208,62,2,266.25
5551,2209,135,4,249.87
5552,2210,67,2,63.32
5553,2210,124,3,10.01
5554,2211,16,3,9.26
5555,2212,55,1,126.48
5556,2212,81,1,70.67
5557,2212,23,4,818.78
5558,2213,55,2,126.48
5559,2214,64,5,14.36
5560,2215,39,4,150.09
5561,2215,67,4,63.32
5562,2215,16,6,9.26
5563,2216,57,5,33.31
5564,2216,38,2,2072.70
5565,2216,16,3,9.26
5566,2217,135,4,249.87
5567,2217,62,4,340.07
5568,2217,76,4,2140.68
5569,2218,131,4,158.12
5570,2218,76,4,2140.68
5571,2218,91,5,17.43
5572,2218,137,4,439.07
5573,2218,16,1,9.26
5574,2219,146,4,435.02
5575,2219,132,1,15.26
5576,2219,124,5,10.01
5577,2220,35,4,118.27
5578,2220,6,6,31.70
5579,2220,75,3,7.34
5580,2221,104,4,16.45
5581,2221,131,5,158.12
5582,2222,135,6,249.87
5583,2222,80,2,46.29
5584,2222,47,5,20.98
5585,2223,89,1,571.54
5586,2223,76,1,2140.68
5587,2223,121,3,1103.11
5588,2224,83,6,110.68
5589,2224,149,4,103.46
5590,2224,135,4,249.87
5591,2225,104,5,16.45
5592,2225,88,2,17.13
5593,2226,35,2,118.27
5594,2227,47,3,20.98
5595,2228,55,4,126.48
5596,2229,89,1,571.54
5597,2229,76,4,2140.68
5598,2229,11,1,10.30
5599,2230,17,1,2350.00
5600,2230,62,5,266.25
5601,2231,108,4,9.08
5602,2231,50,5,319.47
5603,2231,129,5,20.39
5604,2232,100,6,1939.75
5605,2232,5,5,636.38
5606,2233,6,6,31.70
5607,2234,76,3,2140.68
5608,2234,131,5,158.12
5609,2234,132,3,15.26
5610,2234,34,3,966.54
5611,2235,55,5,126.48
5612,2235,146,4,435.02
5613,2235,7,4,94.53
5614,2235,91,4,17.43
5615,2235,57,4,33.31
5616,2236,115,1,1593.08
5617,2236,38,2,2072.70
5618,2237,39,2,150.09
5619,2237,19,1,10.84
5620,2237,125,5,859.33
5621,2237,83,1,110.68
5622,2238,57,6,44.57
5623,2238,131,6,158.12
5624,2239,146,5,435.02
5625,2239,135,5,249.87
5626,2239,1,5,100.49
5627,2240,119,4,155.09
5628,2240,16,5,12.44
5629,2241,57,1,33.31
5630,2241,76,3,2140.68
5631,2241,115,4,1593.08
5632,2242,55,4,126.48
5633,2243,9,2,4.73
5634,2243,135,6,249.87
5635,2244,108,1,9.08
5636,2244,4,6,48.17
5637,2245,119,2,155.09
5638,2245,83,2,110.68
5639,2245,82,3,7.79
5640,2246,67,5,63.32
5641,2246,76,3,2140.68
5642,2247,6,1,31.70
5643,2247,146,1,435.02
5644,2247,21,2,363.62
5645,2247,16,2,9.26
5646,2248,4,2,48.17
5647,2248,131,4,158.12
5648,2249,82,3,7.79
5649,2249,16,2,9.26
5650,2249,89,2,571.54
5651,2249,126,2,537.80
5652,2250,6,4,31.70
5653,2251,7,5,94.53
5654,2252,47,2,20.98
5655,2253,4,6,61.61
5656,2253,67,5,63.32
5657,2254,55,1,126.48
5658,2254,6,1,31.70
5659,2254,88,2,17.13
5660,2255,16,2,9.26
5661,2255,115,2,1593.08
5662,2255,88,1,17.13
5663,2256,35,6,118.27
5664,2257,135,6,249.87
5665,2257,88,4,17.13
5666,2257,16,6,9.26
5667,2257,39,3,150.09
5668,2258,82,5,11.03
5669,2258,121,2,1103.11
5670,2259,75,3,7.34
5671,2259,42,6,1621.81
5672,2259,88,4,17.13
5673,2259,142,4,3.96
5674,2259,16,4,9.26
5675,2260,21,3,387.81
5676,2260,104,6,16.45
5677,2260,4,4,48.17
5678,2260,135,1,249.87
5679,2260,146,5,435.02
5680,2261,2,6,2490.71
5681,2261,76,2,2140.68
5682,2261,135,2,249.87
5683,2261,21,5,363.62
5684,2262,16,3,9.26
5685,2263,146,1,435.02
5686,2264,16,6,12.44
5687,2265,6,2,31.70
5688,2265,131,6,158.12
5689,2265,62,2,340.07
5690,2266,135,6,249.87
5691,2266,121,6,1103.11
5692,2266,34,6,966.54
5693,2267,50,4,319.47
5694,2267,16,4,9.26
5695,2267,39,5,150.09
5696,2268,64,2,15.90
5697,2268,117,5,1388.10
5698,2269,39,3,150.09
5699,2269,146,6,435.02
5700,2269,16,5,9.26
5701,2270,111,6,18.84
5702,2270,135,5,249.87
5703,2271,135,1,249.87
5704,2271,76,5,2140.68
5705,2271,147,3,119.34
5706,2271,121,6,1103.11
5707,2272,115,1,1593.08
5708,2272,16,1,9.26
5709,2272,135,6,249.87
5710,2272,91,3,17.43
5711,2272,52,4,4.14
5712,2273,89,5,571.54
5713,2273,147,4,119.34
5714,2273,34,2,966.54
5715,2273,6,3,31.70
5716,2274,5,5,636.38
5717,2274,47,3,20.98
5718,2274,119,6,155.09
5719,2275,135,3,249.87
5720,2276,16,5,12.44
5721,2277,62,1,266.25
5722,2278,146,1,435.02
5723,2279,135,1,249.87
5724,2279,80,5,46.29
5725,2279,57,1,33.31
5726,2280,62,4,340.07
5727,2281,124,4,10.01
5728,2281,104,2,16.45
5729,2281,76,3,2140.68
5730,2281,82,1,7.79
5731,2282,64,2,14.36
5732,2282,129,4,20.39
5733,2282,16,6,9.26
5734,2283,77,3,9.06
5735,2284,16,4,9.26
5736,2285,11,2,10.30
5737,2286,106,1,535.13
5738,2286,4,2,48.17
5739,2286,55,4,126.48
5740,2287,131,4,158.12
5741,2287,35,5,118.27
5742,2287,38,1,2072.70
5743,2288,62,1,266.25
5744,2288,135,4,249.87
5745,2288,4,2,48.17
5746,2289,9,3,4.73
5747,2289,62,2,340.07
5748,2289,2,6,2490.71
5749,2289,4,3,48.17
5750,2289,131,5,158.12
5751,2290,55,4,126.48
5752,2290,146,4,435.02
5753,2290,39,5,172.57
5754,2290,118,5,6.74
5755,2291,62,5,340.07
5756,2291,17,4,1848.55
5757,2291,16,5,9.26
5758,2291,39,2,150.09
5759,2292,16,1,12.44
5760,2293,131,1,158.12
5761,2293,1,6,100.49
5762,2293,141,5,39.30
5763,2294,19,2,10.84
5764,2294,5,6,636.38
5765,2295,125,6,859.33
5766,2296,146,3,435.02
5767,2297,145,1,402.40
5768,2298,107,1,76.72
5769,2298,144,6,12.70
5770,2298,27,2,85.73
5771,2299,39,6,150.09
5772,2299,137,2,439.07
5773,2299,77,1,9.06
5774,2299,88,1,17.13
5775,2300,16,2,9.26
5776,2300,146,4,435.02
5777,2300,111,1,18.84
5778,2301,88,2,17.13
5779,2301,7,3,94.53
5780,2302,62,5,266.25
5781,2302,121,5,1103.11
5782,2302,7,3,94.53
5783,2303,92,4,1662.94
5784,2303,23,5,818.78
5785,2304,34,3,966.54
5786,2304,9,5,4.73
5787,2304,62,6,266.25
5788,2305,3,5,433.53
5789,2305,4,6,61.61
5790,2306,135,3,249.87
5791,2307,106,6,535.13
5792,2307,147,5,119.34
5793,2307,41,6,55.55
5794,2308,92,6,1535.18
5795,2308,135,1,249.87
5796,2308,81,5,70.67
5797,2308,75,3,7.34
5798,2308,82,5,7.79
5799,2309,39,5,150.09
5800,2309,16,2,12.44
5801,2309,23,6,818.78
5802,2310,14,4,79.66
5803,2310,11,1,10.30
5804,2310,109,4,6.27
5805,2310,16,3,9.26
5806,2311,147,3,119.34
5807,2311,131,3,158.12
5808,2311,135,1,249.87
5809,2312,135,5,249.87
5810,2312,121,6,1103.11
5811,2313,7,6,94.53
5812,2313,75,5,7.34
5813,2314,34,4,966.54
5814,2314,83,4,110.68
5815,2315,75,1,7.34
5816,2316,6,6,31.70
5817,2317,121,5,1103.11
5818,2317,88,4,17.13
5819,2318,54,6,11.25
5820,2318,62,1,266.25
5821,2318,16,6,9.26
5822,2318,121,2,1103.11
5823,2319,132,4,15.26
5824,2319,90,6,31.54
5825,2319,67,5,63.32
5826,2319,106,2,535.13
5827,2320,109,3,6.27
5828,2320,54,4,11.25
5829,2320,135,1,249.87
5830,2321,38,4,2072.70
5831,2321,34,5,966.54
5832,2321,5,3,636.38
5833,2322,126,6,745.21
5834,2322,20,1,153.36
5835,2323,142,4,5.01
5836,2324,7,2,94.53
5837,2324,16,5,9.26
5838,2325,16,2,9.26
5839,2325,146,1,435.02
5840,2326,50,3,319.47
5841,2326,150,3,634.04
5842,2326,106,6,535.13
5843,2326,76,3,2140.68
5844,2327,149,5,103.46
5845,2327,124,6,14.05
5846,2327,57,4,44.57
5847,2328,137,5,439.07
5848,2329,16,6,9.26
5849,2329,131,4,158.12
5850,2329,50,6,319.47
5851,2329,19,2,10.84
5852,2329,57,3,44.57
5853,2330,14,2,79.66
5854,2331,137,2,439.07
5855,2331,57,5,44.57
5856,2331,146,4,435.02
5857,2332,88,6,17.13
5858,2332,16,3,9.26
5859,2332,135,5,249.87
5860,2332,121,5,1103.11
5861,2333,119,5,155.09
5862,2333,62,5,266.25
5863,2333,9,6,4.73
5864,2333,11,6,10.30
5865,2334,16,1,9.26
5866,2334,39,1,150.09
5867,2334,51,4,479.39
5868,2335,76,6,2140.68
5869,2336,3,5,433.53
5870,2336,141,6,39.30
5871,2336,21,6,363.62
5872,2337,62,1,340.07
5873,2337,77,2,9.06
5874,2338,83,6,110.68
5875,2338,115,6,1593.08
5876,2339,16,1,9.26
5877,2340,131,5,158.12
5878,2341,35,1,118.27
5879,2342,6,4,31.70
5880,2342,141,3,39.30
5881,2342,121,2,1103.11
5882,2343,35,3,118.27
5883,2343,16,5,12.44
5884,2343,88,6,17.13
5885,2343,76,4,2140.68
5886,2343,9,6,5.62
5887,2344,39,1,172.57
5888,2345,16,5,9.26
5889,2345,76,1,2140.68
5890,2346,21,1,363.62
5891,2346,135,5,249.87
5892,2346,76,3,2140.68
5893,2347,16,5,9.26
5894,2347,86,4,225.04
5895,2348,104,3,16.45
5896,2348,16,5,9.26
5897,2349,16,4,9.26
5898,2349,62,3,340.07
5899,2349,126,5,537.80
5900,2349,23,1,818.78
5901,2350,121,1,1103.11
5902,2351,38,4,2072.70
5903,2351,88,1,17.13
5904,2352,55,6,126.48
5905,2352,132,4,15.26
5906,2352,77,5,9.06
5907,2353,89,1,571.54
5908,2354,106,1,535.13
5909,2355,135,4,249.87
5910,2355,119,2,155.09
5911,2355,108,3,9.08
5912,2355,107,1,87.02
5913,2355,124,1,10.01
5914,2356,16,4,12.44
5915,2357,62,2,266.25
5916,2357,7,2,94.53
5917,2357,104,3,23.13
5918,2357,67,4,63.32
5919,2358,135,4,249.87
5920,2358,89,1,571.54
5921,2359,19,1,13.79
5922,2360,7,5,94.53
5923,2360,127,2,313.94
5924,2360,109,1,6.27
5925,2360,149,1,103.46
5926,2361,146,3,435.02
5927,2361,131,2,158.12
5928,2361,76,6,2140.68
5929,2362,146,2,435.02
5930,2362,62,3,340.07
5931,2363,146,2,435.02
5932,2364,132,3,15.26
5933,2364,6,4,31.70
5934,2365,23,5,818.78
5935,2366,147,2,119.34
5936,2366,145,1,402.40
5937,2366,125,2,859.33
5938,2366,144,5,12.70
5939,2367,95,2,143.83
5940,2368,71,3,5.88
5941,2368,7,6,94.53
5942,2369,4,2,48.17
5943,2369,149,2,103.46
5944,2369,21,1,363.62
5945,2369,11,1,10.30
5946,2369,39,5,150.09
5947,2370,64,4,14.36
5948,2370,52,3,4.14
5949,2370,16,5,9.26
5950,2370,88,6,17.13
5951,2370,62,4,266.25
5952,2371,76,5,2140.68
5953,2371,149,4,103.46
5954,2371,19,4,10.84
5955,2371,132,2,15.26
5956,2372,147,2,119.34
5957,2372,76,2,2140.68
5958,2372,89,6,571.54
5959,2373,34,4,966.54
5960,2373,21,2,363.62
5961,2373,121,1,1103.11
5962,2374,149,1,103.46
5963,2374,82,1,7.79
5964,2375,146,6,435.02
5965,2375,35,6,118.27
5966,2375,88,6,17.13
5967,2375,47,1,20.98
5968,2376,83,6,110.68
5969,2376,62,2,266.25
5970,2377,142,6,3.96
5971,2377,23,3,818.78
5972,2378,52,6,4.14
5973,2378,6,5,31.70
5974,2378,131,3,158.12
5975,2379,4,4,48.17
5976,2380,57,6,33.31
5977,2380,119,5,155.09
5978,2380,88,3,17.13
5979,2380,76,6,2140.68
5980,2381,55,4,126.48
5981,2381,1,3,100.49
5982,2382,16,5,9.26
5983,2382,100,3,1939.75
5984,2383,131,5,158.12
5985,2383,23,3,818.78
5986,2384,119,1,155.09
5987,2384,14,4,79.66
5988,2385,55,5,126.48
5989,2385,6,3,31.70
5990,2385,131,3,158.12
5991,2385,11,2,10.30
5992,2386,135,5,249.87
5993,2386,16,1,12.44
5994,2386,129,4,20.39
5995,2387,146,3,435.02
5996,2387,89,4,571.54
5997,2388,23,2,818.78
5998,2388,121,2,1103.11
5999,2389,57,5,33.31
6000,2390,67,1,63.32
6001,2391,141,5,53.23
6002,2391,131,5,158.12
6003,2391,16,2,12.44
6004,2392,31,3,5.71
6005,2392,88,5,17.13
6006,2392,11,6,10.30
6007,2393,67,5,63.32
6008,2394,51,4,479.39
6009,2394,39,5,150.09
6010,2394,7,2,94.53
6011,2394,88,1,17.13
6012,2395,142,5,3.96
6013,2396,67,2,63.32
6014,2396,132,6,15.26
6015,2397,137,4,439.07
6016,2397,62,6,266.25
6017,2397,111,1,18.84
6018,2398,23,4,818.78
6019,2398,62,1,266.25
6020,2399,145,1,402.40
6021,2399,57,6,44.57
6022,2400,147,6,119.34
6023,2400,76,3,2140.68
6024,2400,107,3,87.02
6025,2401,124,1,10.01
6026,2401,121,4,1103.11
6027,2402,135,2,249.87
6028,2402,146,3,435.02
6029,2402,16,5,9.26
6030,2402,57,1,44.57
6031,2403,144,2,12.70
6032,2403,16,4,9.26
6033,2403,135,4,249.87
6034,2403,88,6,17.13
6035,2403,89,5,571.54
6036,2404,16,4,12.44
6037,2405,21,3,363.62
6038,2405,9,2,5.62
6039,2406,115,5,1593.08
6040,2407,146,2,435.02
6041,2407,23,6,818.78
6042,2407,141,4,39.30
6043,2407,71,4,5.88
6044,2408,3,3,433.53
6045,2408,147,3,119.34
6046,2408,131,4,158.12
6047,2408,135,2,249.87
6048,2409,135,2,249.87
6049,2409,20,1,153.36
6050,2409,16,6,12.44
6051,2410,9,5,4.73
6052,2410,128,3,1676.16
6053,2410,115,6,1593.08
6054,2410,34,5,966.54
6055,2411,16,2,9.26
6056,2411,81,6,70.67
6057,2412,115,4,1593.08
6058,2412,7,2,94.53
6059,2412,135,1,249.87
6060,2413,76,6,2140.68
6061,2413,116,6,1063.09
6062,2413,104,2,16.45
6063,2414,57,5,33.31
6064,2414,88,5,17.13
6065,2415,126,3,745.21
6066,2415,16,1,9.26
6067,2416,76,4,2140.68
6068,2417,34,3,966.54
6069,2417,52,6,4.14
6070,2418,125,1,859.33
6071,2419,67,1,63.32
6072,2419,89,2,571.54
6073,2420,16,6,12.44
6074,2420,106,5,535.13
6075,2420,132,2,15.26
6076,2421,75,3,7.34
6077,2421,16,2,12.44
6078,2421,55,4,126.48
6079,2422,21,2,363.62
6080,2423,135,5,249.87
6081,2423,111,6,18.84
6082,2423,55,6,126.48
6083,2424,106,1,535.13
6084,2424,53,4,1145.45
6085,2425,135,5,249.87
6086,2425,119,3,155.09
6087,2426,135,2,249.87
6088,2426,131,1,158.12
6089,2427,20,2,153.36
6090,2427,64,2,14.36
6091,2427,89,6,571.54
6092,2428,55,6,126.48
6093,2429,142,3,3.96
6094,2429,76,1,2140.68
6095,2429,137,6,439.07
6096,2429,16,6,9.26
6097,2430,55,1,126.48
6098,2430,2,1,2490.71
6099,2430,89,6,571.54
6100,2431,4,2,48.17
6101,2431,146,5,435.02
6102,2431,14,3,79.66
6103,2432,62,1,266.25
6104,2432,135,2,249.87
6105,2432,75,6,7.34
6106,2432,129,1,20.39
6107,2432,146,5,435.02
6108,2433,62,3,266.25
6109,2433,147,4,119.34
6110,2434,146,1,435.02
6111,2435,17,3,1848.55
6112,2435,107,6,76.72
6113,2435,140,5,22.17
6114,2436,35,6,118.27
6115,2436,119,3,155.09
6116,2436,11,1,10.30
6117,2437,16,2,12.44
6118,2437,55,4,126.48
6119,2437,23,2,818.78
6120,2437,89,2,571.54
6121,2438,62,6,266.25
6122,2438,135,2,249.87
6123,2438,109,3,6.27
6124,2439,92,3,1535.18
6125,2439,16,1,12.44
6126,2440,116,1,1063.09
6127,2440,57,6,33.31
6128,2440,35,2,118.27
6129,2441,7,3,94.53
6130,2441,16,4,12.44
6131,2441,4,1,48.17
6132,2442,11,5,10.30
6133,2443,106,3,535.13
6134,2443,59,3,43.30
6135,2443,118,2,5.60
6136,2444,55,6,126.48
6137,2444,11,2,10.30
6138,2445,67,2,63.32
6139,2445,142,6,5.01
6140,2446,76,2,2140.68
6141,2446,17,6,1848.55
6142,2446,135,1,249.87
6143,2446,131,6,158.12
6144,2447,39,1,150.09
6145,2447,111,2,18.84
6146,2448,35,3,118.27
6147,2449,135,1,249.87
6148,2450,145,3,402.40
6149,2451,21,1,363.62
6150,2451,81,6,70.67
6151,2452,82,2,7.79
6152,2452,7,3,94.53
6153,2453,86,4,168.75
6154,2453,121,3,1103.11
6155,2453,83,1,110.68
6156,2454,76,3,2140.68
6157,2454,116,5,1063.09
6158,2455,16,1,9.26
6159,2456,76,5,2140.68
6160,2456,35,1,118.27
6161,2456,121,4,1103.11
6162,2456,57,3,33.31
6163,2457,66,2,1668.91
6164,2457,62,1,266.25
6165,2458,52,3,4.14
6166,2458,49,2,1531.70
6167,2458,16,4,9.26
6168,2458,20,4,153.36
6169,2459,1,1,100.49
6170,2459,16,1,9.26
6171,2459,147,5,119.34
6172,2459,141,1,39.30
6173,2460,34,6,966.54
6174,2460,16,1,9.26
6175,2460,35,4,118.27
6176,2460,109,2,6.27
6177,2460,88,2,17.13
6178,2461,135,6,249.87
6179,2461,55,5,126.48
6180,2461,67,4,63.32
6181,2462,6,4,31.70
6182,2462,16,2,9.26
6183,2462,11,4,10.30
6184,2462,23,1,818.78
6185,2463,144,5,12.70
6186,2463,90,2,31.54
6187,2463,34,1,966.54
6188,2464,16,3,9.26
6189,2464,106,6,535.13
6190,2464,31,2,5.71
6191,2465,132,3,15.26
6192,2465,57,1,33.31
6193,2466,16,5,12.44
6194,2467,19,1,10.84
6195,2467,49,2,1531.70
6196,2468,117,4,1388.10
6197,2468,1,2,100.49
6198,2468,90,3,31.54
6199,2469,131,5,158.12
6200,2469,76,1,2140.68
6201,2470,39,1,172.57
6202,2470,128,4,1676.16
6203,2471,88,2,17.13
6204,2471,106,1,535.13
6205,2471,20,3,153.36
6206,2471,34,5,966.54
6207,2471,81,5,70.67
6208,2472,6,2,31.70
6209,2473,62,4,340.07
6210,2473,64,3,14.36
6211,2473,89,5,571.54
6212,2473,75,5,7.34
6213,2474,119,1,155.09
6214,2474,135,3,249.87
6215,2475,135,5,249.87
6216,2475,62,1,266.25
6217,2476,27,4,85.73
6218,2477,106,3,535.13
6219,2478,7,3,94.53
6220,2478,4,5,48.17
6221,2478,146,4,435.02
6222,2479,39,3,150.09
6223,2480,76,5,2140.68
6224,2480,109,4,6.27
6225,2481,55,1,126.48
6226,2481,16,6,9.26
6227,2481,71,2,5.88
6228,2482,16,2,12.44
6229,2483,129,3,20.39
6230,2483,16,6,12.44
6231,2484,1,3,100.49
6232,2484,104,3,16.45
6233,2485,76,2,2140.68
6234,2485,55,5,126.48
6235,2486,62,5,266.25
6236,2486,16,1,12.44
6237,2486,55,4,126.48
6238,2487,88,1,17.13
6239,2487,95,1,143.83
6240,2487,102,3,58.92
6241,2488,21,2,363.62
6242,2488,115,1,1593.08
6243,2488,135,4,249.87
6244,2488,100,3,1939.75
6245,2489,16,1,12.44
6246,2489,9,4,4.73
6247,2489,39,1,150.09
6248,2490,11,2,10.30
6249,2490,120,1,6.05
6250,2491,7,6,94.53
6251,2491,124,2,10.01
6252,2492,55,5,126.48
6253,2492,19,2,10.84
6254,2492,23,1,818.78
6255,2493,149,2,103.46
6256,2493,126,2,537.80
6257,2493,142,4,3.96
6258,2493,119,2,155.09
6259,2494,106,3,535.13
6260,2494,38,1,2072.70
6261,2494,147,6,119.34
6262,2495,34,1,966.54
6263,2496,41,2,55.55
6264,2496,149,4,103.46
6265,2496,119,6,155.09
6266,2497,116,5,1063.09
6267,2498,135,3,249.87
6268,2498,140,3,19.65
6269,2498,20,6,153.36
6270,2499,115,3,1593.08
6271,2500,76,4,2140.68
6272,2501,135,4,249.87
6273,2502,115,1,1593.08
6274,2502,35,4,118.27
6275,2503,47,5,20.98
6276,2503,35,6,118.27
6277,2504,57,5,33.31
6278,2504,62,6,340.07
6279,2504,146,4,435.02
6280,2504,88,5,17.13
6281,2505,3,3,433.53
6282,2505,76,1,2140.68
6283,2505,64,4,14.36
6284,2505,92,5,1535.18
6285,2506,121,1,1103.11
6286,2507,147,6,119.34
6287,2507,1,3,100.49
6288,2507,21,3,387.81
6289,2508,35,5,118.27
6290,2508,55,3,126.48
6291,2508,129,5,20.39
6292,2509,76,5,2140.68
6293,2509,67,1,63.32
6294,2510,140,4,19.65
6295,2511,5,1,636.38
6296,2511,62,6,266.25
6297,2512,64,3,14.36
6298,2513,135,4,249.87
6299,2514,39,3,150.09
6300,2515,135,2,249.87
6301,2516,135,3,249.87
6302,2516,64,3,14.36
6303,2517,135,1,249.87
6304,2518,108,6,9.08
6305,2518,1,5,100.49
6306,2518,6,1,31.70
6307,2519,131,5,158.12
6308,2519,146,3,435.02
6309,2519,76,5,2140.68
6310,2520,116,3,1063.09
6311,2521,121,6,1103.11
6312,2521,19,3,13.79
6313,2522,16,6,9.26
6314,2522,122,3,42.40
6315,2522,129,4,20.39
6316,2522,90,6,31.54
6317,2523,76,1,2140.68
6318,2523,146,5,435.02
6319,2523,64,5,15.90
6320,2524,121,5,1103.11
6321,2525,135,4,249.87
6322,2525,137,1,439.07
6323,2525,146,3,435.02
6324,2526,1,5,100.49
6325,2526,119,2,155.09
6326,2527,39,2,172.57
6327,2527,3,6,433.53
6328,2528,11,3,10.30
6329,2528,23,1,818.78
6330,2528,57,5,33.31
6331,2529,5,1,636.38
6332,2529,59,2,43.30
6333,2530,62,6,340.07
6334,2531,55,4,126.48
6335,2531,48,1,296.73
6336,2532,137,1,439.07
6337,2532,59,1,43.30
6338,2532,39,5,150.09
6339,2533,77,6,9.06
6340,2533,149,3,103.46
6341,2533,76,6,2140.68
6342,2533,126,5,537.80
6343,2534,64,4,14.36
6344,2534,137,6,439.07
6345,2534,135,6,249.87
6346,2534,115,2,1593.08
6347,2535,106,2,535.13
6348,2535,76,4,2140.68
6349,2536,53,2,1145.45
6350,2537,35,2,118.27
6351,2537,88,6,17.13
6352,2537,142,4,3.96
6353,2538,126,6,537.80
6354,2538,120,2,6.05
6355,2538,6,3,31.70
6356,2538,116,3,1063.09
6357,2538,132,4,15.26
6358,2539,41,6,55.55
6359,2540,16,2,9.26
6360,2541,2,1,2490.71
6361,2541,129,1,20.39
6362,2542,16,4,12.44
6363,2542,21,3,387.81
6364,2542,62,5,266.25
6365,2542,76,4,2140.68
6366,2543,62,1,340.07
6367,2543,55,2,126.48
6368,2543,16,2,9.26
6369,2543,21,5,387.81
6370,2544,36,6,32.19
6371,2544,16,2,9.26
6372,2544,9,4,5.62
6373,2544,53,4,1145.45
6374,2545,8,4,6.07
6375,2545,16,5,12.44
6376,2545,39,4,150.09
6377,2546,62,5,266.25
6378,2547,132,2,15.26
6379,2548,129,1,20.39
6380,2548,47,4,20.98
6381,2548,146,2,435.02
6382,2549,11,2,10.30
6383,2549,16,2,9.26
6384,2549,119,1,155.09
6385,2549,76,4,2140.68
6386,2550,76,3,2140.68
6387,2551,121,1,1103.11
6388,2552,34,1,966.54
6389,2552,136,2,56.69
6390,2553,55,5,126.48
6391,2553,119,6,155.09
6392,2553,89,3,571.54
6393,2554,76,5,2140.68
6394,2554,42,4,1621.81
6395,2554,135,5,249.87
6396,2554,19,5,13.79
6397,2555,88,1,17.13
6398,2555,36,2,32.19
6399,2555,62,6,266.25
6400,2556,106,6,535.13
6401,2556,144,5,12.70
6402,2557,16,4,9.26
6403,2558,147,5,119.34
6404,2558,62,1,266.25
6405,2559,21,5,363.62
6406,2560,141,4,53.23
6407,2561,88,4,17.13
6408,2561,131,2,158.12
6409,2562,129,2,20.39
6410,2563,54,2,11.25
6411,2564,132,4,15.26
6412,2564,135,4,249.87
6413,2564,90,3,31.54
6414,2564,131,6,158.12
6415,2564,11,5,10.30
6416,2565,132,4,15.26
6417,2565,34,5,966.54
6418,2566,38,6,2072.70
6419,2566,31,1,5.71
6420,2566,131,5,158.12
6421,2566,57,3,33.31
6422,2566,39,3,172.57
6423,2567,146,4,435.02
6424,2568,62,6,266.25
6425,2568,76,3,2140.68
6426,2568,82,1,7.79
6427,2569,100,4,1939.75
6428,2570,76,3,2140.68
6429,2570,81,1,70.67
6430,2570,88,5,17.13
6431,2571,132,3,15.26
6432,2571,137,5,439.07
6433,2571,47,2,20.98
6434,2572,101,1,745.86
6435,2572,19,2,13.79
6436,2573,131,6,158.12
6437,2573,4,1,48.17
6438,2574,50,5,319.47
6439,2574,1,3,100.49
6440,2574,88,2,17.13
6441,2575,20,4,153.36
6442,2575,35,1,118.27
6443,2575,17,4,1848.55
6444,2576,146,3,435.02
6445,2576,135,1,249.87
6446,2576,62,2,340.07
6447,2576,47,6,20.98
6448,2577,53,1,1145.45
6449,2578,80,2,46.29
6450,2579,131,1,158.12
6451,2579,18,5,1118.64
6452,2579,23,3,818.78
6453,2580,16,4,9.26
6454,2580,57,5,44.57
6455,2580,4,4,48.17
6456,2580,121,3,1103.11
6457,2581,76,6,2140.68
6458,2581,5,3,636.38
6459,2582,27,6,85.73
6460,2582,121,5,1103.11
6461,2582,62,6,266.25
6462,2583,115,2,1593.08
6463,2583,88,5,17.13
6464,2584,115,1,1593.08
6465,2584,142,1,5.01
6466,2584,7,6,94.53
6467,2585,49,4,1531.70
6468,2585,51,6,479.39
6469,2585,19,6,10.84
6470,2586,124,6,10.01
6471,2586,115,3,1593.08
6472,2587,135,1,249.87
6473,2587,146,5,435.02
6474,2587,89,2,571.54
6475,2588,100,5,1939.75
6476,2588,76,4,2140.68
6477,2589,62,4,266.25
6478,2590,64,3,14.36
6479,2590,146,4,435.02
6480,2591,57,1,33.31
6481,2591,1,5,100.49
6482,2591,129,4,20.39
6483,2592,118,5,5.60
6484,2593,31,6,5.71
6485,2594,23,2,818.78
6486,2594,75,2,7.34
6487,2594,76,2,2140.68
6488,2595,57,4,33.31
6489,2596,16,1,9.26
6490,2596,81,1,70.67
6491,2596,76,2,2140.68
6492,2597,48,6,211.75
6493,2597,75,1,7.34
6494,2597,67,1,63.32
6495,2597,39,1,172.57
6496,2598,76,1,2140.68
6497,2598,146,5,435.02
6498,2599,127,6,313.94
6499,2600,135,4,249.87
6500,2600,92,1,1662.94
6501,2600,55,3,126.48
6502,2601,147,2,119.34
6503,2601,64,6,14.36
6504,2601,16,4,9.26
6505,2601,76,6,2140.68
6506,2601,109,2,6.27
6507,2602,76,1,2140.68
6508,2603,142,6,3.96
6509,2603,129,3,20.39
6510,2603,9,3,4.73
6511,2604,102,2,58.92
6512,2604,19,2,10.84
6513,2604,147,3,119.34
6514,2604,35,1,118.27
6515,2604,89,3,571.54
6516,2605,88,3,17.13
6517,2605,1,4,100.49
6518,2605,7,4,94.53
6519,2606,135,5,249.87
6520,2606,149,4,103.46
6521,2607,48,1,296.73
6522,2607,146,1,435.02
6523,2607,104,2,16.45
6524,2608,40,5,1056.08
6525,2608,75,1,7.34
6526,2608,11,1,10.30
6527,2608,62,1,266.25
6528,2609,135,1,249.87
6529,2609,7,6,94.53
6530,2610,119,3,155.09
6531,2610,135,2,249.87
6532,2610,2,1,2490.71
6533,2610,16,3,9.26
6534,2610,62,6,266.25
6535,2611,76,6,2140.68
6536,2611,39,1,150.09
6537,2612,121,5,1103.11
6538,2613,39,3,150.09
6539,2613,144,1,12.70
6540,2614,137,1,439.07
6541,2614,40,3,1056.08
6542,2614,117,2,1388.10
6543,2615,129,2,20.39
6544,2616,149,5,103.46
6545,2616,147,2,119.34
6546,2616,117,3,1388.10
6547,2617,35,4,118.27
6548,2617,47,5,20.98
6549,2617,62,4,266.25
6550,2618,16,3,12.44
6551,2618,4,5,48.17
6552,2618,7,3,94.53
6553,2619,6,2,31.70
6554,2619,9,1,4.73
6555,2620,21,4,363.62
6556,2620,16,5,9.26
6557,2620,121,5,1103.11
6558,2621,4,3,48.17
6559,2621,5,5,636.38
6560,2622,4,4,48.17
6561,2622,81,3,70.67
6562,2623,146,5,435.02
6563,2624,102,6,58.92
6564,2625,21,2,363.62
6565,2625,76,2,2140.68
6566,2625,82,5,7.79
6567,2626,67,2,63.32
6568,2626,62,4,266.25
6569,2627,111,4,18.84
6570,2627,129,4,20.39
6571,2628,67,6,63.32
6572,2628,76,2,2140.68
6573,2628,55,5,126.48
6574,2629,90,2,31.54
6575,2629,40,5,1056.08
6576,2629,34,3,966.54
6577,2629,16,4,12.44
6578,2630,144,5,17.32
6579,2630,111,2,18.84
6580,2631,121,1,1103.11
6581,2631,149,2,103.46
6582,2631,16,3,9.26
6583,2631,76,6,2140.68
6584,2632,89,6,571.54
6585,2632,57,1,33.31
6586,2633,34,3,966.54
6587,2633,101,2,745.86
6588,2634,86,2,168.75
6589,2634,16,1,9.26
6590,2634,77,3,9.06
6591,2634,146,1,435.02
6592,2634,115,4,1593.08
6593,2635,57,6,33.31
6594,2636,109,2,6.27
6595,2637,1,3,100.49
6596,2637,16,4,9.26
6597,2638,17,1,1848.55
6598,2639,16,5,9.26
6599,2639,9,3,4.73
6600,2640,89,1,571.54
6601,2640,135,2,249.87
6602,2640,9,1,4.73
6603,2640,14,3,79.66
6604,2640,55,5,126.48
6605,2641,16,4,12.44
6606,2641,62,5,266.25
6607,2642,149,2,103.46
6608,2643,92,5,1535.18
6609,2643,67,2,63.32
6610,2643,20,4,153.36
6611,2643,34,2,966.54
6612,2644,147,4,119.34
6613,2645,135,2,249.87
6614,2645,101,2,745.86
6615,2645,88,6,17.13
6616,2645,16,1,9.26
6617,2645,47,4,20.98
6618,2646,132,6,15.26
6619,2646,38,6,2072.70
6620,2646,4,3,61.61
6621,2647,116,1,1063.09
6622,2647,16,2,9.26
6623,2648,55,2,126.48
6624,2648,14,6,79.66
6625,2648,102,3,58.92
6626,2648,146,1,435.02
6627,2649,55,5,126.48
6628,2649,16,1,9.26
6629,2649,21,4,363.62
6630,2649,109,2,6.27
6631,2650,21,1,363.62
6632,2650,27,2,85.73
6633,2651,16,6,9.26
6634,2651,147,5,119.34
6635,2652,41,2,55.55
6636,2652,106,5,535.13
6637,2652,146,1,435.02
6638,2653,23,1,818.78
6639,2654,23,3,818.78
6640,2654,49,1,1531.70
6641,2655,135,5,249.87
6642,2656,64,4,14.36
6643,2656,57,1,44.57
6644,2656,9,4,4.73
6645,2656,62,1,340.07
6646,2657,81,1,70.67
6647,2658,3,2,433.53
6648,2658,4,2,48.17
6649,2658,117,3,1388.10
6650,2659,76,1,2140.68
6651,2660,23,4,818.78
6652,2660,19,3,10.84
6653,2661,90,3,31.54
6654,2661,71,5,5.88
6655,2662,149,6,103.46
6656,2662,50,3,319.47
6657,2662,131,1,158.12
6658,2662,116,3,1063.09
6659,2662,137,4,439.07
6660,2663,89,2,571.54
6661,2663,82,4,7.79
6662,2664,146,4,435.02
6663,2664,9,3,4.73
6664,2665,59,2,43.30
6665,2665,144,2,12.70
6666,2665,62,5,266.25
6667,2666,35,2,118.27
6668,2666,16,4,9.26
6669,2667,146,6,435.02
6670,2668,129,6,20.39
6671,2668,62,5,266.25
6672,2669,20,3,153.36
6673,2669,129,6,20.39
6674,2669,102,3,58.92
6675,2670,121,6,1103.11
6676,2670,35,1,118.27
6677,2670,135,6,249.87
6678,2671,131,4,158.12
6679,2672,62,6,266.25
6680,2672,149,6,103.46
6681,2673,16,1,9.26
6682,2673,51,2,479.39
6683,2674,121,6,1103.11
6684,2674,146,4,435.02
6685,2674,76,5,2140.68
6686,2675,64,5,14.36
6687,2675,39,1,150.09
6688,2675,16,3,12.44
6689,2676,64,5,14.36
6690,2676,34,6,966.54
6691,2677,47,1,20.98
6692,2677,39,6,150.09
6693,2677,16,4,9.26
6694,2678,115,1,1593.08
6695,2679,49,4,1531.70
6696,2679,16,2,9.26
6697,2679,35,6,118.27
6698,2680,116,4,1063.09
6699,2681,69,3,376.17
6700,2682,2,1,2490.71
6701,2682,19,1,10.84
6702,2682,128,6,1676.16
6703,2683,19,3,13.79
6704,2683,34,1,966.54
6705,2684,57,5,33.31
6706,2684,131,4,158.12
6707,2684,95,4,143.83
6708,2684,135,5,249.87
6709,2684,109,6,6.27
6710,2685,67,3,63.32
6711,2685,54,1,11.25
6712,2685,62,2,340.07
6713,2685,119,1,155.09
6714,2686,16,3,12.44
6715,2687,135,3,249.87
6716,2687,76,1,2140.68
6717,2687,92,1,1535.18
6718,2688,11,4,10.30
6719,2688,135,4,249.87
6720,2688,4,2,48.17
6721,2689,16,4,12.44
6722,2690,146,5,435.02
6723,2691,55,1,126.48
6724,2691,115,3,1593.08
6725,2691,31,4,5.71
6726,2691,124,2,10.01
6727,2692,20,2,153.36
6728,2693,146,6,435.02
6729,2693,4,3,48.17
6730,2694,9,3,4.73
6731,2694,146,2,435.02
6732,2695,102,1,58.92
6733,2695,135,2,249.87
6734,2696,19,3,10.84
6735,2696,76,6,2140.68
6736,2696,111,6,18.84
6737,2697,129,2,20.39
6738,2697,19,2,13.79
6739,2697,135,5,249.87
6740,2698,19,3,13.79
6741,2698,31,6,5.71
6742,2698,67,6,63.32
6743,2699,7,5,94.53
6744,2700,40,1,1056.08
6745,2700,100,1,1939.75
6746,2701,16,1,12.44
6747,2702,80,2,46.29
6748,2702,102,6,77.15
6749,2702,16,2,9.26
6750,2703,4,6,48.17
6751,2703,64,5,14.36
6752,2703,135,4,249.87
6753,2703,39,1,150.09
6754,2704,132,1,15.26
6755,2704,53,5,1145.45
6756,2705,146,2,435.02
6757,2705,121,6,1103.11
6758,2706,62,5,266.25
6759,2706,19,6,10.84
6760,2706,64,2,14.36
6761,2706,121,6,1103.11
6762,2707,21,3,363.62
6763,2707,144,5,12.70
6764,2707,88,4,17.13
6765,2708,72,3,125.19
6766,2709,53,1,1145.45
6767,2709,132,5,15.26
6768,2710,34,6,966.54
6769,2710,39,2,172.57
6770,2711,132,4,15.26
6771,2711,102,4,58.92
6772,2711,109,1,6.27
6773,2712,141,2,53.23
6774,2712,62,6,266.25
6775,2712,101,2,745.86
6776,2713,2,6,2490.71
6777,2713,132,4,15.26
6778,2713,7,4,94.53
6779,2713,119,5,155.09
6780,2714,53,5,1145.45
6781,2715,104,1,16.45
6782,2715,16,2,9.26
6783,2716,119,3,155.09
6784,2717,146,3,435.02
6785,2717,140,4,19.65
6786,2717,66,5,1668.91
6787,2717,102,4,58.92
6788,2718,86,5,168.75
6789,2718,115,3,1593.08
6790,2718,9,4,4.73
6791,2719,111,4,18.84
6792,2719,135,4,249.87
6793,2719,64,2,14.36
6794,2719,31,1,5.71
6795,2720,4,3,48.17
6796,2721,55,1,126.48
6797,2721,149,3,103.46
6798,2722,119,5,155.09
6799,2722,6,4,31.70
6800,2723,21,2,363.62
6801,2723,76,3,2140.68
6802,2723,120,3,6.05
6803,2724,102,3,58.92
6804,2724,90,1,31.54
6805,2725,149,6,103.46
6806,2725,16,2,12.44
6807,2725,41,5,55.55
6808,2725,135,4,249.87
6809,2726,64,5,14.36
6810,2726,17,3,2350.00
6811,2727,57,6,44.57
6812,2728,11,3,10.30
6813,2728,117,1,1388.10
6814,2728,131,2,158.12
6815,2729,124,3,14.05
6816,2729,89,3,571.54
6817,2729,9,4,5.62
6818,2729,131,4,158.12
6819,2730,27,2,85.73
6820,2730,104,4,23.13
6821,2731,146,3,435.02
6822,2731,142,4,3.96
6823,2732,77,3,9.06
6824,2732,89,6,571.54
6825,2732,108,2,9.08
6826,2733,97,1,63.61
6827,2733,16,2,9.26
6828,2733,19,6,10.84
6829,2733,48,2,296.73
6830,2734,137,1,439.07
6831,2734,19,4,10.84
6832,2735,77,4,9.06
6833,2735,19,1,10.84
6834,2735,127,1,313.94
6835,2735,122,3,53.10
6836,2736,40,3,1056.08
6837,2736,62,4,340.07
6838,2737,16,6,12.44
6839,2738,51,6,479.39
6840,2738,69,3,376.17
6841,2739,16,4,9.26
6842,2740,16,2,9.26
6843,2740,57,1,33.31
6844,2740,121,2,1103.11
6845,2741,135,2,249.87
6846,2741,147,5,119.34
6847,2741,88,5,17.13
6848,2741,42,6,1621.81
6849,2742,59,3,43.30
6850,2743,53,4,1145.45
6851,2743,131,1,158.12
6852,2743,121,5,1103.11
6853,2743,95,5,143.83
6854,2744,95,1,143.83
6855,2744,86,1,225.04
6856,2745,109,1,6.27
6857,2745,76,5,2140.68
6858,2745,23,6,818.78
6859,2745,17,5,1848.55
6860,2745,34,1,966.54
6861,2746,64,2,14.36
6862,2746,76,3,2140.68
6863,2747,35,4,118.27
6864,2747,4,2,61.61
6865,2748,35,4,118.27
6866,2749,18,6,1118.64
6867,2750,119,2,155.09
6868,2750,88,1,17.13
6869,2751,141,4,53.23
6870,2752,111,1,18.84
6871,2752,51,5,479.39
6872,2752,135,4,249.87
6873,2752,64,5,14.36
6874,2752,20,2,153.36
6875,2753,16,6,9.26
6876,2753,57,5,44.57
6877,2754,4,2,48.17
6878,2754,121,5,1103.11
6879,2754,102,1,58.92
6880,2755,101,6,745.86
6881,2756,47,4,20.98
6882,2756,35,1,118.27
6883,2757,88,5,17.13
6884,2757,121,1,1103.11
6885,2758,109,5,6.27
6886,2759,88,6,17.13
6887,2760,51,5,479.39
6888,2760,35,6,118.27
6889,2760,89,6,571.54
6890,2761,121,1,1103.11
6891,2761,149,1,103.46
6892,2762,107,2,87.02
6893,2762,82,4,7.79
6894,2762,135,6,249.87
6895,2762,57,6,44.57
6896,2762,34,5,966.54
6897,2763,131,5,158.12
6898,2763,7,6,94.53
6899,2763,16,1,9.26
6900,2763,35,6,118.27
6901,2763,146,5,435.02
6902,2764,131,3,158.12
6903,2764,49,3,1531.70
6904,2764,76,1,2140.68
6905,2765,41,1,55.55
6906,2765,135,1,249.87
6907,2766,11,4,10.30
6908,2767,146,3,435.02
6909,2767,104,1,16.45
6910,2767,135,3,249.87
6911,2767,67,3,63.32
6912,2767,16,6,12.44
6913,2768,88,5,17.13
6914,2769,90,2,31.54
6915,2770,108,1,9.08
6916,2770,59,2,43.30
6917,2770,16,2,9.26
6918,2771,55,1,126.48
6919,2771,131,4,158.12
6920,2771,121,5,1103.11
6921,2772,108,4,9.08
6922,2772,88,2,17.13
6923,2773,55,4,126.48
6924,2773,35,6,118.27
6925,2774,23,6,818.78
6926,2774,58,3,2228.53
6927,2774,88,3,17.13
6928,2774,135,5,249.87
6929,2775,47,3,20.98
6930,2775,90,2,31.54
6931,2776,40,6,1056.08
6932,2776,86,3,168.75
6933,2776,4,2,48.17
6934,2777,122,5,42.40
6935,2777,125,6,859.33
6936,2777,19,6,13.79
6937,2777,115,2,1593.08
6938,2777,67,4,63.32
6939,2778,117,2,1388.10
6940,2778,132,5,15.26
6941,2779,67,1,63.32
6942,2779,149,5,103.46
6943,2779,4,1,61.61
6944,2780,116,5,1063.09
6945,2781,57,2,33.31
6946,2781,132,1,15.26
6947,2781,64,2,14.36
6948,2782,147,1,119.34
6949,2783,137,4,439.07
6950,2783,9,2,4.73
6951,2783,135,1,249.87
6952,2784,131,5,158.12
6953,2785,145,1,402.40
6954,2786,146,1,435.02
6955,2787,76,6,2140.68
6956,2787,49,1,1531.70
6957,2787,101,4,745.86
6958,2787,77,6,9.06
6959,2788,121,6,1103.11
6960,2788,16,1,9.26
6961,2788,83,5,110.68
6962,2789,67,6,63.32
6963,2790,131,2,158.12
6964,2790,135,5,249.87
6965,2791,35,4,118.27
6966,2792,88,4,17.13
6967,2793,58,5,2228.53
6968,2794,58,5,2228.53
6969,2794,146,4,435.02
6970,2795,108,3,9.08
6971,2795,109,2,6.27
6972,2795,23,5,818.78
6973,2796,140,1,19.65
6974,2796,57,5,44.57
6975,2797,34,4,966.54
6976,2797,135,5,249.87
6977,2797,16,1,9.26
6978,2798,52,2,4.14
6979,2798,91,4,17.43
6980,2798,67,1,63.32
6981,2799,119,5,155.09
6982,2799,14,2,79.66
6983,2800,132,1,15.26
6984,2800,64,3,14.36
6985,2800,57,1,33.31
6986,2801,4,2,48.17
6987,2801,62,2,266.25
6988,2802,1,1,100.49
6989,2802,132,1,15.26
6990,2802,39,1,172.57
6991,2803,102,4,77.15
6992,2804,82,3,11.03
6993,2804,109,1,6.27
6994,2805,149,5,103.46
6995,2805,34,1,966.54
6996,2806,72,6,125.19
6997,2807,62,4,266.25
6998,2807,9,4,5.62
6999,2808,34,3,966.54
7000,2808,89,6,571.54
7001,2808,76,1,2140.68
7002,2809,129,3,20.39
7003,2809,35,3,118.27
7004,2809,57,2,44.57
7005,2810,58,1,2228.53
7006,2811,58,5,2228.53
7007,2812,71,6,5.88
7008,2812,88,2,17.13
7009,2812,124,5,14.05
7010,2812,16,4,12.44
7011,2813,102,6,58.92
7012,2814,75,3,7.34
7013,2814,119,6,155.09
7014,2815,131,3,158.12
7015,2815,40,5,1056.08
7016,2816,4,5,48.17
7017,2816,109,5,6.27
7018,2817,20,6,153.36
7019,2817,39,2,150.09
7020,2818,146,3,435.02
7021,2818,132,5,15.26
7022,2819,67,6,63.32
7023,2819,39,5,150.09
7024,2820,19,3,10.84
7025,2821,67,1,63.32
7026,2821,64,3,15.90
7027,2821,7,2,94.53
7028,2822,16,6,9.26
7029,2823,115,3,1593.08
7030,2824,21,5,363.62
7031,2824,58,6,2228.53
7032,2824,108,3,9.08
7033,2824,39,3,150.09
7034,2825,39,4,150.09
7035,2825,66,6,1668.91
7036,2825,57,4,44.57
7037,2825,16,6,9.26
7038,2826,54,6,11.25
7039,2827,58,5,2228.53
7040,2828,67,4,63.32
7041,2828,106,6,535.13
7042,2828,88,4,17.13
7043,2828,135,4,249.87
7044,2829,88,2,17.13
7045,2829,80,1,49.74
7046,2830,57,4,33.31
7047,2830,21,4,363.62
7048,2830,89,5,571.54
7049,2831,122,5,42.40
7050,2831,58,2,2228.53
7051,2831,129,4,20.39
7052,2832,62,1,266.25
7053,2833,34,1,966.54
7054,2834,62,6,266.25
7055,2834,6,3,31.70
7056,2834,149,3,103.46
7057,2834,54,5,11.25
7058,2835,135,3,249.87
7059,2835,108,3,9.08
7060,2835,1,3,100.49
7061,2835,131,5,158.12
7062,2835,9,1,4.73
7063,2836,4,1,48.17
7064,2836,16,6,9.26
7065,2836,121,5,1103.11
7066,2836,91,4,17.43
7067,2836,6,1,31.70
7068,2837,124,3,10.01
7069,2837,144,1,12.70
7070,2837,104,6,16.45
7071,2838,115,1,1593.08
7072,2838,16,3,9.26
7073,2839,40,2,1056.08
7074,2840,47,3,20.98
7075,2841,58,5,2228.53
7076,2842,137,6,439.07
7077,2843,6,2,31.70
7078,2844,64,2,14.36
7079,2844,39,4,150.09
7080,2845,64,1,14.36
7081,2845,132,5,15.26
7082,2845,16,2,12.44
7083,2846,16,3,9.26
7084,2846,6,4,31.70
7085,2847,64,4,14.36
7086,2847,50,2,319.47
7087,2847,131,4,158.12
7088,2848,135,3,249.87
7089,2848,102,4,58.92
7090,2848,146,6,435.02
7091,2848,89,2,571.54
7092,2849,58,6,2228.53
7093,2849,11,1,10.30
7094,2849,146,4,435.02
7095,2850,108,6,9.08
7096,2851,58,2,2228.53
7097,2852,2,4,2490.71
7098,2852,142,5,3.96
7099,2852,100,2,1939.75
7100,2853,86,5,168.75
7101,2853,115,3,1593.08
7102,2853,146,6,435.02
7103,2853,129,5,20.39
7104,2854,142,4,3.96
7105,2855,142,2,5.01
7106,2855,39,2,172.57
7107,2855,137,1,439.07
7108,2856,106,3,535.13
7109,2856,67,1,63.32
7110,2857,76,5,2140.68
7111,2857,59,5,43.30
7112,2857,119,1,155.09
7113,2857,88,1,17.13
7114,2857,147,3,119.34
7115,2858,11,2,10.30
7116,2858,39,5,150.09
7117,2859,21,5,363.62
7118,2859,128,2,1676.16
7119,2859,146,5,435.02
7120,2859,88,3,17.13
7121,2860,21,3,363.62
7122,2860,135,6,249.87
7123,2861,35,6,118.27
7124,2861,144,6,17.32
7125,2861,55,2,126.48
7126,2861,149,2,103.46
7127,2861,121,6,1103.11
7128,2862,146,4,435.02
7129,2862,81,4,70.67
7130,2862,59,3,43.30
7131,2862,34,3,966.54
7132,2863,131,2,158.12
7133,2863,129,6,20.39
7134,2863,76,4,2140.68
7135,2863,141,4,39.30
7136,2863,71,6,5.88
7137,2864,76,2,2140.68
7138,2864,55,1,126.48
7139,2865,76,4,2140.68
7140,2866,55,4,126.48
7141,2866,62,3,340.07
7142,2867,51,6,479.39
7143,2867,89,4,571.54
7144,2867,100,1,1939.75
7145,2868,16,5,12.44
7146,2868,119,6,155.09
7147,2868,71,6,5.88
7148,2869,16,5,9.26
7149,2869,119,2,155.09
7150,2869,57,1,33.31
7151,2869,131,6,158.12
7152,2870,51,6,479.39
7153,2870,119,5,155.09
7154,2871,135,3,249.87
7155,2871,2,5,2490.71
7156,2871,146,5,435.02
7157,2872,16,1,9.26
7158,2872,125,5,859.33
7159,2872,132,1,15.26
7160,2873,8,6,6.07
7161,2873,131,4,158.12
7162,2874,75,3,7.34
7163,2874,6,5,31.70
7164,2874,128,4,1676.16
7165,2874,109,5,6.27
7166,2875,16,5,9.26
7167,2875,55,3,126.48
7168,2875,131,6,158.12
7169,2875,106,6,535.13
7170,2876,40,5,1056.08
7171,2876,137,2,439.07
7172,2876,131,5,158.12
7173,2877,102,2,58.92
7174,2877,88,1,17.13
7175,2877,128,2,1676.16
7176,2878,16,4,12.44
7177,2878,55,6,126.48
7178,2878,73,2,70.19
7179,2879,55,3,126.48
7180,2879,5,4,636.38
7181,2879,6,5,31.70
7182,2880,102,2,58.92
7183,2880,59,1,43.30
7184,2881,16,2,9.26
7185,2881,82,1,11.03
7186,2882,136,4,56.69
7187,2882,9,5,5.62
7188,2883,17,1,1848.55
7189,2883,77,6,9.06
7190,2883,88,2,17.13
7191,2884,58,4,2228.53
7192,2884,20,4,153.36
7193,2885,55,6,126.48
7194,2885,39,5,172.57
7195,2885,76,1,2140.68
7196,2885,147,1,119.34
7197,2886,131,3,158.12
7198,2886,39,5,150.09
7199,2887,62,4,340.07
7200,2887,39,5,150.09
7201,2887,82,6,7.79
7202,2888,9,2,4.73
7203,2889,115,4,1593.08
7204,2889,106,1,535.13
7205,2890,64,5,14.36
7206,2890,132,1,15.26
7207,2891,48,4,211.75
7208,2891,116,4,1063.09
7209,2891,31,2,5.71
7210,2891,76,6,2140.68
7211,2892,135,2,249.87
7212,2892,146,3,435.02
7213,2893,16,2,9.26
7214,2893,67,1,63.32
7215,2894,64,5,14.36
7216,2894,120,5,8.05
7217,2894,147,1,119.34
7218,2895,119,2,155.09
7219,2895,76,3,2140.68
7220,2896,39,4,150.09
7221,2896,55,1,126.48
7222,2897,16,2,12.44
7223,2897,62,1,266.25
7224,2897,17,5,1848.55
7225,2898,59,6,43.30
7226,2899,132,1,15.26
7227,2899,23,5,818.78
7228,2899,146,4,435.02
7229,2899,129,1,20.39
7230,2899,48,3,211.75
7231,2900,11,3,10.30
7232,2900,40,2,1056.08
7233,2900,101,3,745.86
7234,2901,89,2,571.54
7235,2901,9,6,4.73
7236,2901,67,5,63.32
7237,2901,141,6,39.30
7238,2902,4,1,61.61
7239,2903,76,1,2140.68
7240,2903,120,6,6.05
7241,2903,89,6,571.54
7242,2904,11,1,10.30
7243,2904,75,4,7.34
7244,2905,55,2,126.48
7245,2905,48,6,296.73
7246,2906,21,3,363.62
7247,2906,2,2,2490.71
7248,2907,106,5,535.13
7249,2907,64,5,14.36
7250,2907,149,4,103.46
7251,2907,48,5,211.75
7252,2907,23,2,818.78
7253,2908,119,6,155.09
7254,2908,149,1,103.46
7255,2908,106,5,535.13
7256,2909,122,4,42.40
7257,2909,144,5,12.70
7258,2910,136,6,56.69
7259,2910,57,1,33.31
7260,2911,77,6,9.06
7261,2911,121,3,1103.11
7262,2911,64,4,14.36
7263,2911,16,3,9.26
7264,2912,19,1,13.79
7265,2912,135,4,249.87
7266,2912,34,3,966.54
7267,2913,121,4,1103.11
7268,2913,135,6,249.87
7269,2913,39,1,150.09
7270,2913,88,6,17.13
7271,2914,1,1,100.49
7272,2914,131,3,158.12
7273,2915,109,5,6.27
7274,2915,132,4,15.26
7275,2916,135,4,249.87
7276,2916,137,5,439.07
7277,2917,17,2,1848.55
7278,2918,76,5,2140.68
7279,2919,3,5,433.53
7280,2920,16,6,9.26
7281,2920,88,4,17.13
7282,2921,58,3,2228.53
7283,2922,89,1,571.54
7284,2922,149,4,103.46
7285,2922,47,4,20.98
7286,2922,135,2,249.87
7287,2923,55,4,126.48
7288,2923,9,1,4.73
7289,2923,127,4,313.94
7290,2923,34,1,966.54
7291,2923,86,4,225.04
7292,2924,71,4,5.88
7293,2924,62,5,340.07
7294,2925,107,3,76.72
7295,2925,9,3,4.73
7296,2925,35,5,118.27
7297,2925,4,1,48.17
7298,2926,131,4,158.12
7299,2926,54,5,11.25
7300,2927,48,5,211.75
7301,2927,89,3,571.54
7302,2927,9,3,4.73
7303,2928,57,1,44.57
7304,2928,40,6,1056.08
7305,2928,121,4,1103.11
7306,2929,146,2,435.02
7307,2929,38,5,2072.70
7308,2930,5,1,636.38
7309,2930,19,3,10.84
7310,2930,1,3,100.49
7311,2931,115,5,1593.08
7312,2932,135,2,249.87
7313,2932,132,1,15.26
7314,2933,121,1,1103.11
7315,2933,34,1,966.54
7316,2933,122,4,42.40
7317,2934,9,6,5.62
7318,2935,82,1,7.79
7319,2935,34,1,966.54
7320,2935,106,3,535.13
7321,2936,150,1,634.04
7322,2936,120,2,6.05
7323,2937,128,2,1676.16
7324,2937,64,6,14.36
7325,2937,16,3,9.26
7326,2937,88,6,17.13
7327,2938,2,1,2490.71
7328,2939,132,2,15.26
7329,2939,64,3,14.36
7330,2939,4,1,61.61
7331,2940,59,2,43.30
7332,2941,16,4,9.26
7333,2941,146,1,435.02
7334,2941,135,4,249.87
7335,2942,35,3,118.27
7336,2942,82,1,11.03
7337,2943,6,6,31.70
7338,2943,135,2,249.87
7339,2943,7,5,94.53
7340,2944,62,5,266.25
7341,2945,135,3,249.87
7342,2945,64,4,14.36
7343,2945,31,3,5.71
7344,2946,146,4,435.02
7345,2946,100,4,1939.75
7346,2946,106,1,535.13
7347,2946,11,6,10.30
7348,2946,121,2,1103.11
7349,2947,35,1,118.27
7350,2947,83,3,110.68
7351,2947,47,6,20.98
7352,2948,120,4,6.05
7353,2948,88,3,17.13
7354,2948,16,5,9.26
7355,2949,132,1,15.26
7356,2950,52,1,4.14
7357,2950,20,3,153.36
7358,2950,35,3,118.27
7359,2950,88,2,17.13
7360,2951,76,6,2140.68
7361,2951,38,5,2072.70
7362,2951,39,3,172.57
7363,2951,35,4,118.27
7364,2952,117,3,1388.10
7365,2952,73,2,49.68
7366,2952,67,2,63.32
7367,2953,7,5,94.53
7368,2953,4,1,48.17
7369,2954,16,4,9.26
7370,2954,132,2,15.26
7371,2954,62,1,340.07
7372,2954,51,5,479.39
7373,2955,16,1,9.26
7374,2955,146,3,435.02
7375,2955,135,3,249.87
7376,2956,146,4,435.02
7377,2956,67,3,63.32
7378,2956,144,4,17.32
7379,2957,1,4,100.49
7380,2957,146,6,435.02
7381,2957,104,5,16.45
7382,2957,131,4,158.12
7383,2957,21,4,363.62
7384,2958,57,4,33.31
7385,2958,62,4,266.25
7386,2958,76,4,2140.68
7387,2959,135,3,249.87
7388,2959,4,5,61.61
7389,2959,34,3,966.54
7390,2960,58,1,2228.53
7391,2961,34,3,966.54
7392,2961,119,4,155.09
7393,2961,31,4,5.71
7394,2962,137,3,439.07
7395,2963,57,5,33.31
7396,2963,119,5,155.09
7397,2964,47,3,20.98
7398,2965,120,3,6.05
7399,2965,9,1,5.62
7400,2966,21,2,363.62
7401,2966,16,6,9.26
7402,2966,117,2,1388.10
7403,2967,111,1,18.84
7404,2967,16,1,9.26
7405,2967,9,3,5.62
7406,2967,21,6,387.81
7407,2968,135,6,249.87
7408,2968,122,4,53.10
7409,2969,53,2,1145.45
7410,2969,19,5,13.79
7411,2969,1,3,100.49
7412,2969,16,3,9.26
7413,2969,33,2,7.01
7414,2970,131,5,158.12
7415,2971,77,1,9.06
7416,2971,58,2,2228.53
7417,2972,58,2,2228.53
7418,2972,115,3,1593.08
7419,2972,34,6,966.54
7420,2972,19,5,10.84
7421,2972,51,5,479.39
7422,2973,57,4,33.31
7423,2973,86,6,168.75
7424,2973,7,4,94.53
7425,2974,55,5,126.48
7426,2974,108,5,9.08
7427,2975,19,1,10.84
7428,2975,100,2,1939.75
7429,2975,132,1,15.26
7430,2976,16,3,9.26
7431,2976,102,6,77.15
7432,2976,89,4,571.54
7433,2977,135,4,249.87
7434,2977,113,2,27.67
7435,2978,48,3,211.75
7436,2978,4,6,48.17
7437,2978,147,5,119.34
7438,2979,51,5,479.39
7439,2979,119,4,155.09
7440,2980,117,5,1388.10
7441,2980,40,1,1056.08
7442,2980,9,2,4.73
7443,2981,23,1,818.78
7444,2981,146,3,435.02
7445,2981,124,3,10.01
7446,2981,115,3,1593.08
7447,2982,102,4,58.92
7448,2982,47,4,20.98
7449,2983,132,2,15.26
7450,2983,80,2,46.29
7451,2984,16,2,9.26
7452,2984,76,3,2140.68
7453,2985,81,5,70.67
7454,2986,39,4,150.09
7455,2986,115,5,1593.08
7456,2987,46,1,39.63
7457,2987,41,5,55.55
7458,2988,106,5,535.13
7459,2988,64,3,14.36
7460,2988,131,3,158.12
7461,2989,21,4,363.62
7462,2989,88,5,17.13
7463,2990,57,3,33.31
7464,2990,62,6,266.25
7465,2991,47,5,20.98
7466,2991,77,3,9.06
7467,2992,106,6,535.13
7468,2993,135,2,249.87
7469,2993,57,1,33.31
7470,2994,11,1,10.30
7471,2994,129,3,20.39
7472,2994,64,4,14.36
7473,2995,17,1,1848.55
7474,2995,62,4,266.25
7475,2995,89,1,571.54
7476,2996,40,3,1056.08
7477,2996,77,3,9.06
7478,2996,101,4,745.86
7479,2996,89,1,571.54
7480,2997,124,4,10.01
7481,2997,137,2,439.07
7482,2997,141,3,53.23
7483,2998,42,1,1621.81
7484,2998,21,5,387.81
7485,2998,50,2,319.47
7486,2998,131,6,158.12
7487,2999,120,3,6.05
7488,2999,76,3,2140.68
7489,2999,16,2,9.26
7490,2999,1,2,100.49
7491,3000,57,3,33.31
7492,3001,85,2,155.49
7493,3002,62,3,266.25
7494,3003,41,5,55.55
7495,3004,23,4,818.78
7496,3004,62,4,266.25
7497,3005,16,5,9.26
7498,3006,119,3,155.09
7499,3006,129,2,20.39
7500,3006,35,4,118.27
7501,3007,88,4,17.13
7502,3007,51,2,479.39
7503,3007,131,2,158.12
7504,3007,135,6,249.87
7505,3008,40,1,1056.08
7506,3008,119,4,155.09
7507,3008,1,3,100.49
7508,3009,92,4,1535.18
7509,3010,35,2,118.27
7510,3010,146,5,435.02
7511,3010,124,3,10.01
7512,3010,127,1,313.94
7513,3011,116,6,1063.09
7514,3011,58,6,2228.53
7515,3012,149,5,103.46
7516,3012,16,2,9.26
7517,3013,16,3,9.26
7518,3013,34,4,966.54
7519,3014,16,1,9.26
7520,3014,62,4,340.07
7521,3014,115,3,1593.08
7522,3014,57,3,33.31
7523,3015,107,1,76.72
7524,3015,48,5,211.75
7525,3016,135,2,249.87
7526,3016,132,5,15.26
7527,3017,59,2,43.30
7528,3017,82,4,7.79
7529,3017,64,3,14.36
7530,3017,62,4,266.25
7531,3017,85,4,155.49
7532,3018,102,1,77.15
7533,3018,57,5,33.31
7534,3019,52,2,4.14
7535,3020,131,3,158.12
7536,3020,142,5,3.96
7537,3020,135,3,249.87
7538,3021,20,6,153.36
7539,3021,64,1,14.36
7540,3022,119,4,155.09
7541,3022,135,6,249.87
7542,3022,62,6,340.07
7543,3023,131,6,158.12
7544,3023,111,2,18.84
7545,3023,16,1,9.26
7546,3023,132,1,15.26
7547,3023,109,6,6.27
7548,3024,57,3,44.57
7549,3025,120,2,8.05
7550,3025,16,5,9.26
7551,3026,115,2,1593.08
7552,3026,102,2,58.92
7553,3026,82,5,11.03
7554,3027,75,4,7.34
7555,3027,85,2,155.49
7556,3028,132,4,15.26
7557,3029,6,6,31.70
7558,3029,19,5,10.84
7559,3030,69,3,376.17
7560,3031,76,1,2140.68
7561,3032,119,2,155.09
7562,3033,48,3,296.73
7563,3033,42,4,1621.81
7564,3033,16,4,12.44
7565,3033,57,6,33.31
7566,3034,58,2,2228.53
7567,3034,16,4,9.26
7568,3034,6,3,31.70
7569,3034,19,1,10.84
7570,3035,57,2,33.31
7571,3035,16,2,9.26
7572,3036,107,5,76.72
7573,3036,39,5,172.57
7574,3036,62,5,266.25
7575,3036,132,3,15.26
7576,3036,121,5,1103.11
7577,3037,35,1,118.27
7578,3037,77,3,9.06
7579,3038,52,2,4.14
7580,3038,40,1,1056.08
7581,3038,2,1,2490.71
7582,3038,77,1,9.06
7583,3039,33,2,7.01
7584,3039,49,2,1531.70
7585,3039,16,6,12.44
7586,3040,107,1,76.72
7587,3040,16,6,9.26
7588,3040,67,3,63.32
7589,3041,135,6,249.87
7590,3041,100,3,1939.75
7591,3042,149,2,103.46
7592,3042,119,6,155.09
7593,3042,20,2,153.36
7594,3043,149,6,103.46
7595,3043,35,5,118.27
7596,3044,34,2,966.54
7597,3045,146,4,435.02
7598,3046,16,5,9.26
7599,3046,67,6,63.32
7600,3046,47,6,20.98
7601,3046,142,1,5.01
7602,3047,118,4,5.60
7603,3047,16,3,9.26
7604,3047,121,3,1103.11
7605,3047,62,1,266.25
7606,3048,121,2,1103.11
7607,3048,73,4,49.68
7608,3049,131,4,158.12
7609,3049,108,5,9.08
7610,3049,121,6,1103.11
7611,3049,57,1,33.31
7612,3050,34,3,966.54
7613,3050,6,6,31.70
7614,3050,16,5,9.26
7615,3051,31,4,5.71
7616,3051,57,1,44.57
7617,3052,121,2,1103.11
7618,3053,48,2,211.75
7619,3053,57,5,33.31
7620,3053,11,4,10.30
7621,3054,6,4,31.70
7622,3054,85,2,155.49
7623,3055,57,5,33.31
7624,3055,69,6,376.17
7625,3055,135,1,249.87
7626,3056,86,2,168.75
7627,3056,1,3,100.49
7628,3056,146,2,435.02
7629,3056,131,1,158.12
7630,3056,76,6,2140.68
7631,3057,66,1,1668.91
7632,3057,146,4,435.02
7633,3057,119,6,155.09
7634,3058,146,5,435.02
7635,3058,16,6,9.26
7636,3058,135,3,249.87
7637,3059,95,1,181.93
7638,3060,3,6,433.53
7639,3060,146,3,435.02
7640,3060,108,1,9.08
7641,3060,142,1,3.96
7642,3061,76,1,2140.68
7643,3061,77,3,9.06
7644,3062,135,5,249.87
7645,3062,11,4,10.30
7646,3063,89,3,571.54
7647,3064,17,5,1848.55
7648,3064,64,5,14.36
7649,3064,135,3,249.87
7650,3064,121,4,1103.11
7651,3065,33,2,7.61
7652,3066,88,4,17.13
7653,3067,121,3,1103.11
7654,3067,55,3,126.48
7655,3068,48,2,211.75
7656,3068,9,3,5.62
7657,3068,14,5,79.66
7658,3068,62,5,266.25
7659,3069,40,3,1056.08
7660,3069,88,5,17.13
7661,3069,111,3,18.84
7662,3069,83,6,110.68
7663,3070,149,2,103.46
7664,3070,109,2,6.27
7665,3070,34,4,966.54
7666,3071,140,6,19.65
7667,3071,39,4,172.57
7668,3071,85,3,155.49
7669,3072,39,2,150.09
7670,3072,115,5,1593.08
7671,3073,57,6,44.57
7672,3073,145,6,402.40
7673,3074,121,3,1103.11
7674,3074,62,5,266.25
7675,3074,16,5,9.26
7676,3074,67,3,63.32
7677,3075,102,4,58.92
7678,3075,85,2,155.49
7679,3075,131,5,158.12
7680,3076,59,2,43.30
7681,3076,35,6,118.27
7682,3077,75,3,7.34
7683,3077,57,5,33.31
7684,3077,40,4,1056.08
7685,3078,149,1,103.46
7686,3078,76,4,2140.68
7687,3079,62,5,266.25
7688,3080,111,5,18.84
7689,3080,135,2,249.87
7690,3080,41,1,55.55
7691,3080,131,3,158.12
7692,3081,39,4,172.57
7693,3082,142,2,3.96
7694,3082,23,1,818.78
7695,3083,135,1,249.87
7696,3083,66,1,1668.91
7697,3083,132,2,15.26
7698,3084,100,1,1939.75
7699,3085,132,6,15.26
7700,3086,115,4,1593.08
7701,3087,57,6,33.31
7702,3087,20,3,153.36
7703,3088,34,3,966.54
7704,3088,145,6,402.40
7705,3089,111,5,18.84
7706,3089,149,3,103.46
7707,3090,132,4,15.26
7708,3091,102,5,77.15
7709,3091,135,6,249.87
7710,3091,83,3,110.68
7711,3092,16,6,9.26
7712,3092,102,5,77.15
7713,3092,85,2,155.49
7714,3093,128,5,1989.48
7715,3093,145,1,402.40
7716,3094,76,5,2140.68
7717,3094,119,6,155.09
7718,3095,16,4,9.26
7719,3095,23,1,818.78
7720,3095,132,5,15.26
7721,3096,129,6,20.39
7722,3096,6,2,31.70
7723,3097,95,6,143.83
7724,3097,92,3,1535.18
7725,3098,135,6,249.87
7726,3099,16,2,9.26
7727,3099,81,6,70.67
7728,3100,124,3,10.01
7729,3100,16,4,12.44
7730,3100,102,3,58.92
7731,3100,64,6,14.36
7732,3101,88,6,17.13
7733,3101,64,5,14.36
7734,3102,57,3,33.31
7735,3103,106,3,535.13
7736,3103,16,1,12.44
7737,3104,51,2,479.39
7738,3104,80,2,49.74
7739,3104,19,1,10.84
7740,3104,35,5,118.27
7741,3104,138,1,73.65
7742,3105,115,6,1593.08
7743,3105,146,6,435.02
7744,3105,17,1,2350.00
7745,3105,23,2,818.78
7746,3106,135,2,249.87
7747,3106,62,6,266.25
7748,3106,132,4,15.26
7749,3106,102,1,58.92
7750,3107,91,1,17.43
7751,3107,124,5,10.01
7752,3107,16,5,12.44
7753,3108,146,2,435.02
7754,3109,106,5,535.13
7755,3109,21,4,363.62
7756,3110,119,1,155.09
7757,3111,126,1,537.80
7758,3112,146,1,435.02
7759,3112,34,6,966.54
7760,3113,76,6,2140.68
7761,3114,36,4,32.19
7762,3115,107,6,76.72
7763,3116,31,4,5.71
7764,3116,144,6,12.70
7765,3116,16,5,9.26
7766,3117,18,4,1118.64
7767,3117,137,2,439.07
7768,3117,16,6,9.26
7769,3117,55,3,126.48
7770,3118,76,2,2140.68
7771,3118,17,3,1848.55
7772,3118,149,3,103.46
7773,3119,76,2,2140.68
7774,3119,57,1,33.31
7775,3120,64,5,14.36
7776,3120,122,6,42.40
7777,3120,115,6,1593.08
7778,3121,40,2,1056.08
7779,3121,85,3,155.49
7780,3122,64,1,14.36
7781,3122,76,6,2140.68
7782,3122,9,4,4.73
7783,3123,57,2,44.57
7784,3124,100,2,1939.75
7785,3124,16,3,9.26
7786,3125,55,6,126.48
7787,3126,64,1,14.36
7788,3127,81,2,70.67
7789,3127,107,2,87.02
7790,3127,2,1,2490.71
7791,3128,39,6,172.57
7792,3128,108,6,9.08
7793,3128,149,4,103.46
7794,3128,76,4,2140.68
7795,3129,88,1,17.13
7796,3129,97,6,85.44
7797,3130,58,1,2228.53
7798,3130,132,6,15.26
7799,3130,88,1,17.13
7800,3131,34,6,966.54
7801,3131,8,6,6.07
7802,3131,47,1,20.98
7803,3132,142,3,3.96
7804,3132,146,5,435.02
7805,3132,39,4,150.09
7806,3132,81,3,70.67
7807,3133,88,6,17.13
7808,3133,59,3,43.30
7809,3133,58,3,2228.53
7810,3133,97,6,63.61
7811,3133,132,4,15.26
7812,3134,35,2,118.27
7813,3135,115,1,1593.08
7814,3135,54,3,11.25
7815,3136,34,4,966.54
7816,3136,75,1,7.34
7817,3137,46,5,48.97
7818,3138,109,1,6.27
7819,3138,72,2,125.19
7820,3139,55,6,126.48
7821,3140,39,5,150.09
7822,3141,117,2,1388.10
7823,3141,146,4,435.02
7824,3141,47,1,20.98
7825,3142,16,6,9.26
7826,3143,109,5,6.27
7827,3143,135,5,249.87
7828,3144,16,1,9.26
7829,3144,57,6,44.57
7830,3145,41,3,55.55
7831,3145,57,2,33.31
7832,3146,135,2,249.87
7833,3146,75,2,7.34
7834,3146,119,3,155.09
7835,3146,100,1,1939.75
7836,3147,131,3,158.12
7837,3147,64,3,15.90
7838,3148,119,2,155.09
7839,3148,7,3,94.53
7840,3148,146,2,435.02
7841,3149,57,6,33.31
7842,3149,34,6,966.54
7843,3149,149,3,103.46
7844,3150,116,1,1063.09
7845,3151,19,4,10.84
7846,3151,131,5,158.12
7847,3151,146,4,435.02
7848,3152,135,6,249.87
7849,3152,122,4,42.40
7850,3153,16,3,9.26
7851,3153,50,6,319.47
7852,3153,149,2,103.46
7853,3154,90,1,31.54
7854,3155,40,4,1056.08
7855,3155,50,5,319.47
7856,3155,135,1,249.87
7857,3156,135,6,249.87
7858,3156,55,4,126.48
7859,3156,7,5,94.53
7860,3156,23,6,818.78
7861,3156,146,6,435.02
7862,3157,16,3,9.26
7863,3157,23,5,818.78
7864,3157,135,6,249.87
7865,3158,2,6,2490.71
7866,3158,18,4,1118.64
7867,3158,16,3,9.26
7868,3159,77,1,9.06
7869,3160,23,6,818.78
7870,3160,35,6,118.27
7871,3160,34,6,966.54
7872,3160,140,1,19.65
7873,3161,85,6,155.49
7874,3161,135,3,249.87
7875,3162,131,4,158.12
7876,3162,135,4,249.87
7877,3163,16,1,9.26
7878,3163,85,4,155.49
7879,3164,64,3,15.90
7880,3164,129,5,20.39
7881,3165,146,1,435.02
7882,3165,135,3,249.87
7883,3166,121,6,1103.11
7884,3167,23,3,818.78
7885,3167,122,4,42.40
7886,3167,135,4,249.87
7887,3168,57,5,33.31
7888,3168,64,4,14.36
7889,3168,107,3,76.72
7890,3168,49,5,1531.70
7891,3169,121,6,1103.11
7892,3169,85,5,155.49
7893,3170,149,1,103.46
7894,3171,135,1,249.87
7895,3171,55,6,126.48
7896,3171,108,5,9.08
7897,3171,120,3,8.05
7898,3171,97,1,63.61
7899,3172,35,1,118.27
7900,3172,121,3,1103.11
7901,3172,64,5,15.90
7902,3173,62,5,340.07
7903,3173,80,3,46.29
7904,3173,135,6,249.87
7905,3174,5,5,636.38
7906,3174,34,5,966.54
7907,3175,64,3,15.90
7908,3175,149,4,103.46
7909,3175,21,1,363.62
7910,3176,40,6,1056.08
7911,3176,146,2,435.02
7912,3176,88,4,17.13
7913,3176,137,1,439.07
7914,3176,85,4,155.49
7915,3177,122,3,42.40
7916,3177,34,5,966.54
7917,3178,51,5,479.39
7918,3178,102,5,77.15
7919,3178,124,4,10.01
7920,3179,142,6,3.96
7921,3179,135,3,249.87
7922,3179,2,5,2490.71
7923,3180,88,6,17.13
7924,3180,117,4,1388.10
7925,3181,129,6,20.39
7926,3181,146,1,435.02
7927,3182,16,2,12.44
7928,3182,104,3,16.45
7929,3182,80,5,46.29
7930,3183,76,3,2140.68
7931,3183,89,2,571.54
7932,3183,16,2,9.26
7933,3184,57,5,33.31
7934,3184,16,5,9.26
7935,3184,135,5,249.87
7936,3185,57,3,33.31
7937,3185,6,2,31.70
7938,3186,23,2,818.78
7939,3186,55,6,126.48
7940,3186,82,1,7.79
7941,3186,135,4,249.87
7942,3186,131,4,158.12
7943,3187,57,5,44.57
7944,3187,88,4,17.13
7945,3188,81,4,70.67
7946,3188,109,5,6.27
7947,3188,36,1,32.19
7948,3188,87,2,1798.50
7949,3189,16,4,9.26
7950,3189,115,1,1593.08
7951,3190,119,5,155.09
7952,3191,132,3,15.26
7953,3191,19,5,10.84
7954,3191,35,1,118.27
7955,3191,102,2,58.92
7956,3192,135,5,249.87
7957,3192,149,2,103.46
7958,3193,116,5,1063.09
7959,3194,76,1,2140.68
7960,3194,47,4,20.98
7961,3195,129,5,20.39
7962,3195,19,1,13.79
7963,3196,64,2,14.36
7964,3196,135,5,249.87
7965,3197,57,2,44.57
7966,3198,88,3,17.13
7967,3198,21,1,363.62
7968,3198,121,6,1103.11
7969,3199,55,3,126.48
7970,3199,64,2,15.90
7971,3199,11,4,10.30
7972,3199,34,4,966.54
7973,3199,76,2,2140.68
7974,3200,34,5,966.54
7975,3200,64,3,15.90
7976,3201,16,5,9.26
7977,3201,57,1,33.31
7978,3201,132,3,15.26
7979,3202,16,4,9.26
7980,3202,115,4,1593.08
7981,3202,64,4,14.36
7982,3203,75,2,7.34
7983,3204,135,1,249.87
7984,3205,16,5,9.26
7985,3205,102,4,58.92
7986,3205,41,6,55.55
7987,3205,1,6,100.49
7988,3206,80,3,49.74
7989,3206,62,3,266.25
7990,3206,76,1,2140.68
7991,3207,109,4,6.27
7992,3207,57,4,33.31
7993,3208,21,5,363.62
7994,3208,80,6,46.29
7995,3208,89,5,571.54
7996,3208,59,2,43.30
7997,3208,131,1,158.12
7998,3209,52,4,4.14
7999,3209,88,1,17.13
8000,3209,115,2,1593.08
8001,3210,85,5,155.49
8002,3211,135,5,249.87
8003,3212,62,1,266.25
8004,3212,91,1,17.43
8005,3212,21,3,387.81
8006,3213,142,5,3.96
8007,3214,12,5,664.61
8008,3214,125,1,859.33
8009,3215,59,6,43.30
8010,3216,137,2,439.07
8011,3216,8,4,6.07
8012,3216,40,3,1056.08
8013,3217,125,2,859.33
8014,3217,100,5,1939.75
8015,3217,135,1,249.87
8016,3217,50,5,319.47
8017,3217,35,6,118.27
8018,3218,135,6,249.87
8019,3219,124,3,10.01
8020,3219,64,3,14.36
8021,3219,146,4,435.02
8022,3220,116,5,1063.09
8023,3220,16,5,12.44
8024,3221,2,6,2490.71
8025,3221,86,3,225.04
8026,3222,149,2,103.46
8027,3222,101,1,745.86
8028,3223,57,1,33.31
8029,3224,8,5,6.07
8030,3224,124,6,10.01
8031,3224,36,4,32.19
8032,3224,16,5,9.26
8033,3225,119,4,155.09
8034,3225,146,3,435.02
8035,3225,19,6,10.84
8036,3226,16,5,9.26
8037,3226,57,3,33.31
8038,3226,97,1,63.61
8039,3227,49,3,1531.70
8040,3227,48,4,211.75
8041,3227,146,2,435.02
8042,3227,102,2,58.92
8043,3228,146,3,435.02
8044,3228,39,5,150.09
8045,3229,135,6,249.87
8046,3229,9,4,4.73
8047,3229,16,1,9.26
8048,3229,55,6,126.48
8049,3230,54,2,11.25
8050,3230,8,1,7.43
8051,3230,64,3,14.36
8052,3231,39,6,150.09
8053,3231,23,3,818.78
8054,3232,49,1,1531.70
8055,3232,147,4,119.34
8056,3232,7,6,94.53
8057,3233,19,1,13.79
8058,3233,59,4,43.30
8059,3233,119,2,155.09
8060,3234,55,3,126.48
8061,3234,131,1,158.12
8062,3234,16,3,9.26
8063,3235,9,1,4.73
8064,3236,71,4,5.88
8065,3236,124,1,14.05
8066,3237,89,4,571.54
8067,3237,122,1,42.40
8068,3237,29,4,6.39
8069,3237,109,5,6.27
8070,3238,33,5,7.01
8071,3238,58,5,2228.53
8072,3238,40,3,1056.08
8073,3239,20,2,153.36
8074,3239,75,5,7.34
8075,3239,146,3,435.02
8076,3239,62,4,340.07
8077,3239,35,3,118.27
8078,3240,5,6,636.38
8079,3240,135,6,249.87
8080,3240,131,2,158.12
8081,3240,49,6,1531.70
8082,3240,81,6,70.67
8083,3241,11,5,10.30
8084,3242,16,6,9.26
8085,3243,64,3,14.36
8086,3243,34,2,966.54
8087,3243,76,1,2140.68
8088,3244,16,3,9.26
8089,3244,62,3,266.25
8090,3244,76,3,2140.68
8091,3245,135,2,249.87
8092,3246,146,2,435.02
8093,3246,135,4,249.87
8094,3246,67,6,63.32
8095,3247,73,6,70.19
8096,3247,135,5,249.87
8097,3247,58,1,2228.53
8098,3248,108,1,9.08
8099,3249,109,6,6.27
8100,3250,81,2,70.67
8101,3250,48,2,296.73
8102,3250,67,1,63.32
8103,3250,57,6,33.31
8104,3251,146,1,435.02
8105,3251,50,6,319.47
8106,3251,11,1,10.30
8107,3251,95,5,143.83
8108,3251,147,2,119.34
8109,3252,87,6,1798.50
8110,3252,135,1,249.87
8111,3252,55,2,126.48
8112,3253,119,3,155.09
8113,3253,89,2,571.54
8114,3254,64,3,14.36
8115,3255,42,4,1621.81
8116,3255,9,4,4.73
8117,3255,51,2,479.39
8118,3256,69,1,376.17
8119,3256,76,3,2140.68
8120,3256,102,2,58.92
8121,3257,85,5,155.49
8122,3257,64,4,14.36
8123,3257,76,1,2140.68
8124,3258,16,6,12.44
8125,3258,124,2,10.01
8126,3258,40,6,1056.08
8127,3259,35,6,118.27
8128,3259,109,1,6.27
8129,3259,19,1,10.84
8130,3259,85,6,155.49
8131,3259,146,1,435.02
8132,3260,92,1,1535.18
8133,3260,20,1,153.36
8134,3261,62,5,266.25
8135,3261,88,4,17.13
8136,3261,16,5,9.26
8137,3262,76,3,2140.68
8138,3262,57,1,33.31
8139,3263,106,2,535.13
8140,3264,52,3,4.14
8141,3264,85,3,155.49
8142,3264,92,2,1535.18
8143,3264,108,2,9.08
8144,3264,7,2,94.53
8145,3265,42,1,1621.81
8146,3266,135,6,249.87
8147,3267,131,6,158.12
8148,3267,119,4,155.09
8149,3267,40,3,1056.08
8150,3267,11,5,10.30
8151,3268,85,1,155.49
8152,3269,62,5,266.25
8153,3269,48,3,211.75
8154,3269,80,2,46.29
8155,3270,73,6,70.19
8156,3270,85,2,155.49
8157,3271,67,2,63.32
8158,3272,115,2,1593.08
8159,3273,1,3,100.49
8160,3273,11,2,10.30
8161,3273,39,2,150.09
8162,3273,21,1,363.62
8163,3273,76,2,2140.68
8164,3274,149,5,103.46
8165,3275,16,3,9.26
8166,3275,53,3,1145.45
8167,3276,97,2,63.61
8168,3277,16,3,9.26
8169,3277,76,6,2140.68
8170,3277,132,2,15.26
8171,3278,57,5,33.31
8172,3278,7,2,94.53
8173,3279,16,5,12.44
8174,3279,6,4,31.70
8175,3279,62,6,340.07
8176,3279,58,5,2228.53
8177,3280,67,6,63.32
8178,3281,67,1,63.32
8179,3282,140,4,19.65
8180,3283,146,1,435.02
8181,3284,62,1,266.25
8182,3284,40,2,1056.08
8183,3284,16,3,12.44
8184,3284,136,4,56.69
8185,3285,131,5,158.12
8186,3285,49,6,1531.70
8187,3285,35,3,118.27
8188,3285,115,4,1593.08
8189,3286,89,6,571.54
8190,3286,88,4,17.13
8191,3286,102,2,58.92
8192,3287,58,6,2228.53
8193,3287,35,1,118.27
8194,3287,4,2,61.61
8195,3288,135,3,249.87
8196,3288,120,1,6.05
8197,3288,89,6,571.54
8198,3288,16,4,12.44
8199,3289,23,1,818.78
8200,3290,142,5,3.96
8201,3290,64,6,14.36
8202,3291,144,1,12.70
8203,3291,6,2,31.70
8204,3291,20,6,153.36
8205,3291,51,6,479.39
8206,3292,122,5,42.40
8207,3292,54,1,11.25
8208,3292,119,2,155.09
8209,3293,77,3,9.06
8210,3294,23,2,818.78
8211,3294,85,1,155.49
8212,3295,73,2,70.19
8213,3296,117,6,1388.10
8214,3296,16,4,12.44
8215,3297,135,3,249.87
8216,3298,75,4,7.34
8217,3298,122,1,42.40
8218,3299,8,3,6.07
8219,3300,85,6,155.49
8220,3301,16,6,9.26
8221,3301,135,3,249.87
8222,3302,90,2,31.54
8223,3303,146,2,435.02
8224,3303,39,4,150.09
8225,3304,109,6,6.27
8226,3305,85,3,155.49
8227,3305,119,5,155.09
8228,3305,21,4,363.62
8229,3305,16,3,12.44
8230,3306,6,1,31.70
8231,3306,146,2,435.02
8232,3306,120,3,8.05
8233,3307,140,2,19.65
8234,3307,16,3,9.26
8235,3307,137,4,439.07
8236,3308,58,2,2228.53
8237,3308,66,6,1668.91
8238,3309,86,1,168.75
8239,3310,124,2,10.01
8240,3310,59,2,43.30
8241,3311,12,4,664.61
8242,3311,16,1,9.26
8243,3311,67,3,63.32
8244,3312,6,1,31.70
8245,3312,115,4,1593.08
8246,3313,48,4,211.75
8247,3314,55,5,126.48
8248,3314,88,1,17.13
8249,3314,85,1,155.49
8250,3314,135,2,249.87
8251,3315,81,1,70.67
8252,3315,108,3,9.08
8253,3315,131,5,158.12
8254,3316,135,2,249.87
8255,3316,71,3,5.88
8256,3317,102,5,58.92
8257,3318,13,2,20.98
8258,3318,100,1,1939.75
8259,3318,17,1,1848.55
8260,3319,76,5,2140.68
8261,3319,129,3,20.39
8262,3320,132,3,15.26
8263,3320,142,1,3.96
8264,3320,62,3,266.25
8265,3320,47,2,20.98
8266,3321,71,5,5.88
8267,3321,121,4,1103.11
8268,3322,39,5,172.57
8269,3322,132,3,15.26
8270,3323,81,1,70.67
8271,3324,58,1,2228.53
8272,3324,19,2,10.84
8273,3324,17,1,1848.55
8274,3324,42,6,1621.81
8275,3325,16,6,9.26
8276,3326,71,1,5.88
8277,3326,81,5,70.67
8278,3326,3,4,433.53
8279,3326,102,4,58.92
8280,3327,11,2,10.30
8281,3327,87,2,1798.50
8282,3328,47,6,20.98
8283,3328,85,1,155.49
8284,3328,57,5,33.31
8285,3328,4,5,48.17
8286,3328,20,2,153.36
8287,3329,34,2,966.54
8288,3329,116,3,1063.09
8289,3329,16,5,9.26
8290,3329,97,4,63.61
8291,3330,16,2,9.26
8292,3330,89,1,571.54
8293,3330,85,3,155.49
8294,3330,105,1,26.10
8295,3330,34,5,966.54
8296,3331,135,5,249.87
8297,3331,40,5,1056.08
8298,3331,121,6,1103.11
8299,3332,88,3,17.13
8300,3332,121,3,1103.11
8301,3332,59,1,43.30
8302,3333,132,5,15.26
8303,3333,102,3,58.92
8304,3334,135,4,249.87
8305,3335,16,5,9.26
8306,3335,64,5,14.36
8307,3336,88,1,17.13
8308,3336,131,1,158.12
8309,3336,35,3,118.27
8310,3336,119,6,155.09
8311,3337,119,4,155.09
8312,3337,146,3,435.02
8313,3337,121,3,1103.11
8314,3337,67,5,63.32
8315,3338,46,2,39.63
8316,3338,129,5,20.39
8317,3338,135,2,249.87
8318,3339,91,4,17.43
8319,3340,135,2,249.87
8320,3340,91,6,17.43
8321,3341,88,6,17.13
8322,3341,100,5,1939.75
8323,3341,83,2,110.68
8324,3341,35,1,118.27
8325,3342,16,4,12.44
8326,3342,146,6,435.02
8327,3342,50,5,319.47
8328,3342,135,3,249.87
8329,3342,33,1,7.01
8330,3343,14,4,79.66
8331,3343,34,5,966.54
8332,3343,135,4,249.87
8333,3343,129,5,20.39
8334,3344,76,5,2140.68
8335,3344,121,4,1103.11
8336,3344,51,3,479.39
8337,3344,90,5,31.54
8338,3345,135,4,249.87
8339,3345,140,4,22.17
8340,3345,76,4,2140.68
8341,3345,149,5,103.46
8342,3345,9,4,4.73
8343,3346,90,5,31.54
8344,3346,100,5,1939.75
8345,3346,121,2,1103.11
8346,3347,137,3,439.07
8347,3347,131,5,158.12
8348,3347,21,1,387.81
8349,3348,50,5,319.47
8350,3349,131,4,158.12
8351,3350,9,3,4.73
8352,3351,16,1,9.26
8353,3351,6,4,31.70
8354,3352,149,5,103.46
8355,3352,11,5,10.30
8356,3353,85,3,155.49
8357,3354,52,1,4.14
8358,3354,109,3,6.27
8359,3354,81,3,70.67
8360,3354,57,6,44.57
8361,3354,145,1,533.13
8362,3355,131,4,158.12
8363,3356,39,1,150.09
8364,3357,62,1,266.25
8365,3357,39,3,150.09
8366,3358,88,1,17.13
8367,3358,41,3,55.55
8368,3358,87,1,1798.50
8369,3359,82,5,7.79
8370,3359,16,4,9.26
8371,3359,57,4,44.57
8372,3360,75,3,7.34
8373,3360,87,4,1798.50
8374,3360,109,1,6.27
8375,3361,2,2,2490.71
8376,3361,4,2,61.61
8377,3361,16,5,9.26
8378,3362,102,1,58.92
8379,3362,146,2,435.02
8380,3362,40,3,1056.08
8381,3363,119,1,155.09
8382,3363,11,6,10.30
8383,3363,64,6,14.36
8384,3363,16,2,9.26
8385,3364,16,4,9.26
8386,3364,76,5,2140.68
8387,3364,6,4,31.70
8388,3364,119,4,155.09
8389,3364,101,6,745.86
8390,3365,3,6,433.53
8391,3365,36,3,32.19
8392,3365,121,3,1103.11
8393,3366,11,2,10.30
8394,3366,135,6,249.87
8395,3366,147,4,119.34
8396,3366,64,1,14.36
8397,3367,62,2,266.25
8398,3367,49,4,1531.70
8399,3368,16,2,9.26
8400,3369,104,2,16.45
8401,3369,135,5,249.87
8402,3369,39,5,150.09
8403,3370,16,4,9.26
8404,3371,11,2,10.30
8405,3371,131,6,158.12
8406,3371,124,6,10.01
8407,3371,71,2,5.88
8408,3372,102,2,58.92
8409,3372,88,5,17.13
8410,3373,132,2,15.26
8411,3373,4,4,48.17
8412,3374,104,4,16.45
8413,3374,131,3,158.12
8414,3374,135,4,249.87
8415,3374,92,5,1662.94
8416,3375,59,5,43.30
8417,3375,16,2,12.44
8418,3375,135,5,249.87
8419,3376,55,5,126.48
8420,3376,146,4,435.02
8421,3376,121,5,1103.11
8422,3377,16,4,9.26
8423,3377,135,3,249.87
8424,3378,7,4,94.53
8425,3378,107,2,76.72
8426,3378,5,1,636.38
8427,3378,102,3,58.92
8428,3379,109,5,6.27
8429,3379,64,4,14.36
8430,3380,76,3,2140.68
8431,3381,7,1,94.53
8432,3381,16,3,12.44
8433,3381,131,4,158.12
8434,3381,121,5,1103.11
8435,3382,6,1,31.70
8436,3382,48,6,211.75
8437,3382,31,2,5.71
8438,3383,131,4,158.12
8439,3383,16,3,9.26
8440,3384,7,3,94.53
8441,3385,4,5,48.17
8442,3386,66,3,1668.91
8443,3386,35,6,118.27
8444,3387,16,6,12.44
8445,3387,48,3,211.75
8446,3388,11,1,10.30
8447,3388,97,3,63.61
8448,3389,39,1,150.09
8449,3389,131,5,158.12
8450,3390,149,3,103.46
8451,3391,21,2,363.62
8452,3391,106,2,535.13
8453,3391,16,6,12.44
8454,3392,69,3,376.17
8455,3392,23,3,818.78
8456,3393,122,2,42.40
8457,3393,76,6,2140.68
8458,3394,4,1,48.17
8459,3394,31,6,5.71
8460,3394,121,4,1103.11
8461,3395,16,2,9.26
8462,3396,67,1,63.32
8463,3396,58,2,2228.53
8464,3397,51,3,479.39
8465,3397,76,1,2140.68
8466,3397,121,4,1103.11
8467,3398,9,2,4.73
8468,3398,80,4,46.29
8469,3398,31,4,5.71
8470,3399,55,5,126.48
8471,3399,150,5,634.04
8472,3399,16,6,9.26
8473,3399,132,3,15.26
8474,3399,31,4,5.71
8475,3400,67,3,63.32
8476,3401,16,6,9.26
8477,3401,76,2,2140.68
8478,3402,57,6,44.57
8479,3402,88,4,17.13
8480,3402,16,3,9.26
8481,3403,4,6,48.17
8482,3404,85,3,155.49
8483,3404,62,5,340.07
8484,3404,90,1,31.54
8485,3404,54,4,11.25
8486,3405,106,1,535.13
8487,3405,39,6,172.57
8488,3406,39,6,150.09
8489,3406,34,3,966.54
8490,3406,119,4,155.09
8491,3407,16,5,9.26
8492,3408,122,5,42.40
8493,3409,85,3,155.49
8494,3410,81,6,70.67
8495,3410,85,3,155.49
8496,3410,142,2,3.96
8497,3410,3,1,433.53
8498,3411,50,2,319.47
8499,3411,121,3,1103.11
8500,3411,149,6,103.46
8501,3412,16,5,12.44
8502,3412,80,1,49.74
8503,3412,48,1,211.75
8504,3412,12,6,664.61
8505,3413,8,1,6.07
8506,3413,121,5,1103.11
8507,3413,135,1,249.87
8508,3414,128,5,1676.16
8509,3414,23,5,818.78
8510,3414,58,3,2228.53
8511,3414,85,4,155.49
8512,3415,38,6,2072.70
8513,3415,47,3,20.98
8514,3415,131,2,158.12
8515,3416,16,5,9.26
8516,3417,59,2,43.30
8517,3417,102,1,58.92
8518,3418,76,6,2140.68
8519,3418,62,5,266.25
8520,3418,16,6,12.44
8521,3419,146,6,435.02
8522,3420,76,5,2140.68
8523,3420,132,6,15.26
8524,3420,62,6,266.25
8525,3421,129,4,20.39
8526,3422,88,6,17.13
8527,3423,16,1,9.26
8528,3424,85,3,155.49
8529,3424,146,2,435.02
8530,3424,62,5,266.25
8531,3425,136,2,56.69
8532,3426,58,2,2228.53
8533,3426,16,3,9.26
8534,3426,49,2,1531.70
8535,3427,6,3,31.70
8536,3427,57,5,44.57
8537,3427,121,6,1103.11
8538,3428,116,1,1063.09
8539,3429,35,3,118.27
8540,3429,76,4,2140.68
8541,3429,40,5,1056.08
8542,3429,115,1,1593.08
8543,3430,89,3,571.54
8544,3431,47,5,20.98
8545,3431,16,3,9.26
8546,3432,124,2,10.01
8547,3432,34,6,966.54
8548,3433,76,3,2140.68
8549,3434,106,6,535.13
8550,3434,88,5,17.13
8551,3435,115,1,1593.08
8552,3435,88,4,17.13
8553,3435,39,2,150.09
8554,3436,116,3,1063.09
8555,3436,62,2,340.07
8556,3436,91,4,17.43
8557,3437,19,2,10.84
8558,3437,124,3,10.01
8559,3438,102,6,58.92
8560,3438,11,1,10.30
8561,3438,115,2,1593.08
8562,3438,4,2,48.17
8563,3439,55,6,126.48
8564,3440,1,1,100.49
8565,3440,11,2,10.30
8566,3441,7,2,94.53
8567,3441,146,4,435.02
8568,3441,106,6,535.13
8569,3441,137,1,439.07
8570,3442,146,4,435.02
8571,3442,121,5,1103.11
8572,3443,149,5,103.46
8573,3443,146,1,435.02
8574,3443,62,1,340.07
8575,3443,132,5,15.26
8576,3444,117,6,1388.10
8577,3444,21,1,363.62
8578,3444,4,4,48.17
8579,3445,129,1,20.39
8580,3445,16,4,9.26
8581,3446,16,1,9.26
8582,3446,119,1,155.09
8583,3446,55,6,126.48
8584,3446,5,2,636.38
8585,3447,85,1,155.49
8586,3447,62,5,266.25
8587,3447,4,2,61.61
8588,3448,7,4,94.53
8589,3448,121,4,1103.11
8590,3448,55,1,126.48
8591,3449,76,6,2140.68
8592,3450,109,1,6.27
8593,3450,16,2,9.26
8594,3450,115,1,1593.08
8595,3450,59,6,43.30
8596,3451,16,3,9.26
8597,3451,135,1,249.87
8598,3451,57,2,33.31
8599,3452,135,4,249.87
8600,3452,100,4,1939.75
8601,3452,52,4,4.14
8602,3453,82,3,7.79
8603,3453,19,1,10.84
8604,3453,34,4,966.54
8605,3454,106,5,535.13
8606,3454,57,3,33.31
8607,3455,48,5,211.75
8608,3455,131,5,158.12
8609,3456,85,4,155.49
8610,3456,102,1,58.92
8611,3457,76,4,2140.68
8612,3457,106,4,535.13
8613,3457,39,6,150.09
8614,3458,39,4,150.09
8615,3458,115,2,1593.08
8616,3459,39,5,172.57
8617,3459,23,5,818.78
8618,3459,7,2,94.53
8619,3459,87,4,1798.50
8620,3460,89,3,571.54
8621,3461,33,5,7.01
8622,3461,121,5,1103.11
8623,3461,88,6,17.13
8624,3462,58,1,2228.53
8625,3462,85,4,155.49
8626,3462,149,2,103.46
8627,3462,146,6,435.02
8628,3462,4,2,61.61
8629,3463,135,5,249.87
8630,3463,146,1,435.02
8631,3463,6,3,31.70
8632,3463,144,1,17.32
8633,3464,102,2,58.92
8634,3464,9,2,5.62
8635,3465,55,5,126.48
8636,3466,107,4,76.72
8637,3466,39,3,172.57
8638,3466,62,4,340.07
8639,3467,121,6,1103.11
8640,3468,20,2,153.36
8641,3468,115,6,1593.08
8642,3469,62,3,340.07
8643,3470,16,3,9.26
8644,3470,11,3,10.30
8645,3471,62,3,266.25
8646,3471,135,6,249.87
8647,3471,47,3,20.98
8648,3471,16,2,12.44
8649,3471,66,1,1668.91
8650,3472,49,1,1531.70
8651,3472,35,5,118.27
8652,3472,82,3,7.79
8653,3473,16,6,9.26
8654,3474,146,4,435.02
8655,3474,23,5,818.78
8656,3474,57,3,44.57
8657,3475,135,3,249.87
8658,3475,88,2,17.13
8659,3475,39,3,150.09
8660,3475,75,5,7.34
8661,3476,7,4,94.53
8662,3476,47,4,20.98
8663,3476,76,2,2140.68
8664,3476,88,3,17.13
8665,3477,64,3,14.36
8666,3477,39,5,172.57
8667,3478,149,1,103.46
8668,3478,121,3,1103.11
8669,3478,23,4,818.78
8670,3478,81,5,70.67
8671,3479,132,3,15.26
8672,3479,147,3,119.34
8673,3479,85,1,155.49
8674,3480,16,6,12.44
8675,3481,88,1,17.13
8676,3482,146,5,435.02
8677,3482,128,6,1989.48
8678,3482,141,6,39.30
8679,3483,146,6,435.02
8680,3484,58,3,2228.53
8681,3484,55,6,126.48
8682,3484,62,4,266.25
8683,3485,100,6,1939.75
8684,3486,101,2,745.86
8685,3486,91,3,17.43
8686,3486,33,2,7.01
8687,3486,16,6,9.26
8688,3487,20,4,153.36
8689,3487,146,5,435.02
8690,3487,129,5,20.39
8691,3487,122,1,42.40
8692,3488,121,1,1103.11
8693,3488,9,2,4.73
8694,3489,124,4,10.01
8695,3489,62,2,266.25
8696,3490,135,3,249.87
8697,3491,108,2,9.08
8698,3491,7,1,94.53
8699,3491,23,5,818.78
8700,3491,94,4,91.55
8701,3492,39,1,172.57
8702,3492,58,4,2228.53
8703,3493,67,2,63.32
8704,3494,62,3,266.25
8705,3494,59,4,43.30
8706,3494,129,6,20.39
8707,3494,67,1,63.32
8708,3495,21,3,363.62
8709,3496,137,4,439.07
8710,3496,20,4,153.36
8711,3496,31,6,5.71
8712,3496,38,6,2072.70
8713,3496,67,5,63.32
8714,3497,94,5,91.55
8715,3497,3,5,433.53
8716,3498,119,2,155.09
8717,3499,49,6,1531.70
8718,3500,73,6,70.19
8719,3500,149,5,103.46
8720,3501,76,1,2140.68
8721,3501,48,5,296.73
8722,3501,131,3,158.12
8723,3502,117,5,1388.10
8724,3502,27,3,85.73
8725,3502,21,2,363.62
8726,3502,19,4,10.84
8727,3502,131,6,158.12
8728,3503,39,3,150.09
8729,3504,76,2,2140.68
8730,3504,16,4,9.26
8731,3505,29,4,6.39
8732,3505,51,3,479.39
8733,3506,52,1,4.14
8734,3506,55,1,126.48
8735,3506,6,1,31.70
8736,3507,106,2,535.13
8737,3508,16,6,9.26
8738,3508,135,4,249.87
8739,3508,147,1,119.34
8740,3509,146,2,435.02
8741,3509,77,5,9.06
8742,3509,121,3,1103.11
8743,3510,137,3,439.07
8744,3510,132,4,15.26
8745,3510,135,6,249.87
8746,3510,57,5,33.31
8747,3511,135,2,249.87
8748,3511,16,6,9.26
8749,3512,131,6,158.12
8750,3513,55,4,126.48
8751,3514,40,2,1056.08
8752,3514,3,5,433.53
8753,3514,145,6,533.13
8754,3515,62,5,266.25
8755,3516,125,4,859.33
8756,3516,48,5,211.75
8757,3517,88,6,17.13
8758,3517,2,5,2490.71
8759,3518,39,1,150.09
8760,3518,34,3,966.54
8761,3519,87,5,1798.50
8762,3520,16,3,9.26
8763,3520,62,2,266.25
8764,3521,88,4,17.13
8765,3521,120,4,6.05
8766,3522,16,5,12.44
8767,3522,62,6,266.25
8768,3522,142,4,3.96
8769,3522,135,3,249.87
8770,3523,19,1,10.84
8771,3523,6,4,31.70
8772,3523,135,3,249.87
8773,3523,149,6,103.46
8774,3523,92,5,1662.94
8775,3524,49,1,1531.70
8776,3525,85,3,155.49
8777,3525,57,6,33.31
8778,3526,20,3,153.36
8779,3526,39,5,172.57
8780,3527,55,6,126.48
8781,3527,21,2,387.81
8782,3527,2,4,2490.71
8783,3527,135,2,249.87
8784,3528,12,6,664.61
8785,3528,16,1,9.26
8786,3528,135,4,249.87
8787,3528,124,2,14.05
8788,3528,119,2,155.09
8789,3529,117,5,1388.10
8790,3529,146,3,435.02
8791,3530,38,1,2072.70
8792,3530,16,5,9.26
8793,3530,146,4,435.02
8794,3530,34,4,966.54
8795,3531,48,6,296.73
8796,3531,35,5,118.27
8797,3532,16,1,12.44
8798,3532,39,6,172.57
8799,3533,131,2,158.12
8800,3533,115,6,1593.08
8801,3534,16,5,9.26
8802,3535,127,2,313.94
8803,3536,76,2,2140.68
8804,3536,89,5,571.54
8805,3536,1,2,100.49
8806,3537,102,2,58.92
8807,3538,19,2,13.79
8808,3538,128,5,1676.16
8809,3539,109,4,6.27
8810,3540,131,2,158.12
8811,3541,19,1,13.79
8812,3542,132,6,15.26
8813,3543,16,2,12.44
8814,3544,4,2,48.17
8815,3544,48,2,211.75
8816,3545,62,2,266.25
8817,3545,131,3,158.12
8818,3545,16,2,9.26
8819,3546,132,6,15.26
8820,3547,20,3,153.36
8821,3547,67,1,63.32
8822,3548,127,5,313.94
8823,3548,3,1,433.53
8824,3548,77,1,9.06
8825,3549,85,6,155.49
8826,3549,135,1,249.87
8827,3550,76,2,2140.68
8828,3551,122,2,42.40
8829,3551,135,1,249.87
8830,3552,71,2,5.88
8831,3552,59,4,43.30
8832,3552,115,1,1593.08
8833,3553,119,1,155.09
8834,3553,135,3,249.87
8835,3553,16,4,12.44
8836,3553,6,6,31.70
8837,3554,16,5,9.26
8838,3554,119,4,155.09
8839,3554,48,4,211.75
8840,3554,20,5,153.36
8841,3555,109,1,6.27
8842,3556,39,5,150.09
8843,3556,76,4,2140.68
8844,3556,131,5,158.12
8845,3556,35,6,118.27
8846,3557,16,4,9.26
8847,3557,140,1,19.65
8848,3557,107,4,76.72
8849,3558,62,2,266.25
8850,3558,58,3,2228.53
8851,3558,50,5,319.47
8852,3558,35,5,118.27
8853,3559,111,2,18.84
8854,3559,146,6,435.02
8855,3559,16,6,9.26
8856,3560,94,1,91.55
8857,3560,48,5,296.73
8858,3561,115,1,1593.08
8859,3561,88,6,17.13
8860,3562,1,6,100.49
8861,3562,38,1,2072.70
8862,3562,23,6,818.78
8863,3563,81,5,70.67
8864,3563,85,5,155.49
8865,3563,16,4,9.26
8866,3563,106,2,535.13
8867,3563,21,6,363.62
8868,3564,106,1,535.13
8869,3564,42,5,1621.81
8870,3564,131,4,158.12
8871,3564,64,6,15.90
8872,3565,135,2,249.87
8873,3565,132,3,15.26
8874,3565,87,5,1798.50
8875,3565,146,3,435.02
8876,3566,135,4,249.87
8877,3567,115,4,1593.08
8878,3567,71,5,5.88
8879,3568,19,5,10.84
8880,3568,145,4,402.40
8881,3568,6,6,31.70
8882,3568,16,3,12.44
8883,3569,8,1,7.43
8884,3570,135,3,249.87
8885,3570,105,5,26.10
8886,3571,58,4,2228.53
8887,3571,57,2,44.57
8888,3571,149,4,103.46
8889,3571,55,2,126.48
8890,3572,12,1,664.61
8891,3572,150,2,634.04
8892,3572,52,4,4.14
8893,3573,40,3,1056.08
8894,3573,35,4,118.27
8895,3573,62,4,266.25
8896,3573,16,4,9.26
8897,3574,86,6,168.75
8898,3575,58,2,2228.53
8899,3575,102,6,77.15
8900,3575,135,3,249.87
8901,3575,82,3,7.79
8902,3575,119,4,155.09
8903,3576,62,6,266.25
8904,3576,90,6,31.54
8905,3576,6,4,31.70
8906,3577,33,4,7.61
8907,3577,100,6,1939.75
8908,3577,7,1,94.53
8909,3578,115,4,1593.08
8910,3578,67,4,63.32
8911,3579,131,6,158.12
8912,3579,129,4,20.39
8913,3580,149,1,103.46
8914,3580,88,5,17.13
8915,3580,3,2,433.53
8916,3580,23,4,818.78
8917,3581,87,1,1798.50
8918,3581,16,5,9.26
8919,3582,39,1,172.57
8920,3583,16,3,9.26
8921,3583,135,3,249.87
8922,3583,88,3,17.13
8923,3584,94,3,91.55
8924,3584,62,2,266.25
8925,3584,13,1,20.98
8926,3584,16,4,9.26
8927,3585,115,2,1593.08
8928,3586,121,1,1103.11
8929,3586,146,6,435.02
8930,3587,58,3,2228.53
8931,3587,34,6,966.54
8932,3588,4,5,48.17
8933,3589,94,1,91.55
8934,3589,64,6,14.36
8935,3590,2,3,2490.71
8936,3590,62,6,266.25
8937,3591,135,5,249.87
8938,3591,106,5,535.13
8939,3591,55,3,126.48
8940,3592,135,3,249.87
8941,3593,20,2,153.36
8942,3593,69,2,376.17
8943,3593,92,3,1535.18
8944,3594,58,4,2228.53
8945,3595,67,3,63.32
8946,3595,16,1,12.44
8947,3595,48,2,211.75
8948,3595,76,6,2140.68
8949,3595,85,2,155.49
8950,3596,107,5,76.72
8951,3597,64,2,14.36
8952,3597,55,5,126.48
8953,3597,58,3,2228.53
8954,3598,129,4,20.39
8955,3598,16,4,9.26
8956,3599,89,2,571.54
8957,3599,16,4,12.44
8958,3599,35,4,118.27
8959,3600,88,1,17.13
8960,3600,135,5,249.87
8961,3601,77,5,9.06
8962,3602,46,2,48.97
8963,3602,146,5,435.02
8964,3602,128,5,1676.16
8965,3602,106,1,535.13
8966,3603,6,5,31.70
8967,3603,137,3,439.07
8968,3604,40,2,1056.08
8969,3605,40,2,1056.08
8970,3605,16,2,9.26
8971,3605,131,1,158.12
8972,3605,23,3,818.78
8973,3606,38,4,2072.70
8974,3607,40,3,1056.08
8975,3607,146,1,435.02
8976,3608,20,5,153.36
8977,3608,101,6,745.86
8978,3609,7,2,94.53
8979,3610,106,2,535.13
8980,3610,83,2,110.68
8981,3611,107,3,76.72
8982,3611,104,3,16.45
8983,3612,55,3,126.48
8984,3612,76,2,2140.68
8985,3612,146,4,435.02
8986,3613,85,3,155.49
8987,3613,67,4,63.32
8988,3613,128,6,1676.16
8989,3613,16,1,9.26
8990,3614,50,6,319.47
8991,3614,19,6,10.84
8992,3614,141,1,39.30
8993,3614,88,2,17.13
8994,3614,53,6,1145.45
8995,3615,61,3,912.74
8996,3616,121,2,1103.11
8997,3616,146,6,435.02
8998,3617,54,2,11.25
8999,3617,83,2,110.68
9000,3618,121,2,1103.11
9001,3618,109,6,6.27
9002,3618,61,4,1113.25
9003,3619,16,5,9.26
9004,3619,102,5,77.15
9005,3619,35,1,118.27
9006,3620,47,4,20.98
9007,3620,61,4,912.74
9008,3620,135,1,249.87
9009,3621,85,3,155.49
9010,3621,119,3,155.09
9011,3621,88,5,17.13
9012,3621,20,4,153.36
9013,3622,76,3,2140.68
9014,3623,146,1,435.02
9015,3623,62,4,340.07
9016,3624,6,1,31.70
9017,3624,119,3,155.09
9018,3624,76,6,2140.68
9019,3625,76,2,2140.68
9020,3625,61,2,912.74
9021,3625,41,3,55.55
9022,3626,5,4,636.38
9023,3626,38,5,2072.70
9024,3627,35,2,118.27
9025,3627,76,3,2140.68
9026,3628,77,6,9.06
9027,3628,88,4,17.13
9028,3629,34,6,966.54
9029,3629,146,5,435.02
9030,3629,135,3,249.87
9031,3629,81,2,70.67
9032,3630,9,5,4.73
9033,3630,39,5,150.09
9034,3631,19,1,10.84
9035,3632,137,6,439.07
9036,3632,106,1,535.13
9037,3633,109,6,6.27
9038,3633,135,2,249.87
9039,3633,3,6,433.53
9040,3633,121,2,1103.11
9041,3633,75,1,7.34
9042,3634,119,1,155.09
9043,3635,135,6,249.87
9044,3635,121,1,1103.11
9045,3636,55,4,126.48
9046,3636,61,1,1113.25
9047,3636,144,2,17.32
9048,3636,131,3,158.12
9049,3637,61,1,912.74
9050,3638,62,6,266.25
9051,3638,64,6,14.36
9052,3638,40,3,1056.08
9053,3638,80,3,46.29
9054,3639,19,4,13.79
9055,3639,115,1,1593.08
9056,3639,16,4,9.26
9057,3640,102,3,77.15
9058,3640,47,1,20.98
9059,3641,135,3,249.87
9060,3641,146,1,435.02
9061,3642,16,4,9.26
9062,3642,109,6,6.27
9063,3642,115,6,1593.08
9064,3643,23,5,818.78
9065,3643,13,1,20.98
9066,3643,47,2,20.98
9067,3643,146,5,435.02
9068,3644,149,2,103.46
9069,3644,131,4,158.12
9070,3644,61,4,912.74
9071,3645,149,5,103.46
9072,3645,76,4,2140.68
9073,3646,50,1,319.47
9074,3646,4,2,48.17
9075,3647,76,2,2140.68
9076,3647,149,5,103.46
9077,3648,85,1,155.49
9078,3648,61,1,912.74
9079,3649,145,2,402.40
9080,3649,61,6,1113.25
9081,3649,124,6,10.01
9082,3649,94,5,91.55
9083,3650,128,2,1676.16
9084,3651,97,1,85.44
9085,3651,19,6,10.84
9086,3652,16,5,9.26
9087,3652,61,6,1113.25
9088,3653,146,1,435.02
9089,3653,122,2,42.40
9090,3654,17,3,2350.00
9091,3654,119,2,155.09
9092,3655,135,3,249.87
9093,3655,58,3,2228.53
9094,3656,82,4,7.79
9095,3656,137,6,439.07
9096,3656,135,4,249.87
9097,3656,55,5,126.48
9098,3657,51,6,479.39
9099,3657,75,6,7.34
9100,3657,80,6,46.29
9101,3657,47,5,20.98
9102,3658,35,2,118.27
9103,3658,69,6,376.17
9104,3658,145,3,402.40
9105,3659,38,4,2072.70
9106,3659,81,6,70.67
9107,3660,128,3,1676.16
9108,3660,102,6,58.92
9109,3661,106,4,535.13
9110,3661,52,2,4.14
9111,3661,16,3,9.26
9112,3661,146,3,435.02
9113,3662,135,1,249.87
9114,3662,16,6,9.26
9115,3662,101,5,745.86
9116,3662,62,2,266.25
9117,3663,21,3,363.62
9118,3664,88,3,17.13
9119,3665,149,2,103.46
9120,3666,19,4,10.84
9121,3666,61,3,912.74
9122,3667,135,4,249.87
9123,3668,94,1,91.55
9124,3668,23,2,818.78
9125,3669,55,2,126.48
9126,3669,47,5,20.98
9127,3669,13,2,20.98
9128,3670,61,1,912.74
9129,3671,95,1,143.83
9130,3671,87,3,1798.50
9131,3671,40,4,1056.08
9132,3672,140,5,19.65
9133,3672,61,6,912.74
9134,3672,16,3,9.26
9135,3673,106,2,535.13
9136,3673,62,6,340.07
9137,3674,97,5,63.61
9138,3674,71,6,5.88
9139,3674,47,5,20.98
9140,3675,116,2,1063.09
9141,3675,146,3,435.02
9142,3676,61,1,912.74
9143,3676,57,2,33.31
9144,3677,76,3,2140.68
9145,3677,16,4,9.26
9146,3678,55,5,126.48
9147,3678,131,3,158.12
9148,3678,121,4,1103.11
9149,3679,57,6,33.31
9150,3679,142,5,3.96
9151,3679,117,5,1388.10
9152,3680,34,3,966.54
9153,3680,19,1,10.84
9154,3680,127,2,313.94
9155,3681,135,4,249.87
9156,3681,20,5,153.36
9157,3682,76,4,2140.68
9158,3682,83,4,110.68
9159,3683,102,4,58.92
9160,3683,76,2,2140.68
9161,3683,4,1,48.17
9162,3683,57,6,33.31
9163,3683,94,1,91.55
9164,3684,6,3,31.70
9165,3684,48,4,211.75
9166,3685,137,4,439.07
9167,3685,52,6,4.14
9168,3685,55,6,126.48
9169,3686,19,5,10.84
9170,3686,103,6,226.25
9171,3686,40,2,1056.08
9172,3686,135,5,249.87
9173,3686,89,6,571.54
9174,3687,82,6,7.79
9175,3687,89,6,571.54
9176,3688,58,2,2228.53
9177,3688,19,2,10.84
9178,3689,76,5,2140.68
9179,3689,57,3,44.57
9180,3689,69,6,376.17
9181,3690,21,3,363.62
9182,3690,121,5,1103.11
9183,3691,106,3,535.13
9184,3691,124,3,14.05
9185,3692,9,2,4.73
9186,3692,16,2,9.26
9187,3692,35,2,118.27
9188,3692,54,5,11.25
9189,3693,33,4,7.01
9190,3694,135,1,249.87
9191,3694,31,1,5.71
9192,3694,88,2,17.13
9193,3695,145,6,402.40
9194,3695,76,2,2140.68
9195,3695,21,6,363.62
9196,3696,64,3,14.36
9197,3696,80,2,46.29
9198,3696,135,4,249.87
9199,3696,107,2,76.72
9200,3696,127,4,313.94
9201,3697,62,3,340.07
9202,3697,135,4,249.87
9203,3697,16,3,12.44
9204,3698,147,5,119.34
9205,3698,131,5,158.12
9206,3699,21,6,387.81
9207,3699,95,1,143.83
9208,3700,88,2,17.13
9209,3700,102,1,58.92
9210,3701,6,4,31.70
9211,3701,104,6,23.13
9212,3701,1,3,100.49
9213,3702,2,6,2490.71
9214,3702,119,2,155.09
9215,3702,61,2,912.74
9216,3703,62,5,266.25
9217,3703,146,4,435.02
9218,3703,137,1,439.07
9219,3704,59,3,43.30
9220,3704,76,6,2140.68
9221,3704,149,2,103.46
9222,3704,16,1,9.26
9223,3705,35,1,118.27
9224,3705,8,1,6.07
9225,3705,19,5,13.79
9226,3706,88,3,17.13
9227,3706,7,6,94.53
9228,3706,119,3,155.09
9229,3707,142,4,5.01
9230,3708,124,2,14.05
9231,3709,149,6,103.46
9232,3709,4,3,61.61
9233,3709,54,2,11.25
9234,3710,71,6,5.88
9235,3711,62,6,340.07
9236,3711,16,1,9.26
9237,3711,51,3,479.39
9238,3712,6,6,31.70
9239,3713,131,4,158.12
9240,3713,23,4,818.78
9241,3714,135,2,249.87
9242,3714,39,3,150.09
9243,3714,129,1,20.39
9244,3715,101,4,745.86
9245,3715,64,4,15.90
9246,3716,39,2,150.09
9247,3716,121,1,1103.11
9248,3716,58,1,2228.53
9249,3716,146,1,435.02
9250,3717,54,5,11.25
9251,3717,85,2,155.49
9252,3718,67,3,63.32
9253,3719,124,1,10.01
9254,3719,61,5,912.74
9255,3719,59,4,43.30
9256,3719,57,6,33.31
9257,3719,19,3,10.84
9258,3720,119,6,155.09
9259,3720,94,3,91.55
9260,3720,58,3,2228.53
9261,3721,62,4,340.07
9262,3722,106,3,535.13
9263,3722,127,6,313.94
9264,3723,135,2,249.87
9265,3723,146,5,435.02
9266,3723,76,3,2140.68
9267,3724,57,6,44.57
9268,3724,40,3,1056.08
9269,3724,135,5,249.87
9270,3725,62,6,266.25
9271,3726,62,6,266.25
9272,3726,149,4,103.46
9273,3726,54,5,11.25
9274,3726,19,3,10.84
9275,3727,85,2,155.49
9276,3727,135,6,249.87
9277,3727,57,1,44.57
9278,3727,121,3,1103.11
9279,3728,16,3,9.26
9280,3728,121,5,1103.11
9281,3728,23,5,818.78
9282,3729,131,5,158.12
9283,3729,16,5,12.44
9284,3729,82,1,7.79
9285,3729,2,1,2490.71
9286,3730,16,4,9.26
9287,3731,21,1,363.62
9288,3731,135,2,249.87
9289,3731,69,4,376.17
9290,3732,1,1,100.49
9291,3732,135,4,249.87
9292,3732,85,6,155.49
9293,3733,94,6,91.55
9294,3733,13,6,20.98
9295,3734,61,4,912.74
9296,3735,113,3,30.17
9297,3735,16,5,9.26
9298,3735,17,6,1848.55
9299,3736,67,4,63.32
9300,3736,146,6,435.02
9301,3737,132,5,15.26
9302,3738,59,5,43.30
9303,3738,11,5,10.30
9304,3739,47,5,20.98
9305,3739,19,3,10.84
9306,3739,102,4,58.92
9307,3739,147,5,119.34
9308,3740,61,4,1113.25
9309,3740,62,4,266.25
9310,3740,16,4,9.26
9311,3740,88,2,17.13
9312,3741,132,5,15.26
9313,3741,16,2,9.26
9314,3742,99,6,232.51
9315,3743,39,4,172.57
9316,3743,108,1,9.08
9317,3743,18,5,1118.64
9318,3744,1,5,100.49
9319,3744,115,1,1593.08
9320,3744,40,4,1056.08
9321,3745,135,5,249.87
9322,3746,81,4,70.67
9323,3746,124,4,10.01
9324,3747,2,6,2490.71
9325,3747,13,2,20.98
9326,3748,16,1,12.44
9327,3748,94,5,91.55
9328,3748,147,3,119.34
9329,3749,62,2,266.25
9330,3750,146,4,435.02
9331,3750,106,1,535.13
9332,3750,57,3,33.31
9333,3750,27,6,85.73
9334,3751,108,1,9.08
9335,3752,16,6,9.26
9336,3752,67,1,63.32
9337,3752,55,2,126.48
9338,3753,61,5,912.74
9339,3754,16,6,9.26
9340,3754,101,4,745.86
9341,3754,31,1,5.71
9342,3754,22,5,21.36
9343,3755,61,2,912.74
9344,3755,94,2,91.55
9345,3755,16,2,9.26
9346,3755,64,6,14.36
9347,3756,67,6,63.32
9348,3756,61,5,912.74
9349,3756,39,6,150.09
9350,3756,144,3,12.70
9351,3757,119,2,155.09
9352,3757,141,5,39.30
9353,3757,9,5,4.73
9354,3758,64,2,15.90
9355,3758,48,5,211.75
9356,3759,131,6,158.12
9357,3759,16,5,9.26
9358,3759,120,1,6.05
9359,3759,121,6,1103.11
9360,3760,142,6,3.96
9361,3760,21,3,363.62
9362,3761,51,6,479.39
9363,3761,9,4,4.73
9364,3762,135,1,249.87
9365,3762,2,5,2490.71
9366,3762,47,6,20.98
9367,3763,16,4,12.44
9368,3764,16,5,9.26
9369,3764,76,6,2140.68
9370,3764,100,5,1939.75
9371,3765,107,2,76.72
9372,3765,132,4,15.26
9373,3765,102,3,58.92
9374,3766,106,3,535.13
9375,3766,39,6,150.09
9376,3766,76,4,2140.68
9377,3766,149,5,103.46
9378,3766,142,2,5.01
9379,3767,88,5,17.13
9380,3767,46,3,39.63
9381,3768,39,5,172.57
9382,3769,83,2,110.68
9383,3769,4,6,48.17
9384,3770,76,5,2140.68
9385,3771,76,4,2140.68
9386,3771,119,5,155.09
9387,3772,81,5,70.67
9388,3772,109,4,6.27
9389,3773,16,2,9.26
9390,3773,94,4,91.55
9391,3774,40,4,1056.08
9392,3774,61,4,912.74
9393,3774,16,2,9.26
9394,3775,75,5,7.34
9395,3775,71,4,5.88
9396,3776,135,6,249.87
9397,3776,81,2,70.67
9398,3776,6,2,31.70
9399,3777,89,5,571.54
9400,3777,55,5,126.48
9401,3777,61,1,912.74
9402,3777,35,3,118.27
9403,3778,76,5,2140.68
9404,3778,88,1,17.13
9405,3778,59,2,43.30
9406,3779,61,1,912.74
9407,3779,64,4,14.36
9408,3779,16,6,12.44
9409,3780,135,4,249.87
9410,3780,16,3,9.26
9411,3780,8,3,7.43
9412,3780,64,3,14.36
9413,3780,35,6,118.27
9414,3781,89,2,571.54
9415,3781,131,6,158.12
9416,3781,55,4,126.48
9417,3782,19,4,10.84
9418,3782,16,4,9.26
9419,3782,88,1,17.13
9420,3783,53,3,1145.45
9421,3783,76,4,2140.68
9422,3783,16,4,9.26
9423,3783,55,3,126.48
9424,3783,87,1,1798.50
9425,3784,102,4,77.15
9426,3784,88,5,17.13
9427,3785,135,6,249.87
9428,3785,76,1,2140.68
9429,3786,47,6,20.98
9430,3786,127,5,313.94
9431,3787,57,4,33.31
9432,3787,22,2,21.36
9433,3788,149,5,103.46
9434,3788,4,4,48.17
9435,3789,35,5,118.27
9436,3790,48,1,211.75
9437,3790,36,6,32.19
9438,3791,16,3,12.44
9439,3791,57,2,44.57
9440,3792,135,1,249.87
9441,3793,117,1,1388.10
9442,3793,16,3,9.26
9443,3793,57,6,33.31
9444,3793,94,5,91.55
9445,3794,34,1,966.54
9446,3794,16,3,12.44
9447,3794,61,5,1113.25
9448,3794,57,1,33.31
9449,3795,38,3,2072.70
9450,3795,75,4,7.34
9451,3796,109,5,6.27
9452,3796,124,6,14.05
9453,3796,102,4,58.92
9454,3797,62,3,266.25
9455,3797,102,5,58.92
9456,3797,40,5,1056.08
9457,3798,11,6,10.30
9458,3798,18,4,1118.64
9459,3798,31,6,5.71
9460,3799,71,2,5.88
9461,3799,86,6,225.04
9462,3800,106,4,535.13
9463,3800,16,3,9.26
9464,3800,146,2,435.02
9465,3800,62,6,266.25
9466,3801,131,5,158.12
9467,3802,16,2,9.26
9468,3802,55,6,126.48
9469,3803,47,2,20.98
9470,3804,146,5,435.02
9471,3804,11,6,10.30
9472,3805,114,3,28.13
9473,3805,4,5,48.17
9474,3805,21,2,363.62
9475,3806,16,3,9.26
9476,3806,88,2,17.13
9477,3807,121,6,1103.11
9478,3807,103,3,226.25
9479,3808,129,6,20.39
9480,3808,39,5,172.57
9481,3808,54,4,11.25
9482,3809,3,2,433.53
9483,3809,35,1,118.27
9484,3809,129,6,20.39
9485,3809,20,2,153.36
9486,3809,126,4,537.80
9487,3810,149,6,103.46
9488,3810,76,2,2140.68
9489,3810,146,2,435.02
9490,3810,117,2,1388.10
9491,3811,16,3,9.26
9492,3811,149,6,103.46
9493,3811,62,5,266.25
9494,3811,61,6,912.74
9495,3811,76,6,2140.68
9496,3812,39,3,150.09
9497,3812,89,1,571.54
9498,3813,5,6,636.38
9499,3813,118,5,6.74
9500,3813,12,3,664.61
9501,3813,67,3,63.32
9502,3814,61,1,1113.25
9503,3815,34,5,966.54
9504,3816,67,3,63.32
9505,3817,76,3,2140.68
9506,3817,62,5,266.25
9507,3817,128,2,1676.16
9508,3817,59,1,43.30
9509,3818,6,3,31.70
9510,3818,11,1,10.30
9511,3818,92,5,1535.18
9512,3818,106,4,535.13
9513,3818,94,5,91.55
9514,3819,16,2,9.26
9515,3819,11,6,10.30
9516,3819,39,6,150.09
9517,3819,81,6,70.67
9518,3820,135,2,249.87
9519,3820,88,3,17.13
9520,3820,77,5,9.06
9521,3821,62,1,266.25
9522,3821,135,2,249.87
9523,3821,141,6,39.30
9524,3822,57,6,33.31
9525,3822,114,4,28.13
9526,3823,76,1,2140.68
9527,3823,107,3,76.72
9528,3823,149,5,103.46
9529,3824,121,5,1103.11
9530,3824,38,3,2072.70
9531,3825,23,6,818.78
9532,3825,89,1,571.54
9533,3826,71,2,5.88
9534,3826,48,5,211.75
9535,3827,62,6,266.25
9536,3827,146,3,435.02
9537,3828,16,6,9.26
9538,3828,137,5,439.07
9539,3829,129,1,20.39
9540,3829,146,1,435.02
9541,3829,62,3,266.25
9542,3830,144,6,12.70
9543,3830,6,4,31.70
9544,3830,70,4,5.35
9545,3831,135,6,249.87
9546,3831,59,2,43.30
9547,3831,58,2,2228.53
9548,3831,137,1,439.07
9549,3831,82,2,7.79
9550,3832,16,3,9.26
9551,3832,55,4,126.48
9552,3833,135,6,249.87
9553,3834,16,4,9.26
9554,3834,76,5,2140.68
9555,3834,39,1,172.57
9556,3835,89,6,571.54
9557,3836,69,1,376.17
9558,3836,83,1,110.68
9559,3836,137,2,439.07
9560,3837,62,2,340.07
9561,3837,147,1,119.34
9562,3837,3,4,433.53
9563,3837,9,2,4.73
9564,3837,108,3,9.08
9565,3838,137,2,439.07
9566,3838,131,4,158.12
9567,3838,48,6,211.75
9568,3838,115,3,1593.08
9569,3838,114,5,28.13
9570,3839,39,6,172.57
9571,3840,146,5,435.02
9572,3840,149,2,103.46
9573,3841,128,3,1676.16
9574,3841,61,6,912.74
9575,3841,16,5,9.26
9576,3842,59,6,43.30
9577,3842,16,4,12.44
9578,3842,140,5,22.17
9579,3843,12,5,664.61
9580,3843,146,6,435.02
9581,3843,97,6,63.61
9582,3843,3,3,433.53
9583,3843,55,4,126.48
9584,3844,61,4,1113.25
9585,3844,55,2,126.48
9586,3844,75,1,7.34
9587,3844,16,6,9.26
9588,3845,135,3,249.87
9589,3845,107,3,76.72
9590,3845,7,3,94.53
9591,3846,39,4,150.09
9592,3846,3,3,433.53
9593,3846,94,6,91.55
9594,3847,16,3,9.26
9595,3848,141,5,39.30
9596,3848,6,1,31.70
9597,3848,149,4,103.46
9598,3848,57,3,33.31
9599,3848,137,2,439.07
9600,3849,9,6,4.73
9601,3849,62,2,266.25
9602,3849,149,2,103.46
9603,3850,147,1,119.34
9604,3850,128,4,1989.48
9605,3850,119,1,155.09
9606,3851,88,6,17.13
9607,3851,95,6,143.83
9608,3851,47,2,20.98
9609,3852,9,5,4.73
9610,3852,80,4,49.74
9611,3853,124,4,10.01
9612,3853,122,5,42.40
9613,3853,39,6,172.57
9614,3854,16,1,12.44
9615,3854,135,3,249.87
9616,3855,61,3,1113.25
9617,3855,40,1,1056.08
9618,3855,62,5,266.25
9619,3856,19,5,10.84
9620,3856,101,2,745.86
9621,3857,135,3,249.87
9622,3857,42,3,1621.81
9623,3857,146,4,435.02
9624,3858,131,6,158.12
9625,3858,45,1,41.58
9626,3858,49,5,1531.70
9627,3858,87,3,1798.50
9628,3858,142,1,3.96
9629,3859,13,6,20.98
9630,3860,50,4,319.47
9631,3861,135,2,249.87
9632,3861,42,6,1621.81
9633,3862,88,1,17.13
9634,3862,132,2,15.26
9635,3862,16,3,9.26
9636,3862,6,6,31.70
9637,3862,121,4,1103.11
9638,3863,16,3,9.26
9639,3863,47,4,20.98
9640,3863,89,2,571.54
9641,3864,23,5,818.78
9642,3864,40,5,1056.08
9643,3864,16,6,9.26
9644,3865,113,5,27.67
9645,3866,70,4,5.35
9646,3866,31,4,5.71
9647,3866,85,3,155.49
9648,3867,16,5,9.26
9649,3868,102,6,58.92
9650,3868,68,4,124.95
9651,3868,70,3,5.35
9652,3869,140,2,19.65
9653,3869,104,4,23.13
9654,3869,16,2,9.26
9655,3870,94,4,91.55
9656,3870,135,5,249.87
9657,3870,58,3,2228.53
9658,3871,120,4,6.05
9659,3871,87,6,1798.50
9660,3871,47,4,20.98
9661,3872,135,6,249.87
9662,3873,117,1,1388.10
9663,3873,16,3,9.26
9664,3874,7,5,94.53
9665,3875,48,3,211.75
9666,3875,4,3,48.17
9667,3876,114,3,28.13
9668,3876,129,5,20.39
9669,3877,39,4,150.09
9670,3877,2,6,2490.71
9671,3878,16,3,9.26
9672,3878,94,4,91.55
9673,3879,31,5,5.71
9674,3879,115,4,1593.08
9675,3879,60,5,666.94
9676,3880,16,4,9.26
9677,3880,51,4,479.39
9678,3880,71,5,5.88
9679,3880,3,4,433.53
9680,3881,144,1,17.32
9681,3882,39,6,150.09
9682,3882,50,5,319.47
9683,3883,75,2,7.34
9684,3883,149,5,103.46
9685,3883,16,1,12.44
9686,3883,5,5,636.38
9687,3884,40,1,1056.08
9688,3884,121,1,1103.11
9689,3884,50,4,319.47
9690,3885,58,5,2228.53
9691,3885,131,5,158.12
9692,3885,137,4,439.07
9693,3886,102,2,58.92
9694,3886,115,1,1593.08
9695,3886,57,2,33.31
9696,3887,135,5,249.87
9697,3887,29,3,6.39
9698,3887,115,3,1593.08
9699,3888,67,5,63.32
9700,3888,102,1,77.15
9701,3889,39,6,150.09
9702,3889,55,5,126.48
9703,3890,106,1,535.13
9704,3890,55,2,126.48
9705,3890,141,2,39.30
9706,3891,40,2,1056.08
9707,3892,46,3,39.63
9708,3892,48,6,211.75
9709,3893,88,3,17.13
9710,3893,131,5,158.12
9711,3893,122,3,42.40
9712,3894,68,5,124.95
9713,3894,35,2,118.27
9714,3894,21,4,363.62
9715,3894,57,3,44.57
9716,3894,106,6,535.13
9717,3895,23,4,818.78
9718,3896,114,1,28.13
9719,3896,121,2,1103.11
9720,3897,141,1,53.23
9721,3897,59,3,43.30
9722,3897,131,5,158.12
9723,3898,135,3,249.87
9724,3898,55,4,126.48
9725,3898,62,6,266.25
9726,3898,119,3,155.09
9727,3898,61,4,912.74
9728,3899,131,6,158.12
9729,3899,146,2,435.02
9730,3899,58,6,2228.53
9731,3899,122,6,53.10
9732,3899,119,3,155.09
9733,3900,131,4,158.12
9734,3900,76,4,2140.68
9735,3901,39,6,150.09
9736,3901,102,3,58.92
9737,3901,54,1,11.25
9738,3902,19,2,13.79
9739,3902,102,6,77.15
9740,3902,132,1,15.26
9741,3903,23,3,818.78
9742,3903,67,5,63.32
9743,3903,76,2,2140.68
9744,3904,146,4,435.02
9745,3904,39,3,172.57
9746,3904,100,1,1939.75
9747,3904,16,1,9.26
9748,3905,67,6,63.32
9749,3905,3,1,433.53
9750,3906,54,1,11.25
9751,3907,57,6,44.57
9752,3907,21,2,387.81
9753,3908,7,6,94.53
9754,3908,47,2,20.98
9755,3908,89,4,571.54
9756,3908,16,5,9.26
9757,3908,135,4,249.87
9758,3909,47,4,20.98
9759,3909,61,2,912.74
9760,3909,9,5,4.73
9761,3910,121,2,1103.11
9762,3910,144,2,12.70
9763,3910,68,1,124.95
9764,3910,16,4,12.44
9765,3910,35,2,118.27
9766,3911,146,4,435.02
9767,3911,35,2,118.27
9768,3911,135,2,249.87
9769,3912,52,1,4.14
9770,3912,16,4,9.26
9771,3912,35,2,118.27
9772,3912,115,5,1593.08
9773,3913,102,1,58.92
9774,3913,50,1,319.47
9775,3914,39,6,150.09
9776,3914,61,1,912.74
9777,3915,55,5,126.48
9778,3916,101,3,745.86
9779,3916,149,1,103.46
9780,3916,131,3,158.12
9781,3916,76,6,2140.68
9782,3917,62,6,266.25
9783,3918,4,6,48.17
9784,3919,27,3,85.73
9785,3919,67,5,63.32
9786,3920,4,4,48.17
9787,3920,135,2,249.87
9788,3921,1,3,100.49
9789,3921,118,2,5.60
9790,3921,106,2,535.13
9791,3921,146,4,435.02
9792,3921,124,2,10.01
9793,3922,25,4,296.15
9794,3923,132,3,15.26
9795,3923,50,1,319.47
9796,3923,55,3,126.48
9797,3924,4,1,61.61
9798,3924,108,5,9.08
9799,3924,76,2,2140.68
9800,3925,70,6,5.35
9801,3925,23,3,818.78
9802,3925,36,2,32.19
9803,3925,2,1,2490.71
9804,3926,6,2,31.70
9805,3926,61,4,1113.25
9806,3926,67,3,63.32
9807,3927,47,2,20.98
9808,3927,14,6,79.66
9809,3928,17,1,1848.55
9810,3928,40,2,1056.08
9811,3928,4,3,48.17
9812,3929,90,2,31.54
9813,3929,135,6,249.87
9814,3929,57,3,33.31
9815,3929,87,3,1798.50
9816,3929,88,6,17.13
9817,3930,149,4,103.46
9818,3930,4,5,61.61
9819,3930,40,1,1056.08
9820,3931,48,4,211.75
9821,3931,31,2,5.71
9822,3931,47,5,20.98
9823,3932,60,5,666.94
9824,3932,129,6,20.39
9825,3933,66,5,1668.91
9826,3933,85,3,155.49
9827,3933,40,1,1056.08
9828,3934,66,1,1668.91
9829,3934,4,6,48.17
9830,3935,76,1,2140.68
9831,3935,147,5,119.34
9832,3935,20,3,153.36
9833,3936,42,2,1621.81
9834,3937,117,4,1388.10
9835,3937,40,1,1056.08
9836,3937,94,3,91.55
9837,3937,39,6,150.09
9838,3937,88,5,17.13
9839,3938,61,6,912.74
9840,3938,85,4,155.49
9841,3938,16,2,12.44
9842,3939,39,1,172.57
9843,3939,4,3,48.17
9844,3939,108,4,9.08
9845,3940,76,3,2140.68
9846,3941,16,4,9.26
9847,3941,135,6,249.87
9848,3941,106,3,535.13
9849,3942,41,6,55.55
9850,3942,39,4,150.09
9851,3942,132,4,15.26
9852,3942,115,5,1593.08
9853,3942,146,2,435.02
9854,3943,149,4,103.46
9855,3943,76,1,2140.68
9856,3944,34,1,966.54
9857,3945,83,4,110.68
9858,3945,131,4,158.12
9859,3945,40,3,1056.08
9860,3945,68,3,124.95
9861,3946,121,1,1103.11
9862,3946,39,5,150.09
9863,3946,16,6,9.26
9864,3946,76,4,2140.68
9865,3946,5,5,636.38
9866,3947,79,4,89.60
9867,3947,85,4,155.49
9868,3947,75,1,7.34
9869,3948,90,1,31.54
9870,3948,16,5,12.44
9871,3948,21,6,387.81
9872,3949,64,1,14.36
9873,3949,62,1,266.25
9874,3949,39,1,150.09
9875,3950,49,5,1531.70
9876,3950,33,3,7.01
9877,3950,147,3,119.34
9878,3950,81,5,70.67
9879,3950,76,2,2140.68
9880,3951,62,4,266.25
9881,3952,23,1,818.78
9882,3952,88,4,17.13
9883,3953,117,4,1388.10
9884,3953,88,2,17.13
9885,3954,34,1,966.54
9886,3955,147,2,119.34
9887,3955,34,6,966.54
9888,3956,53,2,1145.45
9889,3956,102,6,58.92
9890,3956,145,4,402.40
9891,3957,9,3,5.62
9892,3957,135,6,249.87
9893,3957,16,3,9.26
9894,3957,58,5,2228.53
9895,3958,77,5,9.06
9896,3958,137,1,439.07
9897,3958,55,2,126.48
9898,3958,62,2,340.07
9899,3959,62,1,266.25
9900,3959,16,2,9.26
9901,3960,135,4,249.87
9902,3961,76,1,2140.68
9903,3961,16,3,9.26
9904,3961,55,4,126.48
9905,3961,101,3,745.86
9906,3962,146,2,435.02
9907,3962,132,6,15.26
9908,3962,16,2,9.26
9909,3962,62,5,266.25
9910,3962,85,2,155.49
9911,3963,124,2,10.01
9912,3963,85,4,155.49
9913,3963,50,4,319.47
9914,3964,23,2,818.78
9915,3964,40,4,1056.08
9916,3965,8,2,7.43
9917,3965,146,5,435.02
9918,3965,61,4,1113.25
9919,3965,119,3,155.09
9920,3966,131,2,158.12
9921,3966,132,3,15.26
9922,3966,142,3,3.96
9923,3967,147,5,119.34
9924,3967,6,6,31.70
9925,3967,149,2,103.46
9926,3968,58,6,2228.53
9927,3969,131,2,158.12
9928,3970,9,5,5.62
9929,3970,102,6,58.92
9930,3970,41,6,55.55
9931,3970,149,3,103.46
9932,3970,114,1,28.13
9933,3971,62,3,340.07
9934,3971,16,6,9.26
9935,3971,2,2,2490.71
9936,3971,64,2,15.90
9937,3972,102,2,58.92
9938,3972,61,5,912.74
9939,3973,118,6,6.74
9940,3973,80,3,46.29
9941,3973,19,5,13.79
9942,3973,9,3,4.73
9943,3973,4,2,61.61
9944,3974,115,3,1593.08
9945,3974,124,6,14.05
9946,3975,57,2,33.31
9947,3975,76,6,2140.68
9948,3976,62,6,266.25
9949,3976,47,4,20.98
9950,3976,38,3,2072.70
9951,3977,12,2,780.63
9952,3978,129,2,20.39
9953,3978,146,6,435.02
9954,3978,19,1,10.84
9955,3978,3,2,433.53
9956,3978,34,3,966.54
9957,3979,6,1,31.70
9958,3979,39,4,172.57
9959,3979,119,2,155.09
9960,3979,73,5,70.19
9961,3980,57,4,33.31
9962,3980,39,1,150.09
9963,3981,61,1,1113.25
9964,3981,85,5,155.49
9965,3982,94,2,91.55
9966,3982,43,1,72.97
9967,3982,75,2,7.34
9968,3982,121,1,1103.11
9969,3983,121,1,1103.11
9970,3983,131,3,158.12
9971,3984,57,3,33.31
9972,3985,135,2,249.87
9973,3986,64,6,14.36
9974,3987,21,4,387.81
9975,3988,16,5,9.26
9976,3988,34,5,966.54
9977,3988,94,4,91.55
9978,3989,76,4,2140.68
9979,3989,57,3,33.31
9980,3989,61,6,912.74
9981,3990,48,1,296.73
9982,3990,6,5,31.70
9983,3991,16,2,9.26
9984,3991,54,6,11.25
9985,3992,40,3,1056.08
9986,3992,16,2,9.26
9987,3993,77,5,9.06
9988,3993,115,6,1593.08
9989,3994,16,4,12.44
9990,3994,111,5,18.84
9991,3994,55,2,126.48
9992,3995,147,1,119.34
9993,3996,23,5,818.78
9994,3996,62,6,266.25
9995,3996,16,2,9.26
9996,3997,4,1,48.17
9997,3997,104,6,16.45
9998,3997,50,5,319.47
9999,3998,127,4,313.94
10000,3998,85,2,155.49
10001,3998,58,2,2228.53
10002,3999,109,6,6.27
10003,4000,3,1,433.53
10004,4000,16,4,9.26
10005,4000,82,2,7.79
10006,4000,62,4,266.25
10007,4000,19,2,10.84
10008,4001,106,5,535.13
10009,4001,81,5,70.67
10010,4002,119,5,155.09
10011,4002,16,3,9.26
10012,4002,34,2,966.54
10013,4002,35,6,118.27
10014,4002,47,4,20.98
10015,4003,58,4,2228.53
10016,4003,95,4,181.93
10017,4003,35,6,118.27
10018,4004,14,4,79.66
10019,4004,89,5,571.54
10020,4004,76,1,2140.68
10021,4005,140,1,19.65
10022,4005,6,1,31.70
10023,4005,137,4,439.07
10024,4005,147,3,119.34
10025,4006,61,2,912.74
10026,4006,16,5,12.44
10027,4006,92,3,1535.18
10028,4007,57,1,33.31
10029,4007,126,2,537.80
10030,4007,146,3,435.02
10031,4008,94,1,91.55
10032,4008,47,5,20.98
10033,4008,76,3,2140.68
10034,4009,58,3,2228.53
10035,4009,88,3,17.13
10036,4010,135,1,249.87
10037,4010,39,2,150.09
10038,4010,31,2,5.71
10039,4010,67,4,63.32
10040,4010,23,6,818.78
10041,4011,91,6,17.43
10042,4012,77,2,9.06
10043,4012,19,4,10.84
10044,4013,85,4,155.49
10045,4013,60,3,666.94
10046,4013,105,2,26.10
10047,4014,9,5,4.73
10048,4014,126,2,745.21
10049,4014,122,5,53.10
10050,4015,138,6,73.65
10051,4015,73,3,49.68
10052,4015,57,1,33.31
10053,4016,136,1,56.69
10054,4016,67,2,63.32
10055,4016,119,5,155.09
10056,4016,102,2,58.92
10057,4017,85,6,155.49
10058,4017,149,5,103.46
10059,4017,16,1,9.26
10060,4018,55,5,126.48
10061,4019,34,5,966.54
10062,4020,48,2,211.75
10063,4020,4,4,48.17
10064,4020,13,1,20.98
10065,4021,73,4,49.68
10066,4021,34,4,966.54
10067,4021,39,3,172.57
10068,4022,87,4,1798.50
10069,4022,51,2,479.39
10070,4022,33,3,7.01
10071,4022,14,2,79.66
10072,4023,135,6,249.87
10073,4023,122,6,42.40
10074,4024,81,5,70.67
10075,4024,45,1,41.58
10076,4025,43,3,72.97
10077,4026,114,2,28.13
10078,4026,62,2,266.25
10079,4027,90,3,31.54
10080,4027,58,6,2228.53
10081,4028,135,2,249.87
10082,4028,106,6,535.13
10083,4029,85,4,155.49
10084,4029,48,4,211.75
10085,4029,106,5,535.13
10086,4029,142,6,3.96
10087,4030,135,6,249.87
10088,4030,94,1,91.55
10089,4030,12,1,664.61
10090,4031,21,2,363.62
10091,4032,67,1,63.32
10092,4033,9,6,4.73
10093,4033,147,3,119.34
10094,4034,66,4,2120.38
10095,4034,64,5,14.36
10096,4034,42,3,1621.81
10097,4035,141,2,39.30
10098,4036,6,4,31.70
10099,4036,149,6,103.46
10100,4036,89,6,571.54
10101,4037,16,6,9.26
10102,4037,76,1,2140.68
10103,4037,71,5,5.88
10104,4038,119,4,155.09
10105,4038,55,4,126.48
10106,4038,16,4,9.26
10107,4039,135,3,249.87
10108,4039,90,1,31.54
10109,4039,16,4,9.26
10110,4039,101,4,745.86
10111,4040,68,2,124.95
10112,4041,39,1,150.09
10113,4041,19,5,10.84
10114,4041,47,5,20.98
10115,4041,57,5,33.31
10116,4042,109,4,6.27
10117,4042,72,2,125.19
10118,4042,4,2,48.17
10119,4043,11,2,10.30
10120,4043,85,6,155.49
10121,4043,53,4,1145.45
10122,4044,137,2,439.07
10123,4045,34,5,966.54
10124,4045,88,3,17.13
10125,4045,39,1,150.09
10126,4046,11,3,10.30
10127,4046,61,3,912.74
10128,4047,131,5,158.12
10129,4047,135,4,249.87
10130,4048,35,5,118.27
10131,4048,131,4,158.12
10132,4048,129,5,20.39
10133,4048,94,6,91.55
10134,4049,40,4,1056.08
10135,4050,135,3,249.87
10136,4050,16,5,9.26
10137,4050,71,1,5.88
10138,4051,137,3,439.07
10139,4051,102,1,58.92
10140,4052,58,2,2228.53
10141,4052,76,5,2140.68
10142,4053,4,3,48.17
10143,4053,13,3,20.98
10144,4053,48,2,211.75
10145,4054,50,4,319.47
10146,4054,132,1,15.26
10147,4055,114,6,28.13
10148,4055,40,6,1056.08
10149,4055,119,5,155.09
10150,4055,20,2,153.36
10151,4056,39,2,172.57
10152,4056,16,6,12.44
10153,4056,9,3,5.62
10154,4057,121,6,1103.11
10155,4057,58,3,2228.53
10156,4057,77,4,9.06
10157,4057,16,5,9.26
10158,4058,9,1,5.62
10159,4058,135,6,249.87
10160,4058,115,6,1593.08
10161,4059,62,3,266.25
10162,4059,16,2,9.26
10163,4059,147,3,119.34
10164,4060,53,5,1145.45
10165,4060,34,4,966.54
10166,4060,68,6,124.95
10167,4060,16,1,9.26
10168,4061,61,2,1113.25
10169,4062,18,4,1118.64
10170,4062,7,6,94.53
10171,4062,115,6,1593.08
10172,4062,124,6,10.01
10173,4063,2,1,2490.71
10174,4063,9,6,4.73
10175,4063,61,1,912.74
10176,4064,9,2,4.73
10177,4065,115,2,1593.08
10178,4065,97,6,85.44
10179,4065,3,4,433.53
10180,4066,1,1,100.49
10181,4067,149,3,103.46
10182,4068,88,5,17.13
10183,4068,108,3,9.08
10184,4069,19,4,13.79
10185,4070,131,5,158.12
10186,4070,16,2,12.44
10187,4070,35,6,118.27
10188,4071,121,2,1103.11
10189,4071,102,5,77.15
10190,4071,88,5,17.13
10191,4071,40,2,1056.08
10192,4072,9,1,5.62
10193,4072,121,1,1103.11
10194,4073,114,2,28.13
10195,4073,64,6,14.36
10196,4074,87,3,1798.50
10197,4074,51,1,479.39
10198,4074,76,3,2140.68
10199,4075,38,1,2072.70
10200,4076,119,2,155.09
10201,4076,100,5,1939.75
10202,4076,106,6,535.13
10203,4077,145,5,402.40
10204,4077,146,6,435.02
10205,4077,35,3,118.27
10206,4078,135,1,249.87
10207,4078,109,1,6.27
10208,4078,11,5,10.30
10209,4079,23,2,818.78
10210,4079,64,6,14.36
10211,4080,137,6,439.07
10212,4081,12,1,664.61
10213,4081,124,1,14.05
10214,4082,16,3,9.26
10215,4082,94,6,91.55
10216,4082,102,2,77.15
10217,4083,39,3,150.09
10218,4083,16,1,9.26
10219,4083,135,2,249.87
10220,4084,135,6,249.87
10221,4084,121,4,1103.11
10222,4084,62,3,266.25
10223,4085,9,6,4.73
10224,4085,121,1,1103.11
10225,4086,16,2,9.26
10226,4086,39,1,172.57
10227,4087,86,4,168.75
10228,4087,16,4,9.26
10229,4088,140,5,19.65
10230,4089,11,5,10.30
10231,4089,131,2,158.12
10232,4089,132,3,15.26
10233,4090,135,6,249.87
10234,4090,141,2,39.30
10235,4090,94,6,91.55
10236,4091,48,5,211.75
10237,4091,127,2,313.94
10238,4091,128,4,1676.16
10239,4092,135,5,249.87
10240,4092,16,3,9.26
10241,4093,135,5,249.87
10242,4094,149,4,103.46
10243,4095,4,3,48.17
10244,4095,83,1,110.68
10245,4096,128,6,1676.16
10246,4096,132,3,15.26
10247,4096,64,3,14.36
10248,4096,146,3,435.02
10249,4096,76,4,2140.68
10250,4097,66,5,1668.91
10251,4097,116,6,1063.09
10252,4097,71,2,5.88
10253,4097,85,1,155.49
10254,4098,122,4,42.40
10255,4098,13,2,20.98
10256,4099,65,6,1780.95
10257,4099,142,5,5.01
10258,4099,3,2,433.53
10259,4099,39,4,172.57
10260,4100,135,3,249.87
10261,4101,136,1,56.69
10262,4102,35,1,118.27
10263,4102,135,5,249.87
10264,4103,132,4,15.26
10265,4103,124,5,10.01
10266,4103,129,3,20.39
10267,4104,16,1,9.26
10268,4105,2,4,2490.71
10269,4106,46,6,48.97
10270,4106,52,3,4.14
10271,4106,73,5,49.68
10272,4107,121,4,1103.11
10273,4108,59,2,43.30
10274,4109,88,2,17.13
10275,4109,146,3,435.02
10276,4110,16,6,12.44
10277,4111,75,4,7.34
10278,4111,58,1,2228.53
10279,4111,101,3,745.86
10280,4111,19,3,10.84
10281,4111,60,1,666.94
10282,4112,62,5,266.25
10283,4112,135,1,249.87
10284,4113,135,3,249.87
10285,4113,131,4,158.12
10286,4114,20,5,153.36
10287,4114,91,3,17.43
10288,4115,61,3,1113.25
10289,4115,94,5,91.55
10290,4115,39,1,150.09
10291,4115,85,1,155.49
10292,4115,58,3,2228.53
10293,4116,76,3,2140.68
10294,4116,64,2,15.90
10295,4117,50,4,319.47
10296,4117,39,5,150.09
10297,4118,141,5,39.30
10298,4118,131,6,158.12
10299,4118,142,5,3.96
10300,4119,131,2,158.12
10301,4120,57,6,33.31
10302,4120,127,2,313.94
10303,4120,39,4,172.57
10304,4121,1,5,100.49
10305,4121,18,4,1118.64
10306,4121,131,5,158.12
10307,4122,67,4,63.32
10308,4122,39,6,150.09
10309,4122,135,3,249.87
10310,4123,79,6,89.60
10311,4123,65,5,1780.95
10312,4123,3,6,433.53
10313,4124,88,6,17.13
10314,4124,124,5,14.05
10315,4124,51,3,479.39
10316,4125,76,5,2140.68
10317,4125,64,1,14.36
10318,4125,62,3,266.25
10319,4125,6,2,31.70
10320,4126,137,4,439.07
10321,4126,131,5,158.12
10322,4127,13,2,20.98
10323,4127,124,4,14.05
10324,4127,140,4,19.65
10325,4127,106,4,535.13
10326,4128,11,4,10.30
10327,4128,115,1,1593.08
10328,4128,34,5,966.54
10329,4129,76,4,2140.68
10330,4129,16,4,9.26
10331,4129,54,3,11.25
10332,4130,88,5,17.13
10333,4130,124,5,10.01
10334,4131,72,3,125.19
10335,4131,62,2,340.07
10336,4132,114,2,28.13
10337,4132,19,5,10.84
10338,4133,16,5,9.26
10339,4133,47,3,20.98
10340,4133,95,1,181.93
10341,4133,34,6,966.54
10342,4134,65,2,1780.95
10343,4134,126,6,537.80
10344,4134,4,5,48.17
10345,4135,68,1,124.95
10346,4135,125,4,859.33
10347,4135,62,3,266.25
10348,4136,16,4,12.44
10349,4136,58,4,2228.53
10350,4136,43,4,72.97
10351,4136,35,3,118.27
10352,4136,89,2,571.54
10353,4137,16,4,9.26
10354,4137,27,6,85.73
10355,4137,21,5,363.62
10356,4137,115,6,1593.08
10357,4138,123,3,144.33
10358,4138,47,4,20.98
10359,4138,58,5,2228.53
10360,4139,35,1,118.27
10361,4139,48,5,211.75
10362,4140,88,2,17.13
10363,4140,100,1,1939.75
10364,4140,65,5,1780.95
10365,4141,1,6,100.49
10366,4141,5,3,636.38
10367,4141,58,6,2228.53
10368,4142,106,6,535.13
10369,4142,87,3,1798.50
10370,4142,94,6,91.55
10371,4142,34,1,966.54
10372,4142,21,2,363.62
10373,4143,147,4,119.34
10374,4144,8,5,6.07
10375,4144,135,1,249.87
10376,4145,35,3,118.27
10377,4146,4,4,48.17
10378,4147,124,4,14.05
10379,4147,90,6,31.54
10380,4148,47,4,20.98
10381,4148,116,5,1063.09
10382,4148,16,4,9.26
10383,4149,100,1,1939.75
10384,4149,65,6,1780.95
10385,4149,104,3,23.13
10386,4150,19,5,10.84
10387,4150,131,1,158.12
10388,4150,50,3,319.47
10389,4151,146,1,435.02
10390,4152,135,3,249.87
10391,4153,58,5,2228.53
10392,4153,21,3,363.62
10393,4153,16,2,9.26
10394,4153,109,2,6.27
10395,4153,115,6,1593.08
10396,4154,16,6,12.44
10397,4154,25,5,296.15
10398,4154,99,5,232.51
10399,4154,124,4,14.05
10400,4154,85,6,155.49
10401,4155,85,3,155.49
10402,4156,48,3,211.75
10403,4156,146,3,435.02
10404,4156,61,2,1113.25
10405,4157,119,6,155.09
10406,4157,136,4,56.69
10407,4157,63,6,5.18
10408,4157,60,4,666.94
10409,4158,120,5,8.05
10410,4158,4,4,61.61
10411,4158,114,1,28.13
10412,4158,149,2,103.46
10413,4159,39,2,150.09
10414,4159,120,4,6.05
10415,4159,23,6,818.78
10416,4160,108,2,9.08
10417,4161,62,2,266.25
10418,4161,58,5,2228.53
10419,4162,140,6,19.65
10420,4163,58,3,2228.53
10421,4164,14,1,79.66
10422,4165,40,2,1056.08
10423,4165,16,6,9.26
10424,4165,57,1,44.57
10425,4166,124,2,10.01
10426,4167,85,2,155.49
10427,4167,62,5,266.25
10428,4168,89,2,571.54
10429,4168,39,3,172.57
10430,4169,31,5,5.71
10431,4169,35,5,118.27
10432,4169,104,3,16.45
10433,4169,108,4,9.08
10434,4170,4,3,48.17
10435,4170,43,2,72.97
10436,4170,131,2,158.12
10437,4171,146,5,435.02
10438,4171,19,3,13.79
10439,4172,57,6,33.31
10440,4172,85,5,155.49
10441,4172,39,2,150.09
10442,4173,76,3,2140.68
10443,4174,4,1,48.17
10444,4175,62,4,340.07
10445,4175,4,3,48.17
10446,4175,58,1,2228.53
10447,4175,89,6,571.54
10448,4176,96,1,2217.69
10449,4176,101,2,745.86
10450,4176,62,6,266.25
10451,4177,65,4,1780.95
10452,4177,85,4,155.49
10453,4178,144,5,12.70
10454,4179,97,1,63.61
10455,4179,63,2,5.18
10456,4179,140,3,19.65
10457,4180,17,5,1848.55
10458,4181,48,1,296.73
10459,4181,16,3,9.26
10460,4181,34,3,966.54
10461,4181,77,4,9.06
10462,4181,76,4,2140.68
10463,4182,58,2,2228.53
10464,4183,16,1,9.26
10465,4183,135,6,249.87
10466,4183,62,2,266.25
10467,4183,67,4,63.32
10468,4184,73,6,49.68
10469,4184,84,6,16.70
10470,4184,56,5,13.38
10471,4184,21,4,363.62
10472,4185,123,6,144.33
10473,4185,64,6,15.90
10474,4185,16,2,9.26
10475,4185,149,5,103.46
10476,4186,62,5,266.25
10477,4187,55,4,126.48
10478,4188,75,5,7.34
10479,4188,35,4,118.27
10480,4189,55,1,126.48
10481,4189,137,4,439.07
10482,4189,135,4,249.87
10483,4190,39,4,150.09
10484,4190,4,6,48.17
10485,4191,58,3,2228.53
10486,4191,62,5,266.25
10487,4191,115,1,1593.08
10488,4192,16,2,9.26
10489,4192,55,6,126.48
10490,4192,38,5,2072.70
10491,4193,39,1,150.09
10492,4193,76,4,2140.68
10493,4193,8,1,6.07
10494,4194,44,6,277.88
10495,4194,20,2,153.36
10496,4195,9,3,5.62
10497,4195,141,3,39.30
10498,4195,76,5,2140.68
10499,4195,146,3,435.02
10500,4196,39,6,172.57
10501,4196,115,1,1593.08
10502,4196,142,1,5.01
10503,4196,57,5,44.57
10504,4197,64,5,14.36
10505,4198,76,4,2140.68
10506,4198,40,3,1056.08
10507,4198,85,5,155.49
10508,4199,137,6,439.07
10509,4199,40,4,1056.08
10510,4199,70,1,5.35
10511,4199,138,1,81.50
10512,4199,63,3,5.18
10513,4200,59,2,43.30
10514,4201,61,3,912.74
10515,4202,81,6,70.67
10516,4202,129,3,20.39
10517,4203,55,5,126.48
10518,4203,96,6,2217.69
10519,4203,149,1,103.46
10520,4203,16,1,12.44
10521,4204,146,6,435.02
10522,4205,95,2,143.83
10523,4205,19,1,10.84
10524,4205,123,4,144.33
10525,4205,106,5,535.13
10526,4205,44,6,277.88
10527,4206,23,3,818.78
10528,4206,96,5,2217.69
10529,4206,55,1,126.48
10530,4206,64,2,15.90
10531,4206,149,2,103.46
10532,4207,57,5,33.31
10533,4207,23,5,818.78
10534,4208,92,2,1535.18
10535,4208,146,5,435.02
10536,4209,16,6,12.44
10537,4209,115,5,1593.08
10538,4210,101,6,745.86
10539,4211,40,1,1056.08
10540,4211,95,6,143.83
10541,4212,96,1,2217.69
10542,4212,122,4,42.40
10543,4212,35,6,118.27
10544,4213,76,4,2140.68
10545,4213,35,6,118.27
10546,4213,68,6,124.95
10547,4214,21,6,387.81
10548,4215,34,5,966.54
10549,4215,53,3,1145.45
10550,4215,85,1,155.49
10551,4216,9,6,5.62
10552,4216,62,4,266.25
10553,4217,61,3,1113.25
10554,4217,135,4,249.87
10555,4217,35,2,118.27
10556,4218,43,6,72.97
10557,4218,61,3,912.74
10558,4218,121,5,1103.11
10559,4219,35,5,118.27
10560,4219,96,2,2217.69
10561,4219,16,4,9.26
10562,4220,19,5,10.84
10563,4220,89,2,571.54
10564,4221,43,4,72.97
10565,4222,107,6,76.72
10566,4222,121,5,1103.11
10567,4223,84,1,18.32
10568,4224,96,5,2217.69
10569,4224,104,3,16.45
10570,4224,122,1,42.40
10571,4225,16,3,9.26
10572,4226,65,1,1780.95
10573,4227,71,6,5.88
10574,4227,9,6,4.73
10575,4227,89,4,571.54
10576,4228,61,5,912.74
10577,4229,121,2,1103.11
10578,4229,137,5,439.07
10579,4229,116,2,1063.09
10580,4229,35,2,118.27
10581,4230,132,5,15.26
10582,4230,84,3,18.32
10583,4231,146,3,435.02
10584,4232,88,1,17.13
10585,4232,4,4,61.61
10586,4232,106,1,535.13
10587,4232,40,3,1056.08
10588,4233,48,1,211.75
10589,4233,90,5,31.54
10590,4233,94,2,91.55
10591,4234,91,3,17.43
10592,4234,135,2,249.87
10593,4234,102,3,58.92
10594,4235,96,3,2217.69
10595,4235,102,2,58.92
10596,4235,11,1,10.30
10597,4236,70,3,5.35
10598,4237,124,6,10.01
10599,4238,114,5,28.13
10600,4238,96,3,2217.69
10601,4238,40,1,1056.08
10602,4238,21,6,363.62
10603,4239,115,6,1593.08
10604,4239,76,1,2140.68
10605,4240,61,2,912.74
10606,4240,106,2,535.13
10607,4240,11,5,10.30
10608,4241,21,3,363.62
10609,4241,149,2,103.46
10610,4241,124,6,10.01
10611,4241,39,2,150.09
10612,4242,23,3,818.78
10613,4242,111,4,18.84
10614,4243,55,3,126.48
10615,4244,16,2,12.44
10616,4244,58,6,2228.53
10617,4244,45,2,41.58
10618,4244,65,2,1780.95
10619,4245,85,3,155.49
10620,4246,107,1,87.02
10621,4246,90,1,31.54
10622,4246,1,5,100.49
10623,4246,57,6,33.31
10624,4246,89,1,571.54
10625,4247,81,4,70.67
10626,4247,16,1,9.26
10627,4248,39,6,172.57
10628,4248,14,2,79.66
10629,4249,64,2,14.36
10630,4250,19,1,10.84
10631,4250,124,2,10.01
10632,4250,131,3,158.12
10633,4251,58,6,2228.53
10634,4251,133,6,50.94
10635,4251,137,4,439.07
10636,4252,50,6,319.47
10637,4252,62,6,266.25
10638,4253,135,6,249.87
10639,4253,11,6,10.30
10640,4254,39,4,150.09
10641,4254,8,6,6.07
10642,4254,124,2,10.01
10643,4255,61,3,912.74
10644,4255,106,3,535.13
10645,4255,122,3,53.10
10646,4255,65,1,1780.95
10647,4256,16,6,9.26
10648,4256,9,1,5.62
10649,4257,122,4,42.40
10650,4257,55,5,126.48
10651,4257,88,4,17.13
10652,4257,4,2,61.61
10653,4258,55,2,126.48
10654,4258,4,6,48.17
10655,4259,119,1,155.09
10656,4259,94,2,91.55
10657,4259,64,6,14.36
10658,4259,6,3,31.70
10659,4259,21,3,363.62
10660,4260,89,2,571.54
10661,4260,135,6,249.87
10662,4260,16,6,9.26
10663,4261,90,1,31.54
10664,4262,124,4,10.01
10665,4263,84,6,16.70
10666,4263,88,6,17.13
10667,4263,115,1,1593.08
10668,4264,27,1,85.73
10669,4264,76,3,2140.68
10670,4264,131,2,158.12
10671,4264,62,6,266.25
10672,4264,146,3,435.02
10673,4265,147,3,119.34
10674,4266,84,6,16.70
10675,4267,19,6,13.79
10676,4267,96,6,2217.69
10677,4267,55,4,126.48
10678,4268,92,5,1535.18
10679,4269,111,5,18.84
10680,4270,135,6,249.87
10681,4270,64,4,15.90
10682,4271,84,3,18.32
10683,4271,7,1,94.53
10684,4271,20,3,153.36
10685,4271,86,6,168.75
10686,4272,129,4,20.39
10687,4272,57,3,44.57
10688,4272,9,3,4.73
10689,4272,21,4,363.62
10690,4273,133,5,50.94
10691,4273,57,3,33.31
10692,4273,11,2,10.30
10693,4274,121,1,1103.11
10694,4274,63,2,5.18
10695,4275,55,3,126.48
10696,4275,16,6,9.26
10697,4276,44,5,277.88
10698,4276,21,4,363.62
10699,4277,49,3,1531.70
10700,4278,132,1,15.26
10701,4278,40,5,1056.08
10702,4278,47,4,20.98
10703,4278,135,6,249.87
10704,4278,88,3,17.13
10705,4279,84,6,16.70
10706,4279,7,4,94.53
10707,4279,76,2,2140.68
10708,4279,142,2,5.01
10709,4280,34,4,966.54
10710,4280,62,2,266.25
10711,4281,19,3,10.84
10712,4281,14,2,79.66
10713,4281,55,2,126.48
10714,4282,104,4,16.45
10715,4283,119,1,155.09
10716,4283,40,4,1056.08
10717,4284,57,6,33.31
10718,4284,143,6,1468.89
10719,4284,39,6,150.09
10720,4285,77,2,9.06
10721,4285,94,6,91.55
10722,4285,63,1,5.18
10723,4286,36,3,32.19
10724,4286,58,5,2228.53
10725,4287,142,4,3.96
10726,4288,61,5,912.74
10727,4288,76,2,2140.68
10728,4288,135,1,249.87
10729,4289,50,4,319.47
10730,4289,70,3,5.35
10731,4290,38,4,2072.70
10732,4290,94,4,91.55
10733,4291,23,5,818.78
10734,4292,62,2,266.25
10735,4292,63,6,5.18
10736,4293,68,2,124.95
10737,4293,64,5,14.36
10738,4293,65,3,1780.95
10739,4294,107,1,76.72
10740,4295,65,3,1780.95
10741,4295,92,3,1662.94
10742,4295,106,6,535.13
10743,4296,94,5,91.55
10744,4296,62,5,266.25
10745,4296,92,2,1535.18
10746,4297,146,4,435.02
10747,4297,58,5,2228.53
10748,4297,106,6,535.13
10749,4297,4,5,48.17
10750,4297,5,3,636.38
10751,4298,144,6,12.70
10752,4298,61,6,912.74
10753,4298,131,3,158.12
10754,4299,55,5,126.48
10755,4299,31,5,5.71
10756,4300,94,1,91.55
10757,4301,149,2,103.46
10758,4301,88,5,17.13
10759,4302,80,1,46.29
10760,4302,71,2,5.88
10761,4303,16,5,9.26
10762,4303,67,5,63.32
10763,4303,143,6,1468.89
10764,4304,17,1,1848.55
10765,4304,65,2,1780.95
10766,4304,76,5,2140.68
10767,4305,61,2,912.74
10768,4305,4,6,48.17
10769,4305,88,6,17.13
10770,4305,114,3,28.13
10771,4305,102,6,77.15
10772,4306,44,5,277.88
10773,4307,77,3,9.06
10774,4307,93,5,105.42
10775,4308,23,3,818.78
10776,4309,56,4,13.38
10777,4310,96,4,2217.69
10778,4310,114,1,28.13
10779,4311,16,5,9.26
10780,4311,132,6,15.26
10781,4312,16,1,9.26
10782,4312,124,1,14.05
10783,4312,35,6,118.27
10784,4312,23,6,818.78
10785,4313,57,5,33.31
10786,4313,55,4,126.48
10787,4313,31,5,5.71
10788,4313,58,6,2228.53
10789,4314,143,3,1468.89
10790,4314,88,5,17.13
10791,4314,41,6,55.55
10792,4314,11,2,10.30
10793,4314,59,1,43.30
10794,4315,59,1,43.30
10795,4315,8,3,6.07
10796,4315,76,1,2140.68
10797,4316,2,6,2490.71
10798,4316,60,3,666.94
10799,4316,143,4,1468.89
10800,4317,93,1,105.42
10801,4317,6,6,31.70
10802,4318,40,3,1056.08
10803,4318,20,4,153.36
10804,4318,16,1,9.26
10805,4319,62,4,340.07
10806,4320,4,5,48.17
10807,4321,127,5,313.94
10808,4321,120,3,6.05
10809,4322,20,1,153.36
10810,4322,71,5,5.88
10811,4322,135,3,249.87
10812,4323,33,1,7.01
10813,4323,84,6,18.32
10814,4324,61,4,912.74
10815,4324,87,1,1798.50
10816,4325,7,3,94.53
10817,4325,4,5,48.17
10818,4325,143,1,1468.89
10819,4325,98,2,62.98
10820,4326,88,3,17.13
10821,4326,62,3,266.25
10822,4327,16,2,9.26
10823,4327,94,1,91.55
10824,4328,103,2,226.25
10825,4328,135,1,249.87
10826,4328,24,4,115.15
10827,4329,62,1,266.25
10828,4330,85,2,155.49
10829,4330,143,3,1468.89
10830,4330,43,2,72.97
10831,4331,106,6,535.13
10832,4331,63,5,5.18
10833,4331,119,4,155.09
10834,4332,13,6,20.98
10835,4332,107,5,76.72
10836,4332,88,6,17.13
10837,4333,16,2,9.26
10838,4334,76,6,2140.68
10839,4334,34,5,966.54
10840,4334,96,5,2217.69
10841,4335,47,2,20.98
10842,4335,56,4,13.38
10843,4335,89,2,571.54
10844,4335,62,5,340.07
10845,4336,143,5,1468.89
10846,4336,16,6,9.26
10847,4337,18,3,1118.64
10848,4338,143,5,1468.89
10849,4338,4,6,61.61
10850,4338,57,3,33.31
10851,4339,88,4,17.13
10852,4339,140,1,22.17
10853,4339,79,6,89.60
10854,4339,87,2,1798.50
10855,4340,126,4,537.80
10856,4340,141,2,39.30
10857,4341,16,1,9.26
10858,4341,135,4,249.87
10859,4341,20,3,153.36
10860,4341,7,6,94.53
10861,4342,62,1,266.25
10862,4342,142,3,3.96
10863,4342,135,6,249.87
10864,4343,84,3,16.70
10865,4343,102,2,77.15
10866,4343,143,5,1468.89
10867,4344,149,3,103.46
10868,4344,7,4,94.53
10869,4344,31,1,5.71
10870,4345,124,4,10.01
10871,4345,95,5,143.83
10872,4345,96,3,2217.69
10873,4345,94,1,91.55
10874,4346,63,2,5.18
10875,4346,65,4,1780.95
10876,4346,115,6,1593.08
10877,4347,47,4,20.98
10878,4348,65,6,1780.95
10879,4348,59,2,43.30
10880,4349,39,6,150.09
10881,4349,51,3,479.39
10882,4349,147,6,119.34
10883,4349,5,3,636.38
10884,4350,60,1,666.94
10885,4350,6,4,31.70
10886,4351,39,1,150.09
10887,4352,87,6,1798.50
10888,4352,89,4,571.54
10889,4353,132,3,15.26
10890,4353,95,3,143.83
10891,4353,48,2,211.75
10892,4353,16,5,9.26
10893,4353,11,3,10.30
10894,4354,133,6,50.94
10895,4354,39,5,150.09
10896,4354,76,2,2140.68
10897,4354,121,6,1103.11
10898,4354,47,1,20.98
10899,4355,39,2,172.57
10900,4355,102,2,58.92
10901,4356,105,2,26.10
10902,4356,16,5,9.26
10903,4356,147,6,119.34
10904,4356,21,6,363.62
10905,4356,66,1,2120.38
10906,4357,58,6,2228.53
10907,4357,88,6,17.13
10908,4358,88,3,17.13
10909,4358,143,5,1468.89
10910,4358,114,3,28.13
10911,4359,76,2,2140.68
10912,4359,6,4,31.70
10913,4359,57,2,33.31
10914,4360,135,2,249.87
10915,4360,84,6,18.32
10916,4361,62,2,340.07
10917,4361,102,1,58.92
10918,4361,119,6,155.09
10919,4361,58,3,2228.53
10920,4362,62,4,340.07
10921,4362,47,2,20.98
10922,4363,69,3,376.17
10923,4363,65,1,1780.95
10924,4363,44,4,277.88
10925,4363,21,1,363.62
10926,4364,76,4,2140.68
10927,4364,66,5,2120.38
10928,4364,56,2,13.38
10929,4365,64,3,15.90
10930,4366,75,4,7.34
10931,4366,143,1,1468.89
10932,4367,85,6,155.49
10933,4367,102,3,58.92
10934,4367,86,5,168.75
10935,4368,135,4,249.87
10936,4369,40,3,1056.08
10937,4369,75,4,7.34
10938,4369,91,5,17.43
10939,4370,34,5,966.54
10940,4370,145,2,402.40
10941,4370,43,5,72.97
10942,4371,96,3,2217.69
10943,4371,33,3,7.01
10944,4371,90,3,31.54
10945,4372,116,6,1063.09
10946,4372,35,4,118.27
10947,4372,123,3,144.33
10948,4373,62,5,266.25
10949,4373,63,3,5.18
10950,4374,149,6,103.46
10951,4374,68,6,124.95
10952,4374,55,2,126.48
10953,4374,2,2,2490.71
10954,4375,94,2,91.55
10955,4375,49,1,1531.70
10956,4376,94,4,91.55
10957,4376,20,2,153.36
10958,4376,124,5,14.05
10959,4377,58,1,2228.53
10960,4378,112,1,81.11
10961,4378,82,6,7.79
10962,4378,61,6,912.74
10963,4379,88,4,17.13
10964,4379,63,6,5.18
10965,4380,61,1,912.74
10966,4380,96,2,2217.69
10967,4381,35,2,118.27
10968,4381,16,2,9.26
10969,4382,58,4,2228.53
10970,4382,96,3,2217.69
10971,4383,135,2,249.87
10972,4383,141,5,39.30
10973,4383,16,4,12.44
10974,4384,132,6,15.26
10975,4385,44,6,277.88
10976,4386,43,4,72.97
10977,4386,143,6,1468.89
10978,4386,132,2,15.26
10979,4387,137,5,439.07
10980,4387,39,2,150.09
10981,4388,85,3,155.49
10982,4389,43,2,72.97
10983,4389,48,6,296.73
10984,4390,143,1,1468.89
10985,4390,76,1,2140.68
10986,4390,63,3,5.18
10987,4391,4,6,48.17
10988,4391,6,6,31.70
10989,4392,71,2,5.88
10990,4392,57,3,33.31
10991,4393,40,2,1056.08
10992,4393,21,6,363.62
10993,4394,114,5,28.13
10994,4395,63,1,5.18
10995,4395,96,2,2217.69
10996,4395,129,6,20.39
10997,4396,58,4,2228.53
10998,4396,135,2,249.87
10999,4397,94,1,91.55
11000,4398,143,5,1468.89
11001,4398,135,4,249.87
11002,4399,11,2,10.30
11003,4399,89,6,571.54
11004,4400,16,1,9.26
11005,4401,94,5,91.55
11006,4401,58,2,2228.53
11007,4401,62,2,266.25
11008,4402,88,1,17.13
11009,4402,64,1,15.90
11010,4402,16,5,12.44
11011,4402,35,1,118.27
11012,4403,38,1,2072.70
11013,4403,121,5,1103.11
11014,4404,84,6,18.32
11015,4405,39,6,172.57
11016,4406,57,4,33.31
11017,4406,72,2,125.19
11018,4407,2,4,2490.71
11019,4408,93,3,105.42
11020,4408,85,1,155.49
11021,4408,16,5,9.26
11022,4408,55,6,126.48
11023,4409,61,4,912.74
11024,4409,63,5,5.18
11025,4409,31,6,5.71
11026,4409,35,3,118.27
11027,4409,40,4,1056.08
11028,4410,80,3,46.29
11029,4411,96,2,2217.69
11030,4411,85,4,155.49
11031,4412,16,3,9.26
11032,4412,82,6,7.79
11033,4412,108,4,9.08
11034,4413,80,1,46.29
11035,4414,73,2,49.68
11036,4414,88,5,17.13
11037,4415,3,1,433.53
11038,4415,65,1,1780.95
11039,4416,6,2,31.70
11040,4416,14,6,79.66
11041,4416,48,5,296.73
11042,4416,62,2,266.25
11043,4417,21,1,363.62
11044,4417,44,1,277.88
11045,4418,13,2,20.98
11046,4419,102,4,77.15
11047,4420,70,1,5.35
11048,4421,88,5,17.13
11049,4421,61,4,912.74
11050,4421,4,5,61.61
11051,4421,121,2,1103.11
11052,4422,131,6,158.12
11053,4422,40,3,1056.08
11054,4423,96,2,2217.69
11055,4424,56,3,13.38
11056,4424,34,6,966.54
11057,4425,149,6,103.46
11058,4425,48,3,211.75
11059,4425,82,4,7.79
11060,4425,62,1,340.07
11061,4426,3,4,433.53
11062,4427,40,3,1056.08
11063,4427,106,3,535.13
11064,4427,59,6,43.30
11065,4428,61,1,912.74
11066,4428,17,3,1848.55
11067,4428,57,2,33.31
11068,4429,143,5,1468.89
11069,4429,24,2,115.15
11070,4430,96,5,2217.69
11071,4431,96,1,2217.69
11072,4432,63,6,5.18
11073,4432,96,4,2217.69
11074,4432,59,1,43.30
11075,4432,117,5,1388.10
11076,4433,63,6,5.18
11077,4433,81,2,70.67
11078,4433,47,4,20.98
11079,4433,48,5,296.73
11080,4434,79,3,89.60
11081,4434,61,2,912.74
11082,4434,121,5,1103.11
11083,4434,27,5,85.73
11084,4435,129,6,20.39
11085,4435,85,2,155.49
11086,4435,101,3,745.86
11087,4436,58,4,2228.53
11088,4437,47,6,20.98
11089,4437,114,1,28.13
11090,4438,4,5,48.17
11091,4438,59,3,43.30
11092,4438,47,4,20.98
11093,4438,85,1,155.49
11094,4439,133,1,50.94
11095,4439,16,6,9.26
11096,4440,135,4,249.87
11097,4440,40,2,1056.08
11098,4441,76,4,2140.68
11099,4441,126,1,537.80
11100,4442,131,3,158.12
11101,4442,23,2,818.78
11102,4442,102,3,58.92
11103,4443,11,5,10.30
11104,4443,2,5,2490.71
11105,4444,47,1,20.98
11106,4444,89,2,571.54
11107,4444,135,4,249.87
11108,4444,85,4,155.49
11109,4444,16,6,12.44
11110,4445,88,5,17.13
11111,4445,16,5,12.44
11112,4446,94,6,91.55
11113,4446,9,6,4.73
11114,4446,135,2,249.87
11115,4446,50,1,319.47
11116,4447,71,5,5.88
11117,4447,57,3,44.57
11118,4447,62,3,340.07
11119,4447,7,4,94.53
11120,4448,2,5,2490.71
11121,4448,75,3,7.34
11122,4448,84,1,16.70
11123,4449,106,4,535.13
11124,4449,97,2,63.61
11125,4449,16,4,9.26
11126,4450,54,1,11.25
11127,4450,114,2,28.13
11128,4451,4,2,48.17
11129,4451,85,4,155.49
11130,4452,76,6,2140.68
11131,4452,84,1,16.70
11132,4453,6,2,31.70
11133,4454,44,6,277.88
11134,4455,35,6,118.27
11135,4455,96,1,2217.69
11136,4455,90,4,31.54
11137,4456,131,5,158.12
11138,4456,76,4,2140.68
11139,4457,118,4,6.74
11140,4457,16,1,9.26
11141,4458,96,6,2217.69
11142,4459,67,3,63.32
11143,4459,61,1,912.74
11144,4459,59,1,43.30
11145,4460,62,2,266.25
11146,4460,146,6,435.02
11147,4460,149,4,103.46
11148,4460,16,3,9.26
11149,4461,47,1,20.98
11150,4461,63,1,5.18
11151,4462,54,4,11.25
11152,4462,62,3,340.07
11153,4462,106,3,535.13
11154,4463,96,2,2217.69
11155,4463,88,2,17.13
11156,4463,9,3,4.73
11157,4464,27,1,85.73
11158,4465,48,5,211.75
11159,4465,39,1,172.57
11160,4466,96,1,2217.69
11161,4466,146,1,435.02
11162,4466,16,3,9.26
11163,4466,40,1,1056.08
11164,4467,62,5,340.07
11165,4467,88,1,17.13
11166,4468,76,5,2140.68
11167,4469,24,3,115.15
11168,4469,76,1,2140.68
11169,4470,96,2,2217.69
11170,4471,15,5,15.30
11171,4471,21,4,387.81
11172,4472,16,6,9.26
11173,4472,41,5,55.55
11174,4473,135,1,249.87
11175,4474,16,5,9.26
11176,4475,131,6,158.12
11177,4476,4,6,48.17
11178,4476,93,6,105.42
11179,4476,121,2,1103.11
11180,4477,120,6,6.05
11181,4477,44,3,277.88
11182,4477,55,6,126.48
11183,4478,55,5,126.48
11184,4479,23,6,818.78
11185,4480,16,4,12.44
11186,4480,143,3,1468.89
11187,4480,61,3,912.74
11188,4481,126,2,745.21
11189,4481,143,6,1468.89
11190,4481,96,3,2217.69
11191,4482,76,2,2140.68
11192,4482,16,1,12.44
11193,4483,4,1,48.17
11194,4483,135,6,249.87
11195,4484,23,4,818.78
11196,4484,137,3,439.07
11197,4484,64,1,14.36
11198,4485,132,3,15.26
11199,4485,46,1,39.63
11200,4485,72,6,125.19
11201,4485,34,6,966.54
11202,4486,16,4,12.44
11203,4486,76,3,2140.68
11204,4486,135,2,249.87
11205,4487,68,2,124.95
11206,4487,131,4,158.12
11207,4488,146,6,435.02
11208,4489,63,5,5.18
11209,4489,124,3,10.01
11210,4489,25,3,296.15
11211,4490,124,5,14.05
11212,4490,50,6,319.47
11213,4491,9,6,4.73
11214,4491,16,6,9.26
11215,4491,21,3,363.62
11216,4492,61,6,912.74
11217,4492,16,6,9.26
11218,4492,88,4,17.13
11219,4493,121,6,1103.11
11220,4493,68,6,124.95
11221,4493,135,2,249.87
11222,4494,44,4,277.88
11223,4494,109,6,6.27
11224,4494,88,6,17.13
11225,4495,49,6,1531.70
11226,4495,109,3,6.27
11227,4495,16,5,9.26
11228,4495,73,6,49.68
11229,4496,124,2,14.05
11230,4496,11,6,10.30
11231,4497,70,3,5.35
11232,4498,85,6,155.49
11233,4498,58,5,2228.53
11234,4498,132,5,15.26
11235,4499,115,4,1593.08
11236,4499,51,1,479.39
11237,4500,77,5,9.06
11238,4500,15,2,15.30
11239,4500,23,6,818.78
11240,4501,16,1,12.44
11241,4501,57,3,33.31
11242,4502,88,6,17.13
11243,4502,16,6,12.44
11244,4503,84,1,16.70
11245,4503,100,4,1939.75
11246,4503,146,6,435.02
11247,4503,1,1,100.49
11248,4504,126,3,745.21
11249,4505,81,3,70.67
11250,4505,16,5,9.26
11251,4505,2,6,2490.71
11252,4506,7,5,94.53
11253,4506,65,5,1780.95
11254,4506,89,5,571.54
11255,4506,22,3,21.36
11256,4507,89,6,571.54
11257,4507,146,1,435.02
11258,4507,52,3,4.14
11259,4507,57,3,33.31
11260,4508,146,4,435.02
11261,4508,49,1,1531.70
11262,4509,88,6,17.13
11263,4510,133,2,50.94
11264,4510,58,4,2228.53
11265,4510,47,5,20.98
11266,4510,48,6,296.73
11267,4510,65,2,1780.95
11268,4511,143,2,1468.89
11269,4511,94,6,91.55
11270,4511,41,2,55.55
11271,4511,58,3,2228.53
11272,4512,57,4,44.57
11273,4512,143,4,1468.89
11274,4512,40,3,1056.08
11275,4513,65,2,1780.95
11276,4514,112,4,81.11
11277,4514,76,1,2140.68
11278,4514,93,3,105.42
11279,4515,4,1,48.17
11280,4515,34,3,966.54
11281,4515,16,4,12.44
11282,4515,59,6,43.30
11283,4516,86,6,168.75
11284,4516,102,3,58.92
11285,4516,84,6,18.32
11286,4517,94,4,91.55
11287,4517,24,6,115.15
11288,4518,94,1,91.55
11289,4519,135,5,249.87
11290,4519,142,4,3.96
11291,4520,62,6,266.25
11292,4520,120,6,6.05
11293,4520,147,4,119.34
11294,4521,143,5,1468.89
11295,4521,135,1,249.87
11296,4521,85,1,155.49
11297,4522,34,2,966.54
11298,4522,135,1,249.87
11299,4522,24,1,115.15
11300,4523,132,5,15.26
11301,4523,57,2,33.31
11302,4524,40,2,1056.08
11303,4524,84,4,16.70
11304,4524,39,2,150.09
11305,4524,135,3,249.87
11306,4524,102,5,77.15
11307,4525,87,5,1798.50
11308,4526,16,4,9.26
11309,4526,63,5,5.18
11310,4526,65,3,1780.95
11311,4526,35,4,118.27
11312,4526,55,3,126.48
11313,4527,88,1,17.13
11314,4527,65,4,1780.95
11315,4528,17,2,1848.55
11316,4529,143,6,1468.89
11317,4530,71,3,5.88
11318,4530,106,6,535.13
11319,4531,61,2,912.74
11320,4532,129,1,20.39
11321,4532,89,3,571.54
11322,4532,108,4,9.08
11323,4533,67,2,63.32
11324,4533,9,5,4.73
11325,4534,135,3,249.87
11326,4535,68,4,124.95
11327,4535,76,6,2140.68
11328,4535,23,1,818.78
11329,4536,39,5,172.57
11330,4536,61,4,912.74
11331,4537,64,4,14.36
11332,4537,131,2,158.12
11333,4538,133,3,50.94
11334,4538,76,5,2140.68
11335,4538,135,3,249.87
11336,4538,49,1,1531.70
11337,4539,16,2,12.44
11338,4539,114,3,28.13
11339,4539,61,3,912.74
11340,4540,101,3,745.86
11341,4540,94,6,91.55
11342,4540,109,2,6.27
11343,4541,34,3,966.54
11344,4541,57,3,33.31
11345,4541,16,1,9.26
11346,4541,146,1,435.02
11347,4542,62,5,266.25
11348,4542,131,1,158.12
11349,4543,140,4,22.17
11350,4543,47,5,20.98
11351,4543,56,5,13.38
11352,4544,61,2,912.74
11353,4544,143,3,1468.89
11354,4545,61,4,912.74
11355,4545,104,3,16.45
11356,4546,135,4,249.87
11357,4546,94,6,91.55
11358,4546,41,2,55.55
11359,4546,88,1,17.13
11360,4547,87,3,1798.50
11361,4547,135,1,249.87
11362,4548,5,6,636.38
11363,4548,2,2,2490.71
11364,4548,25,4,311.82
11365,4549,135,3,249.87
11366,4549,146,1,435.02
11367,4549,39,6,172.57
11368,4549,16,5,12.44
11369,4550,52,6,4.14
11370,4551,16,4,9.26
11371,4551,61,4,912.74
11372,4551,65,2,1780.95
11373,4552,55,4,126.48
11374,4552,88,4,17.13
11375,4553,58,4,2228.53
11376,4553,101,1,745.86
11377,4553,56,4,13.38
11378,4554,89,6,571.54
11379,4555,31,4,5.71
11380,4555,76,5,2140.68
11381,4555,75,6,7.34
11382,4556,117,3,1388.10
11383,4557,56,3,13.38
11384,4557,135,4,249.87
11385,4557,58,6,2228.53
11386,4558,43,1,72.97
11387,4558,88,3,17.13
11388,4558,23,4,818.78
11389,4559,47,2,20.98
11390,4559,11,4,10.30
11391,4560,63,5,5.18
11392,4560,47,6,20.98
11393,4560,96,6,2217.69
11394,4560,84,2,16.70
11395,4561,55,2,126.48
11396,4561,129,2,20.39
11397,4562,100,2,1939.75
11398,4562,51,1,479.39
11399,4563,63,3,5.18
11400,4563,48,1,211.75
11401,4563,101,5,745.86
11402,4564,55,2,126.48
11403,4564,47,2,20.98
11404,4565,146,1,435.02
11405,4566,51,2,479.39
11406,4566,143,6,1468.89
11407,4566,65,5,1780.95
11408,4566,89,3,571.54
11409,4567,93,3,105.42
11410,4568,49,3,1531.70
11411,4568,131,1,158.12
11412,4568,140,2,19.65
11413,4569,89,5,571.54
11414,4569,16,5,9.26
11415,4570,88,5,17.13
11416,4570,148,5,22.72
11417,4570,77,3,9.06
11418,4571,65,2,1780.95
11419,4571,9,4,4.73
11420,4571,41,4,55.55
11421,4571,142,3,3.96
11422,4571,82,4,7.79
11423,4572,58,6,2228.53
11424,4572,88,1,17.13
11425,4572,56,1,13.38
11426,4573,86,5,168.75
11427,4573,21,2,363.62
11428,4573,135,2,249.87
11429,4574,135,3,249.87
11430,4574,55,1,126.48
11431,4575,43,4,72.97
11432,4575,85,3,155.49
11433,4575,86,1,225.04
11434,4575,61,2,1113.25
11435,4575,58,6,2228.53
11436,4576,39,3,172.57
11437,4576,93,5,105.42
11438,4577,40,1,1056.08
11439,4577,58,2,2228.53
11440,4577,112,4,81.11
11441,4578,143,1,1468.89
11442,4578,122,3,42.40
11443,4579,23,2,818.78
11444,4579,88,1,17.13
11445,4579,119,5,155.09
11446,4579,135,5,249.87
11447,4580,58,4,2228.53
11448,4581,89,6,571.54
11449,4581,115,4,1593.08
11450,4581,135,2,249.87
11451,4582,62,5,340.07
11452,4582,85,4,155.49
11453,4583,45,5,45.77
11454,4583,135,4,249.87
11455,4583,86,2,168.75
11456,4584,51,3,479.39
11457,4585,88,4,17.13
11458,4586,76,6,2140.68
11459,4586,131,5,158.12
11460,4586,67,5,63.32
11461,4587,148,3,22.72
11462,4588,2,2,2490.71
11463,4588,129,4,20.39
11464,4588,33,6,7.61
11465,4589,106,1,535.13
11466,4589,46,6,39.63
11467,4589,65,2,1780.95
11468,4590,17,3,2350.00
11469,4590,57,4,33.31
11470,4591,16,6,9.26
11471,4591,71,3,5.88
11472,4592,140,5,19.65
11473,4592,26,6,186.56
11474,4592,16,5,9.26
11475,4593,76,2,2140.68
11476,4593,56,1,13.38
11477,4593,131,4,158.12
11478,4594,38,2,2072.70
11479,4594,87,2,1798.50
11480,4595,9,5,4.73
11481,4595,85,6,155.49
11482,4595,65,6,1780.95
11483,4596,103,3,226.25
11484,4596,23,1,818.78
11485,4596,112,3,81.11
11486,4597,61,6,1113.25
11487,4597,23,5,818.78
11488,4597,62,3,266.25
11489,4597,15,6,15.30
11490,4598,27,1,85.73
11491,4598,96,3,2217.69
11492,4598,16,5,9.26
11493,4599,40,5,1056.08
11494,4599,65,1,1780.95
11495,4599,44,5,277.88
11496,4599,112,1,81.11
11497,4599,96,2,2217.69
11498,4600,56,1,13.38
11499,4601,5,6,636.38
11500,4601,119,6,155.09
11501,4601,11,6,10.30
11502,4601,2,4,2490.71
11503,4601,26,5,186.56
11504,4602,16,4,9.26
11505,4603,62,6,266.25
11506,4603,135,5,249.87
11507,4604,143,4,1468.89
11508,4604,135,6,249.87
11509,4605,76,4,2140.68
11510,4605,61,1,912.74
11511,4606,34,2,966.54
11512,4606,19,4,10.84
11513,4607,35,3,118.27
11514,4607,100,4,1939.75
11515,4607,43,2,72.97
11516,4608,84,6,16.70
11517,4608,78,2,1304.18
11518,4608,88,6,17.13
11519,4609,121,4,1103.11
11520,4609,62,3,266.25
11521,4609,113,2,27.67
11522,4609,25,3,296.15
11523,4609,56,6,13.38
11524,4610,61,6,912.74
11525,4610,44,3,277.88
11526,4611,34,1,966.54
11527,4611,40,1,1056.08
11528,4611,101,6,745.86
11529,4612,46,3,39.63
11530,4612,86,6,168.75
11531,4612,149,5,103.46
11532,4613,102,5,77.15
11533,4613,62,5,266.25
11534,4613,149,2,103.46
11535,4613,100,4,1939.75
11536,4614,135,1,249.87
11537,4614,88,4,17.13
11538,4614,131,4,158.12
11539,4615,135,1,249.87
11540,4615,149,3,103.46
11541,4615,58,3,2228.53
11542,4616,63,2,5.18
11543,4617,64,5,14.36
11544,4618,11,4,10.30
11545,4618,52,4,4.14
11546,4618,102,5,58.92
11547,4619,58,3,2228.53
11548,4619,62,6,266.25
11549,4619,61,4,912.74
11550,4619,115,6,1593.08
11551,4619,96,4,2217.69
11552,4620,114,3,28.13
11553,4620,43,4,72.97
11554,4620,143,5,1468.89
11555,4620,19,2,10.84
11556,4620,85,6,155.49
11557,4621,76,1,2140.68
11558,4621,66,3,1668.91
11559,4621,25,4,311.82
11560,4622,53,4,1145.45
11561,4622,96,2,2217.69
11562,4623,85,4,155.49
11563,4623,149,5,103.46
11564,4624,16,6,9.26
11565,4625,122,3,42.40
11566,4625,147,5,119.34
11567,4626,87,1,1798.50
11568,4626,56,4,13.38
11569,4626,143,4,1468.89
11570,4626,80,1,46.29
11571,4627,55,6,126.48
11572,4628,82,6,7.79
11573,4628,131,1,158.12
11574,4628,67,6,63.32
11575,4629,77,1,9.06
11576,4630,45,1,41.58
11577,4630,135,1,249.87
11578,4630,19,5,10.84
11579,4631,70,3,5.35
11580,4631,63,4,5.18
11581,4632,86,4,168.75
11582,4632,115,5,1593.08
11583,4632,16,2,12.44
11584,4632,31,1,5.71
11585,4633,122,1,42.40
11586,4633,93,4,105.42
11587,4633,16,4,9.26
11588,4634,61,3,1113.25
11589,4634,21,5,363.62
11590,4634,11,6,10.30
11591,4634,39,5,150.09
11592,4635,23,2,818.78
11593,4635,2,4,2490.71
11594,4636,57,6,33.31
11595,4636,63,2,5.18
11596,4637,40,6,1056.08
11597,4637,93,3,105.42
11598,4638,76,5,2140.68
11599,4639,62,3,266.25
11600,4639,75,2,7.34
11601,4639,56,3,13.38
11602,4640,55,6,126.48
11603,4640,20,3,153.36
11604,4640,123,6,144.33
11605,4640,122,4,42.40
11606,4641,129,4,20.39
11607,4641,46,3,39.63
11608,4641,135,5,249.87
11609,4641,143,4,1468.89
11610,4642,132,6,15.26
11611,4643,114,4,28.13
11612,4644,63,1,5.18
11613,4644,88,1,17.13
11614,4644,39,3,150.09
11615,4644,40,2,1056.08
11616,4645,57,3,33.31
11617,4645,143,2,1468.89
11618,4645,85,4,155.49
11619,4646,132,5,15.26
11620,4647,101,1,745.86
11621,4648,121,1,1103.11
11622,4648,6,1,31.70
11623,4648,9,3,4.73
11624,4649,13,4,20.98
11625,4649,131,4,158.12
11626,4650,35,3,118.27
11627,4650,66,4,1668.91
11628,4651,6,2,31.70
11629,4651,142,2,5.01
11630,4651,55,6,126.48
11631,4652,89,6,571.54
11632,4652,97,2,63.61
11633,4652,76,1,2140.68
11634,4652,96,2,2217.69
11635,4653,78,1,1304.18
11636,4654,115,5,1593.08
11637,4654,16,4,12.44
11638,4654,124,1,10.01
11639,4654,59,1,43.30
11640,4654,137,3,439.07
11641,4655,8,2,6.07
11642,4655,78,1,1304.18
11643,4655,96,3,2217.69
11644,4655,60,5,666.94
11645,4655,121,5,1103.11
11646,4656,55,3,126.48
11647,4656,15,4,15.30
11648,4656,131,6,158.12
11649,4657,62,3,266.25
11650,4657,121,1,1103.11
11651,4657,39,1,150.09
11652,4657,8,2,6.07
11653,4658,31,5,5.71
11654,4659,76,3,2140.68
11655,4659,88,4,17.13
11656,4660,4,3,48.17
11657,4660,142,4,3.96
11658,4660,146,6,435.02
11659,4660,96,5,2217.69
11660,4660,16,1,9.26
11661,4661,82,4,7.79
11662,4661,96,2,2217.69
11663,4662,34,2,966.54
11664,4663,18,5,1118.64
11665,4664,131,2,158.12
11666,4665,121,1,1103.11
11667,4665,80,6,46.29
11668,4666,75,4,7.34
11669,4666,44,3,277.88
11670,4666,13,5,20.98
11671,4667,81,6,70.67
11672,4667,6,5,31.70
11673,4667,61,4,912.74
11674,4668,124,1,10.01
11675,4668,64,1,14.36
11676,4669,85,3,155.49
11677,4669,88,5,17.13
11678,4670,74,3,13.54
11679,4670,7,3,94.53
11680,4670,96,1,2217.69
11681,4670,132,5,15.26
11682,4670,65,6,1780.95
11683,4671,74,2,13.54
11684,4671,4,4,48.17
11685,4671,124,1,10.01
11686,4671,46,6,39.63
11687,4672,121,4,1103.11
11688,4673,62,1,266.25
11689,4673,76,2,2140.68
11690,4673,96,2,2217.69
11691,4673,77,4,9.06
11692,4674,135,3,249.87
11693,4674,76,3,2140.68
11694,4674,131,2,158.12
11695,4674,146,5,435.02
11696,4675,137,3,439.07
11697,4675,131,4,158.12
11698,4675,146,6,435.02
11699,4676,149,6,103.46
11700,4676,132,5,15.26
11701,4677,16,2,9.26
11702,4677,115,4,1593.08
11703,4678,34,6,966.54
11704,4678,8,4,6.07
11705,4678,143,3,1468.89
11706,4678,124,2,10.01
11707,4678,107,2,76.72
11708,4679,68,1,124.95
11709,4679,140,6,19.65
11710,4679,88,3,17.13
11711,4680,24,3,115.15
11712,4680,146,1,435.02
11713,4681,53,4,1145.45
11714,4682,23,1,818.78
11715,4682,16,4,9.26
11716,4682,11,2,10.30
11717,4682,65,1,1780.95
11718,4683,16,2,9.26
11719,4683,2,1,2490.71
11720,4683,21,1,363.62
11721,4684,142,1,5.01
11722,4684,147,3,119.34
11723,4685,96,3,2217.69
11724,4685,84,5,16.70
11725,4685,76,2,2140.68
11726,4685,106,2,535.13
11727,4686,5,2,636.38
11728,4686,135,4,249.87
11729,4687,115,2,1593.08
11730,4687,76,3,2140.68
11731,4687,65,3,1780.95
11732,4688,62,6,340.07
11733,4688,37,1,717.92
11734,4689,119,2,155.09
11735,4689,89,2,571.54
11736,4690,55,2,126.48
11737,4690,135,5,249.87
11738,4690,16,4,9.26
11739,4690,82,3,7.79
11740,4691,62,1,266.25
11741,4691,119,6,155.09
11742,4692,74,5,13.54
11743,4692,110,2,493.57
11744,4692,86,2,168.75
11745,4692,61,6,1113.25
11746,4693,62,1,266.25
11747,4693,94,2,91.55
11748,4693,68,6,124.95
11749,4693,19,5,10.84
11750,4694,88,1,17.13
11751,4694,109,3,6.27
11752,4695,102,6,77.15
11753,4695,49,6,1531.70
11754,4696,110,5,493.57
11755,4696,131,1,158.12
11756,4696,16,4,9.26
11757,4696,24,4,115.15
11758,4696,75,1,7.34
11759,4697,104,3,16.45
11760,4697,58,5,2228.53
11761,4697,74,4,13.54
11762,4698,132,4,15.26
11763,4698,16,4,9.26
11764,4698,61,4,912.74
11765,4699,16,1,9.26
11766,4699,19,4,10.84
11767,4699,76,6,2140.68
11768,4699,147,4,119.34
11769,4700,100,6,1939.75
11770,4700,63,3,5.18
11771,4701,63,1,5.18
11772,4701,143,2,1468.89
11773,4701,75,3,7.34
11774,4701,88,1,17.13
11775,4702,63,6,5.18
11776,4702,102,3,58.92
11777,4702,94,6,91.55
11778,4702,7,5,94.53
11779,4702,65,3,1780.95
11780,4703,59,1,43.30
11781,4704,76,4,2140.68
11782,4704,65,3,1780.95
11783,4704,62,2,266.25
11784,4705,146,5,435.02
11785,4705,76,3,2140.68
11786,4705,44,4,277.88
11787,4706,11,4,10.30
11788,4706,47,3,20.98
11789,4707,149,5,103.46
11790,4707,131,5,158.12
11791,4707,84,1,18.32
11792,4708,38,2,2072.70
11793,4708,57,3,44.57
11794,4708,26,5,256.46
11795,4709,12,4,664.61
11796,4709,43,6,72.97
11797,4709,16,3,9.26
11798,4710,109,5,6.27
11799,4710,34,1,966.54
11800,4710,61,4,1113.25
11801,4711,74,6,13.54
11802,4711,93,4,105.42
11803,4711,76,5,2140.68
11804,4712,96,2,2217.69
11805,4712,58,3,2228.53
11806,4712,55,4,126.48
11807,4712,105,2,26.10
11808,4713,149,1,103.46
11809,4714,37,2,506.38
11810,4714,16,3,9.26
11811,4715,7,5,94.53
11812,4715,74,2,13.54
11813,4716,55,6,126.48
11814,4717,39,6,150.09
11815,4718,63,4,5.18
11816,4718,96,1,2217.69
11817,4718,115,5,1593.08
11818,4718,35,3,118.27
11819,4719,93,1,105.42
11820,4720,135,5,249.87
11821,4720,40,2,1056.08
11822,4720,84,6,18.32
11823,4721,132,2,15.26
11824,4721,61,3,912.74
11825,4721,74,3,13.54
11826,4721,124,4,10.01
11827,4722,74,2,13.54
11828,4722,140,3,19.65
11829,4723,84,3,16.70
11830,4723,6,2,31.70
11831,4724,97,6,85.44
11832,4724,34,5,966.54
11833,4724,22,2,21.36
11834,4725,104,4,23.13
11835,4725,23,6,818.78
11836,4725,87,1,1798.50
11837,4725,76,2,2140.68
11838,4725,52,3,4.14
11839,4726,19,1,13.79
11840,4727,109,1,6.27
11841,4727,60,4,666.94
11842,4727,96,6,2217.69
11843,4728,58,1,2228.53
11844,4729,76,6,2140.68
11845,4730,34,4,966.54
11846,4731,62,6,266.25
11847,4731,76,3,2140.68
11848,4731,110,1,493.57
11849,4731,89,1,571.54
11850,4732,143,1,1468.89
11851,4732,16,3,9.26
11852,4732,85,3,155.49
11853,4732,33,3,7.01
11854,4732,121,5,1103.11
11855,4733,105,6,26.10
11856,4733,96,1,2217.69
11857,4734,23,1,818.78
11858,4735,55,6,126.48
11859,4736,101,2,745.86
11860,4736,123,1,144.33
11861,4737,16,2,12.44
11862,4737,133,2,50.94
11863,4738,93,2,105.42
11864,4738,131,2,158.12
11865,4739,16,5,9.26
11866,4739,81,5,70.67
11867,4740,55,2,126.48
11868,4740,135,6,249.87
11869,4740,9,4,4.73
11870,4741,93,6,105.42
11871,4741,65,6,1780.95
11872,4741,89,2,571.54
11873,4741,145,2,533.13
11874,4742,117,6,1388.10
11875,4742,76,2,2140.68
11876,4742,16,5,9.26
11877,4742,5,2,636.38
11878,4742,150,6,634.04
11879,4743,143,4,1468.89
11880,4743,44,4,277.88
11881,4743,119,5,155.09
11882,4744,13,5,20.98
11883,4744,61,3,912.74
11884,4745,129,2,20.39
11885,4745,106,2,535.13
11886,4745,110,3,493.57
11887,4745,70,2,5.35
11888,4745,31,3,5.71
11889,4746,74,4,13.54
11890,4746,9,5,4.73
11891,4747,121,3,1103.11
11892,4748,20,6,153.36
11893,4748,35,6,118.27
11894,4748,110,5,493.57
11895,4748,62,2,266.25
11896,4749,40,1,1056.08
11897,4749,96,4,2217.69
11898,4750,23,1,818.78
11899,4750,55,5,126.48
11900,4751,49,4,1531.70
11901,4751,96,3,2217.69
11902,4751,19,5,10.84
11903,4752,35,4,118.27
11904,4752,131,3,158.12
11905,4752,44,3,277.88
11906,4753,61,6,912.74
11907,4753,131,2,158.12
11908,4753,108,3,9.08
11909,4754,16,3,9.26
11910,4755,108,3,9.08
11911,4756,88,2,17.13
11912,4756,115,4,1593.08
11913,4756,130,3,45.69
11914,4757,15,3,15.30
11915,4757,112,2,81.11
11916,4758,55,4,126.48
11917,4758,62,2,266.25
11918,4759,136,6,56.69
11919,4759,135,5,249.87
11920,4759,129,1,20.39
11921,4759,147,4,119.34
11922,4760,53,6,1145.45
11923,4760,16,5,9.26
11924,4760,85,3,155.49
11925,4761,61,4,1113.25
11926,4761,74,4,13.54
11927,4762,96,1,2217.69
11928,4762,70,1,5.35
11929,4762,146,1,435.02
11930,4762,68,1,124.95
11931,4763,74,4,13.54
11932,4763,143,5,1468.89
11933,4763,62,6,266.25
11934,4763,146,1,435.02
11935,4764,89,3,571.54
11936,4765,62,1,266.25
11937,4765,85,2,155.49
11938,4765,115,2,1593.08
11939,4766,40,1,1056.08
11940,4766,143,5,1468.89
11941,4767,96,1,2217.69
11942,4767,58,1,2228.53
11943,4768,84,2,18.32
11944,4769,146,2,435.02
11945,4770,40,2,1056.08
11946,4770,1,2,100.49
11947,4770,102,3,77.15
11948,4770,135,3,249.87
11949,4771,143,3,1468.89
11950,4771,141,1,39.30
11951,4772,129,2,20.39
11952,4772,56,4,13.38
11953,4772,124,1,10.01
11954,4773,81,4,70.67
11955,4773,16,6,9.26
11956,4773,57,6,44.57
11957,4773,39,6,172.57
11958,4773,146,2,435.02
11959,4774,147,1,119.34
11960,4774,35,6,118.27
11961,4774,84,6,16.70
11962,4775,34,3,966.54
11963,4775,19,5,10.84
11964,4775,141,5,39.30
11965,4776,57,2,33.31
11966,4776,96,6,2217.69
11967,4776,24,3,115.15
11968,4777,23,2,818.78
11969,4777,37,2,506.38
11970,4777,148,1,22.72
11971,4778,71,3,5.88
11972,4778,128,5,1989.48
11973,4778,23,5,818.78
11974,4779,76,5,2140.68
11975,4779,94,3,91.55
11976,4780,55,5,126.48
11977,4780,16,6,9.26
11978,4780,21,6,363.62
11979,4781,67,6,63.32
11980,4781,62,6,266.25
11981,4781,143,3,1468.89
11982,4781,55,1,126.48
11983,4781,149,2,103.46
11984,4782,1,6,100.49
11985,4783,31,1,5.71
11986,4783,101,1,745.86
11987,4784,143,4,1468.89
11988,4784,121,3,1103.11
11989,4785,24,1,115.15
11990,4785,143,3,1468.89
11991,4785,60,3,666.94
11992,4785,57,6,33.31
11993,4786,9,4,4.73
11994,4787,40,3,1056.08
11995,4787,76,4,2140.68
11996,4787,139,6,672.59
11997,4787,67,1,63.32
11998,4787,101,3,745.86
11999,4788,88,4,17.13
12000,4789,126,4,537.80
12001,4790,94,2,91.55
12002,4791,96,5,2217.69
12003,4792,94,6,91.55
12004,4792,74,6,13.54
12005,4792,56,5,13.38
12006,4793,33,4,7.01
12007,4793,130,1,45.69
12008,4793,147,4,119.34
12009,4794,104,6,16.45
12010,4794,79,5,89.60
12011,4794,121,2,1103.11
12012,4795,57,1,33.31
12013,4796,16,2,9.26
12014,4796,143,3,1468.89
12015,4797,3,6,433.53
12016,4797,147,4,119.34
12017,4798,112,4,81.11
12018,4798,23,5,818.78
12019,4799,76,1,2140.68
12020,4799,5,3,636.38
12021,4799,57,2,44.57
12022,4799,13,3,20.98
12023,4800,59,3,43.30
12024,4801,26,2,186.56
12025,4801,35,3,118.27
12026,4802,34,4,966.54
12027,4802,27,5,85.73
12028,4803,118,2,6.74
12029,4803,16,2,9.26
12030,4803,96,2,2217.69
12031,4804,110,3,493.57
12032,4805,35,5,118.27
12033,4805,64,3,14.36
12034,4805,38,1,2072.70
12035,4806,140,1,19.65
12036,4806,80,1,46.29
12037,4806,74,3,13.54
12038,4806,88,6,17.13
12039,4807,96,3,2217.69
12040,4807,102,6,77.15
12041,4808,110,5,493.57
12042,4808,70,4,5.35
12043,4809,16,1,9.26
12044,4809,74,4,13.54
12045,4810,57,5,44.57
12046,4811,16,6,9.26
12047,4812,40,6,1056.08
12048,4812,89,2,571.54
12049,4812,109,6,6.27
12050,4813,96,3,2217.69
12051,4813,131,5,158.12
12052,4813,39,6,150.09
12053,4813,58,4,2228.53
12054,4814,146,3,435.02
12055,4814,68,3,124.95
12056,4814,89,1,571.54
12057,4815,96,5,2217.69
12058,4816,94,4,91.55
12059,4817,12,2,664.61
12060,4817,59,4,43.30
12061,4817,39,5,172.57
12062,4817,37,2,506.38
12063,4817,88,2,17.13
12064,4818,16,2,12.44
12065,4818,84,6,18.32
12066,4819,135,3,249.87
12067,4819,12,1,664.61
12068,4820,75,6,7.34
12069,4820,115,3,1593.08
12070,4820,57,3,33.31
12071,4821,143,5,1468.89
12072,4821,119,4,155.09
12073,4821,76,1,2140.68
12074,4821,57,2,33.31
12075,4822,112,2,81.11
12076,4822,56,4,13.38
12077,4823,23,3,818.78
12078,4823,40,3,1056.08
12079,4823,94,5,91.55
12080,4823,102,1,58.92
12081,4823,7,5,94.53
12082,4824,135,5,249.87
12083,4824,51,1,479.39
12084,4824,88,2,17.13
12085,4825,88,6,17.13
12086,4825,34,6,966.54
12087,4826,115,5,1593.08
12088,4826,65,5,1780.95
12089,4827,85,6,155.49
12090,4827,6,1,31.70
12091,4827,124,5,10.01
12092,4827,89,4,571.54
12093,4828,3,4,433.53
12094,4829,39,5,150.09
12095,4829,132,5,15.26
12096,4829,109,6,6.27
12097,4829,143,2,1468.89
12098,4830,149,4,103.46
12099,4830,47,1,20.98
12100,4830,135,5,249.87
12101,4831,61,4,1113.25
12102,4831,119,2,155.09
12103,4831,23,3,818.78
12104,4832,56,6,13.38
12105,4832,39,4,150.09
12106,4832,76,2,2140.68
12107,4833,65,2,1780.95
12108,4834,9,6,4.73
12109,4835,47,3,20.98
12110,4836,16,2,9.26
12111,4837,35,2,118.27
12112,4837,83,1,110.68
12113,4838,32,4,15.01
12114,4839,21,1,387.81
12115,4840,134,1,11.43
12116,4840,59,4,43.30
12117,4841,59,3,43.30
12118,4841,149,2,103.46
12119,4841,1,6,100.49
12120,4842,119,6,155.09
12121,4842,110,1,493.57
12122,4843,135,3,249.87
12123,4843,143,3,1468.89
12124,4843,24,4,115.15
12125,4843,61,5,912.74
12126,4844,19,4,10.84
12127,4844,46,6,39.63
12128,4844,139,3,672.59
12129,4845,76,1,2140.68
12130,4845,57,3,33.31
12131,4846,11,6,10.30
12132,4846,149,3,103.46
12133,4847,96,1,2217.69
12134,4847,85,1,155.49
12135,4847,95,3,143.83
12136,4848,13,6,20.98
12137,4849,4,4,48.17
12138,4849,93,2,105.42
12139,4849,135,3,249.87
12140,4850,60,2,666.94
12141,4850,88,1,17.13
12142,4850,45,4,41.58
12143,4851,93,2,105.42
12144,4851,108,4,9.08
12145,4852,63,5,5.18
12146,4852,102,2,58.92
12147,4852,11,3,10.30
12148,4853,35,3,118.27
12149,4853,34,4,966.54
12150,4853,88,2,17.13
12151,4853,121,2,1103.11
12152,4854,96,6,2217.69
12153,4854,89,3,571.54
12154,4854,110,3,493.57
12155,4855,44,4,277.88
12156,4856,39,4,150.09
12157,4856,61,1,912.74
12158,4856,131,3,158.12
12159,4857,102,5,58.92
12160,4858,96,2,2217.69
12161,4859,89,3,571.54
12162,4860,135,3,249.87
12163,4861,88,1,17.13
12164,4862,124,2,14.05
12165,4862,88,3,17.13
12166,4862,9,6,4.73
12167,4863,40,4,1056.08
12168,4863,42,5,1621.81
12169,4864,35,4,118.27
12170,4865,103,6,226.25
12171,4865,131,4,158.12
12172,4865,143,5,1468.89
12173,4865,60,2,666.94
12174,4866,143,3,1468.89
12175,4866,146,4,435.02
12176,4866,144,4,12.70
12177,4867,135,3,249.87
12178,4868,131,3,158.12
12179,4868,61,6,1113.25
12180,4869,16,4,9.26
12181,4869,68,2,124.95
12182,4870,44,5,277.88
12183,4870,21,2,363.62
12184,4870,65,2,1780.95
12185,4871,32,4,15.01
12186,4871,147,1,119.34
12187,4871,16,3,9.26
12188,4871,143,6,1468.89
12189,4872,146,6,435.02
12190,4872,65,3,1780.95
12191,4872,102,4,58.92
12192,4873,55,3,126.48
12193,4873,53,6,1145.45
12194,4874,41,4,55.55
12195,4875,37,5,717.92
12196,4875,131,1,158.12
12197,4876,76,5,2140.68
12198,4877,94,4,91.55
12199,4878,11,6,10.30
12200,4878,88,5,17.13
12201,4878,84,3,16.70
12202,4879,42,5,1621.81
12203,4879,146,3,435.02
12204,4879,11,4,10.30
12205,4879,65,2,1780.95
12206,4880,52,4,4.14
12207,4881,121,1,1103.11
12208,4882,32,4,15.01
12209,4882,6,4,31.70
12210,4883,143,6,1468.89
12211,4883,85,6,155.49
12212,4883,61,5,912.74
12213,4884,93,1,105.42
12214,4884,115,4,1593.08
12215,4884,39,5,150.09
12216,4884,11,6,10.30
12217,4885,93,4,105.42
12218,4885,56,4,13.38
12219,4886,37,3,506.38
12220,4886,124,5,10.01
12221,4886,136,6,56.69
12222,4887,77,5,9.06
12223,4888,39,5,150.09
12224,4888,74,3,13.54
12225,4889,13,5,20.98
12226,4889,56,4,13.38
12227,4889,76,3,2140.68
12228,4889,74,1,13.54
12229,4890,61,2,912.74
12230,4890,119,5,155.09
12231,4891,135,3,249.87
12232,4891,134,3,13.49
12233,4891,85,2,155.49
12234,4892,65,2,1780.95
12235,4892,64,5,14.36
12236,4892,69,4,376.17
12237,4892,112,5,81.11
12238,4893,88,1,17.13
12239,4893,134,4,13.49
12240,4894,135,6,249.87
12241,4894,90,4,31.54
12242,4894,98,4,62.98
12243,4895,74,6,13.54
12244,4895,94,3,91.55
12245,4896,61,6,912.74
12246,4896,121,5,1103.11
12247,4897,45,4,41.58
12248,4898,102,4,77.15
12249,4899,100,5,1939.75
12250,4899,70,1,5.35
12251,4900,64,2,14.36
12252,4900,66,2,2120.38
12253,4901,55,5,126.48
12254,4901,85,4,155.49
12255,4901,76,6,2140.68
12256,4902,114,1,28.13
12257,4902,74,1,13.54
12258,4902,124,5,14.05
12259,4903,21,4,363.62
12260,4903,134,4,11.43
12261,4904,96,6,2217.69
12262,4904,26,5,186.56
12263,4904,48,6,211.75
12264,4904,82,5,7.79
12265,4905,117,4,1388.10
12266,4905,121,1,1103.11
12267,4905,55,1,126.48
12268,4905,65,3,1780.95
12269,4906,4,6,48.17
12270,4906,3,4,433.53
12271,4906,65,4,1780.95
12272,4906,21,3,363.62
12273,4907,16,5,9.26
12274,4908,132,1,15.26
12275,4909,84,5,16.70
12276,4909,9,5,5.62
12277,4909,88,6,17.13
12278,4910,126,2,537.80
12279,4911,91,4,17.43
12280,4912,146,6,435.02
12281,4912,54,1,11.25
12282,4912,74,4,13.54
12283,4912,3,6,433.53
12284,4913,90,5,31.54
12285,4913,55,4,126.48
12286,4913,135,2,249.87
12287,4913,132,4,15.26
12288,4913,16,4,9.26
12289,4914,64,5,14.36
12290,4915,37,6,717.92
12291,4916,76,1,2140.68
12292,4916,57,3,44.57
12293,4916,55,4,126.48
12294,4917,143,6,1468.89
12295,4917,117,4,1388.10
12296,4918,79,6,89.60
12297,4918,37,2,506.38
12298,4918,81,3,70.67
12299,4918,16,6,9.26
12300,4919,26,5,186.56
12301,4919,146,3,435.02
12302,4919,143,5,1468.89
12303,4920,96,3,2217.69
12304,4920,26,6,186.56
12305,4921,1,1,100.49
12306,4922,37,1,506.38
12307,4922,16,2,9.26
12308,4923,110,3,493.57
12309,4923,115,3,1593.08
12310,4923,144,1,17.32
12311,4923,146,1,435.02
12312,4924,112,5,81.11
12313,4924,147,5,119.34
12314,4924,35,6,118.27
12315,4925,115,5,1593.08
12316,4925,62,4,266.25
12317,4925,96,4,2217.69
12318,4925,57,2,33.31
12319,4926,143,3,1468.89
12320,4926,96,3,2217.69
12321,4926,16,3,12.44
12322,4927,149,3,103.46
12323,4928,114,6,28.13
12324,4928,56,4,13.38
12325,4928,140,2,19.65
12326,4928,34,6,966.54
12327,4929,76,6,2140.68
12328,4929,150,2,634.04
12329,4929,135,4,249.87
12330,4930,32,1,15.01
12331,4930,116,4,1063.09
12332,4931,7,1,94.53
12333,4931,18,2,1118.64
12334,4931,61,6,912.74
12335,4932,65,3,1780.95
12336,4932,78,6,1304.18
12337,4932,5,1,636.38
12338,4933,81,3,70.67
12339,4933,135,4,249.87
12340,4934,115,6,1593.08
12341,4935,39,1,150.09
12342,4935,96,2,2217.69
12343,4935,37,3,506.38
12344,4935,94,2,91.55
12345,4936,64,4,14.36
12346,4937,133,1,50.94
12347,4937,142,2,3.96
12348,4937,2,3,2490.71
12349,4937,89,2,571.54
12350,4938,74,6,13.54
12351,4938,44,5,277.88
12352,4939,16,1,9.26
12353,4939,56,5,13.38
12354,4939,6,4,31.70
12355,4939,104,6,16.45
12356,4939,73,1,70.19
12357,4940,61,4,1113.25
12358,4940,87,6,1798.50
12359,4941,74,4,13.54
12360,4941,93,6,105.42
12361,4941,131,1,158.12
12362,4942,76,4,2140.68
12363,4943,83,1,110.68
12364,4944,120,1,6.05
12365,4945,82,4,11.03
12366,4946,143,3,1468.89
12367,4946,135,1,249.87
12368,4947,135,6,249.87
12369,4948,16,3,9.26
12370,4948,74,4,13.54
12371,4949,47,5,20.98
12372,4949,135,1,249.87
12373,4949,85,4,155.49
12374,4949,142,2,3.96
12375,4950,52,2,4.14
12376,4950,16,5,12.44
12377,4951,16,2,9.26
12378,4951,135,4,249.87
12379,4952,96,2,2217.69
12380,4952,16,6,9.26
12381,4952,128,6,1989.48
12382,4953,147,1,119.34
12383,4953,119,2,155.09
12384,4953,131,2,158.12
12385,4953,9,2,4.73
12386,4953,84,4,16.70
12387,4954,137,5,439.07
12388,4955,143,4,1468.89
12389,4956,44,2,277.88
12390,4956,20,5,153.36
12391,4956,24,5,115.15
12392,4956,74,6,13.54
12393,4957,20,4,153.36
12394,4957,115,2,1593.08
12395,4958,61,3,1113.25
12396,4959,16,5,9.26
12397,4960,62,1,266.25
12398,4961,143,3,1468.89
12399,4961,10,2,266.50
12400,4961,123,1,144.33
12401,4961,146,3,435.02
12402,4962,144,3,12.70
12403,4963,6,4,31.70
12404,4964,53,2,1145.45
12405,4964,120,2,8.05
12406,4964,16,3,9.26
12407,4965,4,1,48.17
12408,4965,18,6,1118.64
12409,4965,131,1,158.12
12410,4965,132,3,15.26
12411,4966,6,1,31.70
12412,4966,16,1,12.44
12413,4966,48,4,211.75
12414,4967,85,2,155.49
12415,4968,123,1,144.33
12416,4968,135,6,249.87
12417,4968,19,6,13.79
12418,4969,96,2,2217.69
12419,4969,78,1,1304.18
12420,4969,101,4,745.86
12421,4969,124,4,10.01
12422,4970,115,1,1593.08
12423,4971,110,3,493.57
12424,4971,35,5,118.27
12425,4972,37,5,717.92
12426,4972,32,6,15.01
12427,4972,133,1,50.94
12428,4973,51,2,479.39
12429,4973,37,1,506.38
12430,4974,9,2,5.62
12431,4974,131,3,158.12
12432,4974,76,3,2140.68
12433,4975,35,6,118.27
12434,4975,61,1,1113.25
12435,4976,65,3,1780.95
12436,4976,101,3,745.86
12437,4977,89,1,571.54
12438,4977,28,2,173.70
12439,4977,96,6,2217.69
12440,4977,119,2,155.09
12441,4978,12,3,664.61
12442,4978,119,5,155.09
12443,4979,4,5,48.17
12444,4979,116,4,1063.09
12445,4980,16,4,9.26
12446,4980,129,6,20.39
12447,4980,57,3,33.31
12448,4980,146,6,435.02
12449,4980,88,1,17.13
12450,4981,143,1,1468.89
12451,4981,149,5,103.46
12452,4982,23,6,818.78
12453,4983,81,3,70.67
12454,4983,137,6,439.07
12455,4984,2,3,2490.71
12456,4984,67,5,63.32
12457,4984,101,3,745.86
12458,4985,26,4,256.46
12459,4985,108,5,9.08
12460,4986,74,1,13.54
12461,4986,143,4,1468.89
12462,4986,61,6,912.74
12463,4987,78,1,1304.18
12464,4987,16,1,9.26
12465,4987,61,6,912.74
12466,4987,47,2,20.98
12467,4987,2,6,2490.71
12468,4988,121,4,1103.11
12469,4988,17,1,1848.55
12470,4989,147,4,119.34
12471,4990,16,1,12.44
12472,4990,34,4,966.54
12473,4990,135,6,249.87
12474,4990,76,5,2140.68
12475,4990,62,5,266.25
12476,4991,20,6,153.36
12477,4992,89,5,571.54
12478,4992,149,1,103.46
12479,4992,65,4,1780.95
12480,4993,8,6,7.43
12481,4994,20,6,153.36
12482,4994,57,2,33.31
12483,4994,78,5,1304.18
12484,4995,118,1,6.74
12485,4995,72,2,125.19
12486,4995,4,4,48.17
12487,4995,71,1,5.88
12488,4995,146,3,435.02
12489,4996,131,3,158.12
12490,4996,47,6,20.98
12491,4996,63,2,5.18
12492,4996,88,1,17.13
12493,4997,89,6,571.54
12494,4998,76,2,2140.68
12495,4998,132,5,15.26
12496,4998,65,4,1780.95
12497,4998,75,3,7.34
12498,4999,116,4,1063.09
12499,4999,62,1,266.25
12500,5000,85,6,155.49
