payment_id,order_id,payment_method,payment_status,paid_amount,payment_date
1,1,cash_on_delivery,paid,2654.14,2024-03-01 16:15:20+00
2,2,cash_on_delivery,failed,0.00,
3,3,credit_card,paid,587.52,2024-03-04 04:15:40+00
4,4,credit_card,pending,0.00,
5,5,credit_card,paid,482.92,2024-03-05 10:50:38+00
6,6,debit_card,paid,2613.67,2024-03-01 19:31:16+00
7,7,credit_card,paid,2366.63,2024-03-03 20:02:00+00
8,8,cash_on_delivery,paid,105.56,2024-03-05 20:23:42+00
9,9,cash_on_delivery,paid,683.56,2024-03-04 21:42:10+00
10,10,digital_wallet,refunded,0.00,2024-03-04 08:59:48+00
11,11,cash_on_delivery,paid,2573.53,2024-03-06 20:29:30+00
12,12,credit_card,paid,3456.41,2024-03-04 08:46:04+00
13,13,cash_on_delivery,paid,75.92,2024-03-04 09:33:28+00
14,14,cash_on_delivery,paid,460.87,2024-03-06 21:09:08+00
15,15,cash_on_delivery,paid,599.07,2024-03-04 07:15:08+00
16,16,bank_transfer,failed,0.00,
17,17,cash_on_delivery,paid,1903.94,2024-03-06 04:49:18+00
18,18,cash_on_delivery,pending,0.00,
19,19,cash_on_delivery,paid,4653.93,2024-03-06 02:57:45+00
20,20,credit_card,pending,0.00,
21,21,credit_card,paid,203.29,2024-03-07 12:54:30+00
22,22,cash_on_delivery,refunded,0.00,2024-03-06 02:59:49+00
23,23,credit_card,paid,2028.44,2024-03-05 17:43:23+00
24,24,digital_wallet,paid,4474.13,2024-03-09 04:27:14+00
25,25,credit_card,failed,0.00,
26,26,credit_card,paid,48.51,2024-03-09 06:46:31+00
27,27,digital_wallet,paid,637.34,2024-03-10 00:12:09+00
28,28,cash_on_delivery,paid,2222.16,2024-03-07 09:14:05+00
29,29,cash_on_delivery,paid,4386.21,2024-03-09 05:01:54+00
30,30,cash_on_delivery,paid,464.91,2024-03-09 16:39:55+00
31,31,cash_on_delivery,paid,348.53,2024-03-06 21:34:13+00
32,32,cash_on_delivery,paid,1158.64,2024-03-07 20:27:05+00
33,33,credit_card,refunded,0.00,2024-03-10 05:10:25+00
34,34,cash_on_delivery,paid,3127.01,2024-03-10 12:07:04+00
35,35,cash_on_delivery,paid,138.32,2024-03-10 07:10:22+00
36,36,bank_transfer,paid,541.29,2024-03-11 12:40:13+00
37,37,cash_on_delivery,refunded,0.00,2024-03-10 18:37:47+00
38,38,cash_on_delivery,paid,1140.77,2024-03-11 00:19:52+00
39,39,cash_on_delivery,paid,1626.66,2024-03-10 10:50:51+00
40,40,bank_transfer,paid,749.96,2024-03-13 08:15:28+00
41,41,cash_on_delivery,paid,322.16,2024-03-12 23:58:00+00
42,42,debit_card,paid,105.56,2024-03-10 22:09:38+00
43,43,debit_card,pending,0.00,
44,44,credit_card,paid,12.08,2024-03-12 02:43:32+00
45,45,cash_on_delivery,paid,506.67,2024-03-09 04:57:07+00
46,46,cash_on_delivery,paid,579.75,2024-03-13 09:34:49+00
47,47,credit_card,paid,3822.17,2024-03-13 12:07:30+00
48,48,debit_card,paid,804.13,2024-03-11 17:41:01+00
49,49,cash_on_delivery,paid,167.18,2024-03-12 14:03:30+00
50,50,digital_wallet,paid,75.59,2024-03-10 21:20:03+00
51,51,debit_card,pending,0.00,
52,52,credit_card,refunded,0.00,2024-03-11 05:11:32+00
53,53,credit_card,paid,3206.99,2024-03-11 07:58:29+00
54,54,credit_card,paid,1733.73,2024-03-11 12:12:02+00
55,55,credit_card,paid,587.52,2024-03-10 19:32:09+00
56,56,cash_on_delivery,paid,4497.76,2024-03-15 01:36:30+00
57,57,credit_card,paid,443.92,2024-03-11 03:10:02+00
58,58,debit_card,paid,800.02,2024-03-12 17:11:53+00
59,59,cash_on_delivery,refunded,0.00,2024-03-15 12:16:06+00
60,60,debit_card,paid,1417.45,2024-03-12 19:09:12+00
61,61,credit_card,pending,0.00,
62,62,cash_on_delivery,paid,3453.81,2024-03-13 00:17:46+00
63,63,cash_on_delivery,paid,1915.31,2024-03-12 10:32:25+00
64,64,cash_on_delivery,paid,634.41,2024-03-14 21:31:54+00
65,65,digital_wallet,refunded,0.00,2024-03-15 05:09:59+00
66,66,cash_on_delivery,paid,6462.11,2024-03-11 07:36:47+00
67,67,credit_card,paid,3367.63,2024-03-14 05:11:12+00
68,68,credit_card,pending,0.00,
69,69,cash_on_delivery,failed,0.00,
70,70,cash_on_delivery,paid,4096.88,2024-03-13 02:10:57+00
71,71,debit_card,paid,3188.70,2024-03-13 06:26:04+00
72,72,debit_card,pending,0.00,
73,73,debit_card,failed,0.00,
74,74,cash_on_delivery,failed,0.00,
75,75,bank_transfer,paid,5897.52,2024-03-14 03:39:58+00
76,76,cash_on_delivery,paid,753.55,2024-03-14 16:09:27+00
77,77,cash_on_delivery,paid,10537.07,2024-03-14 10:16:25+00
78,78,cash_on_delivery,paid,2458.87,2024-03-14 15:00:26+00
79,79,cash_on_delivery,paid,921.59,2024-03-17 23:58:31+00
80,80,digital_wallet,paid,7711.53,2024-03-16 15:20:16+00
81,81,credit_card,paid,167.32,2024-03-18 03:42:18+00
82,82,cash_on_delivery,paid,2815.45,2024-03-15 02:46:41+00
83,83,credit_card,paid,6982.26,2024-03-16 22:12:10+00
84,84,credit_card,paid,3231.90,2024-03-17 17:15:18+00
85,85,credit_card,paid,7248.98,2024-03-16 01:12:42+00
86,86,bank_transfer,paid,1747.76,2024-03-18 08:23:14+00
87,87,debit_card,paid,2274.12,2024-03-19 03:45:00+00
88,88,debit_card,paid,2785.71,2024-03-20 05:59:43+00
89,89,debit_card,pending,0.00,
90,90,cash_on_delivery,paid,1193.25,2024-03-17 16:17:55+00
91,91,bank_transfer,paid,6291.06,2024-03-20 07:55:17+00
92,92,bank_transfer,paid,1363.86,2024-03-18 07:15:59+00
93,93,debit_card,paid,3273.72,2024-03-17 22:49:04+00
94,94,cash_on_delivery,paid,517.43,2024-03-17 14:12:07+00
95,95,credit_card,paid,10243.61,2024-03-19 17:13:09+00
96,96,bank_transfer,paid,2810.36,2024-03-18 14:31:15+00
97,97,credit_card,pending,0.00,
98,98,debit_card,paid,144.41,2024-03-20 19:21:29+00
99,99,credit_card,paid,8980.34,2024-03-21 11:49:57+00
100,100,cash_on_delivery,pending,0.00,
101,101,credit_card,paid,100.01,2024-03-19 19:04:53+00
102,102,bank_transfer,paid,4114.83,2024-03-19 16:41:10+00
103,103,cash_on_delivery,pending,0.00,
104,104,cash_on_delivery,paid,109.34,2024-03-22 02:55:20+00
105,105,debit_card,paid,3974.02,2024-03-19 00:03:46+00
106,106,cash_on_delivery,refunded,0.00,2024-03-18 21:48:28+00
107,107,cash_on_delivery,paid,151.37,2024-03-22 16:02:48+00
108,108,cash_on_delivery,paid,5725.58,2024-03-23 09:30:16+00
109,109,credit_card,paid,7257.14,2024-03-23 21:45:53+00
110,110,cash_on_delivery,paid,793.61,2024-03-22 23:46:53+00
111,111,debit_card,paid,76.06,2024-03-20 06:47:30+00
112,112,digital_wallet,failed,0.00,
113,113,cash_on_delivery,paid,2784.86,2024-03-21 05:18:51+00
114,114,cash_on_delivery,pending,0.00,
115,115,credit_card,paid,3981.59,2024-03-23 03:57:26+00
116,116,cash_on_delivery,pending,0.00,
117,117,credit_card,paid,5723.25,2024-03-22 03:36:04+00
118,118,cash_on_delivery,paid,8124.13,2024-03-22 17:03:17+00
119,119,cash_on_delivery,paid,328.10,2024-03-22 17:08:02+00
120,120,bank_transfer,paid,2648.33,2024-03-23 07:11:55+00
121,121,debit_card,refunded,0.00,2024-03-23 04:13:17+00
122,122,credit_card,paid,3428.97,2024-03-23 01:44:59+00
123,123,credit_card,paid,134.69,2024-03-25 10:22:28+00
124,124,credit_card,paid,2240.61,2024-03-25 12:59:05+00
125,125,cash_on_delivery,paid,1307.67,2024-03-25 03:46:15+00
126,126,credit_card,paid,749.77,2024-03-24 10:05:01+00
127,127,digital_wallet,paid,5429.23,2024-03-26 01:32:33+00
128,128,credit_card,paid,6540.24,2024-03-24 01:54:58+00
129,129,debit_card,paid,3866.64,2024-03-28 08:42:13+00
130,130,bank_transfer,paid,3113.61,2024-03-29 09:36:51+00
131,131,cash_on_delivery,paid,3962.50,2024-03-28 17:48:06+00
132,132,credit_card,paid,2902.45,2024-03-27 05:42:59+00
133,133,credit_card,paid,605.66,2024-03-27 12:40:48+00
134,134,cash_on_delivery,paid,3652.29,2024-03-29 02:16:37+00
135,135,credit_card,paid,224.44,2024-03-29 07:09:48+00
136,136,cash_on_delivery,paid,227.77,2024-03-31 00:48:17+00
137,137,bank_transfer,paid,425.26,2024-03-27 10:40:23+00
138,138,cash_on_delivery,paid,4334.11,2024-03-29 17:00:59+00
139,139,debit_card,pending,0.00,
140,140,credit_card,paid,188.40,2024-03-27 20:54:33+00
141,141,credit_card,paid,2812.92,2024-04-01 12:29:25+00
142,142,bank_transfer,paid,2679.57,2024-03-30 19:40:04+00
143,143,credit_card,paid,457.85,2024-03-30 14:11:36+00
144,144,cash_on_delivery,paid,3401.52,2024-03-31 20:23:52+00
145,145,debit_card,paid,5530.29,2024-04-01 13:41:30+00
146,146,credit_card,paid,1512.44,2024-04-02 21:03:22+00
147,147,debit_card,paid,8675.94,2024-03-30 17:30:04+00
148,148,bank_transfer,pending,0.00,
149,149,credit_card,paid,4262.06,2024-03-31 02:08:27+00
150,150,credit_card,failed,0.00,
151,151,digital_wallet,paid,54.22,2024-04-03 20:28:51+00
152,152,cash_on_delivery,paid,6007.20,2024-03-30 08:38:48+00
153,153,cash_on_delivery,paid,720.50,2024-04-02 15:50:06+00
154,154,cash_on_delivery,paid,40.35,2024-04-01 00:41:37+00
155,155,cash_on_delivery,paid,4277.61,2024-04-03 03:53:02+00
156,156,cash_on_delivery,paid,3424.21,2024-04-04 23:14:36+00
157,157,debit_card,paid,4883.67,2024-04-01 10:15:31+00
158,158,credit_card,paid,2693.22,2024-04-06 00:20:42+00
159,159,bank_transfer,paid,43.62,2024-04-01 14:50:47+00
160,160,cash_on_delivery,paid,48.16,2024-04-04 18:59:22+00
161,161,credit_card,paid,5163.52,2024-04-02 20:09:42+00
162,162,debit_card,paid,1677.51,2024-04-05 18:44:29+00
163,163,credit_card,pending,0.00,
164,164,debit_card,paid,702.05,2024-04-06 13:23:31+00
165,165,cash_on_delivery,paid,83.69,2024-04-06 02:23:12+00
166,166,debit_card,paid,1197.68,2024-04-07 06:01:50+00
167,167,digital_wallet,failed,0.00,
168,168,cash_on_delivery,paid,1696.24,2024-04-03 16:29:41+00
169,169,credit_card,failed,0.00,
170,170,cash_on_delivery,paid,68.49,2024-04-07 14:30:29+00
171,171,cash_on_delivery,paid,1616.99,2024-04-07 04:06:01+00
172,172,cash_on_delivery,paid,2259.05,2024-04-06 00:36:13+00
173,173,credit_card,paid,3823.11,2024-04-08 05:40:31+00
174,174,cash_on_delivery,paid,1651.35,2024-04-04 05:46:51+00
175,175,debit_card,refunded,0.00,2024-04-05 18:08:13+00
176,176,digital_wallet,paid,154.07,2024-04-08 10:18:15+00
177,177,credit_card,paid,527.32,2024-04-09 02:21:11+00
178,178,credit_card,paid,532.09,2024-04-06 22:47:25+00
179,179,credit_card,paid,7514.72,2024-04-09 03:41:00+00
180,180,cash_on_delivery,paid,7315.41,2024-04-04 23:31:32+00
181,181,cash_on_delivery,paid,176.39,2024-04-09 14:18:46+00
182,182,cash_on_delivery,refunded,0.00,2024-04-07 19:58:29+00
183,183,credit_card,paid,1059.74,2024-04-08 11:28:22+00
184,184,cash_on_delivery,pending,0.00,
185,185,bank_transfer,paid,419.71,2024-04-09 02:51:34+00
186,186,cash_on_delivery,pending,0.00,
187,187,bank_transfer,pending,0.00,
188,188,credit_card,paid,1085.37,2024-04-06 02:08:02+00
189,189,credit_card,paid,1258.20,2024-04-10 12:44:48+00
190,190,bank_transfer,paid,424.67,2024-04-06 19:01:21+00
191,191,debit_card,paid,268.53,2024-04-08 16:25:46+00
192,192,debit_card,paid,118.07,2024-04-08 20:21:52+00
193,193,digital_wallet,paid,10171.00,2024-04-10 05:18:09+00
194,194,credit_card,pending,0.00,
195,195,credit_card,refunded,0.00,2024-04-11 04:59:38+00
196,196,bank_transfer,paid,2591.06,2024-04-12 01:24:41+00
197,197,credit_card,paid,1065.14,2024-04-08 16:30:31+00
198,198,cash_on_delivery,paid,23.82,2024-04-12 04:38:16+00
199,199,credit_card,paid,214.36,2024-04-10 07:36:36+00
200,200,cash_on_delivery,paid,437.16,2024-04-11 10:54:56+00
201,201,credit_card,paid,1874.82,2024-04-10 11:48:34+00
202,202,cash_on_delivery,paid,511.60,2024-04-13 01:10:02+00
203,203,cash_on_delivery,paid,3323.73,2024-04-12 07:26:57+00
204,204,cash_on_delivery,paid,2518.61,2024-04-13 04:38:14+00
205,205,cash_on_delivery,failed,0.00,
206,206,cash_on_delivery,paid,396.24,2024-04-08 23:20:13+00
207,207,credit_card,pending,0.00,
208,208,debit_card,paid,2127.43,2024-04-13 03:09:30+00
209,209,digital_wallet,pending,0.00,
210,210,cash_on_delivery,paid,650.13,2024-04-13 04:04:36+00
211,211,cash_on_delivery,paid,4943.93,2024-04-13 02:13:33+00
212,212,credit_card,paid,87.13,2024-04-11 13:43:18+00
213,213,debit_card,paid,2332.89,2024-04-14 15:19:34+00
214,214,cash_on_delivery,paid,2170.69,2024-04-14 00:34:02+00
215,215,cash_on_delivery,paid,1078.41,2024-04-13 21:49:38+00
216,216,bank_transfer,paid,7022.46,2024-04-15 18:49:18+00
217,217,cash_on_delivery,refunded,0.00,2024-04-14 02:13:54+00
218,218,cash_on_delivery,paid,6335.97,2024-04-16 09:50:10+00
219,219,bank_transfer,paid,3636.96,2024-04-12 22:14:14+00
220,220,cash_on_delivery,pending,0.00,
221,221,bank_transfer,paid,1511.82,2024-04-14 03:02:57+00
222,222,credit_card,paid,6917.88,2024-04-17 12:21:20+00
223,223,debit_card,refunded,0.00,2024-04-17 23:55:02+00
224,224,cash_on_delivery,pending,0.00,
225,225,debit_card,paid,51.84,2024-04-18 05:41:48+00
226,226,debit_card,paid,530.19,2024-04-16 07:09:54+00
227,227,credit_card,paid,9950.23,2024-04-17 22:05:51+00
228,228,debit_card,paid,1725.47,2024-04-16 07:22:24+00
229,229,credit_card,paid,23.82,2024-04-16 06:00:16+00
230,230,bank_transfer,pending,0.00,
231,231,credit_card,paid,361.84,2024-04-19 10:41:52+00
232,232,credit_card,failed,0.00,
233,233,cash_on_delivery,paid,357.84,2024-04-19 21:54:51+00
234,234,debit_card,paid,2017.84,2024-04-18 10:32:43+00
235,235,cash_on_delivery,paid,4513.97,2024-04-17 15:54:38+00
236,236,debit_card,refunded,0.00,2024-04-18 13:08:18+00
237,237,credit_card,paid,476.01,2024-04-16 20:28:55+00
238,238,cash_on_delivery,pending,0.00,
239,239,cash_on_delivery,pending,0.00,
240,240,credit_card,paid,351.61,2024-04-17 06:10:29+00
241,241,cash_on_delivery,failed,0.00,
242,242,credit_card,paid,8670.59,2024-04-19 20:47:26+00
243,243,credit_card,pending,0.00,
244,244,cash_on_delivery,pending,0.00,
245,245,credit_card,paid,2168.86,2024-04-21 03:28:17+00
246,246,cash_on_delivery,paid,849.82,2024-04-18 03:34:36+00
247,247,credit_card,paid,3819.78,2024-04-18 07:32:13+00
248,248,debit_card,paid,117.01,2024-04-22 08:49:04+00
249,249,digital_wallet,paid,563.27,2024-04-19 08:20:56+00
250,250,digital_wallet,paid,46.66,2024-04-20 18:53:08+00
251,251,credit_card,pending,0.00,
252,252,cash_on_delivery,paid,55.50,2024-04-22 05:59:52+00
253,253,debit_card,paid,599.27,2024-04-22 14:06:13+00
254,254,credit_card,pending,0.00,
255,255,cash_on_delivery,paid,2715.05,2024-04-19 03:36:36+00
256,256,bank_transfer,paid,739.88,2024-04-23 15:06:19+00
257,257,cash_on_delivery,paid,423.44,2024-04-20 04:48:32+00
258,258,credit_card,paid,1121.12,2024-04-21 00:31:32+00
259,259,cash_on_delivery,paid,2489.24,2024-04-20 10:18:55+00
260,260,credit_card,paid,355.51,2024-04-24 17:29:48+00
261,261,debit_card,paid,714.17,2024-04-23 19:29:33+00
262,262,cash_on_delivery,paid,1163.41,2024-04-24 03:17:24+00
263,263,cash_on_delivery,pending,0.00,
264,264,credit_card,refunded,0.00,2024-04-22 16:20:53+00
265,265,cash_on_delivery,paid,7542.84,2024-04-24 03:08:56+00
266,266,cash_on_delivery,paid,2567.39,2024-04-26 17:24:54+00
267,267,credit_card,paid,706.13,2024-04-24 15:10:42+00
268,268,credit_card,paid,803.51,2024-04-25 07:32:04+00
269,269,debit_card,paid,1414.76,2024-04-23 23:32:24+00
270,270,credit_card,pending,0.00,
271,271,credit_card,paid,3220.91,2024-04-26 00:13:08+00
272,272,credit_card,paid,278.33,2024-04-26 05:42:45+00
273,273,cash_on_delivery,paid,1353.18,2024-04-25 18:48:41+00
274,274,bank_transfer,paid,2555.46,2024-04-22 23:01:53+00
275,275,credit_card,paid,7249.97,2024-04-24 09:15:21+00
276,276,debit_card,paid,7489.59,2024-04-24 03:23:40+00
277,277,cash_on_delivery,paid,427.26,2024-04-27 15:31:57+00
278,278,credit_card,paid,828.79,2024-04-23 21:31:01+00
279,279,cash_on_delivery,paid,393.96,2024-04-28 00:15:01+00
280,280,debit_card,failed,0.00,
281,281,digital_wallet,paid,1033.17,2024-04-27 02:56:15+00
282,282,cash_on_delivery,paid,1359.97,2024-04-28 03:11:14+00
283,283,credit_card,paid,1701.22,2024-04-28 20:33:20+00
284,284,credit_card,paid,1035.20,2024-04-28 22:28:45+00
285,285,credit_card,paid,610.23,2024-04-27 22:05:53+00
286,286,credit_card,paid,9895.26,2024-04-28 04:56:19+00
287,287,credit_card,paid,594.58,2024-04-29 08:01:48+00
288,288,cash_on_delivery,pending,0.00,
289,289,cash_on_delivery,pending,0.00,
290,290,credit_card,refunded,0.00,2024-04-26 03:03:43+00
291,291,debit_card,paid,1638.13,2024-04-28 21:30:02+00
292,292,credit_card,refunded,0.00,2024-04-26 06:07:43+00
293,293,cash_on_delivery,paid,344.59,2024-04-30 10:08:37+00
294,294,digital_wallet,failed,0.00,
295,295,credit_card,paid,1967.87,2024-04-30 09:08:14+00
296,296,digital_wallet,paid,2528.67,2024-05-02 00:08:36+00
297,297,credit_card,paid,2270.62,2024-05-01 03:16:23+00
298,298,cash_on_delivery,paid,1050.00,2024-04-29 16:47:10+00
299,299,cash_on_delivery,paid,1956.84,2024-04-30 12:14:09+00
300,300,digital_wallet,pending,0.00,
301,301,cash_on_delivery,refunded,0.00,2024-05-02 05:16:17+00
302,302,cash_on_delivery,paid,485.87,2024-05-02 00:55:00+00
303,303,debit_card,paid,7949.00,2024-05-01 18:25:11+00
304,304,cash_on_delivery,paid,1705.76,2024-04-28 09:26:23+00
305,305,bank_transfer,paid,3762.28,2024-05-01 23:11:22+00
306,306,credit_card,paid,15127.61,2024-05-02 00:47:35+00
307,307,credit_card,paid,935.33,2024-04-28 20:37:49+00
308,308,cash_on_delivery,paid,5187.64,2024-04-30 09:12:08+00
309,309,cash_on_delivery,paid,3638.49,2024-05-01 19:57:39+00
310,310,credit_card,refunded,0.00,2024-05-01 01:14:37+00
311,311,bank_transfer,paid,1234.36,2024-04-29 16:15:47+00
312,312,credit_card,paid,764.66,2024-04-30 08:55:00+00
313,313,debit_card,paid,320.83,2024-05-03 23:11:01+00
314,314,credit_card,paid,2151.27,2024-04-30 21:40:35+00
315,315,cash_on_delivery,failed,0.00,
316,316,credit_card,paid,2476.70,2024-05-04 02:42:22+00
317,317,cash_on_delivery,pending,0.00,
318,318,cash_on_delivery,paid,571.85,2024-05-04 21:02:54+00
319,319,debit_card,paid,2598.75,2024-05-02 16:51:10+00
320,320,bank_transfer,paid,167.44,2024-05-05 09:32:37+00
321,321,digital_wallet,paid,2025.22,2024-05-01 04:00:01+00
322,322,credit_card,paid,8148.95,2024-05-02 14:03:53+00
323,323,credit_card,paid,624.06,2024-05-02 23:42:31+00
324,324,bank_transfer,paid,492.77,2024-05-02 23:26:45+00
325,325,credit_card,pending,0.00,
326,326,debit_card,paid,7487.17,2024-05-06 10:27:33+00
327,327,cash_on_delivery,paid,3894.86,2024-05-07 10:03:03+00
328,328,credit_card,paid,74.99,2024-05-03 21:09:20+00
329,329,credit_card,paid,3445.80,2024-05-07 04:39:05+00
330,330,cash_on_delivery,paid,3976.42,2024-05-08 14:48:17+00
331,331,cash_on_delivery,paid,12510.06,2024-05-05 22:56:38+00
332,332,bank_transfer,paid,2841.07,2024-05-05 22:24:17+00
333,333,cash_on_delivery,pending,0.00,
334,334,debit_card,paid,69.69,2024-05-05 15:21:46+00
335,335,debit_card,paid,1364.59,2024-05-07 12:20:05+00
336,336,credit_card,paid,4277.21,2024-05-07 12:09:37+00
337,337,cash_on_delivery,paid,7128.46,2024-05-04 21:20:31+00
338,338,cash_on_delivery,paid,51.39,2024-05-05 23:16:05+00
339,339,cash_on_delivery,paid,2518.17,2024-05-08 20:41:23+00
340,340,cash_on_delivery,paid,2892.39,2024-05-06 12:59:40+00
341,341,cash_on_delivery,failed,0.00,
342,342,cash_on_delivery,paid,4871.19,2024-05-07 09:16:23+00
343,343,credit_card,paid,294.11,2024-05-08 13:22:40+00
344,344,digital_wallet,paid,56.12,2024-05-07 18:36:32+00
345,345,cash_on_delivery,paid,2897.23,2024-05-10 20:23:26+00
346,346,debit_card,paid,1119.63,2024-05-08 12:24:08+00
347,347,cash_on_delivery,paid,41.07,2024-05-08 09:48:36+00
348,348,cash_on_delivery,paid,3148.34,2024-05-11 21:19:04+00
349,349,cash_on_delivery,paid,17007.89,2024-05-08 23:06:46+00
350,350,cash_on_delivery,failed,0.00,
351,351,cash_on_delivery,failed,0.00,
352,352,bank_transfer,paid,4486.44,2024-05-11 16:25:53+00
353,353,cash_on_delivery,paid,120.39,2024-05-12 08:44:33+00
354,354,cash_on_delivery,pending,0.00,
355,355,cash_on_delivery,pending,0.00,
356,356,cash_on_delivery,paid,9990.67,2024-05-12 19:11:03+00
357,357,digital_wallet,failed,0.00,
358,358,cash_on_delivery,paid,665.25,2024-05-10 02:49:22+00
359,359,cash_on_delivery,paid,2162.55,2024-05-12 09:43:13+00
360,360,cash_on_delivery,paid,1282.14,2024-05-10 12:39:04+00
361,361,credit_card,failed,0.00,
362,362,cash_on_delivery,paid,18159.83,2024-05-11 00:30:39+00
363,363,credit_card,refunded,0.00,2024-05-15 01:19:54+00
364,364,debit_card,paid,4860.20,2024-05-14 19:14:26+00
365,365,credit_card,paid,6036.42,2024-05-12 02:40:34+00
366,366,cash_on_delivery,pending,0.00,
367,367,cash_on_delivery,paid,61.67,2024-05-14 23:54:29+00
368,368,credit_card,pending,0.00,
369,369,credit_card,paid,2835.56,2024-05-12 20:26:10+00
370,370,cash_on_delivery,paid,12621.94,2024-05-12 08:31:54+00
371,371,cash_on_delivery,pending,0.00,
372,372,cash_on_delivery,refunded,0.00,2024-05-12 12:46:57+00
373,373,cash_on_delivery,paid,6214.25,2024-05-14 11:18:41+00
374,374,bank_transfer,failed,0.00,
375,375,debit_card,paid,770.30,2024-05-14 09:10:27+00
376,376,cash_on_delivery,paid,677.46,2024-05-13 05:30:54+00
377,377,digital_wallet,pending,0.00,
378,378,debit_card,paid,3046.59,2024-05-17 03:39:11+00
379,379,credit_card,refunded,0.00,2024-05-17 06:46:14+00
380,380,cash_on_delivery,paid,3845.31,2024-05-16 07:29:11+00
381,381,cash_on_delivery,failed,0.00,
382,382,credit_card,failed,0.00,
383,383,digital_wallet,paid,2765.14,2024-05-15 20:24:14+00
384,384,credit_card,paid,2936.08,2024-05-17 16:47:44+00
385,385,debit_card,paid,5315.05,2024-05-15 17:34:14+00
386,386,bank_transfer,paid,348.63,2024-05-16 01:49:59+00
387,387,digital_wallet,pending,0.00,
388,388,credit_card,failed,0.00,
389,389,bank_transfer,paid,6429.81,2024-05-17 12:15:10+00
390,390,cash_on_delivery,paid,36.39,2024-05-15 07:15:17+00
391,391,credit_card,paid,16674.60,2024-05-14 08:33:25+00
392,392,debit_card,paid,372.55,2024-05-14 00:35:54+00
393,393,credit_card,failed,0.00,
394,394,bank_transfer,failed,0.00,
395,395,credit_card,refunded,0.00,2024-05-19 03:54:55+00
396,396,digital_wallet,failed,0.00,
397,397,cash_on_delivery,paid,167.52,2024-05-16 21:49:24+00
398,398,cash_on_delivery,failed,0.00,
399,399,credit_card,paid,210.86,2024-05-18 22:54:39+00
400,400,cash_on_delivery,refunded,0.00,2024-05-18 01:16:38+00
401,401,cash_on_delivery,paid,5042.75,2024-05-16 01:12:01+00
402,402,cash_on_delivery,paid,120.39,2024-05-15 14:23:00+00
403,403,digital_wallet,paid,8002.52,2024-05-15 21:42:23+00
404,404,debit_card,paid,1148.32,2024-05-20 17:20:07+00
405,405,cash_on_delivery,paid,12554.49,2024-05-18 20:50:20+00
406,406,cash_on_delivery,paid,5590.69,2024-05-20 00:08:42+00
407,407,bank_transfer,paid,15.83,2024-05-20 11:18:33+00
408,408,bank_transfer,pending,0.00,
409,409,debit_card,paid,10577.12,2024-05-19 01:46:32+00
410,410,cash_on_delivery,paid,9883.17,2024-05-20 09:35:57+00
411,411,credit_card,paid,7688.39,2024-05-21 05:05:05+00
412,412,debit_card,paid,1124.25,2024-05-18 04:46:24+00
413,413,credit_card,paid,14388.66,2024-05-21 23:59:25+00
414,414,debit_card,paid,9770.49,2024-05-19 08:25:56+00
415,415,cash_on_delivery,failed,0.00,
416,416,bank_transfer,pending,0.00,
417,417,bank_transfer,paid,336.84,2024-05-22 18:48:05+00
418,418,debit_card,paid,356.58,2024-05-21 02:24:09+00
419,419,cash_on_delivery,paid,10865.97,2024-05-22 07:42:54+00
420,420,credit_card,paid,1484.65,2024-05-20 20:21:50+00
421,421,credit_card,paid,11994.64,2024-05-21 05:28:22+00
422,422,credit_card,paid,4521.74,2024-05-22 12:01:34+00
423,423,cash_on_delivery,paid,452.15,2024-05-22 01:10:48+00
424,424,credit_card,paid,80.83,2024-05-23 13:34:29+00
425,425,debit_card,failed,0.00,
426,426,digital_wallet,paid,5400.68,2024-05-24 12:43:04+00
427,427,credit_card,paid,918.64,2024-05-24 10:03:23+00
428,428,cash_on_delivery,paid,3065.20,2024-05-25 23:13:33+00
429,429,cash_on_delivery,paid,59.41,2024-05-25 01:30:38+00
430,430,debit_card,paid,884.54,2024-05-25 23:55:10+00
431,431,digital_wallet,paid,13635.38,2024-05-23 20:55:41+00
432,432,bank_transfer,paid,3678.56,2024-05-26 13:08:23+00
433,433,bank_transfer,paid,2193.65,2024-05-26 13:18:32+00
434,434,bank_transfer,paid,1632.98,2024-05-25 04:21:02+00
435,435,cash_on_delivery,paid,5510.15,2024-05-24 09:48:01+00
436,436,credit_card,paid,3881.45,2024-05-26 00:14:33+00
437,437,cash_on_delivery,paid,56.93,2024-05-23 19:10:25+00
438,438,cash_on_delivery,paid,5505.61,2024-05-22 23:13:13+00
439,439,credit_card,paid,7497.81,2024-05-25 13:14:29+00
440,440,debit_card,paid,6481.31,2024-05-24 07:49:48+00
441,441,cash_on_delivery,paid,562.03,2024-05-26 15:58:10+00
442,442,credit_card,paid,776.78,2024-05-26 00:09:56+00
443,443,debit_card,refunded,0.00,2024-05-26 03:01:01+00
444,444,cash_on_delivery,paid,586.75,2024-05-26 23:50:08+00
445,445,cash_on_delivery,paid,12010.18,2024-05-27 12:30:03+00
446,446,credit_card,pending,0.00,
447,447,bank_transfer,paid,837.64,2024-05-27 05:45:20+00
448,448,credit_card,paid,107.89,2024-05-27 16:52:24+00
449,449,debit_card,paid,966.88,2024-05-26 03:59:03+00
450,450,credit_card,refunded,0.00,2024-05-24 06:36:50+00
451,451,cash_on_delivery,paid,49.13,2024-05-24 09:16:24+00
452,452,bank_transfer,paid,7597.05,2024-05-28 08:05:01+00
453,453,credit_card,paid,3624.96,2024-05-26 05:07:24+00
454,454,cash_on_delivery,paid,5737.87,2024-05-24 03:19:23+00
455,455,cash_on_delivery,pending,0.00,
456,456,debit_card,paid,331.43,2024-05-24 06:43:02+00
457,457,credit_card,paid,1640.71,2024-05-25 11:00:45+00
458,458,digital_wallet,paid,210.86,2024-05-25 09:03:29+00
459,459,cash_on_delivery,paid,3416.08,2024-05-24 15:51:49+00
460,460,credit_card,paid,40.74,2024-05-29 12:43:10+00
461,461,credit_card,paid,11760.98,2024-05-25 01:23:15+00
462,462,digital_wallet,paid,4371.41,2024-05-28 15:20:44+00
463,463,debit_card,failed,0.00,
464,464,credit_card,paid,8140.87,2024-05-27 06:01:16+00
465,465,debit_card,paid,4764.82,2024-05-28 13:22:02+00
466,466,cash_on_delivery,paid,2419.91,2024-05-28 09:51:09+00
467,467,cash_on_delivery,paid,10000.08,2024-05-27 02:00:12+00
468,468,debit_card,pending,0.00,
469,469,cash_on_delivery,paid,27.13,2024-05-28 21:05:14+00
470,470,debit_card,refunded,0.00,2024-05-27 20:00:48+00
471,471,cash_on_delivery,pending,0.00,
472,472,credit_card,paid,13547.73,2024-05-28 20:23:09+00
473,473,cash_on_delivery,paid,1559.53,2024-05-27 23:56:40+00
474,474,cash_on_delivery,paid,1109.42,2024-05-30 10:14:36+00
475,475,digital_wallet,refunded,0.00,2024-05-31 15:59:36+00
476,476,credit_card,paid,971.29,2024-05-29 20:22:06+00
477,477,cash_on_delivery,paid,1058.25,2024-05-31 04:56:10+00
478,478,digital_wallet,refunded,0.00,2024-05-29 23:07:13+00
479,479,cash_on_delivery,paid,54.43,2024-06-01 04:45:12+00
480,480,cash_on_delivery,paid,537.64,2024-05-30 06:34:53+00
481,481,credit_card,paid,1386.78,2024-06-01 16:56:19+00
482,482,credit_card,paid,484.83,2024-06-01 01:50:13+00
483,483,debit_card,pending,0.00,
484,484,debit_card,paid,192.16,2024-06-02 05:54:15+00
485,485,debit_card,paid,907.95,2024-06-01 08:00:58+00
486,486,cash_on_delivery,paid,14435.93,2024-06-03 09:38:40+00
487,487,cash_on_delivery,failed,0.00,
488,488,cash_on_delivery,refunded,0.00,2024-06-03 10:29:01+00
489,489,credit_card,paid,9334.39,2024-05-29 23:58:27+00
490,490,digital_wallet,paid,15395.81,2024-06-03 10:45:28+00
491,491,cash_on_delivery,paid,2132.47,2024-06-03 19:56:19+00
492,492,credit_card,paid,7621.68,2024-06-03 07:16:41+00
493,493,debit_card,paid,216.67,2024-06-03 11:32:09+00
494,494,credit_card,paid,335.95,2024-06-01 09:14:27+00
495,495,digital_wallet,paid,14930.37,2024-06-01 18:52:19+00
496,496,credit_card,paid,1448.62,2024-06-01 08:35:16+00
497,497,credit_card,pending,0.00,
498,498,credit_card,paid,696.69,2024-06-01 21:22:17+00
499,499,digital_wallet,paid,596.25,2024-06-03 07:54:29+00
500,500,cash_on_delivery,paid,4803.84,2024-06-01 07:22:25+00
501,501,credit_card,paid,1293.90,2024-06-01 20:50:54+00
502,502,credit_card,paid,2701.35,2024-05-31 16:08:52+00
503,503,cash_on_delivery,paid,1503.05,2024-06-03 19:08:52+00
504,504,cash_on_delivery,paid,1972.43,2024-06-02 05:26:34+00
505,505,bank_transfer,paid,6340.96,2024-06-06 01:27:44+00
506,506,credit_card,paid,5031.47,2024-06-05 15:58:12+00
507,507,bank_transfer,paid,1329.29,2024-06-04 20:16:46+00
508,508,cash_on_delivery,paid,4814.47,2024-06-04 06:51:51+00
509,509,debit_card,paid,19229.15,2024-06-07 15:06:09+00
510,510,debit_card,paid,2474.12,2024-06-05 22:35:12+00
511,511,cash_on_delivery,paid,33.88,2024-06-08 11:53:54+00
512,512,cash_on_delivery,paid,7141.78,2024-06-06 21:53:04+00
513,513,credit_card,paid,33.88,2024-06-05 09:27:18+00
514,514,digital_wallet,paid,4019.98,2024-06-05 05:39:17+00
515,515,credit_card,failed,0.00,
516,516,cash_on_delivery,paid,1000.45,2024-06-09 02:51:12+00
517,517,credit_card,paid,911.13,2024-06-07 12:28:54+00
518,518,cash_on_delivery,paid,10302.27,2024-06-04 18:59:03+00
519,519,cash_on_delivery,paid,597.83,2024-06-06 20:01:50+00
520,520,cash_on_delivery,paid,381.43,2024-06-06 19:45:54+00
521,521,digital_wallet,refunded,0.00,2024-06-09 14:30:43+00
522,522,credit_card,paid,4412.29,2024-06-07 06:26:44+00
523,523,cash_on_delivery,pending,0.00,
524,524,credit_card,paid,2275.48,2024-06-08 01:56:16+00
525,525,credit_card,pending,0.00,
526,526,debit_card,paid,940.30,2024-06-09 10:08:43+00
527,527,credit_card,paid,1284.94,2024-06-08 18:12:43+00
528,528,credit_card,paid,1365.62,2024-06-10 05:52:10+00
529,529,credit_card,pending,0.00,
530,530,cash_on_delivery,paid,2205.43,2024-06-12 00:21:02+00
531,531,cash_on_delivery,paid,1148.27,2024-06-11 17:12:36+00
532,532,cash_on_delivery,pending,0.00,
533,533,credit_card,paid,9783.78,2024-06-10 15:07:33+00
534,534,cash_on_delivery,paid,3401.52,2024-06-08 17:39:23+00
535,535,cash_on_delivery,paid,124.81,2024-06-12 04:11:48+00
536,536,cash_on_delivery,paid,850.73,2024-06-12 18:44:56+00
537,537,debit_card,paid,689.04,2024-06-10 12:29:14+00
538,538,credit_card,paid,5242.76,2024-06-09 08:30:16+00
539,539,credit_card,paid,2054.58,2024-06-12 14:40:59+00
540,540,credit_card,paid,3768.15,2024-06-11 05:04:45+00
541,541,cash_on_delivery,paid,12124.80,2024-06-13 10:25:09+00
542,542,credit_card,paid,6591.38,2024-06-10 23:54:41+00
543,543,credit_card,refunded,0.00,2024-06-09 23:25:27+00
544,544,credit_card,paid,4150.67,2024-06-14 05:44:54+00
545,545,cash_on_delivery,refunded,0.00,2024-06-13 18:59:44+00
546,546,cash_on_delivery,paid,290.68,2024-06-10 17:33:45+00
547,547,credit_card,paid,19959.09,2024-06-15 02:30:49+00
548,548,credit_card,paid,4912.42,2024-06-12 15:50:44+00
549,549,cash_on_delivery,refunded,0.00,2024-06-12 03:44:16+00
550,550,digital_wallet,paid,79.96,2024-06-13 07:08:14+00
551,551,cash_on_delivery,paid,700.49,2024-06-10 21:56:10+00
552,552,cash_on_delivery,paid,1580.88,2024-06-14 19:43:46+00
553,553,cash_on_delivery,paid,3562.55,2024-06-12 18:25:53+00
554,554,cash_on_delivery,paid,855.28,2024-06-15 05:27:24+00
555,555,debit_card,paid,1492.65,2024-06-14 09:47:37+00
556,556,bank_transfer,paid,14920.99,2024-06-11 09:05:31+00
557,557,cash_on_delivery,paid,2971.36,2024-06-13 02:00:12+00
558,558,bank_transfer,paid,19.36,2024-06-11 16:59:14+00
559,559,bank_transfer,paid,2635.67,2024-06-13 21:32:12+00
560,560,digital_wallet,paid,4564.38,2024-06-14 01:28:55+00
561,561,bank_transfer,pending,0.00,
562,562,credit_card,pending,0.00,
563,563,cash_on_delivery,pending,0.00,
564,564,debit_card,paid,8101.29,2024-06-15 20:04:50+00
565,565,digital_wallet,refunded,0.00,2024-06-15 12:00:22+00
566,566,credit_card,pending,0.00,
567,567,cash_on_delivery,paid,216.67,2024-06-17 08:41:50+00
568,568,digital_wallet,paid,811.45,2024-06-17 04:19:57+00
569,569,debit_card,paid,2023.12,2024-06-15 08:34:25+00
570,570,cash_on_delivery,paid,363.33,2024-06-17 23:46:28+00
571,571,bank_transfer,pending,0.00,
572,572,cash_on_delivery,refunded,0.00,2024-06-15 15:04:24+00
573,573,cash_on_delivery,paid,5188.50,2024-06-15 18:21:05+00
574,574,credit_card,paid,2024.47,2024-06-18 00:32:25+00
575,575,cash_on_delivery,paid,10035.23,2024-06-19 17:54:54+00
576,576,credit_card,paid,13814.98,2024-06-18 19:17:02+00
577,577,cash_on_delivery,paid,6490.07,2024-06-19 08:38:35+00
578,578,bank_transfer,pending,0.00,
579,579,digital_wallet,paid,1937.04,2024-06-18 14:34:26+00
580,580,cash_on_delivery,paid,3315.97,2024-06-18 12:15:06+00
581,581,bank_transfer,paid,1290.69,2024-06-16 16:02:02+00
582,582,credit_card,failed,0.00,
583,583,cash_on_delivery,paid,7758.77,2024-06-17 06:03:19+00
584,584,bank_transfer,paid,2367.62,2024-06-18 21:32:33+00
585,585,digital_wallet,paid,2986.19,2024-06-17 01:53:26+00
586,586,cash_on_delivery,paid,851.17,2024-06-20 15:27:03+00
587,587,debit_card,paid,2017.84,2024-06-20 10:12:18+00
588,588,cash_on_delivery,paid,459.36,2024-06-17 04:01:45+00
589,589,debit_card,paid,10142.78,2024-06-17 18:24:39+00
590,590,digital_wallet,paid,7209.55,2024-06-21 17:39:08+00
591,591,cash_on_delivery,pending,0.00,
592,592,digital_wallet,paid,63.80,2024-06-21 10:00:15+00
593,593,cash_on_delivery,paid,2607.46,2024-06-23 17:47:40+00
594,594,digital_wallet,failed,0.00,
595,595,debit_card,paid,14797.90,2024-06-21 10:21:38+00
596,596,digital_wallet,failed,0.00,
597,597,bank_transfer,failed,0.00,
598,598,credit_card,paid,1322.53,2024-06-24 12:01:30+00
599,599,credit_card,pending,0.00,
600,600,credit_card,refunded,0.00,2024-06-22 14:40:10+00
601,601,digital_wallet,paid,2317.32,2024-06-22 12:02:34+00
602,602,credit_card,paid,4975.64,2024-06-24 17:29:17+00
603,603,cash_on_delivery,refunded,0.00,2024-06-21 20:11:18+00
604,604,cash_on_delivery,paid,1684.31,2024-06-20 21:49:52+00
605,605,credit_card,paid,970.76,2024-06-25 02:05:38+00
606,606,cash_on_delivery,paid,3331.58,2024-06-23 05:46:54+00
607,607,credit_card,paid,2170.94,2024-06-23 00:38:57+00
608,608,debit_card,paid,1942.08,2024-06-24 00:43:51+00
609,609,credit_card,paid,2215.58,2024-06-26 10:44:31+00
610,610,cash_on_delivery,paid,145.94,2024-06-22 14:42:14+00
611,611,credit_card,pending,0.00,
612,612,credit_card,refunded,0.00,2024-06-22 15:39:58+00
613,613,credit_card,paid,1187.24,2024-06-22 09:36:31+00
614,614,cash_on_delivery,paid,635.12,2024-06-24 18:40:00+00
615,615,cash_on_delivery,paid,1690.51,2024-06-23 09:06:45+00
616,616,debit_card,paid,4297.45,2024-06-23 13:10:55+00
617,617,cash_on_delivery,paid,3810.23,2024-06-25 17:59:56+00
618,618,credit_card,paid,3849.71,2024-06-24 22:12:27+00
619,619,bank_transfer,paid,46.66,2024-06-23 10:57:57+00
620,620,credit_card,paid,14347.57,2024-06-27 18:50:03+00
621,621,cash_on_delivery,paid,3824.58,2024-06-27 07:43:17+00
622,622,cash_on_delivery,paid,2831.45,2024-06-24 00:02:49+00
623,623,digital_wallet,paid,8033.49,2024-06-27 06:40:15+00
624,624,debit_card,paid,2681.52,2024-06-25 04:52:24+00
625,625,digital_wallet,paid,5920.24,2024-06-26 21:51:14+00
626,626,cash_on_delivery,paid,565.23,2024-06-26 05:32:17+00
627,627,credit_card,paid,2943.93,2024-06-28 14:39:54+00
628,628,cash_on_delivery,paid,16758.80,2024-06-26 13:54:18+00
629,629,cash_on_delivery,paid,3177.60,2024-06-24 22:09:38+00
630,630,cash_on_delivery,paid,1166.72,2024-06-25 01:12:34+00
631,631,cash_on_delivery,paid,97.06,2024-06-28 15:21:19+00
632,632,debit_card,pending,0.00,
633,633,credit_card,paid,46.98,2024-06-27 02:31:58+00
634,634,cash_on_delivery,paid,2343.51,2024-06-29 20:38:08+00
635,635,cash_on_delivery,paid,6165.21,2024-06-27 07:08:42+00
636,636,cash_on_delivery,failed,0.00,
637,637,credit_card,refunded,0.00,2024-06-29 13:04:05+00
638,638,credit_card,paid,1351.07,2024-06-28 12:23:39+00
639,639,credit_card,paid,5418.27,2024-06-29 23:38:01+00
640,640,cash_on_delivery,paid,12932.29,2024-06-30 14:42:53+00
641,641,cash_on_delivery,failed,0.00,
642,642,digital_wallet,paid,14262.48,2024-06-29 14:08:27+00
643,643,cash_on_delivery,paid,7182.09,2024-06-28 08:52:14+00
644,644,credit_card,paid,630.64,2024-06-27 08:29:04+00
645,645,cash_on_delivery,paid,10000.81,2024-07-01 12:36:30+00
646,646,cash_on_delivery,paid,426.73,2024-07-01 08:11:19+00
647,647,debit_card,paid,90.69,2024-07-02 05:08:05+00
648,648,cash_on_delivery,paid,2497.06,2024-06-30 06:20:45+00
649,649,cash_on_delivery,paid,1990.90,2024-06-28 15:58:35+00
650,650,credit_card,refunded,0.00,2024-07-02 10:20:29+00
651,651,cash_on_delivery,paid,1310.58,2024-07-02 18:16:50+00
652,652,debit_card,refunded,0.00,2024-07-02 00:11:19+00
653,653,cash_on_delivery,paid,7921.48,2024-07-01 21:22:58+00
654,654,cash_on_delivery,pending,0.00,
655,655,credit_card,paid,1436.73,2024-06-28 18:36:43+00
656,656,credit_card,paid,140.37,2024-07-02 11:47:56+00
657,657,cash_on_delivery,refunded,0.00,2024-06-30 17:35:35+00
658,658,debit_card,paid,5871.77,2024-07-02 08:27:59+00
659,659,digital_wallet,paid,1454.17,2024-07-03 10:58:09+00
660,660,debit_card,paid,11928.26,2024-07-03 08:35:48+00
661,661,bank_transfer,paid,2186.58,2024-06-29 20:03:08+00
662,662,debit_card,paid,936.86,2024-07-02 02:09:11+00
663,663,debit_card,pending,0.00,
664,664,cash_on_delivery,failed,0.00,
665,665,bank_transfer,paid,1182.54,2024-07-01 17:32:45+00
666,666,debit_card,paid,812.55,2024-06-30 22:54:01+00
667,667,credit_card,paid,883.12,2024-07-03 13:28:29+00
668,668,cash_on_delivery,paid,11891.57,2024-07-02 01:44:28+00
669,669,cash_on_delivery,paid,1313.29,2024-07-02 03:55:05+00
670,670,credit_card,paid,2248.14,2024-07-03 08:17:49+00
671,671,cash_on_delivery,paid,1225.77,2024-07-01 08:45:46+00
672,672,cash_on_delivery,paid,32.40,2024-07-04 22:59:18+00
673,673,bank_transfer,paid,4488.13,2024-07-02 09:40:13+00
674,674,cash_on_delivery,pending,0.00,
675,675,credit_card,pending,0.00,
676,676,cash_on_delivery,pending,0.00,
677,677,debit_card,paid,1764.59,2024-07-05 17:07:51+00
678,678,bank_transfer,paid,591.24,2024-07-03 22:40:34+00
679,679,debit_card,paid,567.25,2024-07-06 01:22:07+00
680,680,credit_card,pending,0.00,
681,681,digital_wallet,paid,15406.84,2024-07-07 16:32:24+00
682,682,credit_card,paid,12016.79,2024-07-08 13:01:27+00
683,683,cash_on_delivery,paid,14195.93,2024-07-08 19:30:18+00
684,684,credit_card,refunded,0.00,2024-07-06 17:52:46+00
685,685,cash_on_delivery,paid,3767.74,2024-07-07 23:47:01+00
686,686,cash_on_delivery,paid,1223.12,2024-07-11 01:44:32+00
687,687,cash_on_delivery,paid,348.36,2024-07-09 13:33:45+00
688,688,cash_on_delivery,paid,46.66,2024-07-09 00:58:10+00
689,689,cash_on_delivery,refunded,0.00,2024-07-08 19:50:44+00
690,690,cash_on_delivery,paid,4768.96,2024-07-08 10:14:19+00
691,691,debit_card,refunded,0.00,2024-07-10 23:47:29+00
692,692,credit_card,paid,418.65,2024-07-11 08:02:58+00
693,693,cash_on_delivery,paid,842.36,2024-07-12 20:36:13+00
694,694,cash_on_delivery,pending,0.00,
695,695,debit_card,paid,1710.21,2024-07-10 08:43:17+00
696,696,credit_card,paid,797.47,2024-07-09 19:39:06+00
697,697,cash_on_delivery,paid,6570.88,2024-07-11 12:24:24+00
698,698,credit_card,paid,539.86,2024-07-10 05:47:33+00
699,699,cash_on_delivery,paid,4352.53,2024-07-10 22:26:15+00
700,700,cash_on_delivery,paid,464.67,2024-07-13 18:33:51+00
701,701,bank_transfer,paid,44.16,2024-07-13 07:12:46+00
702,702,cash_on_delivery,paid,1063.75,2024-07-12 12:07:43+00
703,703,credit_card,paid,2464.07,2024-07-12 16:37:16+00
704,704,cash_on_delivery,paid,430.71,2024-07-13 01:01:13+00
705,705,cash_on_delivery,failed,0.00,
706,706,cash_on_delivery,paid,2424.28,2024-07-12 14:19:01+00
707,707,cash_on_delivery,paid,1439.24,2024-07-15 10:36:26+00
708,708,bank_transfer,pending,0.00,
709,709,cash_on_delivery,paid,1048.81,2024-07-14 13:20:53+00
710,710,cash_on_delivery,paid,67.22,2024-07-14 12:14:53+00
711,711,debit_card,paid,1237.14,2024-07-13 11:57:09+00
712,712,debit_card,pending,0.00,
713,713,bank_transfer,paid,1715.18,2024-07-16 06:33:43+00
714,714,debit_card,paid,7003.59,2024-07-14 23:29:35+00
715,715,cash_on_delivery,pending,0.00,
716,716,credit_card,paid,149.32,2024-07-16 18:08:19+00
717,717,credit_card,paid,15431.84,2024-07-17 04:44:38+00
718,718,cash_on_delivery,paid,103.32,2024-07-16 17:24:58+00
719,719,cash_on_delivery,paid,686.97,2024-07-15 19:08:08+00
720,720,cash_on_delivery,refunded,0.00,2024-07-18 04:44:20+00
721,721,credit_card,pending,0.00,
722,722,bank_transfer,paid,3272.86,2024-07-15 10:35:36+00
723,723,digital_wallet,paid,580.97,2024-07-17 10:34:57+00
724,724,debit_card,paid,1425.63,2024-07-16 22:49:05+00
725,725,digital_wallet,paid,4835.91,2024-07-15 23:25:07+00
726,726,cash_on_delivery,paid,1274.37,2024-07-18 05:29:25+00
727,727,credit_card,paid,1176.64,2024-07-17 08:38:50+00
728,728,cash_on_delivery,paid,121.90,2024-07-17 18:24:04+00
729,729,credit_card,paid,6362.39,2024-07-15 20:46:57+00
730,730,cash_on_delivery,paid,610.23,2024-07-19 03:04:31+00
731,731,cash_on_delivery,paid,1084.89,2024-07-19 08:32:26+00
732,732,debit_card,failed,0.00,
733,733,debit_card,paid,771.41,2024-07-19 03:00:51+00
734,734,cash_on_delivery,pending,0.00,
735,735,bank_transfer,pending,0.00,
736,736,cash_on_delivery,paid,3630.71,2024-07-21 14:13:43+00
737,737,credit_card,failed,0.00,
738,738,credit_card,paid,1166.97,2024-07-17 20:42:49+00
739,739,cash_on_delivery,paid,563.52,2024-07-18 15:07:57+00
740,740,credit_card,paid,5541.83,2024-07-21 10:37:38+00
741,741,credit_card,refunded,0.00,2024-07-17 20:38:47+00
742,742,credit_card,paid,2504.90,2024-07-22 06:21:32+00
743,743,credit_card,paid,282.50,2024-07-22 15:18:33+00
744,744,credit_card,pending,0.00,
745,745,credit_card,paid,525.83,2024-07-22 19:27:22+00
746,746,cash_on_delivery,paid,1751.12,2024-07-21 06:32:38+00
747,747,credit_card,paid,4962.23,2024-07-21 00:29:34+00
748,748,credit_card,paid,10080.13,2024-07-19 22:47:17+00
749,749,cash_on_delivery,pending,0.00,
750,750,cash_on_delivery,paid,2502.76,2024-07-20 16:45:21+00
751,751,cash_on_delivery,paid,6637.18,2024-07-21 17:39:20+00
752,752,bank_transfer,pending,0.00,
753,753,credit_card,failed,0.00,
754,754,credit_card,refunded,0.00,2024-07-22 10:05:09+00
755,755,cash_on_delivery,paid,124.81,2024-07-19 20:24:46+00
756,756,bank_transfer,pending,0.00,
757,757,cash_on_delivery,pending,0.00,
758,758,credit_card,paid,2881.19,2024-07-21 10:41:43+00
759,759,digital_wallet,paid,691.35,2024-07-25 07:51:26+00
760,760,debit_card,paid,4291.44,2024-07-25 00:45:17+00
761,761,credit_card,paid,13615.30,2024-07-21 11:51:55+00
762,762,cash_on_delivery,paid,4954.15,2024-07-21 13:54:10+00
763,763,cash_on_delivery,paid,109.92,2024-07-25 02:50:03+00
764,764,cash_on_delivery,paid,105.54,2024-07-24 06:29:52+00
765,765,cash_on_delivery,paid,4755.67,2024-07-25 10:55:00+00
766,766,credit_card,paid,2011.13,2024-07-25 13:37:02+00
767,767,credit_card,pending,0.00,
768,768,digital_wallet,paid,1669.68,2024-07-23 06:12:45+00
769,769,credit_card,refunded,0.00,2024-07-22 23:16:33+00
770,770,cash_on_delivery,failed,0.00,
771,771,cash_on_delivery,paid,985.04,2024-07-26 17:20:56+00
772,772,cash_on_delivery,paid,2539.86,2024-07-25 14:49:49+00
773,773,cash_on_delivery,pending,0.00,
774,774,bank_transfer,paid,9636.11,2024-07-25 17:55:44+00
775,775,cash_on_delivery,paid,758.15,2024-07-27 16:37:29+00
776,776,cash_on_delivery,paid,1069.73,2024-07-27 00:13:51+00
777,777,debit_card,paid,936.82,2024-07-24 09:26:19+00
778,778,cash_on_delivery,paid,2897.23,2024-07-27 14:45:51+00
779,779,cash_on_delivery,paid,468.94,2024-07-29 00:51:59+00
780,780,digital_wallet,paid,111.90,2024-07-29 01:04:17+00
781,781,cash_on_delivery,paid,8291.31,2024-07-28 16:08:31+00
782,782,credit_card,paid,64.71,2024-07-27 10:52:39+00
783,783,cash_on_delivery,paid,3629.05,2024-07-25 12:38:03+00
784,784,bank_transfer,paid,540.27,2024-07-25 22:11:29+00
785,785,bank_transfer,paid,13130.94,2024-07-26 22:25:35+00
786,786,cash_on_delivery,paid,47.37,2024-07-28 00:18:47+00
787,787,credit_card,paid,483.87,2024-07-28 07:44:44+00
788,788,cash_on_delivery,paid,1923.91,2024-07-29 01:21:37+00
789,789,debit_card,paid,569.33,2024-07-26 19:27:03+00
790,790,credit_card,paid,3140.98,2024-07-30 03:30:11+00
791,791,cash_on_delivery,paid,1053.08,2024-07-27 22:11:03+00
792,792,cash_on_delivery,paid,601.38,2024-07-29 06:32:04+00
793,793,digital_wallet,paid,85.51,2024-07-29 01:58:38+00
794,794,bank_transfer,paid,510.36,2024-07-28 15:35:10+00
795,795,cash_on_delivery,paid,2589.41,2024-07-30 02:46:34+00
796,796,debit_card,failed,0.00,
797,797,credit_card,paid,1385.46,2024-07-31 08:21:10+00
798,798,cash_on_delivery,paid,3780.48,2024-07-30 17:59:42+00
799,799,credit_card,paid,3613.78,2024-07-30 07:51:30+00
800,800,debit_card,refunded,0.00,2024-07-31 20:20:29+00
801,801,cash_on_delivery,pending,0.00,
802,802,cash_on_delivery,paid,3595.07,2024-07-30 00:31:04+00
803,803,cash_on_delivery,failed,0.00,
804,804,debit_card,paid,2888.72,2024-07-31 22:29:11+00
805,805,debit_card,paid,4301.84,2024-08-01 20:17:00+00
806,806,debit_card,paid,4017.43,2024-07-29 06:43:28+00
807,807,bank_transfer,paid,1817.31,2024-07-30 21:25:32+00
808,808,cash_on_delivery,refunded,0.00,2024-07-31 21:11:28+00
809,809,debit_card,paid,594.42,2024-08-01 12:27:21+00
810,810,debit_card,paid,5579.03,2024-08-02 22:15:13+00
811,811,debit_card,paid,955.40,2024-08-01 14:58:21+00
812,812,cash_on_delivery,failed,0.00,
813,813,debit_card,paid,1855.11,2024-08-03 14:58:44+00
814,814,bank_transfer,pending,0.00,
815,815,bank_transfer,paid,16383.20,2024-07-31 16:56:16+00
816,816,cash_on_delivery,pending,0.00,
817,817,debit_card,paid,1505.56,2024-08-01 03:40:57+00
818,818,credit_card,paid,5391.84,2024-08-05 01:27:42+00
819,819,credit_card,paid,288.56,2024-08-04 09:20:37+00
820,820,credit_card,paid,55.08,2024-08-05 01:23:03+00
821,821,cash_on_delivery,paid,1122.78,2024-08-01 10:35:29+00
822,822,cash_on_delivery,pending,0.00,
823,823,credit_card,paid,1764.70,2024-08-05 12:49:13+00
824,824,credit_card,paid,610.33,2024-08-01 11:39:12+00
825,825,debit_card,paid,358.99,2024-08-01 09:12:03+00
826,826,cash_on_delivery,paid,94.31,2024-08-06 13:03:48+00
827,827,bank_transfer,paid,4684.87,2024-08-02 11:04:01+00
828,828,cash_on_delivery,paid,1414.94,2024-08-07 02:15:30+00
829,829,cash_on_delivery,paid,4746.99,2024-08-03 00:03:09+00
830,830,credit_card,failed,0.00,
831,831,credit_card,pending,0.00,
832,832,debit_card,paid,975.67,2024-08-07 02:14:07+00
833,833,cash_on_delivery,paid,3328.30,2024-08-03 23:00:51+00
834,834,credit_card,paid,6895.12,2024-08-07 11:09:23+00
835,835,cash_on_delivery,paid,11919.62,2024-08-06 05:33:52+00
836,836,credit_card,paid,238.28,2024-08-04 10:46:52+00
837,837,cash_on_delivery,refunded,0.00,2024-08-07 06:43:36+00
838,838,debit_card,paid,535.42,2024-08-05 06:55:08+00
839,839,cash_on_delivery,pending,0.00,
840,840,credit_card,paid,11562.06,2024-08-05 04:23:52+00
841,841,bank_transfer,paid,14452.80,2024-08-06 03:19:38+00
842,842,credit_card,paid,1941.30,2024-08-06 04:34:09+00
843,843,credit_card,paid,4875.83,2024-08-04 09:16:47+00
844,844,credit_card,paid,2113.60,2024-08-06 19:04:35+00
845,845,cash_on_delivery,paid,1068.91,2024-08-06 04:01:12+00
846,846,cash_on_delivery,failed,0.00,
847,847,debit_card,paid,6766.77,2024-08-06 18:23:31+00
848,848,credit_card,refunded,0.00,2024-08-09 14:25:36+00
849,849,credit_card,paid,3784.86,2024-08-07 05:31:28+00
850,850,credit_card,pending,0.00,
851,851,credit_card,pending,0.00,
852,852,credit_card,pending,0.00,
853,853,cash_on_delivery,failed,0.00,
854,854,cash_on_delivery,paid,563.68,2024-08-07 16:26:54+00
855,855,cash_on_delivery,refunded,0.00,2024-08-09 19:44:43+00
856,856,debit_card,paid,5611.32,2024-08-08 23:15:03+00
857,857,cash_on_delivery,paid,2419.91,2024-08-10 10:20:16+00
858,858,debit_card,paid,14295.78,2024-08-07 04:36:51+00
859,859,credit_card,paid,214.39,2024-08-10 23:41:01+00
860,860,bank_transfer,paid,11841.92,2024-08-12 16:41:52+00
861,861,credit_card,paid,140.32,2024-08-12 14:12:43+00
862,862,credit_card,paid,1841.10,2024-08-10 05:17:13+00
863,863,cash_on_delivery,paid,4546.94,2024-08-09 11:33:44+00
864,864,credit_card,paid,212.90,2024-08-12 21:25:50+00
865,865,cash_on_delivery,paid,772.33,2024-08-09 22:01:43+00
866,866,debit_card,paid,7130.91,2024-08-11 12:20:38+00
867,867,debit_card,pending,0.00,
868,868,cash_on_delivery,paid,1175.89,2024-08-11 21:10:44+00
869,869,credit_card,paid,5272.27,2024-08-12 13:26:27+00
870,870,debit_card,failed,0.00,
871,871,credit_card,paid,4146.88,2024-08-10 18:14:32+00
872,872,credit_card,paid,745.23,2024-08-10 16:10:38+00
873,873,cash_on_delivery,paid,4194.23,2024-08-13 23:07:07+00
874,874,credit_card,paid,4785.70,2024-08-10 18:38:03+00
875,875,credit_card,refunded,0.00,2024-08-15 01:45:15+00
876,876,bank_transfer,paid,4801.74,2024-08-15 06:20:04+00
877,877,credit_card,paid,5334.02,2024-08-15 07:13:32+00
878,878,debit_card,paid,9563.78,2024-08-15 16:37:06+00
879,879,cash_on_delivery,paid,1547.18,2024-08-12 14:44:12+00
880,880,credit_card,pending,0.00,
881,881,credit_card,paid,15.83,2024-08-11 23:40:56+00
882,882,credit_card,paid,4599.31,2024-08-16 23:22:59+00
883,883,cash_on_delivery,failed,0.00,
884,884,cash_on_delivery,pending,0.00,
885,885,bank_transfer,paid,1287.40,2024-08-16 10:11:54+00
886,886,credit_card,paid,7214.16,2024-08-15 11:07:46+00
887,887,bank_transfer,paid,8320.12,2024-08-14 10:36:52+00
888,888,cash_on_delivery,paid,5173.67,2024-08-16 09:23:00+00
889,889,credit_card,paid,3018.72,2024-08-15 14:46:03+00
890,890,cash_on_delivery,pending,0.00,
891,891,credit_card,paid,75.77,2024-08-13 00:59:22+00
892,892,bank_transfer,pending,0.00,
893,893,cash_on_delivery,paid,16845.29,2024-08-14 15:43:48+00
894,894,credit_card,refunded,0.00,2024-08-16 21:16:20+00
895,895,cash_on_delivery,paid,1078.41,2024-08-14 17:21:06+00
896,896,credit_card,paid,7757.77,2024-08-13 22:21:39+00
897,897,digital_wallet,paid,107.89,2024-08-15 18:56:07+00
898,898,credit_card,paid,2334.07,2024-08-14 20:06:13+00
899,899,cash_on_delivery,failed,0.00,
900,900,credit_card,paid,1444.22,2024-08-17 16:14:08+00
901,901,debit_card,paid,1086.86,2024-08-17 01:57:30+00
902,902,bank_transfer,paid,615.49,2024-08-16 12:00:41+00
903,903,cash_on_delivery,paid,2221.95,2024-08-17 11:43:40+00
904,904,bank_transfer,paid,505.35,2024-08-18 09:27:22+00
905,905,cash_on_delivery,refunded,0.00,2024-08-16 20:01:44+00
906,906,debit_card,paid,3237.51,2024-08-15 10:01:52+00
907,907,cash_on_delivery,paid,1258.20,2024-08-19 21:16:11+00
908,908,credit_card,refunded,0.00,2024-08-19 13:33:15+00
909,909,credit_card,paid,3796.81,2024-08-18 20:09:18+00
910,910,cash_on_delivery,failed,0.00,
911,911,credit_card,paid,69.69,2024-08-21 09:24:41+00
912,912,digital_wallet,paid,1510.69,2024-08-21 05:33:53+00
913,913,bank_transfer,paid,1553.63,2024-08-20 12:54:10+00
914,914,credit_card,paid,304.26,2024-08-20 13:11:41+00
915,915,credit_card,pending,0.00,
916,916,bank_transfer,paid,1039.49,2024-08-19 11:44:41+00
917,917,cash_on_delivery,paid,9977.45,2024-08-17 13:49:27+00
918,918,bank_transfer,failed,0.00,
919,919,credit_card,paid,1274.37,2024-08-18 03:42:03+00
920,920,cash_on_delivery,paid,15736.93,2024-08-20 21:32:43+00
921,921,cash_on_delivery,refunded,0.00,2024-08-18 17:19:28+00
922,922,cash_on_delivery,refunded,0.00,2024-08-20 23:47:11+00
923,923,cash_on_delivery,paid,6566.29,2024-08-18 15:43:25+00
924,924,cash_on_delivery,paid,6613.65,2024-08-18 05:56:40+00
925,925,credit_card,paid,3177.60,2024-08-18 18:49:22+00
926,926,cash_on_delivery,refunded,0.00,2024-08-20 07:26:30+00
927,927,cash_on_delivery,paid,7082.78,2024-08-21 02:38:58+00
928,928,cash_on_delivery,paid,3657.27,2024-08-21 20:55:36+00
929,929,credit_card,pending,0.00,
930,930,credit_card,paid,462.58,2024-08-20 17:23:03+00
931,931,credit_card,paid,119.06,2024-08-20 20:46:42+00
932,932,digital_wallet,paid,1002.89,2024-08-23 22:26:14+00
933,933,cash_on_delivery,paid,2413.85,2024-08-22 11:39:02+00
934,934,cash_on_delivery,refunded,0.00,2024-08-24 00:57:03+00
935,935,bank_transfer,paid,860.96,2024-08-22 23:51:35+00
936,936,credit_card,paid,2205.69,2024-08-24 16:40:32+00
937,937,digital_wallet,paid,9517.94,2024-08-24 18:53:47+00
938,938,cash_on_delivery,paid,2478.54,2024-08-24 08:36:47+00
939,939,cash_on_delivery,paid,2192.03,2024-08-23 23:53:07+00
940,940,cash_on_delivery,paid,1172.80,2024-08-23 09:17:31+00
941,941,credit_card,failed,0.00,
942,942,debit_card,paid,16149.57,2024-08-26 01:19:06+00
943,943,credit_card,paid,1738.33,2024-08-23 16:12:09+00
944,944,credit_card,paid,7174.11,2024-08-25 13:56:30+00
945,945,credit_card,paid,3963.34,2024-08-26 00:29:13+00
946,946,cash_on_delivery,pending,0.00,
947,947,bank_transfer,paid,527.19,2024-08-26 10:57:38+00
948,948,credit_card,paid,189.25,2024-08-22 04:47:03+00
949,949,cash_on_delivery,paid,12371.64,2024-08-26 23:29:11+00
950,950,debit_card,paid,169.41,2024-08-22 07:12:07+00
951,951,debit_card,paid,3836.18,2024-08-24 12:03:41+00
952,952,credit_card,paid,841.05,2024-08-26 19:47:37+00
953,953,digital_wallet,paid,837.62,2024-08-23 12:32:03+00
954,954,debit_card,refunded,0.00,2024-08-27 11:44:43+00
955,955,credit_card,paid,2854.75,2024-08-24 13:31:28+00
956,956,digital_wallet,refunded,0.00,2024-08-24 23:47:39+00
957,957,credit_card,paid,847.91,2024-08-25 10:28:26+00
958,958,cash_on_delivery,paid,74.95,2024-08-23 10:20:05+00
959,959,cash_on_delivery,paid,713.08,2024-08-24 01:42:09+00
960,960,cash_on_delivery,paid,183.99,2024-08-25 18:33:27+00
961,961,cash_on_delivery,paid,6171.30,2024-08-24 02:37:32+00
962,962,cash_on_delivery,paid,37.46,2024-08-27 01:26:24+00
963,963,credit_card,refunded,0.00,2024-08-28 23:29:34+00
964,964,credit_card,paid,2007.95,2024-08-25 01:27:04+00
965,965,debit_card,paid,3254.89,2024-08-24 22:19:20+00
966,966,debit_card,paid,311.95,2024-08-26 06:16:16+00
967,967,cash_on_delivery,paid,13984.98,2024-08-29 20:56:53+00
968,968,cash_on_delivery,paid,705.27,2024-08-27 15:17:41+00
969,969,debit_card,paid,2225.33,2024-08-29 11:32:26+00
970,970,cash_on_delivery,pending,0.00,
971,971,cash_on_delivery,paid,849.65,2024-08-28 18:30:24+00
972,972,debit_card,paid,544.73,2024-08-26 19:38:15+00
973,973,credit_card,paid,9749.82,2024-08-26 22:50:59+00
974,974,bank_transfer,paid,5488.79,2024-08-30 03:38:07+00
975,975,credit_card,paid,2010.98,2024-08-30 14:12:53+00
976,976,cash_on_delivery,paid,1416.40,2024-08-29 06:37:59+00
977,977,bank_transfer,pending,0.00,
978,978,cash_on_delivery,paid,3679.77,2024-08-28 03:57:05+00
979,979,digital_wallet,paid,2496.26,2024-08-27 08:29:47+00
980,980,debit_card,paid,1282.14,2024-08-29 23:49:47+00
981,981,debit_card,paid,1184.44,2024-09-02 05:37:31+00
982,982,debit_card,paid,2109.59,2024-09-02 05:53:35+00
983,983,credit_card,paid,10343.49,2024-08-30 05:02:14+00
984,984,credit_card,paid,7391.61,2024-09-02 04:51:39+00
985,985,credit_card,paid,46.99,2024-08-30 05:14:05+00
986,986,bank_transfer,paid,623.93,2024-08-31 09:05:04+00
987,987,cash_on_delivery,paid,10022.97,2024-09-01 14:26:42+00
988,988,debit_card,paid,813.19,2024-08-30 17:34:09+00
989,989,cash_on_delivery,pending,0.00,
990,990,credit_card,paid,6.53,2024-09-03 12:09:51+00
991,991,credit_card,paid,7506.86,2024-09-02 03:35:13+00
992,992,credit_card,pending,0.00,
993,993,credit_card,paid,6478.09,2024-09-01 00:05:50+00
994,994,bank_transfer,paid,4357.97,2024-09-05 17:10:19+00
995,995,debit_card,paid,344.52,2024-09-02 02:11:53+00
996,996,cash_on_delivery,failed,0.00,
997,997,digital_wallet,pending,0.00,
998,998,cash_on_delivery,paid,3113.64,2024-09-02 15:09:48+00
999,999,cash_on_delivery,pending,0.00,
1000,1000,credit_card,paid,1622.68,2024-09-03 12:35:30+00
1001,1001,cash_on_delivery,paid,2419.91,2024-09-06 11:34:21+00
1002,1002,credit_card,paid,555.95,2024-09-06 16:37:55+00
1003,1003,credit_card,paid,2444.89,2024-09-02 01:08:08+00
1004,1004,digital_wallet,paid,1808.32,2024-09-03 16:18:30+00
1005,1005,credit_card,paid,481.97,2024-09-06 18:57:55+00
1006,1006,cash_on_delivery,refunded,0.00,2024-09-04 11:33:18+00
1007,1007,cash_on_delivery,paid,5091.19,2024-09-02 23:53:09+00
1008,1008,debit_card,paid,516.29,2024-09-02 22:26:23+00
1009,1009,credit_card,paid,2606.41,2024-09-06 22:09:02+00
1010,1010,digital_wallet,paid,114.21,2024-09-05 11:52:39+00
1011,1011,cash_on_delivery,paid,229.24,2024-09-04 11:00:44+00
1012,1012,cash_on_delivery,paid,159.03,2024-09-06 08:55:50+00
1013,1013,digital_wallet,paid,1066.40,2024-09-05 10:50:17+00
1014,1014,bank_transfer,paid,1098.17,2024-09-06 06:09:23+00
1015,1015,credit_card,paid,8367.78,2024-09-07 09:54:59+00
1016,1016,credit_card,pending,0.00,
1017,1017,digital_wallet,paid,959.07,2024-09-04 03:02:47+00
1018,1018,cash_on_delivery,paid,450.35,2024-09-05 00:29:42+00
1019,1019,credit_card,paid,346.64,2024-09-03 16:58:02+00
1020,1020,credit_card,pending,0.00,
1021,1021,credit_card,paid,2393.64,2024-09-08 03:25:58+00
1022,1022,cash_on_delivery,pending,0.00,
1023,1023,cash_on_delivery,paid,7174.50,2024-09-07 11:54:13+00
1024,1024,credit_card,paid,11894.09,2024-09-05 05:02:33+00
1025,1025,credit_card,paid,33.17,2024-09-08 18:30:49+00
1026,1026,cash_on_delivery,pending,0.00,
1027,1027,debit_card,paid,64.31,2024-09-09 09:47:04+00
1028,1028,cash_on_delivery,paid,8411.97,2024-09-08 00:46:41+00
1029,1029,cash_on_delivery,paid,1161.49,2024-09-08 01:58:59+00
1030,1030,digital_wallet,paid,3202.05,2024-09-08 09:21:46+00
1031,1031,credit_card,paid,2511.53,2024-09-06 07:39:36+00
1032,1032,bank_transfer,paid,28.75,2024-09-09 12:42:48+00
1033,1033,credit_card,paid,47.22,2024-09-09 03:24:37+00
1034,1034,debit_card,paid,4594.82,2024-09-07 14:28:49+00
1035,1035,cash_on_delivery,paid,19340.64,2024-09-11 02:09:43+00
1036,1036,cash_on_delivery,paid,3254.79,2024-09-10 15:29:05+00
1037,1037,credit_card,failed,0.00,
1038,1038,debit_card,paid,2455.90,2024-09-08 07:54:54+00
1039,1039,digital_wallet,paid,2308.10,2024-09-10 20:19:10+00
1040,1040,cash_on_delivery,paid,2181.08,2024-09-10 17:40:43+00
1041,1041,credit_card,paid,1250.63,2024-09-07 23:33:31+00
1042,1042,cash_on_delivery,paid,7357.59,2024-09-08 13:34:55+00
1043,1043,cash_on_delivery,pending,0.00,
1044,1044,debit_card,paid,9543.47,2024-09-11 14:46:47+00
1045,1045,credit_card,paid,918.91,2024-09-10 17:18:42+00
1046,1046,debit_card,paid,469.20,2024-09-10 22:11:44+00
1047,1047,credit_card,paid,3831.59,2024-09-11 12:53:38+00
1048,1048,credit_card,refunded,0.00,2024-09-08 17:19:59+00
1049,1049,digital_wallet,failed,0.00,
1050,1050,cash_on_delivery,paid,1174.38,2024-09-13 14:30:23+00
1051,1051,credit_card,paid,708.11,2024-09-12 07:28:55+00
1052,1052,digital_wallet,paid,347.60,2024-09-13 08:16:09+00
1053,1053,credit_card,pending,0.00,
1054,1054,credit_card,paid,270.23,2024-09-11 03:42:28+00
1055,1055,digital_wallet,paid,3961.28,2024-09-14 00:20:33+00
1056,1056,debit_card,pending,0.00,
1057,1057,debit_card,pending,0.00,
1058,1058,digital_wallet,paid,228.86,2024-09-13 13:23:04+00
1059,1059,cash_on_delivery,refunded,0.00,2024-09-13 03:50:00+00
1060,1060,credit_card,paid,221.98,2024-09-11 03:28:17+00
1061,1061,digital_wallet,paid,2102.25,2024-09-15 00:06:24+00
1062,1062,cash_on_delivery,paid,539.86,2024-09-14 07:01:04+00
1063,1063,cash_on_delivery,paid,971.29,2024-09-13 20:14:18+00
1064,1064,cash_on_delivery,paid,11096.71,2024-09-12 22:13:21+00
1065,1065,debit_card,paid,844.91,2024-09-12 13:39:32+00
1066,1066,bank_transfer,pending,0.00,
1067,1067,credit_card,paid,18.03,2024-09-15 02:49:01+00
1068,1068,credit_card,pending,0.00,
1069,1069,credit_card,refunded,0.00,2024-09-15 07:01:58+00
1070,1070,credit_card,paid,8215.09,2024-09-12 13:40:58+00
1071,1071,cash_on_delivery,paid,771.73,2024-09-15 05:41:54+00
1072,1072,credit_card,refunded,0.00,2024-09-12 23:50:16+00
1073,1073,cash_on_delivery,failed,0.00,
1074,1074,digital_wallet,paid,12248.03,2024-09-12 12:22:47+00
1075,1075,bank_transfer,paid,5846.81,2024-09-11 20:00:05+00
1076,1076,credit_card,failed,0.00,
1077,1077,cash_on_delivery,pending,0.00,
1078,1078,credit_card,paid,2396.32,2024-09-11 23:53:57+00
1079,1079,bank_transfer,paid,2309.33,2024-09-13 06:34:46+00
1080,1080,credit_card,paid,55.08,2024-09-15 00:27:08+00
1081,1081,cash_on_delivery,paid,10958.79,2024-09-16 13:31:53+00
1082,1082,debit_card,paid,56.94,2024-09-16 12:39:07+00
1083,1083,bank_transfer,refunded,0.00,2024-09-15 16:04:34+00
1084,1084,cash_on_delivery,paid,4371.66,2024-09-14 16:09:12+00
1085,1085,digital_wallet,paid,3459.83,2024-09-16 07:38:36+00
1086,1086,credit_card,paid,150.43,2024-09-14 21:35:34+00
1087,1087,credit_card,failed,0.00,
1088,1088,digital_wallet,paid,1555.42,2024-09-16 09:10:05+00
1089,1089,credit_card,paid,182.85,2024-09-17 02:52:55+00
1090,1090,debit_card,paid,3600.15,2024-09-17 07:29:28+00
1091,1091,credit_card,paid,827.45,2024-09-16 20:56:52+00
1092,1092,cash_on_delivery,paid,282.91,2024-09-18 22:20:25+00
1093,1093,credit_card,paid,3818.69,2024-09-19 15:11:26+00
1094,1094,credit_card,refunded,0.00,2024-09-21 12:42:33+00
1095,1095,debit_card,paid,47.62,2024-09-20 22:53:44+00
1096,1096,cash_on_delivery,paid,5760.87,2024-09-21 17:12:23+00
1097,1097,cash_on_delivery,paid,232.17,2024-09-21 10:49:06+00
1098,1098,credit_card,paid,9051.83,2024-09-18 20:11:29+00
1099,1099,debit_card,paid,1562.44,2024-09-19 01:24:00+00
1100,1100,cash_on_delivery,paid,209.86,2024-09-20 01:30:50+00
1101,1101,credit_card,paid,554.99,2024-09-20 03:57:26+00
1102,1102,debit_card,paid,116.88,2024-09-22 09:37:52+00
1103,1103,debit_card,refunded,0.00,2024-09-23 03:32:31+00
1104,1104,cash_on_delivery,paid,2454.31,2024-09-20 09:28:23+00
1105,1105,cash_on_delivery,paid,82.93,2024-09-23 07:02:48+00
1106,1106,cash_on_delivery,paid,208.85,2024-09-20 21:45:12+00
1107,1107,debit_card,paid,668.65,2024-09-22 16:28:33+00
1108,1108,cash_on_delivery,refunded,0.00,2024-09-21 06:21:09+00
1109,1109,cash_on_delivery,paid,971.29,2024-09-25 02:08:18+00
1110,1110,cash_on_delivery,paid,3392.65,2024-09-22 01:44:36+00
1111,1111,cash_on_delivery,paid,999.04,2024-09-22 05:20:42+00
1112,1112,cash_on_delivery,paid,61.78,2024-09-23 04:03:33+00
1113,1113,bank_transfer,paid,1392.33,2024-09-24 14:23:03+00
1114,1114,cash_on_delivery,paid,3703.43,2024-09-23 06:45:10+00
1115,1115,cash_on_delivery,paid,4513.66,2024-09-22 01:08:33+00
1116,1116,credit_card,paid,1918.34,2024-09-23 07:19:26+00
1117,1117,cash_on_delivery,pending,0.00,
1118,1118,credit_card,pending,0.00,
1119,1119,credit_card,paid,829.54,2024-09-25 09:32:56+00
1120,1120,cash_on_delivery,paid,13073.80,2024-09-25 22:53:36+00
1121,1121,credit_card,paid,128.19,2024-09-24 11:25:24+00
1122,1122,bank_transfer,paid,1524.03,2024-09-24 15:40:13+00
1123,1123,cash_on_delivery,refunded,0.00,2024-09-28 00:27:32+00
1124,1124,credit_card,paid,837.62,2024-09-25 11:05:38+00
1125,1125,credit_card,paid,13458.13,2024-09-25 21:25:30+00
1126,1126,credit_card,paid,140.75,2024-09-24 21:47:01+00
1127,1127,debit_card,paid,1576.42,2024-09-26 17:10:50+00
1128,1128,bank_transfer,paid,260.62,2024-09-27 01:11:56+00
1129,1129,credit_card,paid,9.19,2024-09-27 12:42:06+00
1130,1130,credit_card,paid,3819.78,2024-09-25 16:57:51+00
1131,1131,bank_transfer,paid,1236.40,2024-09-25 20:14:09+00
1132,1132,bank_transfer,paid,2091.63,2024-09-29 22:58:15+00
1133,1133,credit_card,paid,1778.43,2024-09-29 13:38:38+00
1134,1134,credit_card,paid,830.61,2024-09-27 02:34:00+00
1135,1135,debit_card,pending,0.00,
1136,1136,cash_on_delivery,paid,52.25,2024-09-28 10:03:45+00
1137,1137,debit_card,paid,984.87,2024-09-29 14:54:28+00
1138,1138,debit_card,paid,377.07,2024-09-28 12:14:58+00
1139,1139,cash_on_delivery,paid,1093.11,2024-09-29 09:48:57+00
1140,1140,cash_on_delivery,pending,0.00,
1141,1141,cash_on_delivery,paid,556.71,2024-09-27 07:37:32+00
1142,1142,debit_card,paid,2350.45,2024-10-01 20:21:31+00
1143,1143,credit_card,paid,6672.95,2024-10-01 03:09:07+00
1144,1144,bank_transfer,paid,16276.34,2024-09-28 05:14:18+00
1145,1145,debit_card,paid,1502.43,2024-09-29 15:45:50+00
1146,1146,digital_wallet,paid,246.33,2024-09-29 19:09:24+00
1147,1147,credit_card,paid,75.84,2024-09-28 03:41:48+00
1148,1148,cash_on_delivery,refunded,0.00,2024-09-29 14:27:50+00
1149,1149,cash_on_delivery,paid,4070.64,2024-10-02 08:07:50+00
1150,1150,credit_card,paid,12719.32,2024-09-30 20:08:04+00
1151,1151,credit_card,paid,1803.25,2024-10-01 18:33:39+00
1152,1152,debit_card,paid,71.33,2024-09-29 04:52:51+00
1153,1153,credit_card,refunded,0.00,2024-09-29 21:19:00+00
1154,1154,cash_on_delivery,paid,5513.35,2024-10-03 08:46:59+00
1155,1155,credit_card,paid,13290.34,2024-09-30 20:14:58+00
1156,1156,credit_card,failed,0.00,
1157,1157,bank_transfer,paid,10851.57,2024-10-01 18:38:03+00
1158,1158,debit_card,paid,3103.02,2024-10-02 23:43:46+00
1159,1159,credit_card,paid,4823.74,2024-10-02 01:22:41+00
1160,1160,cash_on_delivery,failed,0.00,
1161,1161,credit_card,pending,0.00,
1162,1162,bank_transfer,failed,0.00,
1163,1163,cash_on_delivery,failed,0.00,
1164,1164,bank_transfer,paid,917.76,2024-10-04 12:02:11+00
1165,1165,cash_on_delivery,paid,41.11,2024-10-04 09:10:46+00
1166,1166,credit_card,failed,0.00,
1167,1167,cash_on_delivery,paid,7458.68,2024-10-07 07:45:13+00
1168,1168,credit_card,paid,2861.22,2024-10-05 06:38:50+00
1169,1169,credit_card,paid,3686.18,2024-10-04 11:41:38+00
1170,1170,cash_on_delivery,paid,813.23,2024-10-08 18:09:20+00
1171,1171,cash_on_delivery,paid,6662.66,2024-10-05 21:28:14+00
1172,1172,debit_card,failed,0.00,
1173,1173,credit_card,paid,19.36,2024-10-05 05:11:54+00
1174,1174,cash_on_delivery,paid,6316.06,2024-10-07 22:38:17+00
1175,1175,digital_wallet,pending,0.00,
1176,1176,cash_on_delivery,paid,6481.87,2024-10-09 00:38:05+00
1177,1177,bank_transfer,paid,504.45,2024-10-07 23:35:52+00
1178,1178,debit_card,refunded,0.00,2024-10-06 21:11:31+00
1179,1179,credit_card,paid,6479.91,2024-10-06 21:20:00+00
1180,1180,cash_on_delivery,paid,1460.05,2024-10-07 09:45:17+00
1181,1181,credit_card,failed,0.00,
1182,1182,credit_card,failed,0.00,
1183,1183,credit_card,paid,1331.29,2024-10-07 17:25:49+00
1184,1184,cash_on_delivery,paid,7872.93,2024-10-09 15:16:07+00
1185,1185,cash_on_delivery,refunded,0.00,2024-10-12 13:36:21+00
1186,1186,debit_card,pending,0.00,
1187,1187,credit_card,paid,618.68,2024-10-12 00:12:36+00
1188,1188,debit_card,failed,0.00,
1189,1189,cash_on_delivery,paid,91.97,2024-10-13 04:29:24+00
1190,1190,cash_on_delivery,paid,3179.82,2024-10-09 17:07:09+00
1191,1191,debit_card,paid,3736.25,2024-10-10 16:49:57+00
1192,1192,bank_transfer,failed,0.00,
1193,1193,credit_card,paid,565.39,2024-10-11 04:00:20+00
1194,1194,credit_card,paid,1748.67,2024-10-11 05:27:10+00
1195,1195,credit_card,paid,394.62,2024-10-14 11:10:38+00
1196,1196,cash_on_delivery,paid,4309.26,2024-10-12 17:00:09+00
1197,1197,cash_on_delivery,paid,314.78,2024-10-15 14:39:11+00
1198,1198,cash_on_delivery,paid,83.69,2024-10-14 09:33:51+00
1199,1199,credit_card,paid,12021.34,2024-10-16 06:52:27+00
1200,1200,cash_on_delivery,paid,3442.35,2024-10-17 03:46:48+00
1201,1201,digital_wallet,paid,12118.24,2024-10-14 17:12:24+00
1202,1202,credit_card,refunded,0.00,2024-10-14 14:26:49+00
1203,1203,cash_on_delivery,paid,1778.61,2024-10-14 21:21:27+00
1204,1204,bank_transfer,paid,2373.98,2024-10-17 20:18:14+00
1205,1205,cash_on_delivery,paid,3026.91,2024-10-18 08:18:11+00
1206,1206,debit_card,paid,477.49,2024-10-18 02:33:37+00
1207,1207,debit_card,paid,7839.39,2024-10-19 03:32:12+00
1208,1208,credit_card,pending,0.00,
1209,1209,credit_card,paid,2177.08,2024-10-19 11:23:09+00
1210,1210,cash_on_delivery,paid,226.85,2024-10-17 14:28:01+00
1211,1211,digital_wallet,paid,172.27,2024-10-16 11:54:32+00
1212,1212,credit_card,paid,2353.43,2024-10-18 17:49:14+00
1213,1213,digital_wallet,paid,741.98,2024-10-16 11:06:58+00
1214,1214,digital_wallet,paid,886.61,2024-10-20 07:38:03+00
1215,1215,credit_card,paid,706.63,2024-10-16 09:19:18+00
1216,1216,cash_on_delivery,refunded,0.00,2024-10-18 00:48:59+00
1217,1217,digital_wallet,refunded,0.00,2024-10-19 21:50:50+00
1218,1218,cash_on_delivery,paid,65.56,2024-10-17 03:50:32+00
1219,1219,cash_on_delivery,paid,8860.77,2024-10-20 10:51:34+00
1220,1220,credit_card,paid,12681.12,2024-10-19 19:15:35+00
1221,1221,credit_card,paid,189.59,2024-10-20 19:45:12+00
1222,1222,cash_on_delivery,paid,8210.58,2024-10-17 17:08:42+00
1223,1223,debit_card,pending,0.00,
1224,1224,credit_card,refunded,0.00,2024-10-19 14:46:59+00
1225,1225,cash_on_delivery,pending,0.00,
1226,1226,cash_on_delivery,refunded,0.00,2024-10-18 08:03:36+00
1227,1227,digital_wallet,paid,601.60,2024-10-18 09:01:07+00
1228,1228,cash_on_delivery,paid,12559.25,2024-10-19 04:49:13+00
1229,1229,cash_on_delivery,failed,0.00,
1230,1230,credit_card,paid,580.42,2024-10-21 09:45:14+00
1231,1231,cash_on_delivery,paid,1198.80,2024-10-20 08:57:05+00
1232,1232,credit_card,refunded,0.00,2024-10-22 16:33:38+00
1233,1233,credit_card,paid,1480.37,2024-10-22 17:58:44+00
1234,1234,credit_card,paid,88.24,2024-10-22 08:04:40+00
1235,1235,cash_on_delivery,paid,3523.68,2024-10-23 05:02:35+00
1236,1236,credit_card,refunded,0.00,2024-10-23 13:14:22+00
1237,1237,debit_card,paid,1103.87,2024-10-21 20:22:43+00
1238,1238,cash_on_delivery,paid,5108.13,2024-10-24 03:47:06+00
1239,1239,cash_on_delivery,paid,33.17,2024-10-24 21:17:16+00
1240,1240,cash_on_delivery,paid,1168.24,2024-10-24 01:25:24+00
1241,1241,cash_on_delivery,paid,3672.80,2024-10-25 08:21:13+00
1242,1242,cash_on_delivery,paid,10480.15,2024-10-23 23:16:56+00
1243,1243,cash_on_delivery,paid,5612.14,2024-10-25 07:02:35+00
1244,1244,credit_card,paid,36.39,2024-10-23 11:12:33+00
1245,1245,digital_wallet,failed,0.00,
1246,1246,digital_wallet,pending,0.00,
1247,1247,debit_card,paid,653.86,2024-10-22 06:59:43+00
1248,1248,debit_card,pending,0.00,
1249,1249,debit_card,paid,1856.43,2024-10-26 13:39:49+00
1250,1250,digital_wallet,paid,1756.31,2024-10-25 16:53:10+00
1251,1251,digital_wallet,paid,4910.87,2024-10-23 19:35:25+00
1252,1252,cash_on_delivery,paid,686.47,2024-10-23 07:37:39+00
1253,1253,credit_card,paid,979.66,2024-10-25 18:53:19+00
1254,1254,debit_card,pending,0.00,
1255,1255,bank_transfer,paid,4455.05,2024-10-26 10:50:41+00
1256,1256,cash_on_delivery,failed,0.00,
1257,1257,debit_card,paid,98.82,2024-10-25 12:09:58+00
1258,1258,cash_on_delivery,paid,436.93,2024-10-24 05:24:06+00
1259,1259,cash_on_delivery,failed,0.00,
1260,1260,credit_card,paid,19647.33,2024-10-26 03:26:48+00
1261,1261,cash_on_delivery,pending,0.00,
1262,1262,cash_on_delivery,pending,0.00,
1263,1263,credit_card,paid,2967.21,2024-10-26 01:50:33+00
1264,1264,cash_on_delivery,paid,2937.17,2024-10-26 19:35:10+00
1265,1265,bank_transfer,failed,0.00,
1266,1266,cash_on_delivery,paid,3953.26,2024-10-28 06:24:10+00
1267,1267,cash_on_delivery,paid,45.87,2024-10-29 00:48:49+00
1268,1268,credit_card,paid,7139.88,2024-10-28 04:23:07+00
1269,1269,debit_card,pending,0.00,
1270,1270,credit_card,paid,5469.75,2024-10-29 22:51:46+00
1271,1271,debit_card,pending,0.00,
1272,1272,credit_card,paid,1229.81,2024-10-30 00:44:57+00
1273,1273,credit_card,paid,3660.58,2024-10-28 00:57:10+00
1274,1274,debit_card,paid,2951.07,2024-10-29 16:38:50+00
1275,1275,bank_transfer,paid,73.67,2024-11-01 04:51:11+00
1276,1276,bank_transfer,paid,1763.01,2024-10-28 13:04:51+00
1277,1277,cash_on_delivery,paid,707.51,2024-10-29 19:25:29+00
1278,1278,credit_card,paid,44.24,2024-10-29 20:43:52+00
1279,1279,credit_card,paid,2042.60,2024-10-28 17:41:44+00
1280,1280,credit_card,paid,14821.39,2024-11-01 08:13:14+00
1281,1281,digital_wallet,failed,0.00,
1282,1282,cash_on_delivery,paid,5045.67,2024-10-29 22:58:32+00
1283,1283,debit_card,paid,3255.40,2024-11-02 17:35:40+00
1284,1284,digital_wallet,paid,4254.94,2024-10-30 23:38:39+00
1285,1285,credit_card,paid,10149.62,2024-10-30 05:35:43+00
1286,1286,cash_on_delivery,paid,202.31,2024-10-30 18:55:32+00
1287,1287,digital_wallet,paid,7123.47,2024-11-02 20:07:01+00
1288,1288,credit_card,pending,0.00,
1289,1289,bank_transfer,failed,0.00,
1290,1290,debit_card,paid,54.52,2024-11-03 20:00:57+00
1291,1291,debit_card,paid,13129.39,2024-11-04 05:39:52+00
1292,1292,debit_card,pending,0.00,
1293,1293,cash_on_delivery,paid,1095.76,2024-11-04 19:00:50+00
1294,1294,cash_on_delivery,paid,87.25,2024-10-31 22:29:52+00
1295,1295,cash_on_delivery,paid,49.20,2024-11-01 23:01:46+00
1296,1296,debit_card,paid,4854.60,2024-11-02 06:20:13+00
1297,1297,cash_on_delivery,paid,13236.54,2024-11-03 16:53:52+00
1298,1298,credit_card,paid,929.62,2024-10-31 13:03:08+00
1299,1299,debit_card,paid,379.21,2024-11-03 18:30:31+00
1300,1300,cash_on_delivery,paid,329.25,2024-11-01 20:46:41+00
1301,1301,credit_card,paid,848.72,2024-11-03 23:27:10+00
1302,1302,digital_wallet,paid,1908.69,2024-11-03 07:50:47+00
1303,1303,digital_wallet,paid,105.16,2024-11-07 13:12:04+00
1304,1304,debit_card,paid,1109.42,2024-11-05 16:42:27+00
1305,1305,credit_card,pending,0.00,
1306,1306,credit_card,paid,320.33,2024-11-03 18:36:43+00
1307,1307,cash_on_delivery,paid,741.20,2024-11-05 23:50:53+00
1308,1308,cash_on_delivery,paid,82.85,2024-11-06 21:02:01+00
1309,1309,credit_card,paid,660.51,2024-11-09 00:25:04+00
1310,1310,cash_on_delivery,paid,2070.78,2024-11-06 17:54:16+00
1311,1311,credit_card,paid,31.22,2024-11-08 02:52:55+00
1312,1312,credit_card,paid,5281.22,2024-11-06 16:38:05+00
1313,1313,cash_on_delivery,paid,1161.67,2024-11-10 06:02:21+00
1314,1314,cash_on_delivery,paid,338.75,2024-11-07 20:34:25+00
1315,1315,cash_on_delivery,paid,819.20,2024-11-09 04:30:32+00
1316,1316,digital_wallet,failed,0.00,
1317,1317,credit_card,paid,6894.68,2024-11-09 04:34:26+00
1318,1318,cash_on_delivery,paid,5233.41,2024-11-08 00:40:28+00
1319,1319,cash_on_delivery,paid,9208.34,2024-11-10 15:08:31+00
1320,1320,credit_card,paid,261.94,2024-11-09 12:32:11+00
1321,1321,cash_on_delivery,paid,1965.90,2024-11-08 15:37:09+00
1322,1322,credit_card,paid,112.62,2024-11-09 17:55:10+00
1323,1323,credit_card,paid,3794.12,2024-11-12 15:09:02+00
1324,1324,bank_transfer,paid,50.82,2024-11-09 23:28:55+00
1325,1325,debit_card,paid,2003.12,2024-11-12 20:36:57+00
1326,1326,credit_card,paid,7164.85,2024-11-10 07:20:08+00
1327,1327,bank_transfer,pending,0.00,
1328,1328,digital_wallet,paid,11296.84,2024-11-13 16:50:50+00
1329,1329,cash_on_delivery,paid,376.91,2024-11-11 21:18:45+00
1330,1330,cash_on_delivery,paid,2609.42,2024-11-10 17:47:33+00
1331,1331,cash_on_delivery,paid,10114.08,2024-11-13 22:18:48+00
1332,1332,debit_card,paid,1931.48,2024-11-09 17:06:24+00
1333,1333,cash_on_delivery,paid,13499.73,2024-11-14 21:06:51+00
1334,1334,credit_card,pending,0.00,
1335,1335,credit_card,refunded,0.00,2024-11-13 12:11:09+00
1336,1336,cash_on_delivery,paid,44.16,2024-11-12 00:49:38+00
1337,1337,cash_on_delivery,paid,694.68,2024-11-12 09:09:45+00
1338,1338,bank_transfer,paid,15377.92,2024-11-15 10:33:07+00
1339,1339,cash_on_delivery,paid,358.00,2024-11-14 08:10:04+00
1340,1340,credit_card,paid,7103.78,2024-11-13 14:04:05+00
1341,1341,bank_transfer,pending,0.00,
1342,1342,credit_card,paid,41.11,2024-11-13 12:07:41+00
1343,1343,credit_card,paid,5457.57,2024-11-14 12:20:16+00
1344,1344,bank_transfer,paid,5467.83,2024-11-13 21:01:11+00
1345,1345,debit_card,paid,3011.09,2024-11-13 11:19:57+00
1346,1346,digital_wallet,paid,19073.37,2024-11-12 19:30:58+00
1347,1347,cash_on_delivery,paid,387.95,2024-11-13 02:49:19+00
1348,1348,cash_on_delivery,paid,68.10,2024-11-13 07:07:58+00
1349,1349,cash_on_delivery,failed,0.00,
1350,1350,credit_card,refunded,0.00,2024-11-12 18:04:34+00
1351,1351,cash_on_delivery,refunded,0.00,2024-11-13 05:36:49+00
1352,1352,bank_transfer,paid,1778.34,2024-11-13 10:30:06+00
1353,1353,cash_on_delivery,failed,0.00,
1354,1354,cash_on_delivery,paid,1373.45,2024-11-12 15:51:17+00
1355,1355,cash_on_delivery,pending,0.00,
1356,1356,digital_wallet,paid,1248.00,2024-11-13 11:04:17+00
1357,1357,cash_on_delivery,paid,1787.94,2024-11-17 05:50:36+00
1358,1358,cash_on_delivery,paid,1484.28,2024-11-14 06:40:16+00
1359,1359,credit_card,refunded,0.00,2024-11-13 15:24:42+00
1360,1360,cash_on_delivery,paid,1068.91,2024-11-12 20:58:10+00
1361,1361,digital_wallet,paid,522.45,2024-11-17 21:56:38+00
1362,1362,digital_wallet,paid,10352.53,2024-11-13 07:17:50+00
1363,1363,credit_card,paid,1114.97,2024-11-13 19:02:03+00
1364,1364,credit_card,pending,0.00,
1365,1365,cash_on_delivery,paid,209.86,2024-11-13 12:51:28+00
1366,1366,credit_card,paid,1821.71,2024-11-16 00:07:51+00
1367,1367,credit_card,paid,5808.10,2024-11-16 06:47:50+00
1368,1368,cash_on_delivery,paid,68.04,2024-11-13 13:11:23+00
1369,1369,bank_transfer,paid,1396.38,2024-11-13 19:20:49+00
1370,1370,credit_card,paid,1787.37,2024-11-16 01:33:20+00
1371,1371,cash_on_delivery,paid,5700.21,2024-11-16 11:17:01+00
1372,1372,bank_transfer,failed,0.00,
1373,1373,debit_card,paid,2020.71,2024-11-17 05:09:50+00
1374,1374,cash_on_delivery,paid,627.59,2024-11-18 11:17:38+00
1375,1375,debit_card,pending,0.00,
1376,1376,cash_on_delivery,paid,598.49,2024-11-17 02:17:55+00
1377,1377,credit_card,paid,3674.23,2024-11-18 02:40:29+00
1378,1378,credit_card,paid,2785.70,2024-11-19 22:36:55+00
1379,1379,cash_on_delivery,failed,0.00,
1380,1380,digital_wallet,failed,0.00,
1381,1381,digital_wallet,paid,153.73,2024-11-18 12:37:20+00
1382,1382,credit_card,pending,0.00,
1383,1383,cash_on_delivery,paid,126.14,2024-11-16 18:39:42+00
1384,1384,credit_card,paid,4130.02,2024-11-19 18:34:32+00
1385,1385,cash_on_delivery,paid,1260.86,2024-11-19 14:27:05+00
1386,1386,credit_card,paid,3283.16,2024-11-20 20:15:42+00
1387,1387,credit_card,paid,2092.84,2024-11-22 01:33:31+00
1388,1388,cash_on_delivery,pending,0.00,
1389,1389,digital_wallet,paid,6066.99,2024-11-18 18:28:08+00
1390,1390,credit_card,paid,12746.49,2024-11-21 02:12:10+00
1391,1391,debit_card,paid,4841.35,2024-11-20 11:10:36+00
1392,1392,credit_card,paid,1806.66,2024-11-21 21:50:57+00
1393,1393,cash_on_delivery,paid,4934.90,2024-11-21 12:46:54+00
1394,1394,cash_on_delivery,paid,5514.75,2024-11-20 05:01:49+00
1395,1395,credit_card,paid,1687.41,2024-11-20 01:53:52+00
1396,1396,debit_card,paid,1320.49,2024-11-22 01:39:28+00
1397,1397,bank_transfer,paid,7100.61,2024-11-22 20:53:42+00
1398,1398,cash_on_delivery,pending,0.00,
1399,1399,credit_card,paid,1273.41,2024-11-24 20:38:13+00
1400,1400,cash_on_delivery,paid,1359.35,2024-11-24 07:05:44+00
1401,1401,bank_transfer,paid,15532.73,2024-11-22 11:19:39+00
1402,1402,cash_on_delivery,pending,0.00,
1403,1403,debit_card,paid,1056.74,2024-11-24 08:26:08+00
1404,1404,credit_card,paid,7783.54,2024-11-22 16:59:48+00
1405,1405,digital_wallet,paid,840.45,2024-11-23 22:06:03+00
1406,1406,bank_transfer,paid,606.66,2024-11-26 04:57:16+00
1407,1407,credit_card,failed,0.00,
1408,1408,cash_on_delivery,paid,3379.37,2024-11-24 14:49:12+00
1409,1409,digital_wallet,paid,4654.71,2024-11-23 08:26:18+00
1410,1410,credit_card,paid,667.20,2024-11-26 03:00:06+00
1411,1411,credit_card,paid,2599.61,2024-11-26 18:03:34+00
1412,1412,credit_card,paid,872.95,2024-11-25 17:36:23+00
1413,1413,credit_card,refunded,0.00,2024-11-26 09:35:35+00
1414,1414,digital_wallet,paid,1899.23,2024-11-26 22:51:31+00
1415,1415,cash_on_delivery,paid,773.99,2024-11-25 08:02:37+00
1416,1416,cash_on_delivery,paid,3173.92,2024-11-24 21:05:24+00
1417,1417,debit_card,paid,783.77,2024-11-28 16:01:41+00
1418,1418,bank_transfer,paid,647.73,2024-11-28 07:46:57+00
1419,1419,cash_on_delivery,paid,5262.73,2024-11-27 03:54:22+00
1420,1420,bank_transfer,pending,0.00,
1421,1421,bank_transfer,paid,765.77,2024-11-26 19:08:53+00
1422,1422,digital_wallet,paid,1356.02,2024-11-29 14:00:24+00
1423,1423,credit_card,paid,2712.84,2024-11-27 10:06:04+00
1424,1424,debit_card,paid,2057.97,2024-11-25 23:35:38+00
1425,1425,cash_on_delivery,refunded,0.00,2024-11-29 13:31:51+00
1426,1426,cash_on_delivery,paid,18288.95,2024-11-27 22:14:42+00
1427,1427,credit_card,pending,0.00,
1428,1428,credit_card,paid,14773.42,2024-11-29 21:05:51+00
1429,1429,debit_card,paid,69.02,2024-12-01 08:13:03+00
1430,1430,debit_card,failed,0.00,
1431,1431,credit_card,refunded,0.00,2024-11-30 11:57:00+00
1432,1432,digital_wallet,paid,12536.50,2024-12-01 05:51:41+00
1433,1433,digital_wallet,pending,0.00,
1434,1434,cash_on_delivery,paid,74.15,2024-11-30 20:36:40+00
1435,1435,cash_on_delivery,paid,12772.84,2024-12-01 22:09:06+00
1436,1436,credit_card,paid,2149.26,2024-11-29 04:39:07+00
1437,1437,credit_card,paid,3819.78,2024-11-30 09:54:18+00
1438,1438,credit_card,paid,899.93,2024-12-01 18:45:53+00
1439,1439,bank_transfer,paid,54.28,2024-11-29 19:26:37+00
1440,1440,debit_card,paid,745.10,2024-12-01 14:15:43+00
1441,1441,credit_card,failed,0.00,
1442,1442,credit_card,paid,48.88,2024-12-03 05:07:59+00
1443,1443,cash_on_delivery,paid,668.29,2024-12-03 02:07:33+00
1444,1444,credit_card,paid,350.07,2024-12-01 04:04:58+00
1445,1445,bank_transfer,failed,0.00,
1446,1446,debit_card,paid,1307.24,2024-11-30 07:05:23+00
1447,1447,cash_on_delivery,paid,747.88,2024-12-02 14:31:32+00
1448,1448,credit_card,paid,2896.10,2024-12-05 11:50:50+00
1449,1449,cash_on_delivery,paid,866.42,2024-12-02 17:25:26+00
1450,1450,digital_wallet,paid,38.18,2024-12-02 06:19:25+00
1451,1451,credit_card,paid,2292.39,2024-12-05 12:33:28+00
1452,1452,cash_on_delivery,paid,11919.62,2024-12-06 05:11:05+00
1453,1453,cash_on_delivery,pending,0.00,
1454,1454,cash_on_delivery,paid,1187.70,2024-12-07 10:37:10+00
1455,1455,cash_on_delivery,failed,0.00,
1456,1456,cash_on_delivery,paid,647.11,2024-12-07 15:40:08+00
1457,1457,credit_card,paid,1477.79,2024-12-04 03:29:18+00
1458,1458,credit_card,paid,12728.67,2024-12-06 22:08:16+00
1459,1459,cash_on_delivery,refunded,0.00,2024-12-07 06:27:59+00
1460,1460,credit_card,paid,118.56,2024-12-04 15:00:03+00
1461,1461,digital_wallet,paid,1109.42,2024-12-05 04:06:52+00
1462,1462,credit_card,paid,4170.98,2024-12-08 11:36:15+00
1463,1463,cash_on_delivery,failed,0.00,
1464,1464,bank_transfer,paid,3408.99,2024-12-08 06:02:54+00
1465,1465,cash_on_delivery,paid,3364.67,2024-12-08 16:23:00+00
1466,1466,credit_card,paid,5072.44,2024-12-09 01:53:40+00
1467,1467,debit_card,paid,7959.42,2024-12-06 12:17:53+00
1468,1468,credit_card,pending,0.00,
1469,1469,cash_on_delivery,pending,0.00,
1470,1470,cash_on_delivery,paid,3088.64,2024-12-06 09:00:46+00
1471,1471,debit_card,paid,43.49,2024-12-08 14:02:19+00
1472,1472,debit_card,paid,15.83,2024-12-08 16:47:20+00
1473,1473,digital_wallet,refunded,0.00,2024-12-09 13:12:06+00
1474,1474,cash_on_delivery,paid,9330.34,2024-12-06 22:17:35+00
1475,1475,cash_on_delivery,refunded,0.00,2024-12-09 10:07:45+00
1476,1476,cash_on_delivery,pending,0.00,
1477,1477,credit_card,paid,530.19,2024-12-07 05:11:35+00
1478,1478,credit_card,paid,11016.46,2024-12-10 17:48:33+00
1479,1479,digital_wallet,paid,7240.95,2024-12-11 15:25:41+00
1480,1480,credit_card,paid,786.65,2024-12-10 13:08:53+00
1481,1481,digital_wallet,paid,13496.89,2024-12-12 04:11:09+00
1482,1482,cash_on_delivery,paid,20.56,2024-12-12 05:19:29+00
1483,1483,cash_on_delivery,paid,1669.68,2024-12-11 15:58:06+00
1484,1484,credit_card,paid,1961.24,2024-12-11 22:43:13+00
1485,1485,credit_card,paid,1961.87,2024-12-09 09:37:23+00
1486,1486,cash_on_delivery,paid,9870.21,2024-12-09 20:31:19+00
1487,1487,digital_wallet,refunded,0.00,2024-12-12 17:34:38+00
1488,1488,cash_on_delivery,paid,90.24,2024-12-11 19:56:56+00
1489,1489,debit_card,paid,516.15,2024-12-09 22:35:26+00
1490,1490,cash_on_delivery,paid,9093.70,2024-12-13 08:22:56+00
1491,1491,credit_card,pending,0.00,
1492,1492,credit_card,paid,4039.01,2024-12-13 17:34:15+00
1493,1493,credit_card,paid,1827.76,2024-12-10 18:56:07+00
1494,1494,digital_wallet,paid,10760.42,2024-12-12 01:43:44+00
1495,1495,debit_card,failed,0.00,
1496,1496,credit_card,pending,0.00,
1497,1497,credit_card,paid,5028.95,2024-12-12 00:05:41+00
1498,1498,cash_on_delivery,paid,11303.00,2024-12-12 09:42:32+00
1499,1499,cash_on_delivery,paid,1827.54,2024-12-15 17:14:35+00
1500,1500,credit_card,paid,693.82,2024-12-13 00:20:14+00
1501,1501,credit_card,paid,261.36,2024-12-13 05:22:19+00
1502,1502,digital_wallet,paid,13770.36,2024-12-16 15:16:21+00
1503,1503,digital_wallet,paid,8780.11,2024-12-16 21:02:36+00
1504,1504,credit_card,refunded,0.00,2024-12-12 16:10:53+00
1505,1505,cash_on_delivery,paid,4617.03,2024-12-17 13:26:29+00
1506,1506,credit_card,failed,0.00,
1507,1507,debit_card,paid,6923.45,2024-12-15 03:56:05+00
1508,1508,debit_card,paid,586.21,2024-12-16 18:07:18+00
1509,1509,credit_card,paid,4327.82,2024-12-15 14:51:56+00
1510,1510,bank_transfer,paid,9234.87,2024-12-15 04:25:37+00
1511,1511,bank_transfer,failed,0.00,
1512,1512,cash_on_delivery,paid,1585.61,2024-12-15 06:08:53+00
1513,1513,credit_card,paid,2299.20,2024-12-17 22:49:06+00
1514,1514,credit_card,paid,2309.02,2024-12-15 09:12:24+00
1515,1515,credit_card,paid,2711.36,2024-12-16 14:40:54+00
1516,1516,debit_card,failed,0.00,
1517,1517,cash_on_delivery,failed,0.00,
1518,1518,credit_card,failed,0.00,
1519,1519,credit_card,refunded,0.00,2024-12-17 07:46:22+00
1520,1520,debit_card,refunded,0.00,2024-12-17 06:01:55+00
1521,1521,bank_transfer,paid,560.26,2024-12-16 22:33:05+00
1522,1522,credit_card,paid,10796.26,2024-12-21 07:35:32+00
1523,1523,debit_card,paid,3507.05,2024-12-20 19:55:38+00
1524,1524,digital_wallet,paid,1945.85,2024-12-17 19:19:04+00
1525,1525,cash_on_delivery,paid,846.09,2024-12-18 16:05:32+00
1526,1526,cash_on_delivery,paid,409.17,2024-12-18 02:08:44+00
1527,1527,credit_card,paid,359.45,2024-12-19 16:28:54+00
1528,1528,cash_on_delivery,paid,10220.60,2024-12-18 12:08:43+00
1529,1529,credit_card,paid,10155.52,2024-12-21 02:18:07+00
1530,1530,cash_on_delivery,paid,14437.96,2024-12-21 16:34:36+00
1531,1531,credit_card,paid,4922.21,2024-12-23 08:47:46+00
1532,1532,credit_card,paid,12005.39,2024-12-19 19:38:38+00
1533,1533,cash_on_delivery,paid,3972.78,2024-12-18 20:10:38+00
1534,1534,cash_on_delivery,paid,3005.27,2024-12-19 16:55:56+00
1535,1535,cash_on_delivery,failed,0.00,
1536,1536,cash_on_delivery,paid,205.57,2024-12-20 00:55:34+00
1537,1537,debit_card,paid,175.51,2024-12-20 22:36:26+00
1538,1538,cash_on_delivery,paid,166.28,2024-12-21 21:23:06+00
1539,1539,debit_card,pending,0.00,
1540,1540,credit_card,paid,942.47,2024-12-23 11:24:05+00
1541,1541,credit_card,paid,94.97,2024-12-21 14:29:26+00
1542,1542,cash_on_delivery,pending,0.00,
1543,1543,bank_transfer,paid,9843.72,2024-12-25 00:27:42+00
1544,1544,cash_on_delivery,paid,1945.24,2024-12-22 15:57:07+00
1545,1545,cash_on_delivery,failed,0.00,
1546,1546,credit_card,paid,3134.72,2024-12-20 09:42:44+00
1547,1547,credit_card,paid,11927.44,2024-12-22 14:22:22+00
1548,1548,cash_on_delivery,paid,5380.95,2024-12-25 03:47:15+00
1549,1549,digital_wallet,paid,4435.63,2024-12-23 23:17:33+00
1550,1550,credit_card,refunded,0.00,2024-12-25 01:10:42+00
1551,1551,cash_on_delivery,paid,1052.06,2024-12-26 06:28:41+00
1552,1552,credit_card,paid,1309.08,2024-12-23 16:37:51+00
1553,1553,credit_card,paid,354.59,2024-12-24 06:50:01+00
1554,1554,digital_wallet,paid,1450.45,2024-12-27 13:34:33+00
1555,1555,cash_on_delivery,paid,8618.48,2024-12-28 16:26:33+00
1556,1556,credit_card,paid,3873.57,2024-12-28 19:10:24+00
1557,1557,cash_on_delivery,paid,3780.22,2024-12-25 21:56:47+00
1558,1558,credit_card,refunded,0.00,2024-12-25 13:01:45+00
1559,1559,cash_on_delivery,paid,3032.03,2024-12-28 14:18:02+00
1560,1560,debit_card,paid,1561.28,2024-12-27 19:30:25+00
1561,1561,credit_card,paid,54.43,2024-12-28 11:56:44+00
1562,1562,debit_card,paid,1256.41,2024-12-26 19:59:39+00
1563,1563,cash_on_delivery,paid,2335.35,2024-12-27 06:59:07+00
1564,1564,digital_wallet,failed,0.00,
1565,1565,credit_card,refunded,0.00,2024-12-28 06:53:05+00
1566,1566,digital_wallet,paid,5035.22,2024-12-27 01:27:52+00
1567,1567,credit_card,paid,1122.74,2024-12-27 09:32:24+00
1568,1568,credit_card,paid,415.70,2024-12-28 02:41:01+00
1569,1569,cash_on_delivery,failed,0.00,
1570,1570,credit_card,paid,4909.53,2024-12-29 08:41:54+00
1571,1571,credit_card,paid,590.03,2024-12-30 01:57:06+00
1572,1572,cash_on_delivery,paid,301.09,2025-01-01 01:31:05+00
1573,1573,digital_wallet,paid,247.09,2025-01-01 04:43:29+00
1574,1574,credit_card,paid,452.87,2024-12-29 13:00:10+00
1575,1575,credit_card,paid,3590.68,2024-12-29 07:57:42+00
1576,1576,credit_card,paid,567.19,2024-12-29 05:17:04+00
1577,1577,cash_on_delivery,paid,1700.84,2024-12-29 03:23:26+00
1578,1578,credit_card,pending,0.00,
1579,1579,bank_transfer,refunded,0.00,2024-12-29 20:10:22+00
1580,1580,debit_card,pending,0.00,
1581,1581,credit_card,paid,2665.98,2024-12-31 15:52:30+00
1582,1582,debit_card,failed,0.00,
1583,1583,cash_on_delivery,paid,1683.51,2025-01-03 08:23:54+00
1584,1584,cash_on_delivery,pending,0.00,
1585,1585,bank_transfer,paid,27.13,2024-12-31 22:29:41+00
1586,1586,cash_on_delivery,paid,7803.74,2024-12-30 11:42:40+00
1587,1587,bank_transfer,pending,0.00,
1588,1588,cash_on_delivery,paid,106.75,2025-01-01 10:30:14+00
1589,1589,digital_wallet,paid,1435.60,2025-01-01 03:57:33+00
1590,1590,credit_card,pending,0.00,
1591,1591,cash_on_delivery,paid,8329.63,2025-01-05 08:22:10+00
1592,1592,bank_transfer,paid,12684.19,2025-01-03 13:57:54+00
1593,1593,bank_transfer,paid,12323.26,2025-01-01 10:41:55+00
1594,1594,debit_card,pending,0.00,
1595,1595,cash_on_delivery,paid,918.28,2025-01-06 00:47:47+00
1596,1596,cash_on_delivery,pending,0.00,
1597,1597,debit_card,paid,682.13,2025-01-05 14:40:38+00
1598,1598,credit_card,paid,3266.55,2025-01-05 09:18:29+00
1599,1599,credit_card,paid,11232.33,2025-01-03 14:55:22+00
1600,1600,cash_on_delivery,paid,1062.50,2025-01-07 16:14:41+00
1601,1601,debit_card,pending,0.00,
1602,1602,cash_on_delivery,paid,3812.01,2025-01-05 21:41:04+00
1603,1603,credit_card,paid,2776.55,2025-01-04 11:30:27+00
1604,1604,credit_card,paid,7306.95,2025-01-03 08:54:53+00
1605,1605,cash_on_delivery,failed,0.00,
1606,1606,cash_on_delivery,paid,3450.24,2025-01-07 18:19:44+00
1607,1607,cash_on_delivery,pending,0.00,
1608,1608,digital_wallet,pending,0.00,
1609,1609,debit_card,paid,12250.32,2025-01-07 22:37:17+00
1610,1610,debit_card,paid,78.30,2025-01-05 06:21:00+00
1611,1611,credit_card,paid,873.49,2025-01-09 03:40:23+00
1612,1612,cash_on_delivery,failed,0.00,
1613,1613,debit_card,pending,0.00,
1614,1614,credit_card,paid,2856.93,2025-01-08 19:03:24+00
1615,1615,credit_card,pending,0.00,
1616,1616,cash_on_delivery,paid,3742.91,2025-01-06 14:18:35+00
1617,1617,credit_card,paid,14358.62,2025-01-07 16:08:01+00
1618,1618,credit_card,paid,15.83,2025-01-07 20:01:06+00
1619,1619,cash_on_delivery,paid,5348.96,2025-01-06 23:53:06+00
1620,1620,cash_on_delivery,paid,10975.39,2025-01-06 09:39:05+00
1621,1621,credit_card,paid,875.52,2025-01-07 08:09:20+00
1622,1622,debit_card,paid,8006.12,2025-01-08 15:14:50+00
1623,1623,debit_card,paid,5212.66,2025-01-10 06:08:14+00
1624,1624,cash_on_delivery,failed,0.00,
1625,1625,credit_card,paid,21652.38,2025-01-06 21:46:03+00
1626,1626,cash_on_delivery,pending,0.00,
1627,1627,bank_transfer,paid,1127.45,2025-01-07 07:31:19+00
1628,1628,debit_card,paid,2343.09,2025-01-06 20:40:20+00
1629,1629,cash_on_delivery,paid,976.89,2025-01-09 06:05:26+00
1630,1630,credit_card,paid,821.18,2025-01-10 14:30:05+00
1631,1631,cash_on_delivery,paid,5916.87,2025-01-07 06:02:41+00
1632,1632,cash_on_delivery,paid,616.78,2025-01-12 12:27:26+00
1633,1633,cash_on_delivery,refunded,0.00,2025-01-10 09:42:33+00
1634,1634,credit_card,paid,7882.19,2025-01-11 05:37:07+00
1635,1635,cash_on_delivery,refunded,0.00,2025-01-09 15:30:06+00
1636,1636,cash_on_delivery,paid,1692.31,2025-01-12 08:08:54+00
1637,1637,credit_card,paid,451.09,2025-01-12 12:10:15+00
1638,1638,credit_card,paid,467.78,2025-01-13 17:31:06+00
1639,1639,credit_card,paid,1759.02,2025-01-09 21:20:03+00
1640,1640,bank_transfer,paid,1142.86,2025-01-13 02:39:23+00
1641,1641,cash_on_delivery,paid,1522.38,2025-01-14 11:12:48+00
1642,1642,cash_on_delivery,paid,2420.13,2025-01-14 16:40:27+00
1643,1643,debit_card,paid,23714.44,2025-01-13 10:15:10+00
1644,1644,digital_wallet,pending,0.00,
1645,1645,digital_wallet,paid,8011.79,2025-01-12 12:37:09+00
1646,1646,cash_on_delivery,paid,122.85,2025-01-12 20:12:28+00
1647,1647,credit_card,paid,2842.43,2025-01-14 15:39:07+00
1648,1648,credit_card,paid,10098.44,2025-01-10 19:16:21+00
1649,1649,credit_card,failed,0.00,
1650,1650,digital_wallet,paid,564.06,2025-01-11 16:53:58+00
1651,1651,credit_card,paid,2381.70,2025-01-13 09:48:59+00
1652,1652,credit_card,paid,864.47,2025-01-12 22:54:29+00
1653,1653,credit_card,paid,4480.36,2025-01-14 04:10:25+00
1654,1654,cash_on_delivery,paid,3631.19,2025-01-11 09:29:57+00
1655,1655,cash_on_delivery,paid,20671.69,2025-01-14 22:33:12+00
1656,1656,cash_on_delivery,refunded,0.00,2025-01-13 02:04:58+00
1657,1657,digital_wallet,paid,2806.98,2025-01-14 05:12:24+00
1658,1658,cash_on_delivery,paid,1359.44,2025-01-14 13:30:32+00
1659,1659,cash_on_delivery,paid,385.14,2025-01-13 02:04:59+00
1660,1660,cash_on_delivery,paid,867.73,2025-01-15 02:24:27+00
1661,1661,cash_on_delivery,paid,3693.66,2025-01-13 11:01:54+00
1662,1662,bank_transfer,paid,2349.71,2025-01-14 01:30:47+00
1663,1663,credit_card,paid,1533.72,2025-01-12 18:17:19+00
1664,1664,debit_card,paid,8109.68,2025-01-14 11:27:53+00
1665,1665,credit_card,pending,0.00,
1666,1666,cash_on_delivery,paid,313.87,2025-01-13 13:27:10+00
1667,1667,credit_card,paid,741.27,2025-01-16 00:23:43+00
1668,1668,cash_on_delivery,paid,1528.51,2025-01-17 04:12:30+00
1669,1669,debit_card,paid,3429.11,2025-01-17 14:14:42+00
1670,1670,credit_card,failed,0.00,
1671,1671,credit_card,paid,6291.90,2025-01-16 06:29:23+00
1672,1672,digital_wallet,paid,4794.33,2025-01-17 15:32:32+00
1673,1673,credit_card,refunded,0.00,2025-01-15 01:39:04+00
1674,1674,cash_on_delivery,failed,0.00,
1675,1675,cash_on_delivery,pending,0.00,
1676,1676,cash_on_delivery,failed,0.00,
1677,1677,cash_on_delivery,paid,280.66,2025-01-16 22:55:34+00
1678,1678,cash_on_delivery,paid,2124.83,2025-01-16 01:39:47+00
1679,1679,debit_card,paid,15341.67,2025-01-20 12:48:46+00
1680,1680,credit_card,paid,5307.18,2025-01-15 21:53:30+00
1681,1681,bank_transfer,paid,2999.12,2025-01-20 12:34:22+00
1682,1682,cash_on_delivery,failed,0.00,
1683,1683,digital_wallet,paid,3778.21,2025-01-16 08:08:03+00
1684,1684,credit_card,paid,17812.80,2025-01-20 08:33:59+00
1685,1685,credit_card,paid,4106.69,2025-01-18 09:37:41+00
1686,1686,credit_card,paid,7908.96,2025-01-17 18:12:07+00
1687,1687,bank_transfer,paid,9552.39,2025-01-19 08:13:50+00
1688,1688,cash_on_delivery,paid,81.92,2025-01-19 11:34:48+00
1689,1689,credit_card,paid,12377.55,2025-01-21 11:34:08+00
1690,1690,cash_on_delivery,paid,2006.37,2025-01-20 04:14:38+00
1691,1691,credit_card,paid,606.04,2025-01-18 15:37:10+00
1692,1692,credit_card,paid,8548.91,2025-01-21 14:11:54+00
1693,1693,credit_card,paid,530.79,2025-01-19 11:38:26+00
1694,1694,cash_on_delivery,refunded,0.00,2025-01-18 21:11:22+00
1695,1695,credit_card,paid,2542.06,2025-01-19 15:24:24+00
1696,1696,credit_card,paid,279.10,2025-01-18 17:06:16+00
1697,1697,cash_on_delivery,paid,2331.77,2025-01-19 16:18:35+00
1698,1698,cash_on_delivery,paid,5928.90,2025-01-21 18:07:16+00
1699,1699,credit_card,paid,3988.79,2025-01-18 06:33:53+00
1700,1700,credit_card,paid,914.40,2025-01-19 23:16:49+00
1701,1701,cash_on_delivery,pending,0.00,
1702,1702,credit_card,paid,389.15,2025-01-22 16:21:43+00
1703,1703,digital_wallet,paid,2246.42,2025-01-20 19:17:32+00
1704,1704,debit_card,refunded,0.00,2025-01-23 11:26:01+00
1705,1705,cash_on_delivery,paid,47.31,2025-01-23 06:17:22+00
1706,1706,credit_card,failed,0.00,
1707,1707,credit_card,paid,645.79,2025-01-19 04:27:21+00
1708,1708,debit_card,paid,8229.83,2025-01-19 09:43:51+00
1709,1709,cash_on_delivery,paid,746.72,2025-01-21 19:24:46+00
1710,1710,bank_transfer,paid,2543.19,2025-01-21 12:25:04+00
1711,1711,debit_card,paid,680.52,2025-01-23 05:05:57+00
1712,1712,cash_on_delivery,paid,19.34,2025-01-24 09:40:31+00
1713,1713,cash_on_delivery,paid,1479.56,2025-01-21 07:16:20+00
1714,1714,cash_on_delivery,paid,5089.55,2025-01-23 21:58:15+00
1715,1715,cash_on_delivery,paid,11090.45,2025-01-22 14:56:08+00
1716,1716,credit_card,paid,93.65,2025-01-25 17:45:01+00
1717,1717,credit_card,paid,67.22,2025-01-23 08:06:33+00
1718,1718,cash_on_delivery,paid,1726.25,2025-01-25 07:31:16+00
1719,1719,credit_card,failed,0.00,
1720,1720,cash_on_delivery,paid,30.75,2025-01-23 13:55:09+00
1721,1721,credit_card,paid,89.03,2025-01-22 07:31:13+00
1722,1722,cash_on_delivery,paid,1334.45,2025-01-24 00:55:24+00
1723,1723,credit_card,paid,6107.15,2025-01-23 14:08:50+00
1724,1724,credit_card,refunded,0.00,2025-01-26 09:41:23+00
1725,1725,debit_card,paid,364.35,2025-01-23 18:38:30+00
1726,1726,cash_on_delivery,paid,1745.47,2025-01-25 08:02:42+00
1727,1727,debit_card,paid,3865.75,2025-01-25 20:59:56+00
1728,1728,credit_card,pending,0.00,
1729,1729,bank_transfer,paid,609.16,2025-01-26 01:36:45+00
1730,1730,credit_card,pending,0.00,
1731,1731,bank_transfer,paid,847.91,2025-01-27 16:12:09+00
1732,1732,cash_on_delivery,paid,465.96,2025-01-28 07:39:35+00
1733,1733,digital_wallet,paid,42.52,2025-01-27 03:01:27+00
1734,1734,credit_card,paid,443.79,2025-01-24 21:58:20+00
1735,1735,cash_on_delivery,paid,3908.59,2025-01-25 03:20:46+00
1736,1736,credit_card,paid,122.20,2025-01-27 10:36:24+00
1737,1737,cash_on_delivery,paid,473.54,2025-01-28 02:30:35+00
1738,1738,credit_card,paid,2822.37,2025-01-25 22:52:58+00
1739,1739,credit_card,paid,11937.27,2025-01-25 09:51:09+00
1740,1740,cash_on_delivery,paid,11119.09,2025-01-25 03:28:12+00
1741,1741,digital_wallet,paid,3333.87,2025-01-29 05:41:44+00
1742,1742,cash_on_delivery,paid,987.05,2025-01-26 10:17:59+00
1743,1743,cash_on_delivery,paid,189.83,2025-01-25 14:36:53+00
1744,1744,cash_on_delivery,paid,82.85,2025-01-25 20:23:24+00
1745,1745,credit_card,paid,48.46,2025-01-28 18:54:51+00
1746,1746,cash_on_delivery,paid,1687.10,2025-01-30 18:31:28+00
1747,1747,digital_wallet,paid,4017.11,2025-01-29 04:13:20+00
1748,1748,cash_on_delivery,pending,0.00,
1749,1749,cash_on_delivery,refunded,0.00,2025-01-27 12:02:19+00
1750,1750,digital_wallet,paid,75.46,2025-01-30 07:43:18+00
1751,1751,cash_on_delivery,paid,3775.95,2025-01-31 07:06:30+00
1752,1752,credit_card,failed,0.00,
1753,1753,debit_card,paid,14070.65,2025-01-30 17:21:52+00
1754,1754,credit_card,paid,4319.56,2025-01-27 21:37:03+00
1755,1755,cash_on_delivery,pending,0.00,
1756,1756,credit_card,paid,4484.60,2025-02-01 14:34:42+00
1757,1757,digital_wallet,paid,9256.05,2025-01-30 11:43:55+00
1758,1758,digital_wallet,paid,3079.17,2025-01-30 03:50:41+00
1759,1759,cash_on_delivery,paid,1410.38,2025-02-01 20:03:37+00
1760,1760,credit_card,paid,227.51,2025-01-30 08:50:49+00
1761,1761,bank_transfer,paid,2024.37,2025-02-02 15:28:15+00
1762,1762,debit_card,paid,4764.51,2025-02-01 03:32:59+00
1763,1763,credit_card,paid,8611.91,2025-01-30 01:15:47+00
1764,1764,cash_on_delivery,failed,0.00,
1765,1765,debit_card,paid,373.85,2025-01-29 14:12:07+00
1766,1766,digital_wallet,paid,943.54,2025-02-01 13:45:04+00
1767,1767,digital_wallet,failed,0.00,
1768,1768,credit_card,paid,9776.30,2025-02-01 21:17:29+00
1769,1769,cash_on_delivery,paid,1161.20,2025-02-03 11:38:44+00
1770,1770,cash_on_delivery,paid,11118.83,2025-02-02 07:48:47+00
1771,1771,credit_card,paid,3419.20,2025-01-30 21:24:34+00
1772,1772,cash_on_delivery,paid,1413.27,2025-02-01 08:20:10+00
1773,1773,credit_card,pending,0.00,
1774,1774,credit_card,paid,2158.64,2025-01-31 12:30:51+00
1775,1775,credit_card,paid,8990.47,2025-02-02 08:44:45+00
1776,1776,debit_card,pending,0.00,
1777,1777,cash_on_delivery,paid,206.08,2025-02-01 11:56:52+00
1778,1778,credit_card,paid,1788.34,2025-02-01 12:22:08+00
1779,1779,credit_card,paid,8379.17,2025-02-01 23:38:48+00
1780,1780,credit_card,paid,378.15,2025-02-05 06:08:03+00
1781,1781,credit_card,paid,1823.55,2025-02-02 06:29:37+00
1782,1782,cash_on_delivery,paid,9110.84,2025-02-03 21:13:33+00
1783,1783,credit_card,paid,1296.24,2025-02-01 23:33:23+00
1784,1784,cash_on_delivery,paid,39.26,2025-02-06 02:49:18+00
1785,1785,cash_on_delivery,paid,6294.17,2025-02-03 08:01:34+00
1786,1786,bank_transfer,paid,190.80,2025-02-02 00:22:47+00
1787,1787,credit_card,paid,4936.66,2025-02-02 22:44:11+00
1788,1788,credit_card,paid,4951.16,2025-02-04 01:45:04+00
1789,1789,credit_card,paid,533.71,2025-02-02 06:04:44+00
1790,1790,bank_transfer,pending,0.00,
1791,1791,cash_on_delivery,paid,787.39,2025-02-02 22:16:40+00
1792,1792,bank_transfer,paid,19060.61,2025-02-02 19:32:09+00
1793,1793,credit_card,refunded,0.00,2025-02-05 02:00:31+00
1794,1794,cash_on_delivery,paid,6225.81,2025-02-05 02:06:16+00
1795,1795,credit_card,refunded,0.00,2025-02-03 04:39:54+00
1796,1796,cash_on_delivery,pending,0.00,
1797,1797,cash_on_delivery,paid,226.95,2025-02-05 22:13:14+00
1798,1798,digital_wallet,refunded,0.00,2025-02-03 17:35:28+00
1799,1799,cash_on_delivery,paid,82.36,2025-02-07 16:32:34+00
1800,1800,cash_on_delivery,paid,999.60,2025-02-05 15:06:46+00
1801,1801,debit_card,paid,814.97,2025-02-06 16:44:29+00
1802,1802,credit_card,pending,0.00,
1803,1803,cash_on_delivery,paid,64.67,2025-02-05 16:04:00+00
1804,1804,cash_on_delivery,paid,5198.86,2025-02-06 17:29:48+00
1805,1805,cash_on_delivery,paid,827.79,2025-02-04 20:40:24+00
1806,1806,credit_card,paid,750.00,2025-02-04 17:39:27+00
1807,1807,credit_card,paid,172.65,2025-02-06 13:13:23+00
1808,1808,credit_card,pending,0.00,
1809,1809,credit_card,paid,61.74,2025-02-05 21:55:29+00
1810,1810,cash_on_delivery,refunded,0.00,2025-02-09 14:57:09+00
1811,1811,credit_card,paid,5820.31,2025-02-06 11:32:13+00
1812,1812,cash_on_delivery,paid,48.26,2025-02-06 15:54:43+00
1813,1813,credit_card,paid,435.33,2025-02-08 23:24:54+00
1814,1814,credit_card,failed,0.00,
1815,1815,cash_on_delivery,paid,16076.12,2025-02-09 12:22:11+00
1816,1816,credit_card,paid,10064.88,2025-02-10 02:48:15+00
1817,1817,credit_card,paid,2714.22,2025-02-08 06:52:11+00
1818,1818,credit_card,paid,144.62,2025-02-07 01:04:23+00
1819,1819,credit_card,paid,11228.85,2025-02-07 10:43:31+00
1820,1820,cash_on_delivery,failed,0.00,
1821,1821,digital_wallet,refunded,0.00,2025-02-10 16:33:31+00
1822,1822,cash_on_delivery,paid,3278.92,2025-02-07 21:30:33+00
1823,1823,bank_transfer,paid,2169.34,2025-02-08 21:53:08+00
1824,1824,credit_card,failed,0.00,
1825,1825,cash_on_delivery,paid,2665.70,2025-02-08 16:21:45+00
1826,1826,debit_card,paid,7247.18,2025-02-10 05:45:11+00
1827,1827,digital_wallet,refunded,0.00,2025-02-08 20:04:06+00
1828,1828,credit_card,paid,678.78,2025-02-13 06:58:31+00
1829,1829,credit_card,paid,1970.34,2025-02-10 22:55:18+00
1830,1830,credit_card,paid,8569.24,2025-02-10 01:12:47+00
1831,1831,credit_card,paid,767.14,2025-02-11 12:07:16+00
1832,1832,credit_card,paid,3207.38,2025-02-10 09:03:20+00
1833,1833,cash_on_delivery,paid,194.85,2025-02-11 21:28:36+00
1834,1834,cash_on_delivery,paid,9652.55,2025-02-13 22:02:51+00
1835,1835,cash_on_delivery,paid,1117.85,2025-02-09 05:30:16+00
1836,1836,cash_on_delivery,paid,1329.57,2025-02-13 14:32:24+00
1837,1837,debit_card,paid,1216.64,2025-02-13 18:29:19+00
1838,1838,cash_on_delivery,paid,10570.19,2025-02-14 16:01:32+00
1839,1839,digital_wallet,paid,46.58,2025-02-13 21:50:42+00
1840,1840,cash_on_delivery,paid,4292.84,2025-02-13 02:28:28+00
1841,1841,cash_on_delivery,pending,0.00,
1842,1842,debit_card,paid,7463.15,2025-02-11 23:44:29+00
1843,1843,cash_on_delivery,paid,404.18,2025-02-15 17:08:31+00
1844,1844,credit_card,paid,600.42,2025-02-12 01:09:41+00
1845,1845,debit_card,paid,64.14,2025-02-12 21:25:33+00
1846,1846,debit_card,paid,6.34,2025-02-12 00:20:08+00
1847,1847,cash_on_delivery,paid,4350.13,2025-02-12 20:24:01+00
1848,1848,credit_card,paid,12059.21,2025-02-12 03:01:21+00
1849,1849,debit_card,failed,0.00,
1850,1850,cash_on_delivery,paid,1209.33,2025-02-16 22:26:08+00
1851,1851,credit_card,pending,0.00,
1852,1852,cash_on_delivery,paid,6091.15,2025-02-14 10:46:21+00
1853,1853,bank_transfer,pending,0.00,
1854,1854,cash_on_delivery,paid,6057.48,2025-02-14 14:50:18+00
1855,1855,cash_on_delivery,refunded,0.00,2025-02-14 00:19:55+00
1856,1856,cash_on_delivery,paid,12708.60,2025-02-18 06:13:26+00
1857,1857,debit_card,paid,212.27,2025-02-15 20:15:03+00
1858,1858,bank_transfer,paid,3676.64,2025-02-14 22:15:11+00
1859,1859,credit_card,failed,0.00,
1860,1860,credit_card,failed,0.00,
1861,1861,cash_on_delivery,paid,8651.34,2025-02-15 07:58:54+00
1862,1862,debit_card,paid,9799.44,2025-02-15 14:21:09+00
1863,1863,debit_card,paid,24.56,2025-02-17 01:20:24+00
1864,1864,cash_on_delivery,paid,5060.11,2025-02-16 15:16:35+00
1865,1865,cash_on_delivery,paid,44.51,2025-02-18 06:58:45+00
1866,1866,credit_card,paid,976.37,2025-02-17 02:30:40+00
1867,1867,credit_card,paid,6548.88,2025-02-18 10:21:39+00
1868,1868,cash_on_delivery,paid,2184.88,2025-02-15 11:43:58+00
1869,1869,cash_on_delivery,paid,2070.17,2025-02-18 17:37:11+00
1870,1870,cash_on_delivery,refunded,0.00,2025-02-19 16:50:14+00
1871,1871,cash_on_delivery,paid,2689.93,2025-02-17 13:59:00+00
1872,1872,bank_transfer,paid,434.32,2025-02-19 00:36:30+00
1873,1873,bank_transfer,paid,1302.37,2025-02-16 16:38:20+00
1874,1874,credit_card,paid,128.16,2025-02-18 08:47:36+00
1875,1875,credit_card,paid,9990.03,2025-02-17 13:39:12+00
1876,1876,cash_on_delivery,paid,4344.65,2025-02-18 17:29:49+00
1877,1877,cash_on_delivery,paid,1531.66,2025-02-19 01:05:28+00
1878,1878,credit_card,paid,6838.91,2025-02-19 03:44:15+00
1879,1879,credit_card,paid,597.80,2025-02-20 13:11:42+00
1880,1880,cash_on_delivery,paid,4927.16,2025-02-19 17:01:49+00
1881,1881,credit_card,paid,4757.86,2025-02-19 00:48:38+00
1882,1882,cash_on_delivery,paid,2694.59,2025-02-22 01:21:36+00
1883,1883,cash_on_delivery,paid,1861.56,2025-02-19 05:47:31+00
1884,1884,cash_on_delivery,paid,11450.09,2025-02-19 14:08:28+00
1885,1885,credit_card,paid,5400.78,2025-02-17 21:52:00+00
1886,1886,cash_on_delivery,paid,4646.86,2025-02-21 11:33:03+00
1887,1887,cash_on_delivery,paid,6495.19,2025-02-19 00:16:08+00
1888,1888,credit_card,paid,9510.17,2025-02-22 14:44:25+00
1889,1889,digital_wallet,paid,1317.95,2025-02-18 12:14:40+00
1890,1890,cash_on_delivery,paid,3046.67,2025-02-17 23:56:33+00
1891,1891,credit_card,paid,11689.03,2025-02-19 07:44:24+00
1892,1892,debit_card,paid,460.42,2025-02-18 17:15:14+00
1893,1893,cash_on_delivery,paid,14398.69,2025-02-21 23:25:21+00
1894,1894,cash_on_delivery,paid,369.29,2025-02-20 19:32:35+00
1895,1895,cash_on_delivery,paid,9283.75,2025-02-22 01:25:50+00
1896,1896,cash_on_delivery,paid,923.50,2025-02-22 17:57:34+00
1897,1897,cash_on_delivery,paid,2339.55,2025-02-22 09:42:35+00
1898,1898,credit_card,paid,4236.03,2025-02-20 15:31:50+00
1899,1899,debit_card,pending,0.00,
1900,1900,cash_on_delivery,paid,4985.80,2025-02-22 21:17:32+00
1901,1901,credit_card,paid,5825.16,2025-02-23 06:27:10+00
1902,1902,credit_card,paid,2363.72,2025-02-20 07:03:43+00
1903,1903,bank_transfer,paid,176.25,2025-02-23 10:40:32+00
1904,1904,credit_card,paid,496.19,2025-02-23 18:35:54+00
1905,1905,digital_wallet,paid,6907.64,2025-02-22 12:26:18+00
1906,1906,debit_card,paid,272.89,2025-02-20 06:10:34+00
1907,1907,cash_on_delivery,paid,2231.88,2025-02-21 13:12:30+00
1908,1908,cash_on_delivery,failed,0.00,
1909,1909,credit_card,paid,14262.48,2025-02-21 02:36:48+00
1910,1910,digital_wallet,paid,3968.43,2025-02-20 17:30:13+00
1911,1911,credit_card,paid,2489.59,2025-02-20 08:49:51+00
1912,1912,credit_card,pending,0.00,
1913,1913,credit_card,refunded,0.00,2025-02-21 19:52:57+00
1914,1914,digital_wallet,paid,7655.57,2025-02-22 17:41:15+00
1915,1915,cash_on_delivery,paid,6135.58,2025-02-26 07:49:00+00
1916,1916,credit_card,paid,10612.87,2025-02-22 01:00:10+00
1917,1917,credit_card,paid,633.98,2025-02-22 03:46:52+00
1918,1918,credit_card,failed,0.00,
1919,1919,debit_card,paid,8545.35,2025-02-24 19:03:58+00
1920,1920,cash_on_delivery,refunded,0.00,2025-02-24 03:38:46+00
1921,1921,credit_card,paid,3054.07,2025-02-22 22:59:55+00
1922,1922,credit_card,paid,790.48,2025-02-26 10:48:23+00
1923,1923,cash_on_delivery,paid,1093.91,2025-02-25 17:04:59+00
1924,1924,bank_transfer,pending,0.00,
1925,1925,debit_card,paid,506.03,2025-02-26 18:49:03+00
1926,1926,credit_card,paid,1103.10,2025-02-25 06:06:31+00
1927,1927,cash_on_delivery,paid,51.39,2025-02-25 06:52:20+00
1928,1928,credit_card,paid,200.36,2025-02-26 11:59:35+00
1929,1929,debit_card,failed,0.00,
1930,1930,digital_wallet,paid,9505.43,2025-02-25 11:50:21+00
1931,1931,bank_transfer,paid,3929.97,2025-02-27 08:30:16+00
1932,1932,cash_on_delivery,pending,0.00,
1933,1933,cash_on_delivery,paid,2422.32,2025-02-25 20:42:57+00
1934,1934,cash_on_delivery,paid,1160.31,2025-02-25 15:53:57+00
1935,1935,credit_card,paid,4590.46,2025-02-27 10:15:37+00
1936,1936,credit_card,pending,0.00,
1937,1937,bank_transfer,paid,15405.20,2025-02-28 09:30:53+00
1938,1938,credit_card,paid,2902.78,2025-02-25 05:28:08+00
1939,1939,cash_on_delivery,failed,0.00,
1940,1940,credit_card,paid,4272.28,2025-02-27 22:04:35+00
1941,1941,cash_on_delivery,paid,810.92,2025-02-28 07:22:27+00
1942,1942,cash_on_delivery,paid,3293.31,2025-02-27 00:02:16+00
1943,1943,cash_on_delivery,paid,570.97,2025-02-25 19:23:57+00
1944,1944,cash_on_delivery,refunded,0.00,2025-03-01 05:11:24+00
1945,1945,cash_on_delivery,paid,8385.61,2025-02-26 19:43:19+00
1946,1946,credit_card,paid,1020.12,2025-03-01 14:46:34+00
1947,1947,debit_card,pending,0.00,
1948,1948,cash_on_delivery,paid,529.01,2025-02-28 17:26:16+00
1949,1949,cash_on_delivery,paid,126.98,2025-03-02 20:31:08+00
1950,1950,cash_on_delivery,paid,12653.53,2025-02-27 12:20:33+00
1951,1951,credit_card,refunded,0.00,2025-03-02 09:55:10+00
1952,1952,credit_card,paid,353.34,2025-02-28 02:39:47+00
1953,1953,debit_card,paid,163.95,2025-02-28 05:02:01+00
1954,1954,credit_card,paid,92.17,2025-02-26 23:27:22+00
1955,1955,credit_card,paid,2511.81,2025-03-01 10:04:19+00
1956,1956,credit_card,paid,3023.55,2025-03-02 12:10:56+00
1957,1957,cash_on_delivery,paid,245.38,2025-03-01 15:11:17+00
1958,1958,bank_transfer,paid,381.95,2025-03-02 02:40:14+00
1959,1959,credit_card,failed,0.00,
1960,1960,credit_card,paid,458.39,2025-03-01 07:22:50+00
1961,1961,debit_card,paid,5577.53,2025-03-04 17:05:40+00
1962,1962,bank_transfer,paid,1083.06,2025-03-04 06:27:16+00
1963,1963,debit_card,paid,3334.14,2025-03-01 07:57:06+00
1964,1964,credit_card,paid,1715.36,2025-03-04 22:04:27+00
1965,1965,cash_on_delivery,failed,0.00,
1966,1966,debit_card,paid,3893.44,2025-03-02 01:22:44+00
1967,1967,credit_card,paid,420.53,2025-03-03 04:09:16+00
1968,1968,cash_on_delivery,paid,2169.25,2025-03-05 21:05:11+00
1969,1969,cash_on_delivery,paid,1680.78,2025-03-04 17:21:29+00
1970,1970,debit_card,paid,1386.78,2025-03-05 09:42:23+00
1971,1971,debit_card,paid,334.47,2025-03-02 14:26:59+00
1972,1972,cash_on_delivery,paid,2194.97,2025-03-02 10:24:54+00
1973,1973,cash_on_delivery,paid,2613.65,2025-03-04 04:13:31+00
1974,1974,cash_on_delivery,paid,9600.75,2025-03-06 14:53:56+00
1975,1975,digital_wallet,pending,0.00,
1976,1976,cash_on_delivery,paid,1496.78,2025-03-04 11:07:08+00
1977,1977,cash_on_delivery,failed,0.00,
1978,1978,credit_card,paid,15131.23,2025-03-05 10:29:11+00
1979,1979,digital_wallet,paid,1679.96,2025-03-08 00:01:07+00
1980,1980,cash_on_delivery,paid,2457.25,2025-03-04 14:33:24+00
1981,1981,credit_card,paid,2204.79,2025-03-05 22:14:38+00
1982,1982,digital_wallet,paid,1669.68,2025-03-06 17:52:09+00
1983,1983,digital_wallet,paid,841.05,2025-03-04 08:06:44+00
1984,1984,digital_wallet,paid,1037.95,2025-03-07 10:44:02+00
1985,1985,credit_card,paid,449.21,2025-03-08 04:47:46+00
1986,1986,bank_transfer,paid,281.66,2025-03-05 05:22:22+00
1987,1987,cash_on_delivery,paid,674.81,2025-03-09 10:12:24+00
1988,1988,cash_on_delivery,paid,12889.60,2025-03-05 10:19:05+00
1989,1989,bank_transfer,paid,222.87,2025-03-06 23:57:47+00
1990,1990,debit_card,pending,0.00,
1991,1991,cash_on_delivery,paid,191.66,2025-03-06 10:16:28+00
1992,1992,cash_on_delivery,paid,4744.05,2025-03-08 15:42:45+00
1993,1993,cash_on_delivery,paid,1518.32,2025-03-07 12:13:51+00
1994,1994,cash_on_delivery,paid,1160.99,2025-03-06 15:47:23+00
1995,1995,digital_wallet,paid,3366.53,2025-03-05 23:24:46+00
1996,1996,debit_card,paid,1864.60,2025-03-07 10:13:46+00
1997,1997,cash_on_delivery,pending,0.00,
1998,1998,cash_on_delivery,paid,831.70,2025-03-08 15:49:00+00
1999,1999,debit_card,failed,0.00,
2000,2000,credit_card,paid,76.08,2025-03-08 23:51:25+00
2001,2001,cash_on_delivery,paid,118.25,2025-03-11 12:45:31+00
2002,2002,credit_card,paid,10085.28,2025-03-09 14:42:54+00
2003,2003,debit_card,refunded,0.00,2025-03-09 08:57:08+00
2004,2004,digital_wallet,paid,3435.12,2025-03-11 15:38:06+00
2005,2005,cash_on_delivery,pending,0.00,
2006,2006,cash_on_delivery,paid,11045.11,2025-03-09 22:47:43+00
2007,2007,cash_on_delivery,paid,85.10,2025-03-11 02:34:45+00
2008,2008,credit_card,refunded,0.00,2025-03-09 02:24:52+00
2009,2009,digital_wallet,pending,0.00,
2010,2010,cash_on_delivery,paid,2633.87,2025-03-12 13:48:36+00
2011,2011,cash_on_delivery,refunded,0.00,2025-03-10 23:44:27+00
2012,2012,credit_card,paid,88.32,2025-03-09 06:48:29+00
2013,2013,cash_on_delivery,paid,4309.25,2025-03-10 17:26:59+00
2014,2014,digital_wallet,paid,4730.75,2025-03-09 06:05:04+00
2015,2015,debit_card,paid,4620.74,2025-03-12 07:25:01+00
2016,2016,cash_on_delivery,paid,24.56,2025-03-09 22:55:16+00
2017,2017,cash_on_delivery,paid,212.48,2025-03-13 19:00:42+00
2018,2018,cash_on_delivery,refunded,0.00,2025-03-10 10:31:08+00
2019,2019,cash_on_delivery,failed,0.00,
2020,2020,debit_card,paid,6191.30,2025-03-13 22:15:16+00
2021,2021,credit_card,paid,1976.51,2025-03-11 08:43:24+00
2022,2022,cash_on_delivery,paid,1177.95,2025-03-12 15:31:10+00
2023,2023,cash_on_delivery,paid,5999.12,2025-03-10 00:20:02+00
2024,2024,digital_wallet,paid,5246.56,2025-03-14 23:24:09+00
2025,2025,bank_transfer,refunded,0.00,2025-03-14 14:44:13+00
2026,2026,digital_wallet,paid,504.52,2025-03-13 14:40:48+00
2027,2027,cash_on_delivery,refunded,0.00,2025-03-12 23:34:12+00
2028,2028,cash_on_delivery,refunded,0.00,2025-03-16 01:02:22+00
2029,2029,credit_card,failed,0.00,
2030,2030,debit_card,paid,1747.94,2025-03-15 06:49:09+00
2031,2031,cash_on_delivery,failed,0.00,
2032,2032,cash_on_delivery,paid,1617.41,2025-03-16 18:05:51+00
2033,2033,cash_on_delivery,failed,0.00,
2034,2034,cash_on_delivery,failed,0.00,
2035,2035,credit_card,paid,38.04,2025-03-16 19:46:25+00
2036,2036,cash_on_delivery,paid,3761.60,2025-03-14 17:36:10+00
2037,2037,cash_on_delivery,paid,9027.36,2025-03-17 17:53:18+00
2038,2038,credit_card,paid,7206.21,2025-03-16 10:03:09+00
2039,2039,cash_on_delivery,paid,184.64,2025-03-17 02:19:27+00
2040,2040,credit_card,pending,0.00,
2041,2041,cash_on_delivery,pending,0.00,
2042,2042,cash_on_delivery,paid,8038.74,2025-03-16 02:15:47+00
2043,2043,cash_on_delivery,pending,0.00,
2044,2044,credit_card,paid,128.55,2025-03-20 00:01:57+00
2045,2045,cash_on_delivery,paid,15167.25,2025-03-15 08:18:29+00
2046,2046,cash_on_delivery,paid,16973.72,2025-03-16 01:31:58+00
2047,2047,cash_on_delivery,refunded,0.00,2025-03-15 09:14:52+00
2048,2048,digital_wallet,refunded,0.00,2025-03-18 09:15:44+00
2049,2049,debit_card,paid,12441.02,2025-03-16 13:59:27+00
2050,2050,credit_card,pending,0.00,
2051,2051,credit_card,paid,4549.78,2025-03-19 03:20:07+00
2052,2052,debit_card,paid,5057.94,2025-03-19 19:51:16+00
2053,2053,credit_card,paid,1524.67,2025-03-16 18:26:57+00
2054,2054,cash_on_delivery,paid,14410.09,2025-03-20 14:41:59+00
2055,2055,bank_transfer,paid,17794.94,2025-03-20 15:43:17+00
2056,2056,cash_on_delivery,refunded,0.00,2025-03-16 05:45:17+00
2057,2057,credit_card,paid,5630.41,2025-03-19 18:51:45+00
2058,2058,bank_transfer,paid,2385.65,2025-03-21 06:56:49+00
2059,2059,cash_on_delivery,pending,0.00,
2060,2060,credit_card,failed,0.00,
2061,2061,cash_on_delivery,pending,0.00,
2062,2062,cash_on_delivery,failed,0.00,
2063,2063,credit_card,pending,0.00,
2064,2064,credit_card,paid,5172.41,2025-03-17 06:32:14+00
2065,2065,digital_wallet,pending,0.00,
2066,2066,credit_card,paid,2129.53,2025-03-17 17:11:39+00
2067,2067,cash_on_delivery,pending,0.00,
2068,2068,cash_on_delivery,paid,2330.19,2025-03-22 03:31:50+00
2069,2069,credit_card,paid,798.16,2025-03-19 00:06:10+00
2070,2070,cash_on_delivery,paid,663.45,2025-03-19 17:21:39+00
2071,2071,digital_wallet,paid,628.56,2025-03-22 07:20:41+00
2072,2072,cash_on_delivery,paid,593.76,2025-03-21 16:36:39+00
2073,2073,credit_card,paid,64.96,2025-03-22 05:27:01+00
2074,2074,bank_transfer,paid,7715.83,2025-03-21 13:47:24+00
2075,2075,bank_transfer,paid,18698.01,2025-03-23 21:47:46+00
2076,2076,credit_card,paid,11403.46,2025-03-23 08:59:12+00
2077,2077,debit_card,paid,20.88,2025-03-19 23:13:12+00
2078,2078,bank_transfer,pending,0.00,
2079,2079,digital_wallet,paid,252.15,2025-03-22 02:18:06+00
2080,2080,credit_card,paid,10714.33,2025-03-20 15:14:43+00
2081,2081,credit_card,paid,87.02,2025-03-24 10:31:05+00
2082,2082,cash_on_delivery,paid,2221.13,2025-03-25 13:23:51+00
2083,2083,debit_card,paid,557.48,2025-03-22 00:13:12+00
2084,2084,credit_card,paid,1114.97,2025-03-24 18:24:38+00
2085,2085,credit_card,paid,2924.47,2025-03-24 08:09:09+00
2086,2086,cash_on_delivery,paid,1392.33,2025-03-23 01:58:53+00
2087,2087,debit_card,paid,102.29,2025-03-25 10:15:42+00
2088,2088,cash_on_delivery,failed,0.00,
2089,2089,cash_on_delivery,refunded,0.00,2025-03-25 10:13:45+00
2090,2090,digital_wallet,paid,9775.39,2025-03-23 07:16:15+00
2091,2091,cash_on_delivery,paid,3465.68,2025-03-23 03:07:08+00
2092,2092,cash_on_delivery,refunded,0.00,2025-03-26 04:19:30+00
2093,2093,credit_card,failed,0.00,
2094,2094,credit_card,paid,3976.13,2025-03-27 20:02:33+00
2095,2095,credit_card,pending,0.00,
2096,2096,credit_card,paid,8045.01,2025-03-27 08:20:39+00
2097,2097,cash_on_delivery,paid,1169.54,2025-03-25 10:40:16+00
2098,2098,cash_on_delivery,paid,7446.01,2025-03-25 12:33:49+00
2099,2099,credit_card,paid,3264.98,2025-03-26 15:16:48+00
2100,2100,debit_card,failed,0.00,
2101,2101,digital_wallet,paid,373.81,2025-03-27 06:43:46+00
2102,2102,cash_on_delivery,paid,432.69,2025-03-26 08:21:49+00
2103,2103,cash_on_delivery,paid,1950.04,2025-03-29 06:04:18+00
2104,2104,credit_card,paid,1882.72,2025-03-27 12:30:23+00
2105,2105,credit_card,paid,674.52,2025-03-26 11:29:16+00
2106,2106,cash_on_delivery,refunded,0.00,2025-03-26 18:40:02+00
2107,2107,digital_wallet,paid,56.30,2025-03-29 15:28:31+00
2108,2108,credit_card,paid,3674.23,2025-03-29 23:13:31+00
2109,2109,credit_card,paid,2824.18,2025-03-30 22:43:10+00
2110,2110,cash_on_delivery,paid,3124.75,2025-03-31 02:55:08+00
2111,2111,debit_card,failed,0.00,
2112,2112,debit_card,paid,3982.61,2025-03-31 08:56:18+00
2113,2113,cash_on_delivery,paid,5488.14,2025-03-31 01:26:17+00
2114,2114,credit_card,paid,41.16,2025-03-27 22:30:40+00
2115,2115,debit_card,paid,2261.65,2025-03-30 19:38:33+00
2116,2116,credit_card,refunded,0.00,2025-03-29 07:34:57+00
2117,2117,cash_on_delivery,paid,6246.75,2025-03-31 16:48:24+00
2118,2118,bank_transfer,paid,2554.74,2025-04-01 16:00:20+00
2119,2119,cash_on_delivery,paid,1243.82,2025-04-01 02:48:11+00
2120,2120,credit_card,paid,298.72,2025-04-01 10:53:53+00
2121,2121,credit_card,paid,2119.96,2025-03-30 02:30:37+00
2122,2122,cash_on_delivery,paid,11512.24,2025-03-30 15:02:12+00
2123,2123,cash_on_delivery,failed,0.00,
2124,2124,credit_card,paid,11886.32,2025-04-03 03:46:40+00
2125,2125,digital_wallet,paid,2573.42,2025-04-03 13:12:10+00
2126,2126,cash_on_delivery,paid,399.09,2025-04-02 17:39:47+00
2127,2127,cash_on_delivery,paid,6648.64,2025-04-02 01:11:58+00
2128,2128,digital_wallet,paid,1392.33,2025-04-05 09:50:25+00
2129,2129,credit_card,pending,0.00,
2130,2130,cash_on_delivery,paid,7134.01,2025-04-03 02:49:51+00
2131,2131,cash_on_delivery,failed,0.00,
2132,2132,debit_card,paid,3579.34,2025-04-05 22:58:52+00
2133,2133,credit_card,paid,7621.62,2025-04-04 23:03:20+00
2134,2134,debit_card,paid,4025.57,2025-04-05 02:04:02+00
2135,2135,bank_transfer,paid,12141.78,2025-04-03 00:09:08+00
2136,2136,credit_card,pending,0.00,
2137,2137,bank_transfer,paid,2746.97,2025-04-05 14:48:09+00
2138,2138,cash_on_delivery,paid,5209.54,2025-04-06 20:50:18+00
2139,2139,cash_on_delivery,paid,2946.21,2025-04-06 10:01:25+00
2140,2140,bank_transfer,refunded,0.00,2025-04-04 00:28:21+00
2141,2141,credit_card,paid,10266.29,2025-04-07 11:59:26+00
2142,2142,cash_on_delivery,failed,0.00,
2143,2143,credit_card,paid,550.95,2025-04-03 11:27:35+00
2144,2144,cash_on_delivery,paid,419.92,2025-04-07 16:17:13+00
2145,2145,cash_on_delivery,pending,0.00,
2146,2146,cash_on_delivery,pending,0.00,
2147,2147,credit_card,paid,127.41,2025-04-04 06:31:00+00
2148,2148,cash_on_delivery,paid,3024.59,2025-04-07 03:45:26+00
2149,2149,digital_wallet,paid,694.15,2025-04-05 06:05:45+00
2150,2150,credit_card,pending,0.00,
2151,2151,credit_card,paid,1171.05,2025-04-08 19:46:39+00
2152,2152,credit_card,paid,1324.10,2025-04-10 01:08:31+00
2153,2153,credit_card,paid,4329.74,2025-04-08 20:21:29+00
2154,2154,debit_card,paid,928.89,2025-04-09 09:11:08+00
2155,2155,credit_card,paid,592.31,2025-04-06 16:04:59+00
2156,2156,credit_card,paid,4367.95,2025-04-09 07:44:03+00
2157,2157,cash_on_delivery,paid,13202.25,2025-04-08 04:42:16+00
2158,2158,cash_on_delivery,paid,14420.45,2025-04-08 05:46:37+00
2159,2159,cash_on_delivery,paid,14525.82,2025-04-11 01:50:19+00
2160,2160,credit_card,pending,0.00,
2161,2161,cash_on_delivery,paid,4557.55,2025-04-10 18:28:24+00
2162,2162,debit_card,paid,8854.91,2025-04-06 23:56:12+00
2163,2163,cash_on_delivery,paid,12330.19,2025-04-11 02:08:07+00
2164,2164,cash_on_delivery,paid,5582.99,2025-04-09 01:25:09+00
2165,2165,debit_card,paid,213.41,2025-04-10 03:40:19+00
2166,2166,credit_card,paid,1218.40,2025-04-11 08:01:38+00
2167,2167,debit_card,pending,0.00,
2168,2168,credit_card,paid,770.17,2025-04-08 14:44:31+00
2169,2169,cash_on_delivery,pending,0.00,
2170,2170,credit_card,pending,0.00,
2171,2171,cash_on_delivery,paid,8079.11,2025-04-13 15:30:51+00
2172,2172,cash_on_delivery,paid,93.02,2025-04-11 13:59:01+00
2173,2173,cash_on_delivery,paid,5747.46,2025-04-13 20:36:41+00
2174,2174,cash_on_delivery,paid,48.12,2025-04-10 03:43:44+00
2175,2175,credit_card,paid,3148.86,2025-04-13 20:24:04+00
2176,2176,debit_card,pending,0.00,
2177,2177,cash_on_delivery,pending,0.00,
2178,2178,credit_card,paid,3201.37,2025-04-11 04:27:44+00
2179,2179,cash_on_delivery,failed,0.00,
2180,2180,credit_card,paid,1267.15,2025-04-10 22:46:17+00
2181,2181,credit_card,refunded,0.00,2025-04-13 10:05:24+00
2182,2182,credit_card,paid,179.13,2025-04-11 01:47:18+00
2183,2183,credit_card,paid,2048.38,2025-04-10 13:59:15+00
2184,2184,credit_card,paid,1392.33,2025-04-13 17:39:04+00
2185,2185,cash_on_delivery,paid,2543.19,2025-04-15 09:45:36+00
2186,2186,credit_card,pending,0.00,
2187,2187,credit_card,paid,83.04,2025-04-10 22:06:43+00
2188,2188,cash_on_delivery,paid,11199.80,2025-04-15 20:41:33+00
2189,2189,debit_card,paid,1768.25,2025-04-14 02:51:33+00
2190,2190,cash_on_delivery,paid,78.16,2025-04-12 09:24:09+00
2191,2191,cash_on_delivery,paid,6280.80,2025-04-12 08:28:33+00
2192,2192,debit_card,paid,3290.14,2025-04-12 14:30:35+00
2193,2193,digital_wallet,paid,87.26,2025-04-12 18:20:32+00
2194,2194,debit_card,paid,1221.89,2025-04-13 23:26:42+00
2195,2195,digital_wallet,paid,20366.81,2025-04-15 10:33:01+00
2196,2196,bank_transfer,paid,2065.60,2025-04-15 18:36:00+00
2197,2197,credit_card,paid,70.13,2025-04-15 18:04:29+00
2198,2198,debit_card,paid,13472.15,2025-04-13 00:20:37+00
2199,2199,credit_card,pending,0.00,
2200,2200,credit_card,paid,2040.89,2025-04-12 22:10:46+00
2201,2201,credit_card,paid,4470.52,2025-04-17 18:15:49+00
2202,2202,credit_card,paid,976.44,2025-04-13 20:48:56+00
2203,2203,cash_on_delivery,pending,0.00,
2204,2204,cash_on_delivery,paid,4822.67,2025-04-17 09:19:35+00
2205,2205,cash_on_delivery,failed,0.00,
2206,2206,bank_transfer,paid,21457.77,2025-04-15 05:22:58+00
2207,2207,cash_on_delivery,paid,3005.86,2025-04-14 10:43:01+00
2208,2208,digital_wallet,pending,0.00,
2209,2209,debit_card,paid,1087.22,2025-04-14 15:12:53+00
2210,2210,credit_card,paid,212.75,2025-04-16 05:15:17+00
2211,2211,cash_on_delivery,paid,69.69,2025-04-18 15:42:11+00
2212,2212,cash_on_delivery,paid,3859.77,2025-04-14 18:42:45+00
2213,2213,cash_on_delivery,paid,319.64,2025-04-14 17:21:26+00
2214,2214,credit_card,paid,77.28,2025-04-14 11:26:52+00
2215,2215,cash_on_delivery,refunded,0.00,2025-04-16 00:16:24+00
2216,2216,credit_card,paid,4830.42,2025-04-19 00:08:49+00
2217,2217,debit_card,paid,12029.60,2025-04-15 16:06:16+00
2218,2218,bank_transfer,paid,12276.48,2025-04-19 01:10:44+00
2219,2219,cash_on_delivery,failed,0.00,
2220,2220,credit_card,pending,0.00,
2221,2221,cash_on_delivery,paid,963.92,2025-04-17 06:20:11+00
2222,2222,credit_card,paid,1444.89,2025-04-16 21:58:34+00
2223,2223,digital_wallet,paid,6689.47,2025-04-21 14:19:29+00
2224,2224,cash_on_delivery,refunded,0.00,2025-04-20 18:20:21+00
2225,2225,bank_transfer,pending,0.00,
2226,2226,cash_on_delivery,refunded,0.00,2025-04-20 14:12:36+00
2227,2227,cash_on_delivery,paid,69.86,2025-04-20 13:16:30+00
2228,2228,digital_wallet,paid,483.87,2025-04-22 15:04:56+00
2229,2229,bank_transfer,paid,10128.26,2025-04-22 07:16:24+00
2230,2230,cash_on_delivery,paid,4091.74,2025-04-19 16:06:57+00
2231,2231,digital_wallet,pending,0.00,
2232,2232,debit_card,paid,16012.19,2025-04-20 04:29:06+00
2233,2233,debit_card,pending,0.00,
2234,2234,cash_on_delivery,paid,11280.97,2025-04-21 11:26:30+00
2235,2235,credit_card,paid,3150.80,2025-04-20 00:44:26+00
2236,2236,credit_card,paid,6408.56,2025-04-19 00:09:36+00
2237,2237,cash_on_delivery,paid,5250.69,2025-04-19 22:58:11+00
2238,2238,digital_wallet,pending,0.00,
2239,2239,cash_on_delivery,paid,4372.18,2025-04-20 04:34:03+00
2240,2240,credit_card,paid,763.19,2025-04-23 19:00:55+00
2241,2241,cash_on_delivery,paid,14105.51,2025-04-19 18:35:23+00
2242,2242,debit_card,paid,574.89,2025-04-21 22:16:44+00
2243,2243,credit_card,paid,1674.63,2025-04-23 20:03:31+00
2244,2244,credit_card,paid,336.44,2025-04-22 01:48:26+00
2245,2245,cash_on_delivery,paid,615.95,2025-04-20 15:28:05+00
2246,2246,credit_card,pending,0.00,
2247,2247,cash_on_delivery,paid,1351.40,2025-04-23 11:36:51+00
2248,2248,debit_card,paid,825.64,2025-04-21 14:16:58+00
2249,2249,bank_transfer,paid,2522.55,2025-04-24 09:00:21+00
2250,2250,debit_card,refunded,0.00,2025-04-24 21:21:06+00
2251,2251,debit_card,paid,530.19,2025-04-23 16:53:17+00
2252,2252,credit_card,paid,52.13,2025-04-26 06:24:09+00
2253,2253,credit_card,paid,683.66,2025-04-23 05:36:27+00
2254,2254,cash_on_delivery,refunded,0.00,2025-04-24 04:45:23+00
2255,2255,credit_card,paid,3304.26,2025-04-23 18:07:24+00
2256,2256,credit_card,pending,0.00,
2257,2257,credit_card,paid,2340.51,2025-04-24 12:04:38+00
2258,2258,cash_on_delivery,paid,2515.67,2025-04-24 01:14:33+00
2259,2259,cash_on_delivery,paid,10966.00,2025-04-24 13:50:47+00
2260,2260,cash_on_delivery,paid,4312.11,2025-04-23 09:58:20+00
2261,2261,credit_card,paid,23902.14,2025-04-26 20:40:45+00
2262,2262,cash_on_delivery,paid,33.30,2025-04-25 08:06:20+00
2263,2263,credit_card,paid,482.87,2025-04-28 05:23:27+00
2264,2264,debit_card,failed,0.00,
2265,2265,cash_on_delivery,pending,0.00,
2266,2266,cash_on_delivery,paid,15486.85,2025-04-24 21:51:13+00
2267,2267,cash_on_delivery,failed,0.00,
2268,2268,cash_on_delivery,paid,7744.80,2025-04-27 00:49:21+00
2269,2269,credit_card,paid,3448.43,2025-04-29 22:26:07+00
2270,2270,cash_on_delivery,failed,0.00,
2271,2271,bank_transfer,pending,0.00,
2272,2272,cash_on_delivery,paid,3247.21,2025-04-28 11:08:10+00
2273,2273,cash_on_delivery,paid,5958.75,2025-04-28 20:18:20+00
2274,2274,cash_on_delivery,paid,4640.22,2025-04-30 17:46:08+00
2275,2275,credit_card,paid,804.32,2025-04-29 02:32:15+00
2276,2276,credit_card,failed,0.00,
2277,2277,cash_on_delivery,paid,301.09,2025-04-28 20:14:41+00
2278,2278,credit_card,failed,0.00,
2279,2279,cash_on_delivery,paid,493.54,2025-04-30 13:07:46+00
2280,2280,cash_on_delivery,paid,1515.46,2025-04-29 13:28:34+00
2281,2281,credit_card,paid,7234.72,2025-05-01 02:50:01+00
2282,2282,bank_transfer,pending,0.00,
2283,2283,credit_card,paid,27.15,2025-05-02 11:26:48+00
2284,2284,credit_card,paid,46.66,2025-05-02 07:16:25+00
2285,2285,debit_card,paid,28.42,2025-05-01 01:16:04+00
2286,2286,cash_on_delivery,paid,1275.82,2025-05-01 06:23:43+00
2287,2287,bank_transfer,paid,3675.80,2025-05-01 02:34:22+00
2288,2288,credit_card,paid,1139.47,2025-05-01 23:13:48+00
2289,2289,cash_on_delivery,pending,0.00,
2290,2290,credit_card,paid,3493.78,2025-05-01 19:41:29+00
2291,2291,cash_on_delivery,paid,10485.09,2025-05-03 14:07:09+00
2292,2292,cash_on_delivery,paid,19.36,2025-05-03 17:04:02+00
2293,2293,cash_on_delivery,pending,0.00,
2294,2294,cash_on_delivery,paid,4195.76,2025-05-02 00:24:42+00
2295,2295,bank_transfer,paid,5728.69,2025-05-04 05:17:58+00
2296,2296,debit_card,pending,0.00,
2297,2297,credit_card,paid,452.21,2025-05-02 09:38:07+00
2298,2298,credit_card,paid,373.38,2025-05-03 04:10:49+00
2299,2299,debit_card,paid,2016.73,2025-05-04 16:28:03+00
2300,2300,cash_on_delivery,paid,1989.61,2025-05-04 01:55:11+00
2301,2301,cash_on_delivery,failed,0.00,
2302,2302,cash_on_delivery,paid,7920.28,2025-05-02 22:10:04+00
2303,2303,debit_card,paid,11941.00,2025-05-05 08:14:55+00
2304,2304,cash_on_delivery,pending,0.00,
2305,2305,bank_transfer,paid,2829.73,2025-05-02 01:14:02+00
2306,2306,cash_on_delivery,paid,832.07,2025-05-05 08:33:06+00
2307,2307,credit_card,paid,4601.82,2025-05-04 18:58:13+00
2308,2308,bank_transfer,paid,10967.10,2025-05-02 06:23:53+00
2309,2309,debit_card,paid,6327.01,2025-05-03 14:38:00+00
2310,2310,cash_on_delivery,paid,429.35,2025-05-03 11:15:24+00
2311,2311,cash_on_delivery,paid,1201.30,2025-05-03 20:32:40+00
2312,2312,bank_transfer,paid,8639.14,2025-05-05 02:57:12+00
2313,2313,credit_card,failed,0.00,
2314,2314,cash_on_delivery,failed,0.00,
2315,2315,cash_on_delivery,pending,0.00,
2316,2316,debit_card,paid,218.30,2025-05-05 05:50:52+00
2317,2317,bank_transfer,paid,6192.77,2025-05-07 01:40:43+00
2318,2318,credit_card,paid,2803.34,2025-05-05 16:53:24+00
2319,2319,debit_card,paid,1856.08,2025-05-05 13:22:10+00
2320,2320,digital_wallet,paid,353.73,2025-05-07 17:06:05+00
2321,2321,credit_card,paid,16699.55,2025-05-04 13:47:13+00
2322,2322,debit_card,paid,5038.98,2025-05-04 09:47:16+00
2323,2323,cash_on_delivery,refunded,0.00,2025-05-05 02:52:03+00
2324,2324,credit_card,failed,0.00,
2325,2325,credit_card,paid,520.08,2025-05-05 18:17:24+00
2326,2326,credit_card,paid,13801.02,2025-05-06 22:57:18+00
2327,2327,debit_card,paid,871.22,2025-05-08 00:48:13+00
2328,2328,cash_on_delivery,failed,0.00,
2329,2329,cash_on_delivery,paid,3063.88,2025-05-09 07:32:48+00
2330,2330,cash_on_delivery,paid,182.40,2025-05-09 21:19:37+00
2331,2331,cash_on_delivery,paid,3192.44,2025-05-07 11:11:25+00
2332,2332,cash_on_delivery,paid,7576.26,2025-05-09 16:13:50+00
2333,2333,cash_on_delivery,paid,2477.39,2025-05-07 00:19:28+00
2334,2334,cash_on_delivery,paid,1866.92,2025-05-08 04:31:56+00
2335,2335,credit_card,paid,14262.48,2025-05-09 21:41:52+00
2336,2336,bank_transfer,paid,5106.19,2025-05-06 11:00:30+00
2337,2337,credit_card,paid,355.43,2025-05-07 18:27:43+00
2338,2338,bank_transfer,paid,11330.39,2025-05-08 13:18:47+00
2339,2339,credit_card,paid,10.28,2025-05-09 19:05:35+00
2340,2340,credit_card,paid,894.22,2025-05-09 14:09:05+00
2341,2341,credit_card,paid,144.60,2025-05-11 00:51:04+00
2342,2342,cash_on_delivery,paid,2726.07,2025-05-07 20:28:06+00
2343,2343,cash_on_delivery,paid,10124.57,2025-05-08 15:04:35+00
2344,2344,bank_transfer,paid,197.10,2025-05-11 23:38:01+00
2345,2345,cash_on_delivery,paid,2433.10,2025-05-08 00:13:31+00
2346,2346,credit_card,paid,8848.93,2025-05-09 22:58:12+00
2347,2347,credit_card,paid,1028.37,2025-05-11 16:12:11+00
2348,2348,cash_on_delivery,failed,0.00,
2349,2349,credit_card,paid,5039.43,2025-05-13 06:46:34+00
2350,2350,credit_card,paid,1230.00,2025-05-09 22:00:38+00
2351,2351,cash_on_delivery,paid,9227.35,2025-05-11 10:21:27+00
2352,2352,credit_card,paid,999.24,2025-05-09 11:47:29+00
2353,2353,digital_wallet,refunded,0.00,2025-05-09 07:08:24+00
2354,2354,credit_card,paid,632.84,2025-05-12 00:26:08+00
2355,2355,cash_on_delivery,pending,0.00,
2356,2356,cash_on_delivery,paid,60.78,2025-05-14 18:26:21+00
2357,2357,cash_on_delivery,paid,1081.40,2025-05-13 19:05:18+00
2358,2358,digital_wallet,pending,0.00,
2359,2359,credit_card,paid,20.86,2025-05-10 18:52:44+00
2360,2360,credit_card,paid,1343.39,2025-05-13 02:11:03+00
2361,2361,cash_on_delivery,paid,15928.92,2025-05-15 11:16:14+00
2362,2362,debit_card,paid,2103.73,2025-05-15 06:36:08+00
2363,2363,credit_card,paid,921.34,2025-05-15 08:22:36+00
2364,2364,credit_card,paid,204.88,2025-05-12 15:56:53+00
2365,2365,cash_on_delivery,paid,4583.08,2025-05-13 05:19:24+00
2366,2366,bank_transfer,paid,2695.35,2025-05-15 07:23:33+00
2367,2367,credit_card,paid,332.62,2025-05-17 04:43:25+00
2368,2368,cash_on_delivery,failed,0.00,
2369,2369,cash_on_delivery,paid,1590.22,2025-05-16 20:06:27+00
2370,2370,cash_on_delivery,paid,1430.72,2025-05-16 15:48:05+00
2371,2371,digital_wallet,paid,12438.79,2025-05-14 22:21:17+00
2372,2372,credit_card,paid,8862.55,2025-05-13 18:51:46+00
2373,2373,debit_card,paid,6328.68,2025-05-14 04:57:54+00
2374,2374,credit_card,paid,136.81,2025-05-18 05:00:32+00
2375,2375,cash_on_delivery,paid,3744.58,2025-05-15 20:49:14+00
2376,2376,cash_on_delivery,refunded,0.00,2025-05-13 18:47:15+00
2377,2377,credit_card,paid,2758.46,2025-05-18 17:18:15+00
2378,2378,cash_on_delivery,paid,735.60,2025-05-16 05:34:18+00
2379,2379,credit_card,paid,219.42,2025-05-14 22:47:04+00
2380,2380,cash_on_delivery,pending,0.00,
2381,2381,cash_on_delivery,paid,901.75,2025-05-16 01:35:40+00
2382,2382,credit_card,paid,6516.31,2025-05-19 13:29:40+00
2383,2383,digital_wallet,refunded,0.00,2025-05-19 05:14:22+00
2384,2384,credit_card,paid,531.39,2025-05-19 02:49:41+00
2385,2385,digital_wallet,paid,1362.48,2025-05-19 14:00:10+00
2386,2386,cash_on_delivery,pending,0.00,
2387,2387,bank_transfer,paid,3853.05,2025-05-18 16:50:53+00
2388,2388,cash_on_delivery,paid,4279.92,2025-05-17 17:22:19+00
2389,2389,cash_on_delivery,paid,198.19,2025-05-18 01:24:45+00
2390,2390,cash_on_delivery,paid,75.84,2025-05-17 11:25:56+00
2391,2391,debit_card,paid,1206.16,2025-05-21 02:11:52+00
2392,2392,cash_on_delivery,paid,188.23,2025-05-18 06:38:47+00
2393,2393,cash_on_delivery,paid,364.75,2025-05-18 20:43:27+00
2394,2394,debit_card,paid,3229.21,2025-05-19 01:20:29+00
2395,2395,bank_transfer,paid,27.53,2025-05-20 09:30:33+00
2396,2396,credit_card,pending,0.00,
2397,2397,cash_on_delivery,paid,3749.16,2025-05-20 13:43:37+00
2398,2398,debit_card,paid,3944.24,2025-05-19 00:44:31+00
2399,2399,credit_card,pending,0.00,
2400,2400,cash_on_delivery,paid,8115.37,2025-05-22 15:39:03+00
2401,2401,cash_on_delivery,paid,4922.24,2025-05-23 07:51:44+00
2402,2402,credit_card,paid,2117.51,2025-05-22 11:13:00+00
2403,2403,credit_card,pending,0.00,
2404,2404,credit_card,paid,60.78,2025-05-23 11:32:47+00
2405,2405,credit_card,paid,1217.78,2025-05-23 20:08:21+00
2406,2406,cash_on_delivery,failed,0.00,
2407,2407,cash_on_delivery,paid,6636.07,2025-05-23 03:49:59+00
2408,2408,cash_on_delivery,paid,3136.67,2025-05-24 19:55:43+00
2409,2409,credit_card,paid,821.11,2025-05-25 17:23:46+00
2410,2410,credit_card,paid,21509.92,2025-05-22 21:54:21+00
2411,2411,credit_card,paid,432.28,2025-05-22 20:45:52+00
2412,2412,digital_wallet,paid,7560.49,2025-05-26 05:47:19+00
2413,2413,cash_on_delivery,paid,21390.28,2025-05-24 09:17:00+00
2414,2414,debit_card,paid,285.49,2025-05-27 18:28:09+00
2415,2415,credit_card,paid,2497.38,2025-05-27 03:41:27+00
2416,2416,cash_on_delivery,paid,9499.07,2025-05-23 13:46:43+00
2417,2417,cash_on_delivery,paid,3251.70,2025-05-25 19:31:20+00
2418,2418,debit_card,paid,776.40,2025-05-27 16:56:43+00
2419,2419,credit_card,paid,1344.65,2025-05-27 10:14:19+00
2420,2420,bank_transfer,paid,3092.25,2025-05-23 19:36:42+00
2421,2421,cash_on_delivery,paid,545.54,2025-05-25 05:50:41+00
2422,2422,debit_card,paid,846.09,2025-05-26 13:24:19+00
2423,2423,credit_card,paid,2367.93,2025-05-26 22:38:12+00
2424,2424,digital_wallet,paid,5696.44,2025-05-24 18:14:43+00
2425,2425,digital_wallet,paid,1908.78,2025-05-27 23:08:43+00
2426,2426,credit_card,paid,743.54,2025-05-26 18:31:21+00
2427,2427,cash_on_delivery,paid,4217.64,2025-05-28 22:39:17+00
2428,2428,cash_on_delivery,paid,881.21,2025-05-27 07:52:28+00
2429,2429,cash_on_delivery,pending,0.00,
2430,2430,digital_wallet,refunded,0.00,2025-05-27 01:42:11+00
2431,2431,cash_on_delivery,paid,2799.89,2025-05-25 06:00:36+00
2432,2432,cash_on_delivery,paid,3336.13,2025-05-29 23:04:33+00
2433,2433,cash_on_delivery,paid,1455.33,2025-05-26 00:45:53+00
2434,2434,credit_card,paid,488.42,2025-05-27 22:24:44+00
2435,2435,cash_on_delivery,paid,6678.67,2025-05-29 02:04:42+00
2436,2436,cash_on_delivery,paid,1354.41,2025-05-27 19:01:04+00
2437,2437,bank_transfer,paid,3570.25,2025-05-27 17:36:43+00
2438,2438,cash_on_delivery,pending,0.00,
2439,2439,debit_card,refunded,0.00,2025-05-30 22:34:20+00
2440,2440,credit_card,paid,1677.75,2025-05-28 23:23:29+00
2441,2441,credit_card,paid,425.71,2025-05-27 01:49:04+00
2442,2442,debit_card,paid,96.02,2025-05-28 03:03:21+00
2443,2443,credit_card,pending,0.00,
2444,2444,debit_card,paid,865.22,2025-05-31 21:07:41+00
2445,2445,debit_card,pending,0.00,
2446,2446,credit_card,paid,18399.64,2025-05-31 16:40:24+00
2447,2447,credit_card,pending,0.00,
2448,2448,credit_card,paid,432.69,2025-05-30 21:29:13+00
2449,2449,credit_card,paid,227.43,2025-05-30 09:42:13+00
2450,2450,cash_on_delivery,pending,0.00,
2451,2451,credit_card,paid,879.83,2025-05-29 23:03:35+00
2452,2452,credit_card,paid,345.40,2025-05-31 21:17:38+00
2453,2453,cash_on_delivery,pending,0.00,
2454,2454,debit_card,paid,13034.16,2025-05-30 20:54:42+00
2455,2455,cash_on_delivery,refunded,0.00,2025-05-29 19:08:32+00
2456,2456,cash_on_delivery,paid,16582.33,2025-05-30 05:49:27+00
2457,2457,debit_card,paid,4013.84,2025-05-31 12:33:13+00
2458,2458,cash_on_delivery,paid,4152.84,2025-06-01 01:08:31+00
2459,2459,cash_on_delivery,pending,0.00,
2460,2460,credit_card,paid,7030.05,2025-05-31 06:14:59+00
2461,2461,debit_card,paid,2219.89,2025-06-03 05:40:28+00
2462,2462,bank_transfer,paid,1110.33,2025-06-02 03:54:57+00
2463,2463,cash_on_delivery,paid,1252.21,2025-05-31 00:57:53+00
2464,2464,credit_card,paid,3646.33,2025-06-05 02:22:29+00
2465,2465,credit_card,paid,117.86,2025-06-03 06:15:34+00
2466,2466,cash_on_delivery,paid,62.14,2025-06-02 05:08:27+00
2467,2467,credit_card,refunded,0.00,2025-06-04 16:14:24+00
2468,2468,credit_card,paid,6052.83,2025-06-02 19:53:12+00
2469,2469,credit_card,paid,3259.27,2025-06-01 15:03:31+00
2470,2470,debit_card,pending,0.00,
2471,2471,credit_card,pending,0.00,
2472,2472,credit_card,paid,109.22,2025-06-05 14:24:44+00
2473,2473,credit_card,paid,4776.06,2025-06-05 05:02:16+00
2474,2474,debit_card,refunded,0.00,2025-06-04 15:55:17+00
2475,2475,digital_wallet,paid,1418.14,2025-06-06 00:05:57+00
2476,2476,debit_card,paid,386.19,2025-06-05 21:20:50+00
2477,2477,digital_wallet,pending,0.00,
2478,2478,cash_on_delivery,paid,2519.17,2025-06-02 14:49:39+00
2479,2479,cash_on_delivery,paid,505.35,2025-06-04 11:18:00+00
2480,2480,digital_wallet,paid,11864.21,2025-06-03 04:06:04+00
2481,2481,cash_on_delivery,refunded,0.00,2025-06-06 07:26:07+00
2482,2482,cash_on_delivery,paid,66.47,2025-06-06 00:11:05+00
2483,2483,credit_card,paid,156.30,2025-06-06 11:14:20+00
2484,2484,cash_on_delivery,paid,389.41,2025-06-03 23:17:49+00
2485,2485,credit_card,refunded,0.00,2025-06-06 23:57:39+00
2486,2486,digital_wallet,paid,2058.62,2025-06-05 04:39:14+00
2487,2487,bank_transfer,pending,0.00,
2488,2488,bank_transfer,paid,10183.20,2025-06-09 01:55:02+00
2489,2489,credit_card,refunded,0.00,2025-06-06 14:52:44+00
2490,2490,debit_card,paid,46.23,2025-06-09 12:21:08+00
2491,2491,debit_card,failed,0.00,
2492,2492,bank_transfer,paid,1673.72,2025-06-07 20:59:12+00
2493,2493,credit_card,paid,1757.73,2025-06-06 23:04:15+00
2494,2494,credit_card,paid,4883.03,2025-06-06 13:02:10+00
2495,2495,cash_on_delivery,paid,1058.43,2025-06-07 16:13:58+00
2496,2496,cash_on_delivery,paid,1545.65,2025-06-09 06:04:23+00
2497,2497,credit_card,pending,0.00,
2498,2498,cash_on_delivery,paid,1957.73,2025-06-07 14:50:12+00
2499,2499,credit_card,pending,0.00,
2500,2500,credit_card,paid,9517.94,2025-06-11 10:23:22+00
2501,2501,credit_card,paid,1126.07,2025-06-06 23:07:36+00
2502,2502,credit_card,paid,2306.76,2025-06-06 22:50:05+00
2503,2503,cash_on_delivery,paid,909.67,2025-06-11 14:45:58+00
2504,2504,credit_card,paid,4489.62,2025-06-09 18:27:23+00
2505,2505,cash_on_delivery,pending,0.00,
2506,2506,cash_on_delivery,paid,1241.10,2025-06-09 02:42:12+00
2507,2507,debit_card,refunded,0.00,2025-06-11 11:17:08+00
2508,2508,cash_on_delivery,paid,1204.06,2025-06-09 18:38:34+00
2509,2509,cash_on_delivery,paid,11956.61,2025-06-11 04:51:35+00
2510,2510,bank_transfer,paid,103.90,2025-06-12 10:11:22+00
2511,2511,digital_wallet,paid,2479.61,2025-06-09 04:52:26+00
2512,2512,cash_on_delivery,pending,0.00,
2513,2513,bank_transfer,paid,1114.97,2025-06-09 08:58:13+00
2514,2514,credit_card,failed,0.00,
2515,2515,digital_wallet,paid,560.26,2025-06-12 18:35:57+00
2516,2516,cash_on_delivery,paid,885.44,2025-06-09 03:46:59+00
2517,2517,cash_on_delivery,paid,282.91,2025-06-11 19:47:05+00
2518,2518,cash_on_delivery,paid,666.70,2025-06-12 07:57:49+00
2519,2519,cash_on_delivery,paid,14157.01,2025-06-12 16:16:21+00
2520,2520,debit_card,paid,3553.41,2025-06-14 07:29:05+00
2521,2521,cash_on_delivery,paid,7398.18,2025-06-14 10:51:57+00
2522,2522,credit_card,paid,483.47,2025-06-11 16:52:48+00
2523,2523,bank_transfer,paid,4917.61,2025-06-11 19:04:28+00
2524,2524,cash_on_delivery,pending,0.00,
2525,2525,credit_card,paid,3050.96,2025-06-12 07:50:17+00
2526,2526,cash_on_delivery,paid,907.57,2025-06-14 17:45:54+00
2527,2527,cash_on_delivery,paid,3275.97,2025-06-15 04:04:50+00
2528,2528,credit_card,paid,1133.57,2025-06-15 11:26:30+00
2529,2529,digital_wallet,pending,0.00,
2530,2530,credit_card,paid,2270.42,2025-06-13 11:17:28+00
2531,2531,credit_card,paid,896.49,2025-06-14 00:15:13+00
2532,2532,cash_on_delivery,paid,1100.30,2025-06-16 23:01:38+00
2533,2533,cash_on_delivery,paid,17652.13,2025-06-18 18:15:21+00
2534,2534,cash_on_delivery,paid,8068.86,2025-06-16 15:30:26+00
2535,2535,cash_on_delivery,pending,0.00,
2536,2536,cash_on_delivery,pending,0.00,
2537,2537,credit_card,paid,433.08,2025-06-16 03:57:14+00
2538,2538,debit_card,failed,0.00,
2539,2539,cash_on_delivery,paid,345.92,2025-06-16 18:32:05+00
2540,2540,cash_on_delivery,pending,0.00,
2541,2541,credit_card,failed,0.00,
2542,2542,credit_card,pending,0.00,
2543,2543,cash_on_delivery,paid,2761.24,2025-06-17 07:23:30+00
2544,2544,bank_transfer,paid,5351.24,2025-06-16 07:26:39+00
2545,2545,debit_card,paid,775.71,2025-06-19 11:37:20+00
2546,2546,credit_card,paid,1491.01,2025-06-19 02:17:57+00
2547,2547,credit_card,paid,50.53,2025-06-16 21:30:07+00
2548,2548,cash_on_delivery,paid,1094.85,2025-06-20 08:51:13+00
2549,2549,credit_card,paid,9725.74,2025-06-19 14:49:32+00
2550,2550,debit_card,paid,7100.71,2025-06-21 22:19:59+00
2551,2551,credit_card,paid,918.34,2025-06-19 08:34:27+00
2552,2552,credit_card,paid,1204.26,2025-06-19 19:17:53+00
2553,2553,cash_on_delivery,paid,3676.94,2025-06-22 02:38:14+00
2554,2554,cash_on_delivery,paid,20550.47,2025-06-21 09:16:28+00
2555,2555,cash_on_delivery,paid,1433.02,2025-06-18 18:31:23+00
2556,2556,credit_card,paid,3628.90,2025-06-19 08:59:55+00
2557,2557,cash_on_delivery,refunded,0.00,2025-06-19 08:02:08+00
2558,2558,credit_card,refunded,0.00,2025-06-18 15:37:15+00
2559,2559,credit_card,paid,2023.64,2025-06-22 21:27:36+00
2560,2560,credit_card,paid,241.89,2025-06-19 19:54:01+00
2561,2561,cash_on_delivery,paid,465.93,2025-06-22 01:30:08+00
2562,2562,credit_card,paid,84.12,2025-06-21 12:39:56+00
2563,2563,digital_wallet,refunded,0.00,2025-06-22 01:34:46+00
2564,2564,cash_on_delivery,pending,0.00,
2565,2565,debit_card,pending,0.00,
2566,2566,cash_on_delivery,paid,15412.52,2025-06-21 07:05:06+00
2567,2567,credit_card,failed,0.00,
2568,2568,credit_card,paid,8915.89,2025-06-20 07:37:50+00
2569,2569,debit_card,paid,8618.04,2025-06-21 09:47:33+00
2570,2570,debit_card,paid,7301.98,2025-06-22 15:54:37+00
2571,2571,credit_card,paid,2539.78,2025-06-21 11:29:37+00
2572,2572,cash_on_delivery,paid,864.07,2025-06-22 10:43:15+00
2573,2573,cash_on_delivery,refunded,0.00,2025-06-23 08:18:39+00
2574,2574,cash_on_delivery,paid,2151.27,2025-06-22 15:41:03+00
2575,2575,credit_card,paid,9058.61,2025-06-24 17:01:01+00
2576,2576,cash_on_delivery,pending,0.00,
2577,2577,cash_on_delivery,paid,1277.00,2025-06-25 02:40:14+00
2578,2578,debit_card,paid,102.76,2025-06-22 11:21:50+00
2579,2579,cash_on_delivery,paid,9149.35,2025-06-22 00:50:05+00
2580,2580,cash_on_delivery,paid,4189.03,2025-06-24 22:21:25+00
2581,2581,debit_card,paid,16326.12,2025-06-24 18:08:36+00
2582,2582,debit_card,pending,0.00,
2583,2583,cash_on_delivery,paid,3637.26,2025-06-27 00:40:43+00
2584,2584,digital_wallet,paid,2409.00,2025-06-24 03:55:57+00
2585,2585,cash_on_delivery,paid,10071.23,2025-06-25 09:14:17+00
2586,2586,bank_transfer,paid,5384.94,2025-06-24 07:44:30+00
2587,2587,debit_card,failed,0.00,
2588,2588,cash_on_delivery,paid,20275.78,2025-06-24 05:58:30+00
2589,2589,credit_card,paid,1187.70,2025-06-25 02:54:32+00
2590,2590,credit_card,pending,0.00,
2591,2591,cash_on_delivery,pending,0.00,
2592,2592,debit_card,paid,44.40,2025-06-27 09:44:23+00
2593,2593,cash_on_delivery,pending,0.00,
2594,2594,digital_wallet,paid,6599.62,2025-06-27 00:07:24+00
2595,2595,debit_card,failed,0.00,
2596,2596,cash_on_delivery,paid,4854.35,2025-06-28 16:30:27+00
2597,2597,bank_transfer,paid,1693.56,2025-06-24 23:07:51+00
2598,2598,debit_card,paid,4796.07,2025-06-29 13:30:39+00
2599,2599,debit_card,paid,2093.06,2025-06-28 05:46:28+00
2600,2600,credit_card,pending,0.00,
2601,2601,cash_on_delivery,paid,14678.09,2025-06-28 18:05:58+00
2602,2602,cash_on_delivery,paid,2389.47,2025-06-30 14:06:48+00
2603,2603,bank_transfer,paid,148.87,2025-06-26 22:35:46+00
2604,2604,credit_card,paid,2592.33,2025-06-28 01:34:41+00
2605,2605,credit_card,paid,928.48,2025-07-01 15:53:53+00
2606,2606,debit_card,pending,0.00,
2607,2607,cash_on_delivery,paid,848.76,2025-06-28 18:04:39+00
2608,2608,cash_on_delivery,paid,6189.68,2025-06-28 16:08:37+00
2609,2609,credit_card,paid,912.48,2025-06-28 14:27:20+00
2610,2610,cash_on_delivery,paid,5512.26,2025-07-01 03:21:11+00
2611,2611,credit_card,paid,14429.08,2025-06-30 05:03:31+00
2612,2612,credit_card,paid,6122.26,2025-07-02 13:58:54+00
2613,2613,credit_card,paid,527.22,2025-07-03 09:40:48+00
2614,2614,digital_wallet,paid,7124.55,2025-07-04 02:42:07+00
2615,2615,debit_card,paid,61.92,2025-07-02 03:57:24+00
2616,2616,debit_card,paid,5500.36,2025-06-30 10:19:42+00
2617,2617,cash_on_delivery,paid,1823.71,2025-07-02 10:52:09+00
2618,2618,debit_card,paid,601.35,2025-07-04 03:25:32+00
2619,2619,credit_card,paid,81.17,2025-07-01 11:06:04+00
2620,2620,bank_transfer,paid,7793.68,2025-07-01 22:49:31+00
2621,2621,cash_on_delivery,paid,3697.87,2025-07-01 16:42:20+00
2622,2622,cash_on_delivery,pending,0.00,
2623,2623,credit_card,paid,2419.91,2025-07-03 21:28:07+00
2624,2624,credit_card,pending,0.00,
2625,2625,cash_on_delivery,paid,5641.63,2025-07-03 15:30:36+00
2626,2626,debit_card,paid,1322.72,2025-07-02 04:09:24+00
2627,2627,cash_on_delivery,paid,179.73,2025-07-06 19:17:47+00
2628,2628,credit_card,failed,0.00,
2629,2629,bank_transfer,paid,8933.12,2025-07-06 18:46:46+00
2630,2630,credit_card,paid,137.95,2025-07-04 18:45:01+00
2631,2631,cash_on_delivery,paid,15297.90,2025-07-06 07:30:15+00
2632,2632,cash_on_delivery,pending,0.00,
2633,2633,cash_on_delivery,paid,4879.94,2025-07-05 10:16:07+00
2634,2634,digital_wallet,paid,7984.54,2025-07-04 06:47:41+00
2635,2635,credit_card,pending,0.00,
2636,2636,credit_card,failed,0.00,
2637,2637,credit_card,paid,389.07,2025-07-04 07:14:31+00
2638,2638,debit_card,paid,2065.21,2025-07-07 05:22:50+00
2639,2639,credit_card,paid,73.75,2025-07-03 20:37:47+00
2640,2640,cash_on_delivery,paid,2178.25,2025-07-06 03:01:32+00
2641,2641,credit_card,paid,1255.42,2025-07-04 10:32:04+00
2642,2642,cash_on_delivery,pending,0.00,
2643,2643,cash_on_delivery,refunded,0.00,2025-07-04 16:06:34+00
2644,2644,cash_on_delivery,paid,535.42,2025-07-08 09:09:40+00
2645,2645,cash_on_delivery,paid,2433.59,2025-07-06 17:41:50+00
2646,2646,debit_card,paid,14116.52,2025-07-09 03:16:15+00
2647,2647,digital_wallet,paid,1213.91,2025-07-05 04:21:02+00
2648,2648,cash_on_delivery,paid,1362.75,2025-07-07 02:30:48+00
2649,2649,credit_card,paid,2340.63,2025-07-05 13:59:06+00
2650,2650,cash_on_delivery,paid,593.94,2025-07-05 18:09:00+00
2651,2651,cash_on_delivery,paid,740.66,2025-07-05 08:52:07+00
2652,2652,bank_transfer,paid,3581.71,2025-07-10 02:21:10+00
2653,2653,cash_on_delivery,paid,914.40,2025-07-07 12:40:26+00
2654,2654,debit_card,paid,3999.37,2025-07-06 06:45:17+00
2655,2655,credit_card,paid,1275.78,2025-07-09 15:38:56+00
2656,2656,debit_card,paid,517.26,2025-07-06 05:42:46+00
2657,2657,credit_card,paid,91.76,2025-07-06 11:44:39+00
2658,2658,cash_on_delivery,refunded,0.00,2025-07-08 07:26:10+00
2659,2659,cash_on_delivery,refunded,0.00,2025-07-09 22:01:57+00
2660,2660,cash_on_delivery,paid,3593.78,2025-07-10 12:40:16+00
2661,2661,cash_on_delivery,paid,143.21,2025-07-11 11:34:06+00
2662,2662,credit_card,paid,7423.50,2025-07-12 02:01:45+00
2663,2663,credit_card,paid,1288.98,2025-07-10 01:18:08+00
2664,2664,bank_transfer,paid,1675.29,2025-07-08 21:41:47+00
2665,2665,digital_wallet,paid,1607.56,2025-07-12 19:34:03+00
2666,2666,cash_on_delivery,paid,309.22,2025-07-10 15:02:18+00
2667,2667,cash_on_delivery,paid,2902.78,2025-07-09 20:00:49+00
2668,2668,cash_on_delivery,paid,1630.13,2025-07-11 11:30:49+00
2669,2669,debit_card,paid,848.24,2025-07-09 07:54:15+00
2670,2670,credit_card,paid,9155.45,2025-07-11 22:43:09+00
2671,2671,credit_card,paid,740.90,2025-07-11 02:00:56+00
2672,2672,cash_on_delivery,paid,2467.82,2025-07-09 09:10:42+00
2673,2673,credit_card,paid,969.07,2025-07-09 13:39:05+00
2674,2674,cash_on_delivery,paid,21164.53,2025-07-09 15:20:15+00
2675,2675,cash_on_delivery,paid,269.84,2025-07-12 11:31:09+00
2676,2676,cash_on_delivery,paid,6519.07,2025-07-14 10:22:02+00
2677,2677,cash_on_delivery,paid,1069.55,2025-07-10 14:53:34+00
2678,2678,cash_on_delivery,refunded,0.00,2025-07-10 15:25:03+00
2679,2679,cash_on_delivery,pending,0.00,
2680,2680,cash_on_delivery,refunded,0.00,2025-07-15 00:32:38+00
2681,2681,cash_on_delivery,paid,1180.50,2025-07-15 01:49:23+00
2682,2682,bank_transfer,pending,0.00,
2683,2683,credit_card,paid,1124.33,2025-07-14 20:05:19+00
2684,2684,credit_card,paid,2959.62,2025-07-12 21:42:06+00
2685,2685,bank_transfer,paid,959.21,2025-07-16 17:39:50+00
2686,2686,credit_card,paid,54.75,2025-07-15 02:50:19+00
2687,2687,cash_on_delivery,paid,4928.92,2025-07-15 03:17:10+00
2688,2688,cash_on_delivery,paid,1275.41,2025-07-15 13:27:04+00
2689,2689,debit_card,paid,68.55,2025-07-14 17:40:19+00
2690,2690,credit_card,paid,2419.91,2025-07-12 15:21:50+00
2691,2691,credit_card,pending,0.00,
2692,2692,credit_card,paid,340.46,2025-07-16 13:47:55+00
2693,2693,cash_on_delivery,paid,2952.19,2025-07-14 14:17:23+00
2694,2694,debit_card,paid,790.74,2025-07-15 08:27:51+00
2695,2695,credit_card,paid,512.74,2025-07-17 05:13:20+00
2696,2696,digital_wallet,paid,14457.35,2025-07-14 06:35:05+00
2697,2697,cash_on_delivery,paid,1468.21,2025-07-16 18:16:36+00
2698,2698,credit_card,paid,544.51,2025-07-13 11:38:14+00
2699,2699,credit_card,pending,0.00,
2700,2700,bank_transfer,paid,3364.22,2025-07-15 23:13:07+00
2701,2701,debit_card,paid,13.81,2025-07-18 01:53:03+00
2702,2702,credit_card,paid,531.69,2025-07-16 14:38:51+00
2703,2703,cash_on_delivery,paid,1296.25,2025-07-14 14:53:24+00
2704,2704,cash_on_delivery,paid,6379.74,2025-07-15 22:28:50+00
2705,2705,cash_on_delivery,paid,8295.81,2025-07-15 08:09:43+00
2706,2706,credit_card,paid,8941.79,2025-07-17 14:46:54+00
2707,2707,digital_wallet,paid,1362.95,2025-07-20 01:36:14+00
2708,2708,credit_card,paid,430.20,2025-07-18 20:02:32+00
2709,2709,bank_transfer,refunded,0.00,2025-07-17 20:40:04+00
2710,2710,credit_card,refunded,0.00,2025-07-20 19:22:45+00
2711,2711,cash_on_delivery,paid,375.17,2025-07-19 00:35:55+00
2712,2712,debit_card,paid,3586.05,2025-07-19 03:03:23+00
2713,2713,cash_on_delivery,paid,17941.90,2025-07-17 07:06:27+00
2714,2714,credit_card,paid,6357.25,2025-07-18 06:21:52+00
2715,2715,credit_card,paid,44.37,2025-07-18 06:21:12+00
2716,2716,credit_card,paid,522.00,2025-07-18 15:58:55+00
2717,2717,credit_card,paid,11065.47,2025-07-18 12:04:12+00
2718,2718,debit_card,paid,6268.07,2025-07-19 05:52:25+00
2719,2719,debit_card,pending,0.00,
2720,2720,credit_card,paid,157.69,2025-07-18 18:43:33+00
2721,2721,cash_on_delivery,paid,490.46,2025-07-20 02:18:13+00
2722,2722,cash_on_delivery,paid,984.85,2025-07-19 00:14:47+00
2723,2723,cash_on_delivery,paid,7994.70,2025-07-21 14:30:37+00
2724,2724,credit_card,paid,244.53,2025-07-21 16:45:52+00
2725,2725,cash_on_delivery,paid,2089.99,2025-07-23 01:54:16+00
2726,2726,cash_on_delivery,paid,7905.20,2025-07-19 21:36:50+00
2727,2727,cash_on_delivery,refunded,0.00,2025-07-23 15:26:58+00
2728,2728,credit_card,paid,1661.94,2025-07-19 13:58:24+00
2729,2729,debit_card,paid,2579.34,2025-07-21 05:03:33+00
2730,2730,cash_on_delivery,paid,298.57,2025-07-21 17:55:27+00
2731,2731,cash_on_delivery,refunded,0.00,2025-07-24 04:39:34+00
2732,2732,debit_card,paid,3862.33,2025-07-24 14:57:34+00
2733,2733,digital_wallet,pending,0.00,
2734,2734,credit_card,paid,535.50,2025-07-25 07:07:45+00
2735,2735,bank_transfer,refunded,0.00,2025-07-23 00:22:47+00
2736,2736,cash_on_delivery,paid,4754.71,2025-07-24 03:50:47+00
2737,2737,cash_on_delivery,failed,0.00,
2738,2738,debit_card,paid,4484.23,2025-07-22 02:45:05+00
2739,2739,credit_card,paid,79.96,2025-07-21 20:05:39+00
2740,2740,cash_on_delivery,paid,2506.44,2025-07-25 23:06:48+00
2741,2741,credit_card,paid,12152.22,2025-07-24 23:16:04+00
2742,2742,credit_card,paid,135.89,2025-07-23 09:07:35+00
2743,2743,bank_transfer,paid,12195.15,2025-07-25 05:49:19+00
2744,2744,credit_card,pending,0.00,
2745,2745,debit_card,paid,28630.94,2025-07-26 22:24:25+00
2746,2746,cash_on_delivery,paid,7165.89,2025-07-25 15:09:28+00
2747,2747,debit_card,paid,667.44,2025-07-25 07:12:22+00
2748,2748,credit_card,paid,525.12,2025-07-25 02:42:50+00
2749,2749,digital_wallet,paid,7455.69,2025-07-26 00:23:44+00
2750,2750,debit_card,paid,368.86,2025-07-25 02:47:07+00
2751,2751,cash_on_delivery,paid,199.34,2025-07-24 09:03:52+00
2752,2752,cash_on_delivery,paid,4216.66,2025-07-24 11:26:18+00
2753,2753,cash_on_delivery,paid,309.04,2025-07-25 18:12:31+00
2754,2754,cash_on_delivery,paid,6294.60,2025-07-25 00:45:23+00
2755,2755,debit_card,paid,4984.08,2025-07-27 02:32:05+00
2756,2756,cash_on_delivery,paid,196.31,2025-07-26 10:10:20+00
2757,2757,bank_transfer,paid,1325.07,2025-07-26 15:34:30+00
2758,2758,cash_on_delivery,paid,48.12,2025-07-23 23:45:13+00
2759,2759,debit_card,paid,119.64,2025-07-28 02:51:23+00
2760,2760,cash_on_delivery,paid,7268.07,2025-07-26 10:51:22+00
2761,2761,debit_card,paid,1261.59,2025-07-25 19:35:22+00
2762,2762,credit_card,paid,7558.59,2025-07-26 00:23:36+00
2763,2763,debit_card,paid,4732.77,2025-07-24 10:52:45+00
2764,2764,cash_on_delivery,paid,8008.81,2025-07-26 18:10:59+00
2765,2765,cash_on_delivery,paid,325.22,2025-07-26 22:02:30+00
2766,2766,cash_on_delivery,paid,51.28,2025-07-27 16:28:31+00
2767,2767,digital_wallet,paid,2609.30,2025-07-27 17:05:51+00
2768,2768,credit_card,paid,133.92,2025-07-26 14:59:33+00
2769,2769,digital_wallet,paid,108.87,2025-07-27 15:00:07+00
2770,2770,cash_on_delivery,paid,165.61,2025-07-28 14:05:15+00
2771,2771,digital_wallet,paid,6981.36,2025-07-27 13:43:55+00
2772,2772,cash_on_delivery,paid,91.66,2025-07-30 14:35:28+00
2773,2773,credit_card,paid,1365.90,2025-07-28 23:43:57+00
2774,2774,debit_card,refunded,0.00,2025-07-30 09:06:24+00
2775,2775,credit_card,pending,0.00,
2776,2776,credit_card,paid,7646.87,2025-07-30 02:51:02+00
2777,2777,bank_transfer,refunded,0.00,2025-07-28 15:49:15+00
2778,2778,bank_transfer,paid,3182.93,2025-07-29 05:50:14+00
2779,2779,credit_card,paid,726.20,2025-07-29 18:26:58+00
2780,2780,bank_transfer,paid,5913.47,2025-08-01 11:48:14+00
2781,2781,cash_on_delivery,paid,128.32,2025-07-31 17:01:35+00
2782,2782,debit_card,paid,138.02,2025-07-30 23:28:27+00
2783,2783,cash_on_delivery,paid,2209.58,2025-07-31 00:55:07+00
2784,2784,cash_on_delivery,paid,883.12,2025-08-02 08:57:43+00
2785,2785,cash_on_delivery,paid,398.61,2025-07-31 15:03:19+00
2786,2786,cash_on_delivery,paid,521.72,2025-08-01 11:34:16+00
2787,2787,debit_card,paid,19342.39,2025-07-29 10:08:14+00
2788,2788,cash_on_delivery,paid,7965.72,2025-07-31 23:45:50+00
2789,2789,credit_card,failed,0.00,
2790,2790,debit_card,paid,1754.45,2025-08-02 17:10:30+00
2791,2791,debit_card,pending,0.00,
2792,2792,credit_card,refunded,0.00,2025-08-01 20:22:15+00
2793,2793,cash_on_delivery,paid,12373.89,2025-08-02 16:57:04+00
2794,2794,cash_on_delivery,pending,0.00,
2795,2795,cash_on_delivery,paid,4593.93,2025-07-31 14:28:02+00
2796,2796,credit_card,paid,246.98,2025-08-02 11:08:07+00
2797,2797,credit_card,pending,0.00,
2798,2798,credit_card,refunded,0.00,2025-08-02 05:19:03+00
2799,2799,debit_card,pending,0.00,
2800,2800,credit_card,paid,101.73,2025-08-03 21:15:50+00
2801,2801,cash_on_delivery,pending,0.00,
2802,2802,debit_card,paid,333.36,2025-07-31 23:53:56+00
2803,2803,credit_card,paid,342.55,2025-08-02 03:25:37+00
2804,2804,credit_card,paid,82.54,2025-08-03 23:48:26+00
2805,2805,debit_card,pending,0.00,
2806,2806,cash_on_delivery,paid,872.62,2025-08-03 05:10:27+00
2807,2807,bank_transfer,paid,1220.42,2025-08-03 17:44:55+00
2808,2808,cash_on_delivery,paid,9406.74,2025-08-04 03:52:38+00
2809,2809,credit_card,refunded,0.00,2025-08-03 09:17:38+00
2810,2810,cash_on_delivery,paid,2479.22,2025-08-03 16:35:13+00
2811,2811,credit_card,pending,0.00,
2812,2812,cash_on_delivery,paid,210.40,2025-08-06 00:01:50+00
2813,2813,cash_on_delivery,paid,397.96,2025-08-01 18:55:33+00
2814,2814,credit_card,refunded,0.00,2025-08-02 05:49:33+00
2815,2815,credit_card,paid,6401.10,2025-08-04 20:14:16+00
2816,2816,credit_card,paid,302.14,2025-08-03 16:08:10+00
2817,2817,cash_on_delivery,paid,1354.58,2025-08-02 13:24:14+00
2818,2818,cash_on_delivery,refunded,0.00,2025-08-03 23:09:42+00
2819,2819,cash_on_delivery,paid,1260.26,2025-08-04 21:55:21+00
2820,2820,bank_transfer,paid,45.81,2025-08-03 12:37:10+00
2821,2821,credit_card,paid,349.74,2025-08-03 07:33:16+00
2822,2822,cash_on_delivery,paid,56.74,2025-08-05 22:45:45+00
2823,2823,cash_on_delivery,failed,0.00,
2824,2824,credit_card,paid,17395.69,2025-08-04 18:16:45+00
2825,2825,credit_card,pending,0.00,
2826,2826,credit_card,paid,80.47,2025-08-06 06:58:04+00
2827,2827,credit_card,paid,12373.89,2025-08-05 13:06:33+00
2828,2828,credit_card,paid,5036.14,2025-08-05 13:52:44+00
2829,2829,digital_wallet,paid,93.24,2025-08-08 10:20:22+00
2830,2830,cash_on_delivery,paid,4951.07,2025-08-06 07:37:05+00
2831,2831,credit_card,paid,5289.84,2025-08-06 07:42:41+00
2832,2832,cash_on_delivery,paid,281.20,2025-08-06 01:54:01+00
2833,2833,cash_on_delivery,paid,1086.18,2025-08-08 03:26:32+00
2834,2834,credit_card,pending,0.00,
2835,2835,bank_transfer,paid,2118.60,2025-08-09 04:13:21+00
2836,2836,credit_card,paid,6355.53,2025-08-09 11:55:42+00
2837,2837,cash_on_delivery,paid,162.54,2025-08-08 20:59:28+00
2838,2838,cash_on_delivery,paid,1804.70,2025-08-09 10:51:46+00
2839,2839,cash_on_delivery,paid,2357.82,2025-08-08 06:00:12+00
2840,2840,credit_card,paid,75.41,2025-08-08 07:20:23+00
2841,2841,cash_on_delivery,paid,12381.66,2025-08-11 21:39:55+00
2842,2842,cash_on_delivery,paid,2940.86,2025-08-09 19:33:15+00
2843,2843,credit_card,paid,75.92,2025-08-08 02:33:52+00
2844,2844,debit_card,paid,711.60,2025-08-08 18:38:44+00
2845,2845,debit_card,paid,123.54,2025-08-10 22:58:53+00
2846,2846,cash_on_delivery,paid,171.58,2025-08-12 05:50:23+00
2847,2847,cash_on_delivery,paid,1480.58,2025-08-09 23:13:30+00
2848,2848,credit_card,paid,5265.27,2025-08-08 13:20:17+00
2849,2849,digital_wallet,paid,16790.48,2025-08-10 15:40:15+00
2850,2850,bank_transfer,paid,77.12,2025-08-12 00:17:39+00
2851,2851,bank_transfer,paid,4508.89,2025-08-10 19:32:54+00
2852,2852,credit_card,paid,15400.30,2025-08-10 09:01:50+00
2853,2853,bank_transfer,paid,9235.27,2025-08-10 12:52:03+00
2854,2854,cash_on_delivery,pending,0.00,
2855,2855,bank_transfer,paid,920.45,2025-08-10 19:19:39+00
2856,2856,credit_card,paid,1868.92,2025-08-08 15:28:15+00
2971,2971,credit_card,paid,4962.94,2025-08-29 15:22:40+00
2857,2857,cash_on_delivery,paid,12639.73,2025-08-12 19:07:25+00
2858,2858,cash_on_delivery,paid,872.52,2025-08-12 23:26:25+00
2859,2859,cash_on_delivery,paid,8216.12,2025-08-10 19:40:06+00
2860,2860,cash_on_delivery,paid,2888.31,2025-08-13 06:08:47+00
2861,2861,credit_card,paid,8773.53,2025-08-12 19:59:29+00
2862,2862,credit_card,paid,5596.93,2025-08-13 08:18:14+00
2863,2863,cash_on_delivery,paid,10210.65,2025-08-12 22:32:30+00
2864,2864,cash_on_delivery,paid,4620.75,2025-08-12 14:05:14+00
2865,2865,debit_card,paid,9517.94,2025-08-13 14:43:03+00
2866,2866,cash_on_delivery,paid,1694.00,2025-08-12 16:40:32+00
2867,2867,digital_wallet,refunded,0.00,2025-08-14 23:12:08+00
2868,2868,digital_wallet,paid,1157.75,2025-08-14 02:18:09+00
2869,2869,debit_card,paid,1491.30,2025-08-13 08:11:41+00
2870,2870,cash_on_delivery,paid,4059.04,2025-08-13 12:19:15+00
2871,2871,credit_card,paid,17083.19,2025-08-12 17:47:08+00
2872,2872,digital_wallet,pending,0.00,
2873,2873,credit_card,refunded,0.00,2025-08-10 20:07:00+00
2874,2874,cash_on_delivery,paid,7690.65,2025-08-14 04:05:11+00
2875,2875,cash_on_delivery,paid,5095.17,2025-08-12 15:23:17+00
2876,2876,debit_card,paid,7641.40,2025-08-14 11:55:12+00
2877,2877,credit_card,paid,3876.44,2025-08-14 22:29:41+00
2878,2878,credit_card,paid,1058.96,2025-08-13 16:12:55+00
2879,2879,cash_on_delivery,paid,3439.29,2025-08-13 12:58:35+00
2880,2880,credit_card,paid,184.42,2025-08-15 19:31:07+00
2881,2881,cash_on_delivery,paid,35.06,2025-08-16 22:35:48+00
2882,2882,credit_card,paid,282.89,2025-08-12 22:24:08+00
2883,2883,debit_card,paid,2155.81,2025-08-17 00:35:13+00
2884,2884,debit_card,paid,10531.19,2025-08-13 20:36:14+00
2885,2885,cash_on_delivery,paid,4314.29,2025-08-15 22:36:46+00
2886,2886,cash_on_delivery,paid,1287.39,2025-08-14 12:29:37+00
2887,2887,cash_on_delivery,pending,0.00,
2888,2888,cash_on_delivery,paid,16.05,2025-08-17 00:03:34+00
2889,2889,debit_card,paid,7672.82,2025-08-17 15:04:03+00
2890,2890,cash_on_delivery,paid,102.23,2025-08-14 10:36:44+00
2891,2891,cash_on_delivery,paid,19935.44,2025-08-17 09:33:47+00
2892,2892,cash_on_delivery,paid,2014.43,2025-08-17 14:26:32+00
2893,2893,cash_on_delivery,paid,82.76,2025-08-17 04:22:23+00
2894,2894,credit_card,paid,262.39,2025-08-18 17:45:36+00
2895,2895,bank_transfer,pending,0.00,
2896,2896,credit_card,paid,812.34,2025-08-18 01:43:58+00
2897,2897,credit_card,paid,10588.16,2025-08-16 15:54:15+00
2898,2898,credit_card,paid,282.83,2025-08-16 13:45:57+00
2899,2899,digital_wallet,paid,7259.27,2025-08-18 09:05:12+00
2900,2900,debit_card,paid,4868.06,2025-08-19 14:26:31+00
2901,2901,digital_wallet,refunded,0.00,2025-08-16 11:33:10+00
2902,2902,debit_card,paid,74.87,2025-08-18 13:57:40+00
2903,2903,debit_card,paid,6217.35,2025-08-18 05:06:42+00
2904,2904,credit_card,failed,0.00,
2905,2905,cash_on_delivery,paid,2268.11,2025-08-20 13:02:52+00
2906,2906,credit_card,paid,6634.78,2025-08-18 22:01:36+00
2907,2907,cash_on_delivery,pending,0.00,
2908,2908,credit_card,pending,0.00,
2909,2909,credit_card,paid,264.29,2025-08-22 05:37:48+00
2910,2910,cash_on_delivery,paid,420.08,2025-08-20 09:25:40+00
2911,2911,bank_transfer,paid,3745.04,2025-08-20 17:04:57+00
2912,2912,debit_card,paid,4382.16,2025-08-22 02:29:16+00
2913,2913,cash_on_delivery,paid,6828.20,2025-08-21 08:06:20+00
2914,2914,credit_card,paid,523.79,2025-08-19 04:26:32+00
2915,2915,bank_transfer,paid,126.02,2025-08-19 15:58:34+00
2916,2916,bank_transfer,paid,3551.81,2025-08-21 09:57:11+00
2917,2917,debit_card,paid,4120.43,2025-08-20 22:14:42+00
2918,2918,bank_transfer,paid,11894.09,2025-08-19 05:25:11+00
2919,2919,credit_card,refunded,0.00,2025-08-23 10:09:56+00
2920,2920,bank_transfer,pending,0.00,
2921,2921,cash_on_delivery,refunded,0.00,2025-08-21 04:21:00+00
2922,2922,debit_card,pending,0.00,
2923,2923,debit_card,paid,3594.30,2025-08-20 12:35:59+00
2924,2924,credit_card,paid,1919.05,2025-08-20 07:06:54+00
2925,2925,credit_card,pending,0.00,
2926,2926,cash_on_delivery,paid,664.59,2025-08-20 09:06:42+00
2927,2927,credit_card,pending,0.00,
2928,2928,digital_wallet,paid,11986.32,2025-08-23 11:23:28+00
2929,2929,debit_card,paid,12508.08,2025-08-23 20:55:05+00
2930,2930,credit_card,pending,0.00,
2931,2931,cash_on_delivery,paid,8847.14,2025-08-26 21:53:57+00
2932,2932,cash_on_delivery,paid,584.97,2025-08-22 13:16:13+00
2933,2933,debit_card,paid,2498.89,2025-08-26 04:56:01+00
2934,2934,credit_card,refunded,0.00,2025-08-25 15:59:50+00
2935,2935,cash_on_delivery,failed,0.00,
2936,2936,bank_transfer,paid,730.54,2025-08-26 22:25:31+00
2937,2937,credit_card,paid,3889.48,2025-08-24 01:57:25+00
2938,2938,cash_on_delivery,paid,2803.54,2025-08-23 19:51:38+00
2939,2939,bank_transfer,failed,0.00,
2940,2940,cash_on_delivery,paid,101.68,2025-08-25 03:29:06+00
2941,2941,credit_card,refunded,0.00,2025-08-27 07:22:49+00
2942,2942,credit_card,paid,411.63,2025-08-23 22:47:20+00
2943,2943,cash_on_delivery,paid,1259.39,2025-08-27 00:57:52+00
2944,2944,credit_card,paid,1483.24,2025-08-25 18:43:21+00
2945,2945,bank_transfer,pending,0.00,
2946,2946,credit_card,paid,13668.80,2025-08-27 21:05:05+00
2947,2947,credit_card,paid,645.12,2025-08-28 09:32:24+00
2948,2948,cash_on_delivery,paid,135.30,2025-08-26 05:15:48+00
2949,2949,cash_on_delivery,paid,30.26,2025-08-27 07:08:21+00
2950,2950,credit_card,paid,986.00,2025-08-28 10:50:22+00
2951,2951,digital_wallet,paid,26865.74,2025-08-27 03:42:58+00
2952,2952,bank_transfer,paid,4878.78,2025-08-28 12:17:26+00
2953,2953,credit_card,paid,591.43,2025-08-26 19:28:10+00
2954,2954,credit_card,paid,3013.18,2025-08-28 11:36:14+00
2955,2955,credit_card,paid,2296.51,2025-08-28 03:18:29+00
2956,2956,cash_on_delivery,paid,2174.85,2025-08-30 13:25:40+00
2957,2957,debit_card,paid,5756.78,2025-08-27 01:13:34+00
2958,2958,credit_card,paid,10840.22,2025-08-27 18:59:39+00
2959,2959,bank_transfer,pending,0.00,
2960,2960,credit_card,paid,2395.97,2025-08-31 02:57:25+00
2961,2961,cash_on_delivery,paid,3945.85,2025-08-29 02:17:50+00
2962,2962,credit_card,paid,1475.42,2025-08-30 23:35:40+00
2963,2963,cash_on_delivery,paid,1058.94,2025-08-29 06:32:15+00
2964,2964,cash_on_delivery,paid,75.41,2025-08-31 01:27:26+00
2965,2965,cash_on_delivery,paid,31.93,2025-08-29 00:56:39+00
2966,2966,credit_card,paid,3956.04,2025-09-01 05:14:55+00
2967,2967,credit_card,paid,2546.14,2025-09-01 05:19:09+00
2968,2968,credit_card,paid,1916.55,2025-08-28 02:38:37+00
2969,2969,debit_card,paid,3039.31,2025-08-31 00:32:27+00
2970,2970,debit_card,paid,883.12,2025-08-30 15:24:40+00
2972,2972,digital_wallet,paid,19323.65,2025-08-29 05:45:30+00
2973,2973,cash_on_delivery,pending,0.00,
2974,2974,cash_on_delivery,paid,757.91,2025-08-29 05:13:28+00
2975,2975,cash_on_delivery,paid,4340.77,2025-09-02 07:49:53+00
2976,2976,cash_on_delivery,paid,3095.61,2025-09-01 02:36:51+00
2977,2977,digital_wallet,paid,1209.70,2025-09-01 11:44:50+00
2978,2978,debit_card,paid,1727.13,2025-08-30 11:25:06+00
2979,2979,digital_wallet,paid,3362.53,2025-09-03 08:25:31+00
2980,2980,credit_card,paid,8847.85,2025-09-02 06:42:00+00
2981,2981,credit_card,pending,0.00,
2982,2982,debit_card,failed,0.00,
2983,2983,cash_on_delivery,paid,142.19,2025-08-31 20:13:16+00
2984,2984,credit_card,paid,7154.57,2025-09-01 16:09:27+00
2985,2985,cash_on_delivery,refunded,0.00,2025-09-03 17:34:22+00
2986,2986,debit_card,paid,9513.54,2025-08-31 11:43:41+00
2987,2987,bank_transfer,paid,368.94,2025-09-02 11:33:47+00
2988,2988,credit_card,paid,3461.08,2025-09-01 22:11:52+00
2989,2989,cash_on_delivery,paid,1715.09,2025-09-03 06:25:37+00
2990,2990,cash_on_delivery,pending,0.00,
2991,2991,cash_on_delivery,paid,159.93,2025-09-03 03:47:04+00
2992,2992,cash_on_delivery,paid,3563.97,2025-09-01 09:51:48+00
2993,2993,digital_wallet,paid,597.24,2025-09-03 13:15:13+00
2994,2994,credit_card,pending,0.00,
2995,2995,cash_on_delivery,paid,3881.77,2025-09-05 04:17:19+00
2996,2996,cash_on_delivery,paid,7373.06,2025-09-01 21:47:09+00
2997,2997,credit_card,paid,1209.76,2025-09-05 17:26:14+00
2998,2998,credit_card,pending,0.00,
2999,2999,cash_on_delivery,paid,7397.81,2025-09-05 23:41:12+00
3000,3000,credit_card,paid,116.47,2025-09-04 18:22:52+00
3001,3001,bank_transfer,paid,350.74,2025-09-06 07:11:40+00
3002,3002,credit_card,paid,792.26,2025-09-04 06:31:42+00
3003,3003,credit_card,paid,308.30,2025-09-08 01:35:09+00
3004,3004,cash_on_delivery,paid,4834.18,2025-09-03 13:17:20+00
3005,3005,bank_transfer,pending,0.00,
3006,3006,bank_transfer,paid,1092.38,2025-09-04 21:09:39+00
3007,3007,bank_transfer,paid,2711.46,2025-09-04 07:01:52+00
3008,3008,credit_card,paid,2201.03,2025-09-04 20:29:57+00
3009,3009,credit_card,failed,0.00,
3010,3010,credit_card,paid,3072.05,2025-09-08 02:52:39+00
3011,3011,credit_card,paid,21935.51,2025-09-07 20:18:18+00
3012,3012,debit_card,paid,600.31,2025-09-07 02:36:15+00
3013,3013,digital_wallet,paid,4327.82,2025-09-06 14:36:14+00
3014,3014,debit_card,failed,0.00,
3015,3015,credit_card,paid,1013.85,2025-09-06 11:31:31+00
3016,3016,cash_on_delivery,paid,644.95,2025-09-06 22:09:27+00
3017,3017,cash_on_delivery,paid,2067.71,2025-09-09 12:38:44+00
3018,3018,cash_on_delivery,paid,287.16,2025-09-07 16:08:16+00
3019,3019,debit_card,paid,14.74,2025-09-10 21:30:23+00
3020,3020,cash_on_delivery,refunded,0.00,2025-09-07 07:11:09+00
3021,3021,bank_transfer,paid,1050.64,2025-09-10 14:19:47+00
3022,3022,cash_on_delivery,paid,4575.42,2025-09-10 17:50:04+00
3023,3023,bank_transfer,paid,1113.93,2025-09-10 07:08:03+00
3024,3024,cash_on_delivery,failed,0.00,
3025,3025,cash_on_delivery,paid,77.05,2025-09-09 20:43:57+00
3026,3026,cash_on_delivery,paid,3700.91,2025-09-09 11:31:02+00
3027,3027,debit_card,pending,0.00,
3028,3028,bank_transfer,paid,67.89,2025-09-08 01:02:31+00
3029,3029,digital_wallet,failed,0.00,
3030,3030,credit_card,paid,1258.20,2025-09-08 15:38:49+00
3031,3031,credit_card,paid,2348.40,2025-09-08 14:16:08+00
3032,3032,credit_card,paid,383.15,2025-09-10 08:08:06+00
3033,3033,credit_card,paid,8338.38,2025-09-10 21:22:16+00
3034,3034,cash_on_delivery,paid,5111.59,2025-09-13 23:17:41+00
3035,3035,credit_card,paid,107.83,2025-09-13 18:36:58+00
3036,3036,bank_transfer,paid,9039.87,2025-09-13 15:47:44+00
3037,3037,credit_card,paid,200.30,2025-09-14 06:20:31+00
3038,3038,cash_on_delivery,paid,3939.53,2025-09-09 23:36:52+00
3039,3039,credit_card,paid,3504.34,2025-09-14 19:17:01+00
3040,3040,cash_on_delivery,paid,363.24,2025-09-11 17:41:42+00
3041,3041,credit_card,paid,8162.35,2025-09-12 20:38:19+00
3042,3042,bank_transfer,paid,1497.59,2025-09-11 17:17:27+00
3043,3043,bank_transfer,paid,1212.24,2025-09-12 18:37:06+00
3044,3044,bank_transfer,paid,2159.04,2025-09-13 05:13:21+00
3045,3045,bank_transfer,paid,1933.71,2025-09-13 07:47:47+00
3046,3046,cash_on_delivery,paid,631.71,2025-09-12 14:26:31+00
3047,3047,bank_transfer,paid,4037.91,2025-09-15 02:13:31+00
3048,3048,cash_on_delivery,paid,2669.48,2025-09-13 07:53:32+00
3049,3049,credit_card,paid,8149.45,2025-09-12 12:03:58+00
3050,3050,cash_on_delivery,paid,3364.54,2025-09-16 18:19:40+00
3051,3051,cash_on_delivery,paid,80.38,2025-09-14 08:59:22+00
3052,3052,bank_transfer,paid,2454.45,2025-09-15 10:03:51+00
3053,3053,debit_card,paid,714.01,2025-09-12 14:45:24+00
3054,3054,credit_card,paid,485.94,2025-09-17 03:52:15+00
3055,3055,debit_card,paid,2973.07,2025-09-12 18:09:23+00
3056,3056,cash_on_delivery,paid,16112.99,2025-09-13 00:12:49+00
3057,3057,cash_on_delivery,paid,4822.43,2025-09-17 05:55:25+00
3058,3058,cash_on_delivery,pending,0.00,
3059,3059,debit_card,paid,215.26,2025-09-15 09:14:03+00
3060,3060,digital_wallet,paid,4363.72,2025-09-16 15:44:01+00
3061,3061,debit_card,paid,2411.87,2025-09-14 08:50:30+00
3062,3062,cash_on_delivery,pending,0.00,
3063,3063,digital_wallet,paid,1908.78,2025-09-13 22:48:08+00
3064,3064,cash_on_delivery,pending,0.00,
3065,3065,digital_wallet,paid,33.54,2025-09-17 03:24:31+00
3066,3066,cash_on_delivery,paid,81.61,2025-09-17 02:26:03+00
3067,3067,bank_transfer,paid,4111.18,2025-09-14 00:20:17+00
3068,3068,digital_wallet,paid,2414.15,2025-09-17 09:54:00+00
3069,3069,cash_on_delivery,paid,4369.50,2025-09-14 19:12:06+00
3070,3070,credit_card,paid,4535.04,2025-09-16 17:31:36+00
3071,3071,bank_transfer,pending,0.00,
3072,3072,credit_card,paid,9188.11,2025-09-19 06:51:24+00
3073,3073,credit_card,paid,2976.82,2025-09-16 09:40:45+00
3074,3074,credit_card,paid,5426.61,2025-09-16 03:27:35+00
3075,3075,credit_card,refunded,0.00,2025-09-15 02:35:36+00
3076,3076,credit_card,paid,889.35,2025-09-17 01:38:13+00
3077,3077,debit_card,refunded,0.00,2025-09-19 05:38:22+00
3078,3078,debit_card,paid,9619.46,2025-09-14 23:55:33+00
3079,3079,credit_card,paid,1466.59,2025-09-16 23:42:55+00
3080,3080,debit_card,pending,0.00,
3081,3081,bank_transfer,pending,0.00,
3082,3082,cash_on_delivery,paid,923.19,2025-09-17 08:54:26+00
3083,3083,bank_transfer,failed,0.00,
3084,3084,cash_on_delivery,failed,0.00,
3085,3085,debit_card,paid,140.48,2025-09-18 23:01:27+00
3086,3086,cash_on_delivery,paid,7089.93,2025-09-20 02:14:26+00
3087,3087,bank_transfer,paid,738.08,2025-09-18 07:30:36+00
3088,3088,credit_card,paid,5820.86,2025-09-19 12:16:51+00
3089,3089,debit_card,pending,0.00,
3090,3090,credit_card,paid,81.07,2025-09-19 07:44:38+00
3091,3091,cash_on_delivery,paid,2466.43,2025-09-19 16:41:29+00
3092,3092,cash_on_delivery,paid,851.69,2025-09-20 02:07:41+00
3093,3093,cash_on_delivery,paid,11527.13,2025-09-17 23:40:18+00
3094,3094,credit_card,paid,12919.22,2025-09-17 16:29:39+00
3095,3095,cash_on_delivery,paid,1073.50,2025-09-19 14:44:12+00
3096,3096,cash_on_delivery,paid,219.49,2025-09-19 05:02:36+00
3097,3097,cash_on_delivery,failed,0.00,
3098,3098,cash_on_delivery,pending,0.00,
3099,3099,debit_card,pending,0.00,
3100,3100,cash_on_delivery,paid,397.06,2025-09-19 23:48:35+00
3101,3101,debit_card,paid,191.05,2025-09-22 11:37:46+00
3102,3102,debit_card,paid,124.24,2025-09-20 18:50:27+00
3103,3103,credit_card,paid,1368.44,2025-09-23 02:24:38+00
3104,3104,cash_on_delivery,paid,1830.50,2025-09-21 22:32:39+00
3105,3105,credit_card,failed,0.00,
3106,3106,credit_card,paid,2474.41,2025-09-20 13:01:37+00
3107,3107,cash_on_delivery,paid,182.79,2025-09-24 18:18:48+00
3108,3108,cash_on_delivery,paid,971.29,2025-09-20 13:12:09+00
3109,3109,cash_on_delivery,paid,4597.76,2025-09-24 11:09:31+00
3110,3110,cash_on_delivery,pending,0.00,
3111,3111,cash_on_delivery,paid,610.28,2025-09-23 16:47:51+00
3112,3112,credit_card,refunded,0.00,2025-09-21 22:48:37+00
3113,3113,digital_wallet,paid,14262.48,2025-09-22 01:14:05+00
3114,3114,digital_wallet,paid,156.24,2025-09-23 12:40:19+00
3115,3115,credit_card,paid,510.96,2025-09-22 23:38:53+00
3116,3116,credit_card,paid,166.88,2025-09-21 22:54:26+00
3117,3117,cash_on_delivery,paid,6413.25,2025-09-23 20:11:25+00
3118,3118,credit_card,pending,0.00,
3119,3119,credit_card,paid,4525.10,2025-09-26 06:14:15+00
3120,3120,credit_card,paid,10977.54,2025-09-24 04:47:27+00
3121,3121,credit_card,paid,2875.60,2025-09-25 11:41:18+00
3122,3122,cash_on_delivery,paid,14299.42,2025-09-24 03:26:39+00
3123,3123,cash_on_delivery,paid,137.80,2025-09-25 12:24:49+00
3124,3124,credit_card,paid,4342.63,2025-09-24 22:51:01+00
3125,3125,bank_transfer,paid,881.21,2025-09-23 23:55:13+00
3126,3126,cash_on_delivery,paid,21.49,2025-09-24 07:38:05+00
3127,3127,debit_card,paid,3128.08,2025-09-26 17:56:35+00
3128,3128,debit_card,paid,11179.32,2025-09-24 21:41:32+00
3129,3129,debit_card,pending,0.00,
3130,3130,digital_wallet,paid,2599.86,2025-09-24 08:26:19+00
3131,3131,cash_on_delivery,paid,6506.42,2025-09-26 17:06:19+00
3132,3132,credit_card,paid,3314.85,2025-09-26 17:21:48+00
3133,3133,cash_on_delivery,paid,8176.23,2025-09-28 18:45:18+00
3134,3134,cash_on_delivery,paid,275.88,2025-09-25 11:57:26+00
3135,3135,credit_card,pending,0.00,
3136,3136,bank_transfer,paid,4305.13,2025-09-25 11:41:32+00
3137,3137,credit_card,paid,310.63,2025-09-29 04:11:43+00
3138,3138,cash_on_delivery,paid,246.92,2025-09-29 20:05:33+00
3139,3139,bank_transfer,refunded,0.00,2025-09-25 23:29:22+00
3140,3140,credit_card,failed,0.00,
3141,3141,credit_card,paid,5041.91,2025-09-27 00:58:19+00
3142,3142,bank_transfer,refunded,0.00,2025-09-28 19:31:48+00
3143,3143,cash_on_delivery,paid,1421.58,2025-09-27 18:47:08+00
3144,3144,credit_card,paid,299.20,2025-09-27 21:40:23+00
3145,3145,cash_on_delivery,paid,264.48,2025-09-28 11:06:59+00
3146,3146,debit_card,paid,3246.13,2025-10-01 12:53:17+00
3147,3147,credit_card,paid,579.49,2025-09-29 15:52:01+00
3148,3148,cash_on_delivery,paid,1624.83,2025-09-29 18:08:11+00
3149,3149,debit_card,paid,7016.84,2025-10-01 23:41:36+00
3150,3150,cash_on_delivery,refunded,0.00,2025-09-30 04:02:17+00
3151,3151,cash_on_delivery,pending,0.00,
3152,3152,credit_card,paid,1857.94,2025-09-28 17:34:51+00
3153,3153,debit_card,refunded,0.00,2025-10-01 14:06:20+00
3154,3154,credit_card,paid,51.66,2025-10-02 20:11:00+00
3155,3155,debit_card,paid,6744.96,2025-10-01 19:13:38+00
3156,3156,cash_on_delivery,paid,11072.90,2025-09-30 17:01:09+00
3157,3157,credit_card,paid,6200.35,2025-10-02 12:51:41+00
3158,3158,credit_card,paid,21599.05,2025-10-03 12:27:02+00
3159,3159,credit_card,pending,0.00,
3160,3160,bank_transfer,refunded,0.00,2025-10-02 11:06:47+00
3161,3161,cash_on_delivery,paid,1880.95,2025-09-30 22:09:59+00
3162,3162,debit_card,paid,1824.80,2025-10-01 16:17:14+00
3163,3163,debit_card,paid,706.20,2025-10-03 10:30:39+00
3164,3164,credit_card,paid,179.43,2025-10-02 12:14:21+00
3165,3165,debit_card,paid,1331.59,2025-10-05 12:08:42+00
3166,3166,credit_card,paid,7360.03,2025-10-04 17:39:41+00
3167,3167,cash_on_delivery,pending,0.00,
3168,3168,cash_on_delivery,paid,9010.59,2025-10-05 05:29:44+00
3169,3169,digital_wallet,paid,8223.00,2025-10-06 20:41:12+00
3170,3170,credit_card,pending,0.00,
3171,3171,cash_on_delivery,paid,1306.37,2025-10-03 15:40:57+00
3172,3172,credit_card,paid,3850.70,2025-10-03 12:41:28+00
3173,3173,credit_card,pending,0.00,
3174,3174,bank_transfer,paid,8879.56,2025-10-06 06:48:44+00
3175,3175,credit_card,paid,921.48,2025-10-04 14:41:23+00
3176,3176,credit_card,paid,9258.59,2025-10-07 19:21:03+00
3177,3177,digital_wallet,paid,5422.24,2025-10-07 08:00:16+00
3178,3178,cash_on_delivery,refunded,0.00,2025-10-08 01:09:24+00
3179,3179,credit_card,paid,14687.43,2025-10-07 01:30:17+00
3180,3180,cash_on_delivery,paid,6290.57,2025-10-08 03:29:38+00
3181,3181,cash_on_delivery,pending,0.00,
3182,3182,cash_on_delivery,paid,344.85,2025-10-09 15:13:59+00
3183,3183,cash_on_delivery,paid,8423.39,2025-10-08 07:48:13+00
3184,3184,cash_on_delivery,paid,1661.89,2025-10-10 08:41:59+00
3185,3185,debit_card,paid,181.30,2025-10-10 13:41:45+00
3186,3186,credit_card,paid,4485.72,2025-10-09 00:42:54+00
3187,3187,credit_card,paid,297.94,2025-10-07 04:06:58+00
3188,3188,cash_on_delivery,paid,4105.02,2025-10-08 09:35:23+00
3189,3189,cash_on_delivery,pending,0.00,
3190,3190,cash_on_delivery,paid,860.75,2025-10-07 22:11:19+00
3191,3191,credit_card,paid,411.91,2025-10-08 20:46:43+00
3192,3192,credit_card,paid,1622.01,2025-10-09 01:12:07+00
3193,3193,cash_on_delivery,paid,5805.80,2025-10-09 07:34:14+00
3194,3194,bank_transfer,paid,2441.56,2025-10-09 16:54:39+00
3195,3195,cash_on_delivery,paid,134.02,2025-10-09 15:04:11+00
3196,3196,debit_card,paid,1424.21,2025-10-09 16:44:04+00
3197,3197,cash_on_delivery,paid,104.50,2025-10-10 18:50:50+00
3198,3198,cash_on_delivery,pending,0.00,
3199,3199,cash_on_delivery,paid,9551.51,2025-10-08 11:40:14+00
3200,3200,cash_on_delivery,paid,5389.49,2025-10-11 22:31:43+00
3201,3201,credit_card,refunded,0.00,2025-10-12 16:23:12+00
3202,3202,cash_on_delivery,paid,7139.30,2025-10-09 20:48:18+00
3203,3203,bank_transfer,refunded,0.00,2025-10-13 07:09:22+00
3204,3204,credit_card,paid,266.27,2025-10-13 04:48:12+00
3205,3205,cash_on_delivery,failed,0.00,
3206,3206,bank_transfer,paid,3467.25,2025-10-13 11:59:31+00
3207,3207,cash_on_delivery,paid,171.30,2025-10-09 09:32:55+00
3208,3208,debit_card,paid,5775.62,2025-10-12 18:19:33+00
3209,3209,digital_wallet,paid,3579.58,2025-10-09 17:11:37+00
3210,3210,cash_on_delivery,paid,901.82,2025-10-14 06:53:41+00
3211,3211,cash_on_delivery,paid,1336.83,2025-10-12 17:46:58+00
3212,3212,cash_on_delivery,paid,1556.34,2025-10-14 13:51:11+00
3213,3213,bank_transfer,paid,35.30,2025-10-13 01:35:07+00
3214,3214,cash_on_delivery,paid,4655.76,2025-10-12 01:00:43+00
3215,3215,digital_wallet,paid,260.63,2025-10-13 15:33:10+00
3216,3216,cash_on_delivery,paid,4557.28,2025-10-13 09:29:52+00
3217,3217,bank_transfer,paid,15483.67,2025-10-12 16:46:57+00
3218,3218,cash_on_delivery,paid,1577.55,2025-10-13 23:48:39+00
3219,3219,credit_card,paid,2018.19,2025-10-15 20:20:35+00
3220,3220,digital_wallet,paid,5974.74,2025-10-11 14:34:10+00
3221,3221,credit_card,paid,17376.36,2025-10-13 05:57:28+00
3222,3222,debit_card,paid,1063.14,2025-10-15 13:25:27+00
3223,3223,cash_on_delivery,paid,38.83,2025-10-16 19:04:25+00
3224,3224,credit_card,paid,300.22,2025-10-15 23:01:19+00
3225,3225,cash_on_delivery,paid,2214.96,2025-10-15 20:20:19+00
3226,3226,debit_card,pending,0.00,
3227,3227,cash_on_delivery,paid,7142.83,2025-10-15 06:24:36+00
3228,3228,cash_on_delivery,paid,2320.47,2025-10-14 13:35:22+00
3229,3229,digital_wallet,paid,2551.09,2025-10-14 16:31:27+00
3230,3230,cash_on_delivery,paid,86.59,2025-10-17 14:31:43+00
3231,3231,credit_card,paid,3731.69,2025-10-17 02:48:26+00
3232,3232,cash_on_delivery,pending,0.00,
3233,3233,credit_card,refunded,0.00,2025-10-16 04:27:20+00
3234,3234,credit_card,paid,633.08,2025-10-14 10:59:40+00
3235,3235,digital_wallet,pending,0.00,
3236,3236,cash_on_delivery,paid,54.18,2025-10-17 20:29:40+00
3237,3237,bank_transfer,paid,2661.19,2025-10-17 07:41:32+00
3238,3238,digital_wallet,refunded,0.00,2025-10-18 19:43:18+00
3239,3239,cash_on_delivery,refunded,0.00,2025-10-15 04:22:21+00
3240,3240,credit_card,paid,16914.14,2025-10-14 09:56:15+00
3241,3241,cash_on_delivery,paid,70.49,2025-10-18 05:46:19+00
3242,3242,credit_card,pending,0.00,
3243,3243,bank_transfer,paid,4549.71,2025-10-17 20:57:45+00
3244,3244,cash_on_delivery,paid,8045.91,2025-10-18 15:27:56+00
3245,3245,cash_on_delivery,paid,554.71,2025-10-19 06:59:05+00
3246,3246,credit_card,paid,2441.38,2025-10-16 03:53:34+00
3247,3247,credit_card,paid,4233.56,2025-10-20 07:24:52+00
3248,3248,credit_card,paid,48.93,2025-10-19 23:03:37+00
3249,3249,bank_transfer,paid,47.31,2025-10-18 14:18:23+00
3250,3250,cash_on_delivery,paid,1107.76,2025-10-16 05:11:24+00
3251,3251,debit_card,pending,0.00,
3252,3252,debit_card,paid,12541.70,2025-10-21 06:35:37+00
3253,3253,debit_card,paid,1798.59,2025-10-18 07:02:23+00
3254,3254,cash_on_delivery,refunded,0.00,2025-10-18 00:27:30+00
3255,3255,credit_card,paid,7880.93,2025-10-21 09:17:39+00
3256,3256,debit_card,paid,7682.37,2025-10-22 02:14:56+00
3257,3257,bank_transfer,paid,3308.43,2025-10-19 02:33:12+00
3258,3258,digital_wallet,paid,6877.72,2025-10-22 15:29:42+00
3259,3259,cash_on_delivery,paid,2363.96,2025-10-18 16:30:14+00
3260,3260,cash_on_delivery,failed,0.00,
3261,3261,cash_on_delivery,paid,1610.69,2025-10-20 08:20:57+00
3262,3262,cash_on_delivery,paid,7178.76,2025-10-20 18:11:38+00
3263,3263,credit_card,paid,1193.54,2025-10-22 23:19:53+00
3264,3264,cash_on_delivery,pending,0.00,
3265,3265,bank_transfer,paid,1839.06,2025-10-22 03:29:18+00
3266,3266,cash_on_delivery,paid,1702.98,2025-10-20 13:10:58+00
3267,3267,debit_card,paid,5321.14,2025-10-19 12:25:49+00
3268,3268,credit_card,pending,0.00,
3269,3269,bank_transfer,paid,2285.58,2025-10-20 21:19:35+00
3270,3270,cash_on_delivery,paid,818.20,2025-10-22 23:50:24+00
3271,3271,debit_card,paid,153.89,2025-10-21 10:55:39+00
3272,3272,credit_card,paid,3549.96,2025-10-24 14:03:17+00
3273,3273,cash_on_delivery,paid,5826.65,2025-10-21 19:15:12+00
3274,3274,cash_on_delivery,failed,0.00,
3275,3275,digital_wallet,paid,3825.20,2025-10-21 09:06:41+00
3276,3276,credit_card,paid,146.76,2025-10-23 17:45:53+00
3277,3277,credit_card,refunded,0.00,2025-10-21 06:45:39+00
3278,3278,cash_on_delivery,paid,394.73,2025-10-21 13:41:20+00
3279,3279,cash_on_delivery,failed,0.00,
3280,3280,debit_card,paid,427.26,2025-10-26 03:25:02+00
3281,3281,credit_card,paid,109.14,2025-10-24 00:38:01+00
3282,3282,debit_card,paid,92.80,2025-10-24 01:57:24+00
3283,3283,cash_on_delivery,paid,499.52,2025-10-22 06:54:39+00
3284,3284,cash_on_delivery,pending,0.00,
3285,3285,cash_on_delivery,refunded,0.00,2025-10-22 12:36:40+00
3286,3286,debit_card,pending,0.00,
3287,3287,digital_wallet,paid,15126.71,2025-10-22 15:14:16+00
3288,3288,bank_transfer,paid,4713.79,2025-10-25 14:26:51+00
3289,3289,digital_wallet,refunded,0.00,2025-10-25 13:38:06+00
3290,3290,cash_on_delivery,pending,0.00,
3291,3291,cash_on_delivery,paid,4298.59,2025-10-28 08:20:55+00
3292,3292,debit_card,paid,630.96,2025-10-24 21:50:48+00
3293,3293,credit_card,paid,43.49,2025-10-24 04:39:44+00
3294,3294,bank_transfer,paid,1995.84,2025-10-27 21:43:17+00
3295,3295,credit_card,refunded,0.00,2025-10-28 22:29:27+00
3296,3296,credit_card,paid,9305.53,2025-10-25 03:34:15+00
3297,3297,cash_on_delivery,paid,832.07,2025-10-25 05:36:18+00
3298,3298,credit_card,paid,79.65,2025-10-27 08:46:58+00
3299,3299,credit_card,paid,36.86,2025-10-29 00:19:10+00
3300,3300,bank_transfer,paid,1048.88,2025-10-27 01:52:14+00
3301,3301,cash_on_delivery,paid,907.06,2025-10-25 19:39:21+00
3302,3302,credit_card,paid,75.57,2025-10-28 02:12:01+00
3303,3303,cash_on_delivery,pending,0.00,
3304,3304,cash_on_delivery,paid,58.41,2025-10-27 17:48:49+00
3305,3305,digital_wallet,paid,3039.98,2025-10-30 13:49:20+00
3306,3306,bank_transfer,paid,1033.29,2025-10-30 04:51:14+00
3307,3307,bank_transfer,paid,2037.25,2025-10-31 10:56:26+00
3308,3308,bank_transfer,paid,16062.28,2025-10-30 19:32:23+00
3309,3309,digital_wallet,paid,211.18,2025-10-31 18:29:52+00
3310,3310,debit_card,pending,0.00,
3311,3311,digital_wallet,paid,3188.65,2025-10-28 23:55:11+00
3312,3312,bank_transfer,paid,7121.78,2025-10-31 05:03:26+00
3313,3313,debit_card,paid,979.02,2025-10-31 16:04:12+00
3314,3314,credit_card,paid,1442.73,2025-10-29 16:09:57+00
3315,3315,cash_on_delivery,paid,999.57,2025-10-30 11:16:12+00
3316,3316,debit_card,failed,0.00,
3317,3317,cash_on_delivery,paid,299.26,2025-10-30 15:33:48+00
3318,3318,cash_on_delivery,paid,4157.24,2025-10-30 03:59:26+00
3319,3319,debit_card,paid,11961.99,2025-10-28 12:26:37+00
3320,3320,credit_card,pending,0.00,
3321,3321,cash_on_delivery,paid,4943.76,2025-10-29 23:21:32+00
3322,3322,cash_on_delivery,paid,1021.90,2025-10-31 23:42:02+00
3323,3323,cash_on_delivery,paid,91.76,2025-10-29 14:51:50+00
3324,3324,cash_on_delivery,paid,15367.53,2025-10-31 08:02:23+00
3325,3325,credit_card,paid,74.99,2025-10-30 12:43:26+00
3326,3326,debit_card,paid,2590.77,2025-11-02 01:36:27+00
3327,3327,credit_card,pending,0.00,
3328,3328,debit_card,paid,1118.31,2025-10-30 01:10:23+00
3329,3329,cash_on_delivery,paid,5975.23,2025-10-31 04:56:25+00
3330,3330,cash_on_delivery,paid,6582.67,2025-10-30 09:25:32+00
3331,3331,bank_transfer,paid,14608.06,2025-11-02 08:10:31+00
3332,3332,digital_wallet,pending,0.00,
3333,3333,credit_card,paid,286.45,2025-11-02 13:30:46+00
3334,3334,cash_on_delivery,paid,1114.97,2025-11-04 01:45:56+00
3335,3335,credit_card,paid,169.94,2025-11-01 12:27:09+00
3336,3336,credit_card,paid,1615.72,2025-10-31 04:47:25+00
3337,3337,debit_card,paid,6162.00,2025-11-01 06:47:36+00
3338,3338,credit_card,pending,0.00,
3339,3339,cash_on_delivery,failed,0.00,
3340,3340,cash_on_delivery,paid,559.80,2025-11-02 20:47:57+00
3341,3341,credit_card,paid,11262.24,2025-11-03 03:08:15+00
3342,3342,credit_card,paid,5576.47,2025-11-05 09:48:28+00
3343,3343,cash_on_delivery,paid,6535.42,2025-11-05 17:51:12+00
3344,3344,credit_card,paid,18563.32,2025-11-05 13:06:55+00
3345,3345,debit_card,paid,11321.00,2025-11-04 22:54:38+00
3346,3346,credit_card,pending,0.00,
3347,3347,cash_on_delivery,paid,2775.69,2025-11-04 06:53:38+00
3348,3348,digital_wallet,paid,1786.38,2025-11-06 18:58:26+00
3349,3349,credit_card,paid,715.37,2025-11-04 19:20:34+00
3350,3350,debit_card,paid,29.07,2025-11-03 10:41:50+00
3351,3351,digital_wallet,paid,156.58,2025-11-03 18:34:51+00
3352,3352,bank_transfer,paid,644.69,2025-11-04 22:13:02+00
3353,3353,cash_on_delivery,paid,472.29,2025-11-03 04:53:20+00
3354,3354,cash_on_delivery,failed,0.00,
3355,3355,credit_card,paid,707.60,2025-11-03 05:59:46+00
3356,3356,credit_card,paid,149.94,2025-11-06 18:46:23+00
3357,3357,digital_wallet,pending,0.00,
3358,3358,debit_card,paid,2213.65,2025-11-07 11:27:26+00
3359,3359,cash_on_delivery,paid,295.56,2025-11-04 02:28:26+00
3360,3360,credit_card,paid,8033.39,2025-11-04 23:28:13+00
3361,3361,cash_on_delivery,paid,5730.86,2025-11-08 09:10:33+00
3362,3362,credit_card,paid,4553.44,2025-11-08 21:46:32+00
3363,3363,debit_card,paid,370.26,2025-11-08 11:10:19+00
3364,3364,credit_card,paid,17724.21,2025-11-09 09:26:39+00
3365,3365,credit_card,paid,6673.41,2025-11-06 00:36:27+00
3366,3366,cash_on_delivery,paid,2235.03,2025-11-09 17:44:03+00
3367,3367,debit_card,paid,7405.14,2025-11-09 05:23:27+00
3368,3368,bank_transfer,paid,26.11,2025-11-06 20:52:32+00
3369,3369,credit_card,paid,2261.85,2025-11-06 10:44:12+00
3370,3370,credit_card,paid,46.66,2025-11-09 15:02:07+00
3371,3371,cash_on_delivery,pending,0.00,
3372,3372,cash_on_delivery,paid,231.42,2025-11-09 18:15:40+00
3373,3373,cash_on_delivery,failed,0.00,
3374,3374,credit_card,failed,0.00,
3375,3375,cash_on_delivery,paid,1660.26,2025-11-10 08:58:05+00
3376,3376,credit_card,paid,8761.26,2025-11-12 03:56:20+00
3377,3377,debit_card,paid,853.20,2025-11-11 15:23:41+00
3378,3378,credit_card,paid,1505.94,2025-11-11 08:13:28+00
3379,3379,bank_transfer,paid,104.11,2025-11-09 17:20:05+00
3380,3380,credit_card,paid,7145.11,2025-11-12 01:36:14+00
3381,3381,credit_card,paid,6970.67,2025-11-09 01:49:32+00
3382,3382,cash_on_delivery,paid,1471.44,2025-11-12 07:18:20+00
3383,3383,debit_card,paid,632.99,2025-11-12 14:58:32+00
3384,3384,cash_on_delivery,paid,320.33,2025-11-11 05:22:06+00
3385,3385,credit_card,paid,272.89,2025-11-12 05:02:06+00
3386,3386,cash_on_delivery,paid,6358.47,2025-11-12 19:57:00+00
3387,3387,cash_on_delivery,paid,801.30,2025-11-11 14:12:26+00
3388,3388,digital_wallet,refunded,0.00,2025-11-11 14:38:56+00
3389,3389,credit_card,paid,1049.72,2025-11-11 06:33:17+00
3390,3390,cash_on_delivery,paid,383.37,2025-11-10 22:30:48+00
3391,3391,digital_wallet,paid,2116.93,2025-11-14 09:05:25+00
3392,3392,debit_card,failed,0.00,
3393,3393,cash_on_delivery,paid,14301.11,2025-11-11 21:55:12+00
3394,3394,cash_on_delivery,pending,0.00,
3395,3395,cash_on_delivery,pending,0.00,
3396,3396,credit_card,pending,0.00,
3397,3397,cash_on_delivery,paid,8875.88,2025-11-16 03:54:26+00
3398,3398,cash_on_delivery,paid,254.70,2025-11-13 15:52:48+00
3399,3399,digital_wallet,paid,4375.38,2025-11-17 02:02:08+00
3400,3400,cash_on_delivery,paid,216.41,2025-11-12 22:39:06+00
3401,3401,cash_on_delivery,paid,4813.98,2025-11-16 12:02:01+00
3402,3402,cash_on_delivery,paid,359.82,2025-11-13 04:08:42+00
3403,3403,credit_card,pending,0.00,
3404,3404,credit_card,paid,2490.13,2025-11-15 01:43:19+00
3405,3405,cash_on_delivery,paid,1743.31,2025-11-14 07:20:41+00
3406,3406,credit_card,paid,4923.43,2025-11-16 06:09:48+00
3407,3407,cash_on_delivery,pending,0.00,
3408,3408,debit_card,paid,251.97,2025-11-18 17:53:14+00
3409,3409,credit_card,paid,556.63,2025-11-16 12:22:48+00
3410,3410,debit_card,paid,1484.00,2025-11-15 13:18:19+00
3411,3411,credit_card,paid,5077.17,2025-11-16 21:20:20+00
3412,3412,cash_on_delivery,paid,4791.15,2025-11-15 14:16:07+00
3413,3413,cash_on_delivery,paid,6419.67,2025-11-14 23:59:10+00
3414,3414,cash_on_delivery,pending,0.00,
3415,3415,debit_card,refunded,0.00,2025-11-16 15:13:09+00
3416,3416,cash_on_delivery,paid,64.71,2025-11-16 20:19:16+00
3417,3417,cash_on_delivery,paid,174.85,2025-11-17 10:08:47+00
3418,3418,cash_on_delivery,refunded,0.00,2025-11-16 19:32:28+00
3419,3419,bank_transfer,paid,2902.78,2025-11-19 20:23:06+00
3420,3420,cash_on_delivery,paid,13768.95,2025-11-16 10:43:18+00
3421,3421,cash_on_delivery,paid,103.85,2025-11-17 23:50:53+00
3422,3422,cash_on_delivery,paid,119.64,2025-11-19 06:04:15+00
3423,3423,cash_on_delivery,paid,23.60,2025-11-21 01:53:40+00
3424,3424,cash_on_delivery,refunded,0.00,2025-11-20 05:31:36+00
3425,3425,credit_card,paid,131.40,2025-11-18 08:11:08+00
3426,3426,credit_card,paid,8384.10,2025-11-19 11:47:17+00
3427,3427,debit_card,paid,7705.19,2025-11-18 15:53:52+00
3428,3428,debit_card,paid,1193.35,2025-11-19 21:33:53+00
3429,3429,credit_card,pending,0.00,
3430,3430,credit_card,refunded,0.00,2025-11-21 12:56:47+00
3431,3431,digital_wallet,paid,152.82,2025-11-20 09:46:38+00
3432,3432,debit_card,paid,6459.38,2025-11-25 09:12:47+00
3433,3433,cash_on_delivery,paid,7141.78,2025-11-25 09:38:53+00
3434,3434,credit_card,failed,0.00,
3435,3435,cash_on_delivery,paid,2183.13,2025-11-25 05:05:59+00
3436,3436,credit_card,failed,0.00,
3437,3437,credit_card,paid,64.98,2025-11-23 16:35:27+00
3438,3438,digital_wallet,paid,4052.97,2025-11-24 08:58:32+00
3439,3439,credit_card,paid,847.91,2025-11-25 03:56:06+00
3440,3440,credit_card,paid,139.96,2025-11-25 06:57:33+00
3441,3441,cash_on_delivery,paid,6198.23,2025-11-25 02:13:17+00
3442,3442,digital_wallet,failed,0.00,
3443,3443,cash_on_delivery,paid,1532.57,2025-11-26 03:19:27+00
3444,3444,debit_card,failed,0.00,
3445,3445,cash_on_delivery,refunded,0.00,2025-11-26 11:30:36+00
3446,3446,cash_on_delivery,paid,2382.05,2025-11-24 17:40:01+00
3447,3447,cash_on_delivery,paid,1681.61,2025-11-28 06:57:53+00
3448,3448,credit_card,paid,5457.91,2025-11-27 00:58:14+00
3449,3449,cash_on_delivery,paid,14270.25,2025-11-26 20:02:26+00
3450,3450,credit_card,paid,2084.21,2025-11-27 18:41:24+00
3451,3451,cash_on_delivery,paid,398.79,2025-11-28 07:02:52+00
3452,3452,credit_card,paid,9753.61,2025-11-28 11:16:29+00
3453,3453,bank_transfer,paid,3902.06,2025-11-26 14:58:31+00
3454,3454,cash_on_delivery,paid,3094.21,2025-11-29 16:58:13+00
3455,3455,cash_on_delivery,paid,2058.33,2025-11-27 15:58:21+00
3456,3456,debit_card,paid,769.10,2025-11-27 04:22:01+00
3457,3457,digital_wallet,paid,12885.75,2025-11-28 03:39:01+00
3458,3458,bank_transfer,paid,3931.09,2025-11-28 11:13:25+00
3459,3459,credit_card,pending,0.00,
3460,3460,debit_card,paid,1919.88,2025-11-28 09:56:50+00
3461,3461,credit_card,pending,0.00,
3462,3462,cash_on_delivery,paid,6330.05,2025-11-30 18:34:22+00
3463,3463,credit_card,failed,0.00,
3464,3464,credit_card,pending,0.00,
3465,3465,bank_transfer,paid,624.26,2025-11-27 09:18:46+00
3466,3466,credit_card,paid,2430.76,2025-11-29 04:25:54+00
3467,3467,cash_on_delivery,pending,0.00,
3468,3468,debit_card,paid,10955.92,2025-11-28 04:53:21+00
3469,3469,cash_on_delivery,paid,1132.43,2025-11-29 04:25:52+00
3470,3470,credit_card,paid,70.68,2025-11-28 22:45:27+00
3471,3471,cash_on_delivery,paid,4539.57,2025-11-28 06:46:29+00
3472,3472,cash_on_delivery,pending,0.00,
3473,3473,cash_on_delivery,paid,100.52,2025-12-01 08:10:17+00
3474,3474,credit_card,paid,6629.69,2025-11-29 00:24:14+00
3475,3475,debit_card,paid,1371.78,2025-11-29 18:51:20+00
3476,3476,bank_transfer,paid,5322.22,2025-11-29 09:02:39+00
3477,3477,cash_on_delivery,paid,1005.58,2025-12-01 06:32:05+00
3478,3478,cash_on_delivery,failed,0.00,
3479,3479,cash_on_delivery,paid,615.26,2025-12-01 00:47:39+00
3480,3480,debit_card,paid,80.12,2025-12-02 06:37:32+00
3481,3481,bank_transfer,pending,0.00,
3482,3482,cash_on_delivery,paid,15828.36,2025-12-03 15:19:36+00
3483,3483,bank_transfer,paid,2936.08,2025-12-02 21:13:53+00
3484,3484,cash_on_delivery,paid,9458.83,2025-12-02 03:55:53+00
3485,3485,bank_transfer,failed,0.00,
3486,3486,cash_on_delivery,paid,1752.23,2025-12-03 01:41:03+00
3487,3487,debit_card,refunded,0.00,2025-12-01 09:18:50+00
3488,3488,debit_card,paid,1248.27,2025-12-03 09:33:03+00
3489,3489,credit_card,paid,648.84,2025-12-05 01:45:05+00
3490,3490,debit_card,paid,837.62,2025-12-04 02:03:01+00
3491,3491,cash_on_delivery,paid,5081.35,2025-12-02 20:02:01+00
3492,3492,cash_on_delivery,paid,10099.55,2025-12-03 06:34:16+00
3493,3493,cash_on_delivery,paid,153.89,2025-12-03 12:44:09+00
3494,3494,cash_on_delivery,paid,1290.50,2025-12-05 01:04:48+00
3495,3495,credit_card,paid,1090.97,2025-12-05 12:26:59+00
3496,3496,digital_wallet,paid,16837.35,2025-12-06 06:33:48+00
3497,3497,credit_card,paid,2650.01,2025-12-06 00:51:06+00
3498,3498,cash_on_delivery,paid,349.85,2025-12-03 10:17:59+00
3499,3499,credit_card,paid,10206.67,2025-12-02 18:01:39+00
3500,3500,cash_on_delivery,paid,1047.22,2025-12-03 21:26:49+00
3501,3501,credit_card,paid,4555.10,2025-12-04 09:25:20+00
3502,3502,credit_card,paid,9903.43,2025-12-07 01:36:44+00
3503,3503,cash_on_delivery,paid,505.35,2025-12-03 12:09:57+00
3504,3504,cash_on_delivery,paid,4715.72,2025-12-06 11:21:20+00
3505,3505,credit_card,pending,0.00,
3506,3506,credit_card,refunded,0.00,2025-12-06 03:00:52+00
3507,3507,cash_on_delivery,paid,1090.31,2025-12-05 17:49:23+00
3508,3508,cash_on_delivery,paid,1309.11,2025-12-06 14:26:11+00
3509,3509,cash_on_delivery,paid,4694.93,2025-12-09 02:25:01+00
3510,3510,debit_card,paid,3392.18,2025-12-06 21:28:31+00
3511,3511,credit_card,paid,596.40,2025-12-09 16:49:30+00
3512,3512,cash_on_delivery,paid,1058.63,2025-12-09 02:13:04+00
3513,3513,cash_on_delivery,paid,574.89,2025-12-08 21:49:54+00
3514,3514,debit_card,paid,8314.55,2025-12-07 13:08:00+00
3515,3515,bank_transfer,paid,1477.69,2025-12-10 06:23:31+00
3516,3516,credit_card,failed,0.00,
3517,3517,debit_card,paid,13976.38,2025-12-07 13:43:54+00
3518,3518,cash_on_delivery,paid,3343.00,2025-12-09 12:28:40+00
3519,3519,digital_wallet,paid,9998.33,2025-12-11 02:12:58+00
3520,3520,cash_on_delivery,refunded,0.00,2025-12-10 02:32:37+00
3521,3521,credit_card,refunded,0.00,2025-12-07 05:38:47+00
3522,3522,credit_card,pending,0.00,
3523,3523,digital_wallet,paid,10916.53,2025-12-09 11:04:56+00
3524,3524,digital_wallet,paid,1605.84,2025-12-08 12:15:52+00
3525,3525,debit_card,refunded,0.00,2025-12-10 12:41:21+00
3526,3526,debit_card,paid,1468.45,2025-12-07 20:23:28+00
3527,3527,bank_transfer,paid,13322.31,2025-12-07 08:19:43+00
3528,3528,cash_on_delivery,paid,5927.04,2025-12-11 16:14:05+00
3529,3529,bank_transfer,pending,0.00,
3530,3530,cash_on_delivery,failed,0.00,
3531,3531,cash_on_delivery,refunded,0.00,2025-12-11 02:35:19+00
3532,3532,credit_card,failed,0.00,
3533,3533,credit_card,paid,10999.79,2025-12-12 23:25:34+00
3534,3534,cash_on_delivery,paid,64.71,2025-12-09 14:12:28+00
3535,3535,cash_on_delivery,refunded,0.00,2025-12-12 22:11:20+00
3536,3536,cash_on_delivery,paid,8160.76,2025-12-10 00:46:54+00
3537,3537,bank_transfer,paid,144.12,2025-12-13 02:33:55+00
3538,3538,digital_wallet,refunded,0.00,2025-12-10 18:37:12+00
3539,3539,bank_transfer,failed,0.00,
3540,3540,cash_on_delivery,failed,0.00,
3541,3541,cash_on_delivery,paid,28.63,2025-12-10 11:49:02+00
3542,3542,debit_card,paid,86.39,2025-12-13 11:36:35+00
3543,3543,credit_card,paid,66.47,2025-12-12 16:33:17+00
3544,3544,bank_transfer,pending,0.00,
3545,3545,credit_card,paid,1104.87,2025-12-11 06:25:27+00
3546,3546,credit_card,paid,99.06,2025-12-14 20:01:43+00
3547,3547,credit_card,paid,586.52,2025-12-14 06:50:32+00
3548,3548,cash_on_delivery,paid,2272.49,2025-12-11 09:55:45+00
3549,3549,credit_card,paid,1351.77,2025-12-13 00:05:24+00
3550,3550,cash_on_delivery,paid,4765.63,2025-12-12 17:34:07+00
3551,3551,credit_card,paid,384.80,2025-12-15 09:12:33+00
3552,3552,credit_card,pending,0.00,
3553,3553,credit_card,paid,1270.57,2025-12-16 13:26:09+00
3554,3554,digital_wallet,refunded,0.00,2025-12-15 18:14:32+00
3555,3555,cash_on_delivery,paid,23.61,2025-12-14 04:24:51+00
3556,3556,cash_on_delivery,paid,12008.41,2025-12-15 04:14:18+00
3557,3557,digital_wallet,paid,409.11,2025-12-13 07:14:44+00
3558,3558,credit_card,paid,10313.89,2025-12-13 09:13:01+00
3559,3559,cash_on_delivery,paid,3014.05,2025-12-16 18:35:10+00
3560,3560,bank_transfer,pending,0.00,
3561,3561,cash_on_delivery,paid,1788.05,2025-12-14 00:37:44+00
3562,3562,cash_on_delivery,paid,8395.29,2025-12-13 23:36:31+00
3563,3563,credit_card,paid,4906.00,2025-12-16 10:20:25+00
3564,3564,cash_on_delivery,paid,10408.54,2025-12-17 00:17:22+00
3565,3565,credit_card,refunded,0.00,2025-12-15 18:05:31+00
3566,3566,bank_transfer,paid,1114.97,2025-12-16 12:36:43+00
3567,3567,credit_card,refunded,0.00,2025-12-17 21:05:08+00
3568,3568,credit_card,paid,1993.92,2025-12-19 06:28:14+00
3569,3569,cash_on_delivery,paid,13.80,2025-12-16 13:16:51+00
3570,3570,credit_card,paid,982.47,2025-12-17 18:02:28+00
3571,3571,bank_transfer,paid,10772.62,2025-12-19 08:42:08+00
3572,3572,bank_transfer,paid,2169.22,2025-12-19 03:59:33+00
3573,3573,credit_card,paid,5303.98,2025-12-21 08:29:15+00
3574,3574,cash_on_delivery,failed,0.00,
3575,3575,debit_card,paid,7046.61,2025-12-17 20:02:53+00
3576,3576,credit_card,paid,1693.35,2025-12-20 22:42:28+00
3577,3577,debit_card,paid,13096.30,2025-12-19 21:44:48+00
3578,3578,bank_transfer,paid,7359.97,2025-12-17 14:12:39+00
3579,3579,digital_wallet,paid,1182.46,2025-12-22 08:38:26+00
3580,3580,debit_card,paid,4813.28,2025-12-22 19:50:03+00
3581,3581,bank_transfer,pending,0.00,
3582,3582,credit_card,paid,197.10,2025-12-21 07:06:54+00
3583,3583,cash_on_delivery,paid,933.27,2025-12-22 21:06:33+00
3584,3584,credit_card,paid,999.19,2025-12-21 19:37:30+00
3585,3585,credit_card,paid,3542.19,2025-12-19 02:27:48+00
3586,3586,cash_on_delivery,paid,4049.54,2025-12-22 15:16:14+00
3587,3587,cash_on_delivery,paid,13863.71,2025-12-19 19:07:59+00
3588,3588,credit_card,paid,280.66,2025-12-22 23:30:55+00
3589,3589,credit_card,paid,236.11,2025-12-22 11:04:16+00
3590,3590,cash_on_delivery,pending,0.00,
3591,3591,cash_on_delivery,refunded,0.00,2025-12-21 22:50:16+00
3592,3592,debit_card,refunded,0.00,2025-12-20 00:06:21+00
3593,3593,cash_on_delivery,paid,6201.13,2025-12-22 07:41:09+00
3594,3594,cash_on_delivery,pending,0.00,
3595,3595,cash_on_delivery,paid,14891.72,2025-12-23 23:57:35+00
3596,3596,debit_card,paid,431.35,2025-12-24 04:41:58+00
3597,3597,cash_on_delivery,paid,8168.17,2025-12-24 15:45:54+00
3598,3598,credit_card,paid,170.50,2025-12-25 04:43:08+00
3599,3599,credit_card,paid,1810.32,2025-12-24 07:28:26+00
3600,3600,credit_card,paid,1422.44,2025-12-22 12:59:52+00
3601,3601,cash_on_delivery,paid,66.93,2025-12-21 02:00:42+00
3602,3602,credit_card,paid,12425.31,2025-12-21 12:19:56+00
3603,3603,credit_card,paid,1510.39,2025-12-22 00:29:30+00
3604,3604,credit_card,paid,2350.05,2025-12-21 14:58:58+00
3605,3605,cash_on_delivery,paid,5280.43,2025-12-23 22:03:42+00
3606,3606,digital_wallet,paid,8938.61,2025-12-22 22:56:28+00
3607,3607,digital_wallet,paid,4038.47,2025-12-22 11:08:24+00
3608,3608,credit_card,paid,5824.13,2025-12-23 05:07:13+00
3609,3609,digital_wallet,paid,248.71,2025-12-23 03:21:25+00
3610,3610,credit_card,paid,1413.72,2025-12-23 16:25:07+00
3611,3611,cash_on_delivery,pending,0.00,
3612,3612,credit_card,pending,0.00,
3613,3613,bank_transfer,paid,11894.73,2025-12-25 04:25:48+00
3614,3614,debit_card,pending,0.00,
3615,3615,cash_on_delivery,paid,3039.42,2025-12-24 22:59:23+00
3616,3616,cash_on_delivery,paid,5384.99,2025-12-23 11:37:08+00
3617,3617,credit_card,paid,284.00,2025-12-24 23:39:18+00
3618,3618,credit_card,paid,7450.14,2025-12-23 20:23:29+00
3619,3619,credit_card,paid,649.71,2025-12-24 20:03:26+00
3620,3620,digital_wallet,pending,0.00,
3621,3621,cash_on_delivery,paid,1849.07,2025-12-25 11:26:05+00
3622,3622,credit_card,paid,7128.46,2025-12-26 05:32:40+00
3623,3623,debit_card,paid,2031.63,2025-12-27 18:42:59+00
3624,3624,cash_on_delivery,paid,14710.89,2025-12-27 10:03:43+00
3625,3625,credit_card,paid,6913.62,2025-12-29 04:55:53+00
3626,3626,credit_card,paid,14201.36,2025-12-27 14:26:31+00
3627,3627,debit_card,paid,7404.34,2025-12-26 08:40:35+00
3628,3628,bank_transfer,paid,141.95,2025-12-28 20:15:29+00
3629,3629,cash_on_delivery,pending,0.00,
3630,3630,cash_on_delivery,pending,0.00,
3631,3631,cash_on_delivery,paid,25.35,2025-12-29 15:18:58+00
3632,3632,credit_card,paid,3557.05,2025-12-31 23:26:28+00
3633,3633,credit_card,paid,5957.48,2025-12-31 08:31:54+00
3634,3634,credit_card,paid,164.81,2025-12-27 14:42:30+00
3635,3635,cash_on_delivery,paid,2816.44,2026-01-01 06:59:09+00
3636,3636,bank_transfer,pending,0.00,
3637,3637,cash_on_delivery,paid,823.83,2025-12-28 19:07:38+00
3638,3638,bank_transfer,paid,5545.30,2025-12-31 01:57:47+00
3639,3639,cash_on_delivery,paid,1876.21,2026-01-01 20:35:33+00
3640,3640,cash_on_delivery,paid,271.11,2026-01-01 01:53:47+00
3641,3641,cash_on_delivery,paid,1320.49,2025-12-30 19:36:46+00
3642,3642,digital_wallet,paid,10731.64,2025-12-30 05:43:11+00
3643,3643,digital_wallet,paid,6934.10,2026-01-01 14:01:13+00
3644,3644,cash_on_delivery,paid,4989.85,2025-12-31 00:26:03+00
3645,3645,credit_card,paid,9814.64,2025-12-31 16:45:16+00
3646,3646,cash_on_delivery,paid,397.87,2026-01-01 09:09:38+00
3647,3647,credit_card,paid,5343.16,2026-01-01 21:39:50+00
3648,3648,debit_card,paid,1191.29,2026-01-03 08:37:49+00
3649,3649,cash_on_delivery,paid,8895.66,2025-12-30 21:48:16+00
3650,3650,cash_on_delivery,paid,3732.18,2025-12-31 09:41:18+00
3651,3651,cash_on_delivery,refunded,0.00,2026-01-02 22:51:18+00
3652,3652,credit_card,refunded,0.00,2026-01-02 18:58:19+00
3653,3653,credit_card,paid,582.55,2026-01-03 23:46:52+00
3654,3654,credit_card,paid,8175.35,2026-01-02 01:44:15+00
3655,3655,cash_on_delivery,paid,8258.62,2026-01-02 02:57:32+00
3656,3656,credit_card,refunded,0.00,2026-01-03 07:34:09+00
3657,3657,bank_transfer,paid,3671.90,2026-01-02 10:33:08+00
3658,3658,credit_card,paid,4080.09,2026-01-02 19:39:01+00
3659,3659,cash_on_delivery,failed,0.00,
3660,3660,digital_wallet,refunded,0.00,2026-01-04 08:56:14+00
3661,3661,cash_on_delivery,paid,3870.17,2026-01-02 21:19:38+00
3662,3662,cash_on_delivery,paid,5082.95,2026-01-04 16:51:19+00
3663,3663,credit_card,paid,1216.40,2026-01-06 12:55:53+00
3664,3664,credit_card,pending,0.00,
3665,3665,credit_card,paid,235.23,2026-01-02 10:03:20+00
3666,3666,credit_card,paid,3048.70,2026-01-06 15:06:15+00
3667,3667,cash_on_delivery,paid,1148.27,2026-01-04 16:27:20+00
3668,3668,cash_on_delivery,paid,1813.86,2026-01-07 02:30:19+00
3669,3669,credit_card,paid,443.80,2026-01-02 13:56:59+00
3670,3670,credit_card,paid,908.21,2026-01-05 21:21:12+00
3671,3671,bank_transfer,paid,10854.30,2026-01-06 14:10:20+00
3672,3672,debit_card,paid,6257.59,2026-01-04 15:41:35+00
3673,3673,cash_on_delivery,failed,0.00,
3674,3674,cash_on_delivery,paid,480.89,2026-01-06 04:21:40+00
3675,3675,bank_transfer,paid,3814.23,2026-01-08 01:46:16+00
3676,3676,cash_on_delivery,paid,1100.41,2026-01-06 06:38:09+00
3677,3677,credit_card,paid,7175.13,2026-01-05 05:38:49+00
3678,3678,debit_card,pending,0.00,
3679,3679,bank_transfer,paid,7986.63,2026-01-07 20:23:00+00
3680,3680,cash_on_delivery,paid,3966.41,2026-01-09 05:54:43+00
3681,3681,digital_wallet,pending,0.00,
3682,3682,bank_transfer,paid,10001.59,2026-01-05 20:49:27+00
3683,3683,cash_on_delivery,paid,5396.40,2026-01-09 17:46:41+00
3684,3684,credit_card,refunded,0.00,2026-01-08 19:33:05+00
3685,3685,credit_card,paid,2832.72,2026-01-09 00:53:28+00
3686,3686,bank_transfer,paid,8840.54,2026-01-10 15:46:26+00
3687,3687,digital_wallet,paid,3897.19,2026-01-10 20:58:50+00
3688,3688,debit_card,paid,4976.95,2026-01-08 03:04:22+00
3689,3689,cash_on_delivery,paid,14547.80,2026-01-07 12:50:29+00
3690,3690,credit_card,paid,7346.44,2026-01-10 23:02:22+00
3691,3691,cash_on_delivery,paid,1828.77,2026-01-10 10:44:52+00
3692,3692,bank_transfer,paid,369.37,2026-01-07 11:32:13+00
3693,3693,cash_on_delivery,paid,31.12,2026-01-07 13:48:57+00
3694,3694,cash_on_delivery,paid,327.27,2026-01-10 14:41:39+00
3695,3695,cash_on_delivery,paid,9867.32,2026-01-11 22:22:20+00
3696,3696,cash_on_delivery,paid,2863.07,2026-01-11 16:21:20+00
3697,3697,credit_card,refunded,0.00,2026-01-12 02:16:13+00
3698,3698,bank_transfer,paid,1539.90,2026-01-12 14:57:19+00
3699,3699,debit_card,refunded,0.00,2026-01-13 06:36:36+00
3700,3700,bank_transfer,paid,98.63,2026-01-14 02:11:57+00
3701,3701,credit_card,paid,634.98,2026-01-10 14:04:05+00
3702,3702,debit_card,paid,18964.26,2026-01-12 06:41:56+00
3703,3703,cash_on_delivery,paid,3802.19,2026-01-11 12:18:26+00
3704,3704,bank_transfer,paid,14646.63,2026-01-12 15:15:39+00
3705,3705,cash_on_delivery,paid,253.40,2026-01-10 12:04:13+00
3706,3706,debit_card,pending,0.00,
3707,3707,cash_on_delivery,paid,35.56,2026-01-10 10:21:49+00
3708,3708,digital_wallet,paid,36.74,2026-01-14 12:22:02+00
3709,3709,cash_on_delivery,paid,958.03,2026-01-13 20:29:09+00
3710,3710,bank_transfer,paid,44.71,2026-01-14 10:50:46+00
3711,3711,credit_card,failed,0.00,
3712,3712,debit_card,paid,216.67,2026-01-14 02:23:02+00
3713,3713,bank_transfer,paid,4337.44,2026-01-14 19:46:44+00
3714,3714,cash_on_delivery,pending,0.00,
3715,3715,bank_transfer,paid,3387.76,2026-01-16 08:09:45+00
3716,3716,credit_card,paid,4553.04,2026-01-17 21:40:00+00
3717,3717,credit_card,refunded,0.00,2026-01-17 15:37:05+00
3718,3718,credit_card,paid,216.41,2026-01-16 01:15:23+00
3719,3719,debit_card,paid,5527.01,2026-01-18 21:18:44+00
3720,3720,cash_on_delivery,paid,8744.34,2026-01-17 07:32:47+00
3721,3721,debit_card,pending,0.00,
3722,3722,cash_on_delivery,refunded,0.00,2026-01-17 16:07:43+00
3723,3723,cash_on_delivery,paid,10136.39,2026-01-16 07:11:59+00
3724,3724,cash_on_delivery,paid,5205.91,2026-01-19 09:46:29+00
3725,3725,digital_wallet,refunded,0.00,2026-01-15 11:24:10+00
3726,3726,credit_card,paid,2336.67,2026-01-15 03:07:26+00
3727,3727,debit_card,paid,5771.00,2026-01-19 08:50:35+00
3728,3728,bank_transfer,paid,10702.88,2026-01-19 05:43:24+00
3729,3729,credit_card,paid,3669.99,2026-01-17 20:49:11+00
3730,3730,debit_card,paid,54.43,2026-01-16 13:46:33+00
3731,3731,bank_transfer,paid,2634.07,2026-01-18 11:28:29+00
3732,3732,cash_on_delivery,pending,0.00,
3733,3733,credit_card,refunded,0.00,2026-01-17 17:31:33+00
3734,3734,credit_card,paid,4091.42,2026-01-17 10:52:26+00
3735,3735,bank_transfer,paid,12476.52,2026-01-18 20:51:03+00
3736,3736,cash_on_delivery,pending,0.00,
3737,3737,debit_card,paid,81.77,2026-01-17 16:52:42+00
3738,3738,bank_transfer,pending,0.00,
3739,3739,debit_card,paid,1082.03,2026-01-18 16:33:34+00
3740,3740,bank_transfer,paid,6209.67,2026-01-21 21:02:31+00
3741,3741,cash_on_delivery,paid,110.80,2026-01-18 03:05:38+00
3742,3742,digital_wallet,paid,1554.07,2026-01-18 16:11:43+00
3743,3743,bank_transfer,failed,0.00,
3744,3744,credit_card,paid,7020.58,2026-01-19 12:03:26+00
3745,3745,credit_card,paid,1400.10,2026-01-22 12:09:56+00
3746,3746,debit_card,paid,371.54,2026-01-19 23:45:30+00
3747,3747,cash_on_delivery,paid,16370.52,2026-01-21 08:30:34+00
3748,3748,cash_on_delivery,paid,932.63,2026-01-18 18:43:10+00
3749,3749,cash_on_delivery,paid,596.62,2026-01-21 09:50:50+00
3750,3750,credit_card,paid,3224.02,2026-01-21 13:55:24+00
3751,3751,debit_card,refunded,0.00,2026-01-22 09:37:01+00
3752,3752,digital_wallet,refunded,0.00,2026-01-20 22:51:11+00
3753,3753,credit_card,paid,5071.26,2026-01-22 03:29:46+00
3754,3754,cash_on_delivery,paid,3503.73,2026-01-19 15:19:25+00
3755,3755,credit_card,paid,2259.14,2026-01-21 12:10:25+00
3756,3756,debit_card,paid,6542.63,2026-01-21 07:02:27+00
3757,3757,credit_card,paid,594.22,2026-01-22 18:11:47+00
3758,3758,cash_on_delivery,paid,1105.06,2026-01-22 23:19:54+00
3759,3759,cash_on_delivery,paid,8441.25,2026-01-22 10:32:58+00
3760,3760,credit_card,pending,0.00,
3761,3761,credit_card,paid,3219.29,2026-01-23 22:59:25+00
3762,3762,debit_card,refunded,0.00,2026-01-25 11:03:57+00
3763,3763,debit_card,paid,71.88,2026-01-21 15:53:36+00
3764,3764,credit_card,refunded,0.00,2026-01-23 03:53:07+00
3765,3765,credit_card,paid,438.38,2026-01-26 01:52:59+00
3766,3766,digital_wallet,paid,12884.85,2026-01-25 20:13:14+00
3767,3767,credit_card,paid,186.17,2026-01-25 00:53:10+00
3768,3768,bank_transfer,paid,974.41,2026-01-26 07:01:15+00
3769,3769,debit_card,paid,579.84,2026-01-22 12:57:04+00
3770,3770,digital_wallet,pending,0.00,
3771,3771,cash_on_delivery,paid,10370.92,2026-01-23 03:58:34+00
3772,3772,debit_card,paid,425.61,2026-01-23 09:46:54+00
3773,3773,debit_card,refunded,0.00,2026-01-27 01:34:59+00
3774,3774,cash_on_delivery,paid,8767.67,2026-01-24 03:14:00+00
3775,3775,cash_on_delivery,pending,0.00,
3776,3776,debit_card,paid,1904.72,2026-01-27 10:05:26+00
3777,3777,cash_on_delivery,paid,5286.54,2026-01-23 19:38:28+00
3778,3778,digital_wallet,paid,12012.56,2026-01-25 14:02:25+00
3779,3779,credit_card,failed,0.00,
3780,3780,cash_on_delivery,failed,0.00,
3781,3781,bank_transfer,refunded,0.00,2026-01-25 05:28:41+00
3782,3782,cash_on_delivery,paid,138.45,2026-01-27 20:40:31+00
3783,3783,cash_on_delivery,paid,15783.15,2026-01-25 16:06:00+00
3784,3784,debit_card,paid,450.94,2026-01-28 00:40:39+00
3785,3785,digital_wallet,refunded,0.00,2026-01-25 16:34:48+00
3786,3786,cash_on_delivery,failed,0.00,
3787,3787,cash_on_delivery,paid,200.87,2026-01-29 03:11:36+00
3788,3788,digital_wallet,pending,0.00,
3789,3789,cash_on_delivery,paid,650.85,2026-01-28 19:11:05+00
3790,3790,debit_card,paid,460.53,2026-01-29 21:51:57+00
3791,3791,debit_card,pending,0.00,
3792,3792,cash_on_delivery,pending,0.00,
3793,3793,credit_card,refunded,0.00,2026-01-31 14:42:01+00
3794,3794,credit_card,paid,7335.35,2026-01-27 22:22:35+00
3795,3795,credit_card,paid,6951.33,2026-01-30 05:29:26+00
3796,3796,cash_on_delivery,paid,395.53,2026-01-28 17:44:30+00
3797,3797,credit_card,paid,7088.18,2026-01-28 13:47:13+00
3798,3798,cash_on_delivery,pending,0.00,
3799,3799,debit_card,refunded,0.00,2026-02-01 03:13:34+00
3800,3800,debit_card,refunded,0.00,2026-02-02 18:00:28+00
3801,3801,cash_on_delivery,paid,827.62,2026-02-01 13:04:24+00
3802,3802,cash_on_delivery,pending,0.00,
3803,3803,bank_transfer,paid,52.13,2026-01-29 20:22:55+00
3804,3804,credit_card,pending,0.00,
3805,3805,debit_card,paid,1168.25,2026-02-01 13:25:48+00
3806,3806,bank_transfer,paid,107.71,2026-02-02 09:55:35+00
3807,3807,debit_card,pending,0.00,
3808,3808,cash_on_delivery,paid,1149.06,2026-01-31 16:02:22+00
3809,3809,credit_card,paid,3963.35,2026-02-02 16:42:20+00
3810,3810,cash_on_delivery,pending,0.00,
3811,3811,debit_card,paid,22546.66,2026-02-02 21:41:08+00
3812,3812,cash_on_delivery,pending,0.00,
3813,3813,debit_card,paid,6738.55,2026-02-02 13:50:20+00
3814,3814,credit_card,paid,1249.03,2026-02-02 04:57:39+00
3815,3815,credit_card,paid,5236.65,2026-02-01 02:40:31+00
3816,3816,digital_wallet,pending,0.00,
3817,3817,cash_on_delivery,paid,12414.14,2026-02-04 11:55:37+00
3818,3818,cash_on_delivery,paid,11388.12,2026-02-05 19:11:38+00
3819,3819,debit_card,refunded,0.00,2026-02-03 19:18:04+00
3820,3820,digital_wallet,paid,667.59,2026-02-04 05:59:02+00
3821,3821,cash_on_delivery,paid,1125.31,2026-02-06 08:51:22+00
3822,3822,credit_card,paid,352.29,2026-02-04 17:32:00+00
3823,3823,credit_card,paid,3222.49,2026-02-02 22:34:23+00
3824,3824,credit_card,paid,13037.67,2026-02-07 00:14:50+00
3825,3825,credit_card,pending,0.00,
3826,3826,credit_card,paid,1077.27,2026-02-06 23:54:19+00
3827,3827,credit_card,paid,3227.39,2026-02-06 17:53:50+00
3828,3828,cash_on_delivery,paid,2470.76,2026-02-05 13:53:24+00
3829,3829,debit_card,paid,1397.67,2026-02-04 10:48:46+00
3830,3830,cash_on_delivery,pending,0.00,
3831,3831,credit_card,paid,7217.81,2026-02-05 04:32:08+00
3832,3832,debit_card,paid,597.96,2026-02-04 09:13:11+00
3833,3833,credit_card,paid,1669.68,2026-02-08 11:18:00+00
3834,3834,cash_on_delivery,paid,12118.99,2026-02-07 19:40:00+00
3835,3835,cash_on_delivery,paid,3819.78,2026-02-05 02:03:50+00
3836,3836,cash_on_delivery,paid,1553.99,2026-02-06 02:51:21+00
3837,3837,bank_transfer,paid,2853.03,2026-02-09 07:15:47+00
3838,3838,debit_card,paid,8586.97,2026-02-06 21:34:12+00
3839,3839,credit_card,pending,0.00,
3840,3840,cash_on_delivery,paid,2657.36,2026-02-08 02:12:53+00
3841,3841,bank_transfer,paid,11684.10,2026-02-09 14:29:07+00
3842,3842,credit_card,paid,472.21,2026-02-08 18:47:41+00
3843,3843,cash_on_delivery,failed,0.00,
3844,3844,cash_on_delivery,paid,5298.98,2026-02-08 20:08:32+00
3845,3845,cash_on_delivery,paid,1274.68,2026-02-08 12:15:12+00
3846,3846,debit_card,paid,2725.33,2026-02-07 23:45:04+00
3847,3847,credit_card,paid,69.69,2026-02-11 03:27:48+00
3848,3848,credit_card,paid,1803.87,2026-02-11 00:11:09+00
3849,3849,debit_card,paid,891.11,2026-02-12 11:49:20+00
3850,3850,cash_on_delivery,paid,9143.46,2026-02-10 07:58:13+00
3851,3851,digital_wallet,paid,1068.62,2026-02-09 14:18:43+00
3852,3852,credit_card,paid,260.42,2026-02-12 17:36:36+00
3853,3853,debit_card,paid,1445.73,2026-02-12 04:08:23+00
3854,3854,bank_transfer,paid,851.43,2026-02-13 15:30:02+00
3855,3855,bank_transfer,paid,6229.41,2026-02-09 16:22:54+00
3856,3856,cash_on_delivery,paid,1599.42,2026-02-13 07:14:28+00
3857,3857,credit_card,paid,8169.73,2026-02-09 23:19:38+00
3858,3858,cash_on_delivery,failed,0.00,
3859,3859,cash_on_delivery,paid,153.05,2026-02-10 14:54:36+00
3860,3860,debit_card,failed,0.00,
3861,3861,digital_wallet,paid,11361.52,2026-02-12 21:15:41+00
3862,3862,bank_transfer,paid,5198.21,2026-02-13 06:21:02+00
3863,3863,cash_on_delivery,pending,0.00,
3864,3864,credit_card,paid,10369.46,2026-02-12 13:47:23+00
3865,3865,credit_card,paid,146.83,2026-02-16 01:51:56+00
3866,3866,credit_card,paid,572.44,2026-02-12 19:39:01+00
3867,3867,credit_card,paid,64.71,2026-02-13 15:54:43+00
3868,3868,credit_card,paid,970.55,2026-02-13 15:14:07+00
3869,3869,digital_wallet,pending,0.00,
3870,3870,cash_on_delivery,paid,9227.59,2026-02-16 23:13:09+00
3871,3871,bank_transfer,failed,0.00,
3872,3872,credit_card,failed,0.00,
3873,3873,cash_on_delivery,paid,1584.95,2026-02-13 22:50:42+00
3874,3874,cash_on_delivery,pending,0.00,
3875,3875,cash_on_delivery,pending,0.00,
3876,3876,bank_transfer,paid,206.84,2026-02-16 22:21:39+00
3877,3877,cash_on_delivery,paid,16982.58,2026-02-17 03:22:09+00
3878,3878,cash_on_delivery,paid,364.15,2026-02-14 22:26:01+00
3879,3879,credit_card,refunded,0.00,2026-02-16 08:13:43+00
3880,3880,credit_card,pending,0.00,
3881,3881,debit_card,failed,0.00,
3882,3882,debit_card,paid,2778.21,2026-02-15 14:13:01+00
3883,3883,cash_on_delivery,paid,4175.07,2026-02-17 06:27:08+00
3884,3884,credit_card,refunded,0.00,2026-02-20 16:53:15+00
3885,3885,debit_card,paid,15234.23,2026-02-16 20:43:26+00
3886,3886,credit_card,paid,1973.07,2026-02-18 04:12:37+00
3887,3887,digital_wallet,paid,6718.56,2026-02-20 16:15:05+00
3888,3888,digital_wallet,paid,450.38,2026-02-18 23:02:46+00
3889,3889,credit_card,refunded,0.00,2026-02-21 09:06:48+00
3890,3890,cash_on_delivery,paid,967.58,2026-02-18 18:17:44+00
3891,3891,cash_on_delivery,paid,2383.35,2026-02-21 03:20:42+00
3892,3892,cash_on_delivery,paid,1547.77,2026-02-19 17:02:05+00
3893,3893,cash_on_delivery,paid,1048.05,2026-02-17 19:29:04+00
3894,3894,cash_on_delivery,pending,0.00,
3895,3895,cash_on_delivery,refunded,0.00,2026-02-19 21:50:36+00
3896,3896,cash_on_delivery,paid,2496.78,2026-02-22 07:03:28+00
3897,3897,cash_on_delivery,paid,1086.39,2026-02-22 15:29:47+00
3898,3898,debit_card,paid,7774.73,2026-02-21 22:19:51+00
3899,3899,cash_on_delivery,failed,0.00,
3900,3900,credit_card,paid,9929.17,2026-02-19 11:55:26+00
3901,3901,cash_on_delivery,paid,1221.61,2026-02-23 03:36:18+00
3902,3902,digital_wallet,paid,600.22,2026-02-22 03:57:50+00
3903,3903,credit_card,paid,7835.82,2026-02-21 21:58:26+00
3904,3904,cash_on_delivery,paid,4686.20,2026-02-22 19:22:59+00
3905,3905,cash_on_delivery,failed,0.00,
3906,3906,cash_on_delivery,paid,12.49,2026-02-20 13:36:23+00
3907,3907,credit_card,failed,0.00,
3908,3908,credit_card,paid,4380.15,2026-02-22 06:06:37+00
3909,3909,cash_on_delivery,paid,2145.69,2026-02-22 13:01:30+00
3910,3910,cash_on_delivery,paid,2972.44,2026-02-23 23:12:04+00
3911,3911,debit_card,paid,2732.11,2026-02-22 15:49:50+00
3912,3912,credit_card,paid,9155.41,2026-02-22 08:46:29+00
3913,3913,cash_on_delivery,refunded,0.00,2026-02-23 15:31:31+00
3914,3914,cash_on_delivery,paid,2018.29,2026-02-24 02:32:12+00
3915,3915,cash_on_delivery,paid,707.51,2026-02-24 20:55:26+00
3916,3916,bank_transfer,paid,17387.57,2026-02-24 10:21:33+00
3917,3917,debit_card,paid,1778.78,2026-02-23 03:29:42+00
3918,3918,cash_on_delivery,paid,326.36,2026-02-26 07:23:21+00
3919,3919,credit_card,pending,0.00,
3920,3920,digital_wallet,pending,0.00,
3921,3921,cash_on_delivery,paid,3505.41,2026-02-27 20:46:24+00
3922,3922,credit_card,pending,0.00,
3923,3923,debit_card,pending,0.00,
3924,3924,cash_on_delivery,paid,4876.64,2026-02-26 09:48:56+00
3925,3925,credit_card,paid,5598.32,2026-02-26 16:13:56+00
3926,3926,cash_on_delivery,paid,5240.71,2026-02-26 17:20:38+00
3927,3927,debit_card,paid,593.76,2026-03-01 21:16:27+00
3928,3928,credit_card,paid,4562.34,2026-02-27 10:33:50+00
3929,3929,digital_wallet,paid,7925.97,2026-02-28 11:29:36+00
3930,3930,cash_on_delivery,pending,0.00,
3931,3931,cash_on_delivery,pending,0.00,
3932,3932,credit_card,paid,3876.16,2026-03-02 10:46:10+00
3933,3933,bank_transfer,paid,10965.80,2026-03-02 02:48:21+00
3934,3934,cash_on_delivery,paid,2078.95,2026-03-01 20:25:14+00
3935,3935,cash_on_delivery,paid,3554.73,2026-03-02 16:56:39+00
3936,3936,debit_card,paid,3494.97,2026-02-28 07:20:13+00
3937,3937,cash_on_delivery,refunded,0.00,2026-03-03 23:42:33+00
3938,3938,bank_transfer,paid,6835.69,2026-03-02 08:41:26+00
3939,3939,digital_wallet,paid,397.82,2026-03-03 10:28:38+00
3940,3940,cash_on_delivery,paid,7134.01,2026-03-03 14:47:40+00
3941,3941,digital_wallet,paid,3048.78,2026-03-03 15:16:36+00
3942,3942,cash_on_delivery,refunded,0.00,2026-03-01 14:08:59+00
3943,3943,cash_on_delivery,failed,0.00,
3944,3944,credit_card,paid,1089.51,2026-03-02 17:07:13+00
3945,3945,debit_card,paid,5139.62,2026-03-06 07:29:23+00
3946,3946,cash_on_delivery,paid,15161.20,2026-03-04 03:52:39+00
3947,3947,cash_on_delivery,failed,0.00,
3948,3948,debit_card,paid,2692.42,2026-03-03 14:37:39+00
3949,3949,digital_wallet,paid,483.63,2026-03-03 07:03:49+00
3950,3950,cash_on_delivery,paid,14038.46,2026-03-04 18:52:00+00
3951,3951,cash_on_delivery,refunded,0.00,2026-03-04 03:37:34+00
3952,3952,credit_card,pending,0.00,
3953,3953,credit_card,paid,6206.74,2026-03-06 17:09:11+00
3954,3954,cash_on_delivery,failed,0.00,
3955,3955,cash_on_delivery,paid,6718.74,2026-03-03 18:36:14+00
3956,3956,cash_on_delivery,paid,4735.28,2026-03-04 12:33:13+00
3957,3957,cash_on_delivery,paid,14095.35,2026-03-07 00:38:33+00
3958,3958,credit_card,paid,1578.94,2026-03-07 20:56:00+00
3959,3959,cash_on_delivery,paid,321.64,2026-03-05 17:14:09+00
3960,3960,cash_on_delivery,paid,1126.07,2026-03-04 23:11:22+00
3961,3961,debit_card,paid,5457.83,2026-03-05 03:13:03+00
3962,3962,cash_on_delivery,pending,0.00,
3963,3963,credit_card,paid,2136.59,2026-03-07 00:07:43+00
3964,3964,bank_transfer,paid,6478.94,2026-03-05 13:24:45+00
3965,3965,cash_on_delivery,paid,7906.79,2026-03-06 01:11:07+00
3966,3966,cash_on_delivery,pending,0.00,
3967,3967,debit_card,paid,1116.46,2026-03-05 16:24:15+00
3968,3968,debit_card,refunded,0.00,2026-03-06 04:24:16+00
3969,3969,credit_card,paid,356.58,2026-03-09 18:44:08+00
3970,3970,credit_card,paid,1182.63,2026-03-08 14:13:52+00
3971,3971,debit_card,paid,6642.23,2026-03-09 09:29:30+00
3972,3972,credit_card,paid,5209.83,2026-03-09 04:28:38+00
3973,3973,debit_card,pending,0.00,
3974,3974,credit_card,paid,5304.18,2026-03-10 03:40:42+00
3975,3975,credit_card,paid,14336.43,2026-03-06 16:02:01+00
3976,3976,cash_on_delivery,paid,8757.37,2026-03-07 08:53:16+00
3977,3977,cash_on_delivery,paid,1746.32,2026-03-07 03:10:27+00
3978,3978,digital_wallet,paid,7148.87,2026-03-07 00:35:35+00
3979,3979,credit_card,paid,1574.10,2026-03-10 06:08:44+00
3980,3980,bank_transfer,pending,0.00,
3981,3981,credit_card,pending,0.00,
3982,3982,credit_card,refunded,0.00,2026-03-10 15:42:50+00
3983,3983,credit_card,paid,1750.99,2026-03-12 00:34:06+00
3984,3984,debit_card,paid,107.60,2026-03-09 15:25:12+00
3985,3985,cash_on_delivery,paid,460.42,2026-03-08 18:22:54+00
3986,3986,cash_on_delivery,paid,95.64,2026-03-11 07:53:07+00
3987,3987,cash_on_delivery,paid,1760.73,2026-03-10 18:39:35+00
3988,3988,digital_wallet,paid,5827.72,2026-03-10 01:34:34+00
3989,3989,credit_card,pending,0.00,
3990,3990,cash_on_delivery,refunded,0.00,2026-03-13 12:43:33+00
3991,3991,cash_on_delivery,refunded,0.00,2026-03-10 15:23:52+00
3992,3992,credit_card,paid,3542.85,2026-03-10 15:17:36+00
3993,3993,bank_transfer,failed,0.00,
3994,3994,cash_on_delivery,failed,0.00,
3995,3995,credit_card,paid,138.02,2026-03-15 09:24:42+00
3996,3996,credit_card,paid,6376.86,2026-03-13 04:17:30+00
3997,3997,debit_card,paid,1841.73,2026-03-13 15:46:06+00
3998,3998,digital_wallet,paid,6699.74,2026-03-16 00:49:33+00
3999,3999,debit_card,pending,0.00,
4000,4000,cash_on_delivery,paid,1751.39,2026-03-13 09:28:25+00
4001,4001,debit_card,paid,3367.74,2026-03-12 10:19:37+00
4002,4002,debit_card,paid,3931.45,2026-03-13 16:22:56+00
4003,4003,digital_wallet,paid,11490.12,2026-03-14 08:19:08+00
4004,4004,cash_on_delivery,paid,5915.21,2026-03-13 15:32:30+00
4005,4005,bank_transfer,pending,0.00,
4006,4006,bank_transfer,paid,7168.62,2026-03-14 02:08:01+00
4007,4007,cash_on_delivery,paid,2407.56,2026-03-17 13:21:04+00
4008,4008,credit_card,paid,7352.07,2026-03-13 04:56:16+00
4009,4009,cash_on_delivery,paid,7478.05,2026-03-14 06:11:29+00
4010,4010,credit_card,paid,6079.95,2026-03-14 12:09:47+00
4011,4011,debit_card,paid,154.93,2026-03-13 08:12:20+00
4012,4012,cash_on_delivery,pending,0.00,
4013,4013,cash_on_delivery,pending,0.00,
4014,4014,debit_card,paid,1988.64,2026-03-15 13:56:03+00
4015,4015,cash_on_delivery,paid,559.88,2026-03-13 18:15:54+00
4016,4016,credit_card,paid,1208.37,2026-03-18 04:50:46+00
4017,4017,credit_card,refunded,0.00,2026-03-19 12:38:10+00
4018,4018,debit_card,pending,0.00,
4019,4019,debit_card,paid,5369.85,2026-03-19 11:43:48+00
4020,4020,credit_card,refunded,0.00,2026-03-15 08:46:46+00
4021,4021,bank_transfer,paid,4681.52,2026-03-18 08:42:23+00
4022,4022,credit_card,paid,9155.42,2026-03-18 06:25:15+00
4023,4023,bank_transfer,paid,1952.07,2026-03-20 06:19:32+00
4024,4024,cash_on_delivery,paid,477.22,2026-03-19 17:33:09+00
4025,4025,credit_card,paid,281.84,2026-03-21 03:39:23+00
4026,4026,cash_on_delivery,refunded,0.00,2026-03-21 03:47:04+00
4027,4027,credit_card,paid,14952.59,2026-03-17 08:28:08+00
4028,4028,bank_transfer,pending,0.00,
4029,4029,cash_on_delivery,pending,0.00,
4030,4030,cash_on_delivery,paid,2509.02,2026-03-18 14:56:38+00
4031,4031,credit_card,paid,820.56,2026-03-18 03:14:40+00
4032,4032,debit_card,paid,83.61,2026-03-20 03:50:12+00
4033,4033,debit_card,paid,434.45,2026-03-21 13:00:41+00
4034,4034,cash_on_delivery,paid,14911.46,2026-03-17 20:16:11+00
4035,4035,credit_card,paid,95.17,2026-03-20 01:15:34+00
4036,4036,cash_on_delivery,paid,4652.90,2026-03-22 17:21:50+00
4037,4037,bank_transfer,paid,2372.78,2026-03-20 19:06:29+00
4038,4038,cash_on_delivery,paid,1296.84,2026-03-21 21:09:25+00
4039,4039,cash_on_delivery,paid,4219.81,2026-03-20 00:01:36+00
4040,4040,credit_card,paid,290.71,2026-03-23 13:07:13+00
4041,4041,credit_card,pending,0.00,
4042,4042,credit_card,paid,418.25,2026-03-23 07:41:57+00
4043,4043,bank_transfer,paid,6116.48,2026-03-21 08:22:48+00
4044,4044,cash_on_delivery,paid,974.74,2026-03-19 00:53:07+00
4045,4045,credit_card,paid,5593.49,2026-03-19 22:25:19+00
4046,4046,cash_on_delivery,pending,0.00,
4047,4047,digital_wallet,failed,0.00,
4048,4048,credit_card,failed,0.00,
4049,4049,cash_on_delivery,paid,4694.55,2026-03-23 08:29:57+00
4050,4050,cash_on_delivery,paid,889.99,2026-03-24 05:15:47+00
4051,4051,cash_on_delivery,paid,1533.05,2026-03-22 02:32:04+00
4052,4052,debit_card,pending,0.00,
4053,4053,cash_on_delivery,paid,739.20,2026-03-20 20:44:15+00
4054,4054,credit_card,paid,1341.04,2026-03-25 12:48:10+00
4055,4055,debit_card,paid,8435.37,2026-03-21 19:34:08+00
4056,4056,credit_card,failed,0.00,
4057,4057,credit_card,pending,0.00,
4058,4058,cash_on_delivery,paid,12285.84,2026-03-23 02:24:18+00
4059,4059,bank_transfer,paid,1343.42,2026-03-24 18:51:33+00
4060,4060,credit_card,paid,11496.68,2026-03-25 18:21:32+00
4061,4061,cash_on_delivery,failed,0.00,
4062,4062,credit_card,paid,16286.23,2026-03-24 19:18:23+00
4063,4063,cash_on_delivery,pending,0.00,
4064,4064,credit_card,paid,49.35,2026-03-25 00:14:28+00
4065,4065,cash_on_delivery,pending,0.00,
4066,4066,credit_card,paid,117.09,2026-03-22 16:22:49+00
4067,4067,digital_wallet,paid,350.07,2026-03-25 16:22:49+00
4068,4068,cash_on_delivery,paid,128.60,2026-03-26 04:39:59+00
4069,4069,cash_on_delivery,paid,66.78,2026-03-23 12:20:44+00
4070,4070,cash_on_delivery,paid,1698.41,2026-03-28 02:10:35+00
4071,4071,bank_transfer,paid,5300.01,2026-03-23 23:07:55+00
4072,4072,debit_card,paid,1244.01,2026-03-25 20:20:59+00
4073,4073,cash_on_delivery,paid,158.76,2026-03-25 10:17:48+00
4074,4074,credit_card,failed,0.00,
4075,4075,credit_card,paid,2314.02,2026-03-26 00:43:55+00
4076,4076,cash_on_delivery,refunded,0.00,2026-03-28 23:42:37+00
4077,4077,cash_on_delivery,paid,5529.94,2026-03-25 16:04:38+00
4078,4078,bank_transfer,paid,354.80,2026-03-27 17:48:01+00
4079,4079,credit_card,refunded,0.00,2026-03-26 17:13:38+00
4080,4080,cash_on_delivery,paid,2937.53,2026-03-24 15:53:14+00
4081,4081,cash_on_delivery,paid,753.31,2026-03-27 14:26:46+00
4082,4082,credit_card,paid,817.38,2026-03-29 09:52:51+00
4083,4083,credit_card,paid,1064.79,2026-03-26 13:58:08+00
4084,4084,cash_on_delivery,refunded,0.00,2026-03-26 14:58:57+00
4085,4085,credit_card,paid,1269.27,2026-03-27 04:21:02+00
4086,4086,cash_on_delivery,paid,192.21,2026-03-29 04:19:46+00
4087,4087,debit_card,failed,0.00,
4088,4088,cash_on_delivery,paid,114.61,2026-03-28 14:16:18+00
4089,4089,digital_wallet,pending,0.00,
4090,4090,credit_card,paid,2366.65,2026-03-29 10:23:16+00
4091,4091,credit_card,pending,0.00,
4092,4092,cash_on_delivery,paid,1423.16,2026-03-29 21:52:06+00
4093,4093,cash_on_delivery,paid,1386.78,2026-03-27 16:42:12+00
4094,4094,cash_on_delivery,paid,464.91,2026-03-30 12:15:50+00
4095,4095,credit_card,paid,288.81,2026-04-01 01:37:06+00
4096,4096,digital_wallet,paid,22253.95,2026-03-31 23:06:55+00
4097,4097,credit_card,paid,16533.83,2026-03-30 09:18:10+00
4098,4098,bank_transfer,paid,248.15,2026-03-29 07:39:00+00
4099,4099,bank_transfer,refunded,0.00,2026-03-29 03:19:44+00
4100,4100,cash_on_delivery,paid,837.62,2026-04-01 22:26:50+00
4101,4101,bank_transfer,paid,68.48,2026-04-02 13:22:23+00
4102,4102,cash_on_delivery,failed,0.00,
4103,4103,cash_on_delivery,paid,196.76,2026-04-01 18:54:26+00
4104,4104,bank_transfer,pending,0.00,
4105,4105,bank_transfer,paid,11072.07,2026-04-03 17:36:14+00
4106,4106,credit_card,pending,0.00,
4107,4107,cash_on_delivery,paid,4936.66,2026-04-01 23:19:22+00
4108,4108,cash_on_delivery,paid,134.98,2026-04-03 14:31:14+00
4109,4109,credit_card,paid,1486.65,2026-03-31 08:19:26+00
4110,4110,credit_card,pending,0.00,
4111,4111,bank_transfer,paid,5771.92,2026-04-03 06:28:09+00
4112,4112,bank_transfer,paid,1760.59,2026-04-04 16:55:13+00
4113,4113,credit_card,paid,1539.67,2026-04-04 01:11:05+00
4114,4114,cash_on_delivery,refunded,0.00,2026-04-01 21:48:22+00
4115,4115,bank_transfer,paid,11980.97,2026-04-01 09:52:12+00
4116,4116,digital_wallet,pending,0.00,
4117,4117,cash_on_delivery,paid,2257.00,2026-04-04 23:32:53+00
4118,4118,credit_card,paid,1309.82,2026-04-05 08:30:29+00
4119,4119,debit_card,paid,351.03,2026-04-04 02:56:16+00
4120,4120,debit_card,paid,1590.65,2026-04-03 21:14:01+00
4121,4121,credit_card,paid,6415.37,2026-04-03 02:44:32+00
4122,4122,cash_on_delivery,paid,1840.86,2026-04-04 08:17:19+00
4123,4123,credit_card,paid,13373.87,2026-04-03 18:57:55+00
4124,4124,credit_card,paid,1801.75,2026-04-06 13:21:06+00
4125,4125,credit_card,paid,12867.02,2026-04-03 14:40:47+00
4126,4126,debit_card,refunded,0.00,2026-04-06 16:17:14+00
4127,4127,cash_on_delivery,paid,2577.73,2026-04-03 05:21:36+00
4128,4128,credit_card,paid,7191.67,2026-04-03 12:48:12+00
4129,4129,credit_card,paid,9599.85,2026-04-07 09:41:45+00
4130,4130,credit_card,paid,156.18,2026-04-03 23:44:34+00
4131,4131,cash_on_delivery,pending,0.00,
4132,4132,cash_on_delivery,paid,135.93,2026-04-03 16:00:19+00
4133,4133,credit_card,pending,0.00,
4134,4134,cash_on_delivery,pending,0.00,
4135,4135,credit_card,paid,4854.05,2026-04-03 23:24:14+00
4136,4136,bank_transfer,paid,11942.10,2026-04-08 00:11:50+00
4137,4137,cash_on_delivery,paid,13256.73,2026-04-03 20:31:15+00
4138,4138,cash_on_delivery,paid,12947.66,2026-04-04 08:17:26+00
4139,4139,debit_card,failed,0.00,
4140,4140,credit_card,paid,12080.97,2026-04-07 06:32:44+00
4141,4141,cash_on_delivery,paid,17624.87,2026-04-04 13:20:33+00
4142,4142,cash_on_delivery,pending,0.00,
4143,4143,bank_transfer,paid,535.42,2026-04-08 23:40:58+00
4144,4144,credit_card,paid,324.36,2026-04-05 12:08:36+00
4145,4145,credit_card,paid,407.16,2026-04-05 23:22:33+00
4146,4146,cash_on_delivery,pending,0.00,
4147,4147,credit_card,failed,0.00,
4148,4148,cash_on_delivery,paid,6047.74,2026-04-08 09:06:53+00
4149,4149,credit_card,paid,13819.32,2026-04-07 03:10:35+00
4150,4150,debit_card,paid,1305.06,2026-04-09 14:51:47+00
4151,4151,cash_on_delivery,paid,521.72,2026-04-07 14:54:12+00
4152,4152,credit_card,paid,848.72,2026-04-06 12:56:46+00
4153,4153,credit_card,paid,24129.24,2026-04-07 17:26:13+00
4154,4154,credit_card,paid,4128.18,2026-04-08 14:18:45+00
4155,4155,digital_wallet,paid,534.43,2026-04-07 19:52:40+00
4156,4156,cash_on_delivery,paid,4630.71,2026-04-09 00:37:03+00
4157,4157,cash_on_delivery,pending,0.00,
4158,4158,credit_card,pending,0.00,
4159,4159,cash_on_delivery,paid,5798.71,2026-04-10 09:10:57+00
4160,4160,bank_transfer,paid,33.48,2026-04-09 06:08:55+00
4161,4161,credit_card,paid,12964.97,2026-04-09 19:40:30+00
4162,4162,cash_on_delivery,paid,136.42,2026-04-12 13:31:30+00
4163,4163,cash_on_delivery,paid,7426.55,2026-04-12 08:51:20+00
4164,4164,bank_transfer,refunded,0.00,2026-04-08 04:23:13+00
4165,4165,credit_card,paid,2461.19,2026-04-10 15:47:04+00
4166,4166,credit_card,paid,38.87,2026-04-13 02:16:26+00
4167,4167,credit_card,paid,1828.43,2026-04-09 17:18:47+00
4168,4168,cash_on_delivery,paid,1856.80,2026-04-11 07:10:24+00
4169,4169,credit_card,refunded,0.00,2026-04-10 12:36:48+00
4170,4170,cash_on_delivery,failed,0.00,
4171,4171,credit_card,refunded,0.00,2026-04-10 04:42:15+00
4172,4172,bank_transfer,refunded,0.00,2026-04-12 11:06:14+00
4173,4173,cash_on_delivery,paid,7145.11,2026-04-13 22:29:29+00
4174,4174,cash_on_delivery,paid,92.32,2026-04-14 13:48:38+00
4175,4175,cash_on_delivery,refunded,0.00,2026-04-12 10:46:12+00
4176,4176,bank_transfer,paid,5890.67,2026-04-11 01:46:04+00
4177,4177,bank_transfer,pending,0.00,
4178,4178,digital_wallet,paid,76.04,2026-04-15 18:58:13+00
4179,4179,debit_card,paid,153.09,2026-04-15 18:10:23+00
4180,4180,bank_transfer,pending,0.00,
4181,4181,debit_card,paid,13136.95,2026-04-11 17:39:55+00
4182,4182,digital_wallet,paid,4941.79,2026-04-12 11:43:58+00
4183,4183,cash_on_delivery,paid,2559.95,2026-04-15 06:17:33+00
4184,4184,credit_card,failed,0.00,
4185,4185,debit_card,paid,1667.44,2026-04-12 20:12:42+00
4186,4186,cash_on_delivery,failed,0.00,
4187,4187,cash_on_delivery,failed,0.00,
4188,4188,cash_on_delivery,paid,538.11,2026-04-16 19:31:12+00
4189,4189,cash_on_delivery,refunded,0.00,2026-04-13 13:44:18+00
4190,4190,debit_card,paid,1003.86,2026-04-16 01:35:31+00
4191,4191,digital_wallet,paid,10680.33,2026-04-15 16:57:23+00
4192,4192,cash_on_delivery,paid,12379.72,2026-04-17 16:11:10+00
4193,4193,cash_on_delivery,paid,9683.51,2026-04-15 04:35:11+00
4194,4194,bank_transfer,paid,1919.19,2026-04-15 01:35:15+00
4195,4195,cash_on_delivery,paid,13478.97,2026-04-16 15:13:19+00
4196,4196,debit_card,paid,3209.41,2026-04-16 01:24:15+00
4197,4197,cash_on_delivery,paid,85.25,2026-04-15 14:32:15+00
4198,4198,digital_wallet,pending,0.00,
4199,4199,credit_card,paid,7732.40,2026-04-17 20:29:17+00
4200,4200,cash_on_delivery,paid,125.36,2026-04-15 06:50:57+00
4201,4201,cash_on_delivery,paid,3056.07,2026-04-16 09:58:01+00
4202,4202,credit_card,paid,555.21,2026-04-19 13:20:29+00
4203,4203,credit_card,paid,15605.98,2026-04-17 00:27:32+00
4204,4204,credit_card,pending,0.00,
4205,4205,digital_wallet,paid,5806.13,2026-04-16 15:23:32+00
4206,4206,debit_card,paid,15445.64,2026-04-18 03:18:20+00
4207,4207,cash_on_delivery,failed,0.00,
4208,4208,debit_card,paid,5835.78,2026-04-19 01:53:26+00
4209,4209,digital_wallet,paid,8963.29,2026-04-17 03:00:55+00
4210,4210,cash_on_delivery,paid,4972.98,2026-04-19 11:02:21+00
4211,4211,credit_card,paid,2135.71,2026-04-17 10:45:55+00
4212,4212,debit_card,paid,3476.42,2026-04-21 19:29:59+00
4213,4213,debit_card,failed,0.00,
4214,4214,debit_card,paid,2510.66,2026-04-19 02:32:19+00
4215,4215,debit_card,paid,9364.56,2026-04-17 22:19:40+00
4216,4216,cash_on_delivery,paid,1232.90,2026-04-22 22:27:17+00
4217,4217,debit_card,pending,0.00,
4218,4218,bank_transfer,paid,9660.98,2026-04-21 12:17:09+00
4219,4219,cash_on_delivery,paid,5634.10,2026-04-23 09:08:18+00
4220,4220,debit_card,paid,1334.53,2026-04-23 15:15:48+00
4221,4221,credit_card,paid,337.31,2026-04-21 18:20:46+00
4222,4222,credit_card,paid,6638.77,2026-04-22 20:26:21+00
4223,4223,credit_card,pending,0.00,
4224,4224,bank_transfer,paid,12423.34,2026-04-21 03:09:36+00
4225,4225,credit_card,paid,36.39,2026-04-24 11:42:21+00
4226,4226,cash_on_delivery,pending,0.00,
4227,4227,credit_card,failed,0.00,
4228,4228,digital_wallet,pending,0.00,
4229,4229,bank_transfer,paid,7521.68,2026-04-23 19:50:51+00
4230,4230,bank_transfer,paid,139.59,2026-04-25 21:49:59+00
4231,4231,credit_card,failed,0.00,
4232,4232,cash_on_delivery,refunded,0.00,2026-04-25 23:27:38+00
4233,4233,credit_card,paid,618.88,2026-04-26 11:29:01+00
4234,4234,cash_on_delivery,paid,822.28,2026-04-22 09:54:28+00
4235,4235,cash_on_delivery,paid,7565.99,2026-04-26 03:45:00+00
4236,4236,bank_transfer,paid,23.37,2026-04-26 14:16:38+00
4237,4237,debit_card,paid,105.52,2026-04-23 22:06:41+00
4238,4238,credit_card,paid,11148.31,2026-04-24 06:11:57+00
4239,4239,cash_on_delivery,paid,13002.72,2026-04-23 23:10:48+00
4240,4240,bank_transfer,paid,3284.76,2026-04-23 10:31:02+00
4241,4241,debit_card,refunded,0.00,2026-04-23 04:12:54+00
4242,4242,cash_on_delivery,paid,2849.04,2026-04-28 01:45:27+00
4243,4243,cash_on_delivery,paid,426.73,2026-04-26 20:23:53+00
4244,4244,bank_transfer,paid,18928.96,2026-04-24 20:51:35+00
4245,4245,bank_transfer,paid,461.19,2026-04-24 01:58:59+00
4246,4246,credit_card,paid,1545.58,2026-04-24 22:07:17+00
4247,4247,debit_card,pending,0.00,
4248,4248,cash_on_delivery,pending,0.00,
4249,4249,debit_card,paid,45.20,2026-04-25 08:26:41+00
4250,4250,debit_card,failed,0.00,
4251,4251,credit_card,paid,17130.74,2026-04-26 12:11:46+00
4252,4252,debit_card,paid,3917.55,2026-04-29 19:17:00+00
4253,4253,credit_card,paid,1738.28,2026-04-27 03:34:31+00
4254,4254,cash_on_delivery,paid,673.55,2026-04-26 06:57:37+00
4255,4255,cash_on_delivery,paid,6988.40,2026-04-28 22:05:31+00
4256,4256,debit_card,paid,81.23,2026-04-27 16:26:35+00
4257,4257,cash_on_delivery,failed,0.00,
4258,4258,bank_transfer,paid,607.15,2026-04-27 04:39:15+00
4259,4259,cash_on_delivery,pending,0.00,
4260,4260,cash_on_delivery,paid,3000.17,2026-04-28 23:34:13+00
4261,4261,digital_wallet,refunded,0.00,2026-04-28 21:42:09+00
4262,4262,credit_card,paid,57.76,2026-04-28 13:37:34+00
4263,4263,debit_card,paid,2032.48,2026-05-02 00:07:26+00
4264,4264,cash_on_delivery,paid,10518.99,2026-04-29 18:00:09+00
4265,4265,cash_on_delivery,failed,0.00,
4266,4266,credit_card,paid,116.77,2026-05-03 15:19:27+00
4267,4267,credit_card,paid,15381.05,2026-05-01 05:51:04+00
4268,4268,credit_card,paid,8559.10,2026-04-30 21:58:39+00
4269,4269,debit_card,pending,0.00,
4270,4270,cash_on_delivery,paid,1740.28,2026-04-30 06:26:48+00
4271,4271,debit_card,pending,0.00,
4272,4272,credit_card,paid,1741.52,2026-04-30 08:19:58+00
4273,4273,credit_card,paid,416.51,2026-05-05 03:36:58+00
4274,4274,credit_card,failed,0.00,
4275,4275,credit_card,paid,488.40,2026-05-01 09:35:53+00
4276,4276,credit_card,paid,3173.36,2026-05-01 14:48:53+00
4277,4277,cash_on_delivery,pending,0.00,
4278,4278,cash_on_delivery,pending,0.00,
4279,4279,debit_card,failed,0.00,
4280,4280,cash_on_delivery,paid,4888.06,2026-05-04 18:11:53+00
4281,4281,credit_card,paid,499.28,2026-05-06 11:24:26+00
4282,4282,credit_card,paid,89.69,2026-05-02 09:13:41+00
4283,4283,debit_card,paid,4866.70,2026-05-05 18:33:23+00
4284,4284,cash_on_delivery,refunded,0.00,2026-05-04 03:39:54+00
4285,4285,debit_card,paid,648.91,2026-05-06 13:23:22+00
4286,4286,credit_card,paid,12481.08,2026-05-07 15:05:17+00
4287,4287,credit_card,paid,23.13,2026-05-03 06:45:02+00
4288,4288,cash_on_delivery,paid,10100.92,2026-05-07 20:16:03+00
4289,4289,cash_on_delivery,paid,1475.11,2026-05-05 10:40:26+00
4290,4290,cash_on_delivery,paid,9609.27,2026-05-07 20:57:54+00
4291,4291,credit_card,paid,4522.03,2026-05-05 08:05:57+00
4292,4292,credit_card,paid,631.12,2026-05-05 02:15:08+00
4293,4293,digital_wallet,paid,6293.20,2026-05-07 13:01:14+00
4294,4294,credit_card,paid,90.71,2026-05-08 20:47:10+00
4295,4295,bank_transfer,refunded,0.00,2026-05-08 10:24:31+00
4296,4296,cash_on_delivery,paid,5407.21,2026-05-05 15:39:50+00
4297,4297,bank_transfer,pending,0.00,
4298,4298,credit_card,paid,6703.29,2026-05-09 06:20:09+00
4299,4299,credit_card,failed,0.00,
4300,4300,cash_on_delivery,paid,107.17,2026-05-09 18:27:01+00
4301,4301,bank_transfer,paid,304.77,2026-05-09 22:51:03+00
4302,4302,credit_card,pending,0.00,
4303,4303,credit_card,refunded,0.00,2026-05-10 21:03:21+00
4304,4304,cash_on_delivery,pending,0.00,
4305,4305,credit_card,failed,0.00,
4306,4306,bank_transfer,refunded,0.00,2026-05-10 23:05:38+00
4307,4307,cash_on_delivery,pending,0.00,
4308,4308,credit_card,paid,2739.86,2026-05-11 15:39:48+00
4309,4309,bank_transfer,paid,64.96,2026-05-07 02:40:29+00
4310,4310,credit_card,paid,9883.32,2026-05-08 08:24:22+00
4311,4311,debit_card,paid,158.57,2026-05-08 07:13:02+00
4312,4312,debit_card,failed,0.00,
4313,4313,cash_on_delivery,failed,0.00,
4314,4314,debit_card,failed,0.00,
4315,4315,digital_wallet,paid,2449.98,2026-05-08 06:57:03+00
4316,4316,credit_card,paid,25369.76,2026-05-08 20:33:23+00
4317,4317,credit_card,pending,0.00,
4318,4318,cash_on_delivery,paid,4169.09,2026-05-13 11:08:08+00
4319,4319,debit_card,paid,1509.91,2026-05-11 09:49:20+00
4320,4320,credit_card,paid,272.89,2026-05-11 02:36:15+00
4321,4321,credit_card,paid,1801.36,2026-05-11 15:01:00+00
4322,4322,cash_on_delivery,failed,0.00,
4323,4323,credit_card,paid,132.73,2026-05-13 18:08:51+00
4324,4324,cash_on_delivery,paid,6065.55,2026-05-09 21:12:22+00
4325,4325,cash_on_delivery,paid,2357.96,2026-05-11 09:51:13+00
4326,4326,digital_wallet,refunded,0.00,2026-05-14 17:05:36+00
4327,4327,cash_on_delivery,failed,0.00,
4328,4328,bank_transfer,paid,1185.45,2026-05-10 21:14:35+00
4329,4329,credit_card,pending,0.00,
4330,4330,cash_on_delivery,pending,0.00,
4331,4331,cash_on_delivery,paid,4286.86,2026-05-10 14:59:34+00
4332,4332,cash_on_delivery,paid,718.46,2026-05-11 13:32:33+00
4333,4333,cash_on_delivery,pending,0.00,
4334,4334,cash_on_delivery,paid,31842.83,2026-05-14 07:15:23+00
4335,4335,credit_card,pending,0.00,
4336,4336,cash_on_delivery,paid,8186.26,2026-05-13 04:26:11+00
4337,4337,credit_card,paid,3725.07,2026-05-12 23:53:16+00
4338,4338,cash_on_delivery,paid,8679.13,2026-05-11 04:45:05+00
4339,4339,credit_card,paid,4695.62,2026-05-11 23:29:32+00
4340,4340,cash_on_delivery,paid,2480.63,2026-05-12 00:57:51+00
4341,4341,credit_card,paid,2265.51,2026-05-14 12:03:50+00
4342,4342,credit_card,paid,1986.18,2026-05-13 15:20:15+00
4343,4343,cash_on_delivery,paid,8357.02,2026-05-16 00:14:15+00
4344,4344,credit_card,paid,750.59,2026-05-15 21:21:24+00
4345,4345,cash_on_delivery,pending,0.00,
4346,4346,cash_on_delivery,pending,0.00,
4347,4347,debit_card,paid,97.16,2026-05-14 05:07:39+00
4348,4348,credit_card,pending,0.00,
4349,4349,credit_card,paid,5523.24,2026-05-15 10:41:09+00
4350,4350,cash_on_delivery,pending,0.00,
4351,4351,cash_on_delivery,paid,166.60,2026-05-16 12:34:53+00
4352,4352,credit_card,refunded,0.00,2026-05-18 03:16:12+00
4353,4353,credit_card,failed,0.00,
4354,4354,bank_transfer,paid,13311.22,2026-05-18 22:57:40+00
4355,4355,credit_card,paid,519.46,2026-05-17 20:50:59+00
4356,4356,debit_card,paid,5692.79,2026-05-18 22:21:32+00
4357,4357,cash_on_delivery,paid,14969.42,2026-05-19 09:06:15+00
4358,4358,cash_on_delivery,paid,8316.38,2026-05-16 06:37:35+00
4359,4359,credit_card,paid,4839.36,2026-05-18 03:53:58+00
4360,4360,cash_on_delivery,pending,0.00,
4361,4361,debit_card,paid,9287.58,2026-05-17 02:44:26+00
4362,4362,bank_transfer,paid,1595.34,2026-05-16 18:58:44+00
4363,4363,cash_on_delivery,paid,4905.76,2026-05-18 21:39:16+00
4364,4364,credit_card,pending,0.00,
4365,4365,cash_on_delivery,paid,53.20,2026-05-18 03:28:23+00
4366,4366,bank_transfer,paid,1663.06,2026-05-18 13:42:52+00
4367,4367,credit_card,paid,2173.88,2026-05-20 11:42:04+00
4368,4368,credit_card,paid,1122.74,2026-05-21 02:34:26+00
4369,4369,debit_card,pending,0.00,
4370,4370,cash_on_delivery,refunded,0.00,2026-05-18 23:01:59+00
4371,4371,cash_on_delivery,paid,7518.83,2026-05-20 18:53:51+00
4372,4372,cash_on_delivery,paid,8069.27,2026-05-17 11:09:04+00
4373,4373,cash_on_delivery,refunded,0.00,2026-05-20 01:21:30+00
4374,4374,debit_card,paid,7336.92,2026-05-19 17:15:05+00
4375,4375,cash_on_delivery,pending,0.00,
4376,4376,cash_on_delivery,paid,797.17,2026-05-21 12:28:05+00
4377,4377,digital_wallet,paid,2473.67,2026-05-20 00:58:57+00
4378,4378,debit_card,pending,0.00,
4379,4379,credit_card,refunded,0.00,2026-05-22 17:45:40+00
4380,4380,credit_card,pending,0.00,
4381,4381,debit_card,pending,0.00,
4382,4382,credit_card,paid,17237.40,2026-05-22 02:47:32+00
4383,4383,cash_on_delivery,pending,0.00,
4384,4384,cash_on_delivery,paid,107.18,2026-05-21 18:45:15+00
4385,4385,credit_card,paid,1850.68,2026-05-21 23:20:30+00
4386,4386,digital_wallet,paid,10146.22,2026-05-20 14:46:27+00
4387,4387,debit_card,paid,2775.59,2026-05-24 18:19:53+00
4388,4388,cash_on_delivery,paid,531.10,2026-05-20 07:45:11+00
4389,4389,cash_on_delivery,paid,2118.24,2026-05-21 03:52:29+00
4390,4390,cash_on_delivery,refunded,0.00,2026-05-20 19:28:27+00
4391,4391,bank_transfer,paid,500.85,2026-05-22 05:54:19+00
4392,4392,cash_on_delivery,paid,129.53,2026-05-21 14:49:02+00
4393,4393,cash_on_delivery,paid,4771.76,2026-05-24 05:06:04+00
4394,4394,credit_card,paid,161.67,2026-05-23 07:13:00+00
4395,4395,bank_transfer,paid,5103.67,2026-05-26 06:26:21+00
4396,4396,debit_card,paid,10454.93,2026-05-21 10:15:09+00
4397,4397,credit_card,paid,107.17,2026-05-21 20:42:17+00
4398,4398,cash_on_delivery,pending,0.00,
4399,4399,debit_card,failed,0.00,
4400,4400,credit_card,pending,0.00,
4401,4401,cash_on_delivery,paid,5774.56,2026-05-25 03:03:05+00
4402,4402,cash_on_delivery,paid,206.99,2026-05-23 20:30:51+00
4403,4403,credit_card,paid,8428.51,2026-05-24 22:20:40+00
4404,4404,credit_card,paid,135.33,2026-05-26 19:22:23+00
4405,4405,debit_card,paid,1154.87,2026-05-24 12:43:25+00
4406,4406,cash_on_delivery,failed,0.00,
4407,4407,credit_card,paid,11097.60,2026-05-23 18:54:00+00
4408,4408,bank_transfer,paid,1422.94,2026-05-27 02:43:44+00
4409,4409,cash_on_delivery,paid,9102.28,2026-05-28 08:40:30+00
4410,4410,cash_on_delivery,refunded,0.00,2026-05-24 05:46:02+00
4411,4411,cash_on_delivery,paid,5619.20,2026-05-24 07:35:06+00
4412,4412,bank_transfer,paid,128.58,2026-05-28 12:12:20+00
4413,4413,debit_card,pending,0.00,
4414,4414,cash_on_delivery,paid,210.91,2026-05-29 09:31:53+00
4415,4415,debit_card,paid,2471.39,2026-05-25 03:44:12+00
4416,4416,digital_wallet,refunded,0.00,2026-05-29 00:35:06+00
4417,4417,debit_card,paid,717.61,2026-05-30 00:36:56+00
4418,4418,credit_card,failed,0.00,
4419,4419,cash_on_delivery,paid,348.10,2026-05-27 23:38:31+00
4420,4420,digital_wallet,refunded,0.00,2026-05-27 03:20:23+00
4421,4421,cash_on_delivery,paid,6660.98,2026-05-30 14:28:18+00
4422,4422,credit_card,paid,4583.15,2026-05-28 09:48:48+00
4423,4423,credit_card,failed,0.00,
4424,4424,cash_on_delivery,paid,6487.26,2026-05-31 09:07:26+00
4425,4425,cash_on_delivery,paid,1811.79,2026-05-28 22:33:29+00
4426,4426,debit_card,paid,1941.52,2026-05-29 23:04:12+00
4427,4427,debit_card,paid,5492.76,2026-05-31 13:14:47+00
4428,4428,credit_card,paid,7281.61,2026-05-29 19:39:25+00
4429,4429,debit_card,failed,0.00,
4430,4430,credit_card,paid,12269.33,2026-05-29 14:43:09+00
4431,4431,bank_transfer,paid,2422.79,2026-06-01 10:36:51+00
4432,4432,cash_on_delivery,paid,17638.61,2026-05-28 13:38:37+00
4433,4433,debit_card,paid,1909.19,2026-05-29 10:35:39+00
4434,4434,cash_on_delivery,paid,8936.03,2026-05-29 23:09:10+00
4435,4435,cash_on_delivery,paid,2978.02,2026-06-01 06:55:06+00
4436,4436,debit_card,paid,9894.67,2026-05-30 11:21:07+00
4437,4437,cash_on_delivery,paid,176.50,2026-05-30 13:30:11+00
4438,4438,cash_on_delivery,pending,0.00,
4439,4439,credit_card,paid,131.54,2026-05-31 10:02:34+00
4440,4440,cash_on_delivery,paid,3453.92,2026-05-29 03:55:14+00
4441,4441,credit_card,paid,10107.13,2026-06-02 23:29:28+00
4442,4442,credit_card,paid,2553.75,2026-05-30 21:04:10+00
4443,4443,credit_card,paid,13880.61,2026-06-01 14:26:25+00
4444,4444,bank_transfer,paid,3180.31,2026-06-01 15:48:21+00
4445,4445,credit_card,failed,0.00,
4446,4446,cash_on_delivery,failed,0.00,
4447,4447,cash_on_delivery,paid,1711.00,2026-06-01 01:15:28+00
4448,4448,digital_wallet,refunded,0.00,2026-06-01 19:11:55+00
4449,4449,debit_card,paid,2571.63,2026-06-01 02:48:53+00
4450,4450,credit_card,paid,88.26,2026-06-01 07:26:37+00
4451,4451,debit_card,paid,797.31,2026-06-04 02:04:20+00
4452,4452,credit_card,paid,14288.79,2026-05-31 13:34:20+00
4453,4453,bank_transfer,refunded,0.00,2026-06-03 11:12:09+00
4454,4454,credit_card,paid,1767.43,2026-06-04 06:30:05+00
4455,4455,digital_wallet,paid,3344.95,2026-05-31 01:40:39+00
4456,4456,credit_card,refunded,0.00,2026-06-02 13:45:22+00
4457,4457,cash_on_delivery,paid,53.52,2026-06-03 04:57:53+00
4458,4458,cash_on_delivery,pending,0.00,
4459,4459,debit_card,failed,0.00,
4460,4460,credit_card,paid,3884.16,2026-06-02 12:04:38+00
4461,4461,credit_card,refunded,0.00,2026-06-04 19:47:24+00
4462,4462,digital_wallet,paid,2977.69,2026-06-06 05:14:18+00
4463,4463,cash_on_delivery,refunded,0.00,2026-06-01 13:59:12+00
4464,4464,cash_on_delivery,refunded,0.00,2026-06-03 10:57:24+00
4465,4465,cash_on_delivery,paid,1380.09,2026-06-05 17:55:10+00
4466,4466,credit_card,paid,4186.44,2026-06-03 20:06:48+00
4467,4467,credit_card,paid,1911.95,2026-06-06 08:37:10+00
4468,4468,credit_card,paid,11894.09,2026-06-03 09:28:54+00
4469,4469,cash_on_delivery,paid,2765.15,2026-06-06 15:27:55+00
4470,4470,credit_card,paid,4928.82,2026-06-07 05:00:23+00
4471,4471,credit_card,failed,0.00,
4472,4472,cash_on_delivery,failed,0.00,
4473,4473,bank_transfer,paid,277.36,2026-06-04 10:08:42+00
4474,4474,cash_on_delivery,paid,56.94,2026-06-04 21:37:43+00
4475,4475,debit_card,refunded,0.00,2026-06-04 14:28:11+00
4476,4476,credit_card,paid,3477.36,2026-06-04 18:04:39+00
4477,4477,digital_wallet,failed,0.00,
4478,4478,credit_card,paid,707.51,2026-06-05 04:25:44+00
4479,4479,credit_card,paid,5466.39,2026-06-05 09:11:21+00
4480,4480,digital_wallet,paid,7991.61,2026-06-03 13:14:12+00
4481,4481,cash_on_delivery,paid,18838.73,2026-06-08 13:10:32+00
4482,4482,bank_transfer,paid,4771.67,2026-06-05 02:31:51+00
4483,4483,cash_on_delivery,failed,0.00,
4484,4484,bank_transfer,failed,0.00,
4485,4485,credit_card,paid,7379.05,2026-06-05 05:47:06+00
4486,4486,credit_card,paid,7751.73,2026-06-08 07:34:56+00
4487,4487,digital_wallet,paid,992.76,2026-06-05 22:54:30+00
4488,4488,credit_card,paid,2902.78,2026-06-06 09:46:01+00
4489,4489,credit_card,paid,1061.58,2026-06-04 21:42:42+00
4490,4490,credit_card,paid,2211.20,2026-06-06 18:57:53+00
4491,4491,cash_on_delivery,paid,1320.68,2026-06-07 20:46:43+00
4492,4492,cash_on_delivery,paid,6216.58,2026-06-07 05:57:36+00
4493,4493,credit_card,paid,8302.91,2026-06-06 06:10:43+00
4494,4494,bank_transfer,paid,1402.95,2026-06-08 17:08:09+00
4495,4495,credit_card,paid,10617.58,2026-06-08 02:49:19+00
4496,4496,bank_transfer,pending,0.00,
4497,4497,cash_on_delivery,paid,31.14,2026-06-08 09:48:43+00
4498,4498,credit_card,pending,0.00,
4499,4499,cash_on_delivery,paid,7610.95,2026-06-09 12:19:18+00
4500,4500,cash_on_delivery,paid,5576.17,2026-06-11 11:45:02+00
4501,4501,cash_on_delivery,paid,120.30,2026-06-11 15:23:15+00
4502,4502,credit_card,paid,202.49,2026-06-08 21:44:26+00
4503,4503,credit_card,paid,11401.15,2026-06-09 06:39:20+00
4504,4504,cash_on_delivery,paid,2487.10,2026-06-08 21:11:53+00
4505,4505,digital_wallet,paid,16913.70,2026-06-12 05:16:06+00
4506,4506,credit_card,paid,13657.64,2026-06-11 19:18:01+00
4507,4507,credit_card,paid,4419.59,2026-06-10 12:37:54+00
4508,4508,debit_card,paid,3637.23,2026-06-09 08:49:32+00
4509,4509,cash_on_delivery,paid,119.64,2026-06-12 03:49:43+00
4510,4510,credit_card,paid,16067.45,2026-06-12 21:38:38+00
4511,4511,credit_card,pending,0.00,
4512,4512,credit_card,paid,10253.16,2026-06-10 08:06:48+00
4513,4513,credit_card,paid,3967.03,2026-06-10 05:01:00+00
4514,4514,digital_wallet,pending,0.00,
4515,4515,credit_card,paid,3654.51,2026-06-14 10:41:44+00
4516,4516,debit_card,refunded,0.00,2026-06-13 05:53:58+00
4517,4517,credit_card,refunded,0.00,2026-06-13 09:43:29+00
4518,4518,credit_card,paid,99.05,2026-06-12 19:16:10+00
4519,4519,cash_on_delivery,paid,1354.41,2026-06-15 05:53:58+00
4520,4520,cash_on_delivery,paid,2348.94,2026-06-14 10:59:54+00
4521,4521,cash_on_delivery,paid,8615.61,2026-06-14 22:48:05+00
4522,4522,cash_on_delivery,paid,2567.54,2026-06-11 20:09:14+00
4523,4523,cash_on_delivery,paid,164.19,2026-06-15 19:14:41+00
4524,4524,cash_on_delivery,pending,0.00,
4525,4525,credit_card,pending,0.00,
4526,4526,credit_card,pending,0.00,
4527,4527,credit_card,paid,7937.53,2026-06-12 12:21:41+00
4528,4528,debit_card,pending,0.00,
4529,4529,cash_on_delivery,paid,9821.66,2026-06-15 13:34:30+00
4530,4530,digital_wallet,paid,3589.10,2026-06-15 01:15:49+00
4531,4531,credit_card,paid,2031.83,2026-06-15 18:59:58+00
4532,4532,credit_card,paid,1971.73,2026-06-15 21:59:07+00
4533,4533,credit_card,paid,147.35,2026-06-14 16:59:06+00
4534,4534,debit_card,paid,837.62,2026-06-14 09:04:08+00
4535,4535,credit_card,paid,15733.87,2026-06-15 18:27:42+00
4536,4536,credit_card,paid,5049.18,2026-06-18 22:15:26+00
4537,4537,cash_on_delivery,paid,453.63,2026-06-19 05:38:54+00
4538,4538,credit_card,paid,14595.98,2026-06-14 20:53:23+00
4539,4539,credit_card,paid,3166.26,2026-06-18 16:34:48+00
4540,4540,cash_on_delivery,paid,3146.21,2026-06-15 16:14:24+00
4541,4541,credit_card,paid,3828.20,2026-06-18 10:43:19+00
4542,4542,credit_card,paid,1658.75,2026-06-20 00:40:34+00
4543,4543,cash_on_delivery,refunded,0.00,2026-06-16 17:09:19+00
4544,4544,cash_on_delivery,paid,6917.69,2026-06-19 05:58:20+00
4545,4545,cash_on_delivery,paid,4112.89,2026-06-16 11:14:22+00
4546,4546,cash_on_delivery,paid,1733.83,2026-06-19 13:17:57+00
4547,4547,cash_on_delivery,failed,0.00,
4548,4548,cash_on_delivery,paid,10891.30,2026-06-18 23:59:26+00
4549,4549,credit_card,paid,2546.62,2026-06-19 00:56:44+00
4550,4550,digital_wallet,failed,0.00,
4551,4551,digital_wallet,refunded,0.00,2026-06-18 21:18:04+00
4552,4552,debit_card,paid,593.23,2026-06-21 02:17:05+00
4553,4553,credit_card,paid,10798.63,2026-06-20 10:53:16+00
4554,4554,credit_card,paid,3845.31,2026-06-18 01:37:48+00
4555,4555,cash_on_delivery,paid,11955.01,2026-06-20 18:10:49+00
4556,4556,credit_card,refunded,0.00,2026-06-17 09:20:17+00
4557,4557,cash_on_delivery,paid,16012.64,2026-06-20 18:47:54+00
4558,4558,cash_on_delivery,paid,3778.97,2026-06-21 23:03:18+00
4559,4559,digital_wallet,paid,84.02,2026-06-19 11:18:28+00
4560,4560,cash_on_delivery,refunded,0.00,2026-06-20 05:12:24+00
4561,4561,debit_card,pending,0.00,
4562,4562,cash_on_delivery,paid,4843.92,2026-06-20 04:21:18+00
4563,4563,cash_on_delivery,paid,4408.46,2026-06-22 13:11:00+00
4564,4564,digital_wallet,paid,366.21,2026-06-22 14:41:35+00
4565,4565,debit_card,paid,488.42,2026-06-20 11:15:47+00
4566,4566,credit_card,pending,0.00,
4567,4567,cash_on_delivery,paid,356.60,2026-06-23 11:41:11+00
4568,4568,credit_card,pending,0.00,
4569,4569,credit_card,paid,3228.99,2026-06-20 03:57:15+00
4570,4570,cash_on_delivery,paid,256.89,2026-06-22 13:48:42+00
4571,4571,credit_card,pending,0.00,
4799,4799,credit_card,paid,4702.96,2026-07-28 07:29:34+00
4572,4572,credit_card,paid,14889.20,2026-06-21 06:51:34+00
4573,4573,cash_on_delivery,paid,2304.06,2026-06-22 19:32:52+00
4574,4574,digital_wallet,paid,978.01,2026-06-22 15:03:47+00
4575,4575,debit_card,paid,18421.64,2026-06-22 15:01:51+00
4576,4576,credit_card,paid,1131.99,2026-06-22 13:14:58+00
4577,4577,credit_card,paid,6493.03,2026-06-22 09:50:33+00
4578,4578,cash_on_delivery,paid,1666.21,2026-06-24 19:15:55+00
4579,4579,debit_card,refunded,0.00,2026-06-22 10:50:43+00
4580,4580,cash_on_delivery,pending,0.00,
4581,4581,credit_card,paid,11439.99,2026-06-21 12:12:33+00
4582,4582,credit_card,failed,0.00,
4583,4583,credit_card,paid,1743.62,2026-06-24 11:12:06+00
4584,4584,digital_wallet,paid,1635.22,2026-06-23 01:12:30+00
4585,4585,cash_on_delivery,paid,89.38,2026-06-25 02:26:43+00
4586,4586,debit_card,pending,0.00,
4587,4587,debit_card,paid,88.98,2026-06-25 05:34:32+00
4588,4588,debit_card,paid,5670.59,2026-06-24 11:52:40+00
4589,4589,cash_on_delivery,paid,4817.19,2026-06-24 14:54:40+00
4590,4590,credit_card,paid,8012.25,2026-06-23 10:53:18+00
4591,4591,cash_on_delivery,pending,0.00,
4592,4592,cash_on_delivery,paid,1408.49,2026-06-27 12:41:38+00
4593,4593,credit_card,paid,5482.53,2026-06-24 23:03:05+00
4594,4594,debit_card,failed,0.00,
4595,4595,cash_on_delivery,paid,12928.49,2026-06-27 13:49:50+00
4596,4596,credit_card,paid,1945.67,2026-06-27 09:36:11+00
4597,4597,cash_on_delivery,paid,12891.48,2026-06-28 16:00:31+00
4598,4598,bank_transfer,refunded,0.00,2026-06-25 16:48:47+00
4599,4599,credit_card,paid,14288.19,2026-06-27 14:14:01+00
4600,4600,credit_card,failed,0.00,
4601,4601,cash_on_delivery,paid,17439.50,2026-06-29 00:22:31+00
4602,4602,credit_card,paid,42.56,2026-06-25 11:02:31+00
4603,4603,bank_transfer,pending,0.00,
4604,4604,bank_transfer,paid,8199.33,2026-06-28 07:44:07+00
4605,4605,cash_on_delivery,paid,10517.76,2026-06-30 17:53:35+00
4606,4606,bank_transfer,paid,2155.00,2026-06-28 02:54:49+00
4607,4607,cash_on_delivery,paid,9173.87,2026-06-27 19:12:24+00
4608,4608,debit_card,paid,3159.44,2026-07-01 04:09:54+00
4609,4609,debit_card,failed,0.00,
4610,4610,credit_card,pending,0.00,
4611,4611,credit_card,paid,7225.86,2026-06-28 05:50:46+00
4612,4612,cash_on_delivery,paid,1830.05,2026-06-30 10:01:36+00
4613,4613,bank_transfer,paid,10761.36,2026-07-01 06:07:08+00
4614,4614,credit_card,paid,1033.27,2026-06-30 18:46:39+00
4615,4615,credit_card,paid,8056.20,2026-06-28 13:21:15+00
4616,4616,cash_on_delivery,refunded,0.00,2026-06-28 23:23:07+00
4617,4617,digital_wallet,paid,118.55,2026-06-30 00:30:34+00
4618,4618,bank_transfer,pending,0.00,
4619,4619,credit_card,failed,0.00,
4620,4620,cash_on_delivery,paid,9635.18,2026-06-30 08:11:36+00
4621,4621,cash_on_delivery,refunded,0.00,2026-07-03 07:32:36+00
4622,4622,bank_transfer,paid,10014.62,2026-06-30 02:19:34+00
4623,4623,digital_wallet,pending,0.00,
4624,4624,bank_transfer,paid,67.22,2026-07-02 21:09:00+00
4625,4625,cash_on_delivery,failed,0.00,
4626,4626,credit_card,paid,8634.55,2026-07-02 07:16:59+00
4627,4627,cash_on_delivery,paid,847.91,2026-07-01 11:55:49+00
4628,4628,cash_on_delivery,paid,662.43,2026-06-29 00:55:37+00
4629,4629,cash_on_delivery,paid,23.38,2026-06-30 20:12:57+00
4630,4630,cash_on_delivery,paid,331.67,2026-07-02 22:28:33+00
4631,4631,cash_on_delivery,paid,46.36,2026-06-29 21:59:41+00
4632,4632,debit_card,paid,9630.35,2026-07-01 01:24:55+00
4633,4633,digital_wallet,paid,561.79,2026-07-05 08:37:39+00
4634,4634,cash_on_delivery,paid,6665.66,2026-07-03 05:46:26+00
4635,4635,debit_card,pending,0.00,
4636,4636,cash_on_delivery,paid,249.99,2026-07-04 10:56:19+00
4637,4637,debit_card,paid,7390.09,2026-07-05 04:18:04+00
4638,4638,bank_transfer,paid,11886.32,2026-07-04 22:03:37+00
4639,4639,cash_on_delivery,pending,0.00,
4640,4640,debit_card,paid,2463.69,2026-07-02 08:02:24+00
4641,4641,credit_card,paid,8036.80,2026-07-03 00:37:27+00
4642,4642,cash_on_delivery,paid,140.48,2026-07-06 05:15:43+00
4643,4643,cash_on_delivery,paid,130.45,2026-07-05 03:10:02+00
4644,4644,cash_on_delivery,pending,0.00,
4645,4645,cash_on_delivery,paid,4067.78,2026-07-04 06:22:56+00
4646,4646,cash_on_delivery,paid,123.54,2026-07-07 10:39:35+00
4647,4647,credit_card,pending,0.00,
4648,4648,credit_card,paid,1275.39,2026-07-06 12:26:19+00
4649,4649,credit_card,paid,808.52,2026-07-05 17:25:43+00
4650,4650,digital_wallet,paid,7820.45,2026-07-05 16:04:01+00
4651,4651,credit_card,paid,923.85,2026-07-04 00:12:11+00
4652,4652,debit_card,paid,11260.42,2026-07-03 18:20:38+00
4653,4653,digital_wallet,pending,0.00,
4654,4654,cash_on_delivery,paid,10423.65,2026-07-06 00:08:30+00
4655,4655,credit_card,pending,0.00,
4656,4656,bank_transfer,refunded,0.00,2026-07-04 05:37:13+00
4657,4657,credit_card,pending,0.00,
4658,4658,credit_card,paid,34.08,2026-07-06 15:45:46+00
4659,4659,credit_card,paid,7217.84,2026-07-08 13:23:08+00
4660,4660,debit_card,paid,15399.23,2026-07-06 13:08:50+00
4661,4661,cash_on_delivery,paid,4963.41,2026-07-07 14:53:54+00
4662,4662,credit_card,paid,2151.27,2026-07-09 16:18:24+00
4663,4663,cash_on_delivery,paid,6214.00,2026-07-06 07:40:34+00
4664,4664,debit_card,paid,336.60,2026-07-09 20:38:58+00
4665,4665,bank_transfer,paid,1482.79,2026-07-06 09:25:14+00
4666,4666,credit_card,paid,1087.69,2026-07-05 09:39:42+00
4667,4667,credit_card,paid,4704.71,2026-07-09 09:29:48+00
4668,4668,credit_card,paid,32.60,2026-07-06 22:43:23+00
4669,4669,debit_card,refunded,0.00,2026-07-07 15:27:59+00
4670,4670,cash_on_delivery,paid,14717.38,2026-07-10 08:30:13+00
4671,4671,credit_card,pending,0.00,
4672,4672,debit_card,paid,4911.13,2026-07-08 05:44:00+00
4673,4673,credit_card,paid,10011.35,2026-07-08 15:10:11+00
4674,4674,debit_card,paid,10764.77,2026-07-07 19:10:30+00
4675,4675,credit_card,paid,5074.71,2026-07-08 03:47:55+00
4676,4676,credit_card,paid,773.74,2026-07-09 07:03:35+00
4677,4677,bank_transfer,pending,0.00,
4678,4678,cash_on_delivery,paid,11548.05,2026-07-11 17:17:27+00
4679,4679,debit_card,paid,365.46,2026-07-12 00:30:54+00
4680,4680,digital_wallet,pending,0.00,
4681,4681,credit_card,paid,5063.60,2026-07-08 16:08:28+00
4682,4682,credit_card,paid,2955.23,2026-07-08 20:13:30+00
4683,4683,debit_card,paid,3194.41,2026-07-09 15:25:39+00
4684,4684,credit_card,pending,0.00,
4685,4685,cash_on_delivery,paid,13417.89,2026-07-13 06:58:52+00
4686,4686,credit_card,paid,2538.84,2026-07-08 18:39:29+00
4687,4687,cash_on_delivery,paid,16601.22,2026-07-10 16:18:34+00
4688,4688,digital_wallet,paid,3067.31,2026-07-09 23:46:13+00
4689,4689,cash_on_delivery,paid,1618.67,2026-07-10 13:33:57+00
4690,4690,credit_card,paid,1740.17,2026-07-10 21:32:10+00
4691,4691,cash_on_delivery,paid,1278.49,2026-07-13 21:12:15+00
4692,4692,debit_card,paid,8976.39,2026-07-13 23:36:14+00
4693,4693,credit_card,paid,1407.76,2026-07-10 08:05:57+00
4694,4694,credit_card,paid,45.44,2026-07-12 20:34:33+00
4695,4695,cash_on_delivery,paid,10714.94,2026-07-12 01:36:56+00
4696,4696,bank_transfer,paid,3488.67,2026-07-13 12:52:02+00
4697,4697,credit_card,paid,12496.56,2026-07-11 11:36:26+00
4698,4698,debit_card,paid,4130.35,2026-07-12 13:16:12+00
4699,4699,debit_card,paid,14795.26,2026-07-16 11:23:11+00
4700,4700,credit_card,paid,12941.53,2026-07-15 22:06:58+00
4701,4701,debit_card,failed,0.00,
4702,4702,credit_card,paid,7312.28,2026-07-14 04:15:10+00
4703,4703,credit_card,paid,48.81,2026-07-14 22:12:50+00
4704,4704,bank_transfer,paid,16031.81,2026-07-14 07:19:35+00
4705,4705,bank_transfer,paid,10815.46,2026-07-14 10:30:49+00
4706,4706,digital_wallet,refunded,0.00,2026-07-14 04:32:30+00
4707,4707,cash_on_delivery,paid,1488.75,2026-07-17 10:29:40+00
4708,4708,cash_on_delivery,pending,0.00,
4709,4709,cash_on_delivery,pending,0.00,
4710,4710,bank_transfer,paid,6056.04,2026-07-17 16:49:30+00
4711,4711,cash_on_delivery,paid,12477.87,2026-07-17 07:57:37+00
4712,4712,cash_on_delivery,paid,12969.34,2026-07-15 05:13:18+00
4713,4713,cash_on_delivery,pending,0.00,
4714,4714,credit_card,paid,1105.05,2026-07-17 11:38:58+00
4715,4715,cash_on_delivery,paid,560.25,2026-07-17 00:32:33+00
4716,4716,cash_on_delivery,paid,847.91,2026-07-18 13:52:07+00
4717,4717,credit_card,paid,1005.15,2026-07-17 18:46:53+00
4718,4718,bank_transfer,pending,0.00,
4719,4719,credit_card,paid,122.57,2026-07-19 06:44:04+00
4720,4720,cash_on_delivery,paid,3758.94,2026-07-15 04:35:12+00
4721,4721,digital_wallet,paid,3120.65,2026-07-17 10:00:27+00
4722,4722,credit_card,pending,0.00,
4723,4723,debit_card,refunded,0.00,2026-07-17 01:23:18+00
4724,4724,bank_transfer,failed,0.00,
4725,4725,credit_card,paid,11890.85,2026-07-18 06:33:06+00
4726,4726,cash_on_delivery,paid,20.86,2026-07-18 23:02:11+00
4727,4727,cash_on_delivery,paid,17743.54,2026-07-17 21:29:16+00
4728,4728,cash_on_delivery,refunded,0.00,2026-07-18 23:00:24+00
4729,4729,credit_card,paid,14262.48,2026-07-19 11:03:53+00
4730,4730,bank_transfer,paid,4304.76,2026-07-20 01:56:40+00
4731,4731,cash_on_delivery,paid,10097.28,2026-07-18 23:26:59+00
4732,4732,cash_on_delivery,pending,0.00,
4733,4733,credit_card,paid,2585.51,2026-07-17 05:07:21+00
4734,4734,cash_on_delivery,pending,0.00,
4735,4735,digital_wallet,paid,847.91,2026-07-20 13:26:34+00
4736,4736,credit_card,paid,1821.57,2026-07-19 13:53:46+00
4737,4737,bank_transfer,paid,146.25,2026-07-21 23:33:05+00
4738,4738,cash_on_delivery,paid,598.38,2026-07-22 00:33:01+00
4739,4739,cash_on_delivery,paid,390.39,2026-07-21 00:08:00+00
4740,4740,cash_on_delivery,refunded,0.00,2026-07-20 07:21:02+00
4741,4741,credit_card,paid,15028.91,2026-07-20 16:21:52+00
4742,4742,credit_card,paid,19678.37,2026-07-18 09:28:58+00
4743,4743,cash_on_delivery,paid,8510.96,2026-07-18 03:25:38+00
4744,4744,cash_on_delivery,paid,3169.18,2026-07-19 15:39:01+00
4745,4745,cash_on_delivery,refunded,0.00,2026-07-20 03:43:47+00
4746,4746,cash_on_delivery,failed,0.00,
4747,4747,credit_card,paid,3628.96,2026-07-21 23:35:10+00
4748,4748,cash_on_delivery,paid,5156.09,2026-07-21 21:18:31+00
4749,4749,cash_on_delivery,paid,11024.34,2026-07-18 16:23:14+00
4750,4750,credit_card,paid,1583.06,2026-07-23 03:56:35+00
4751,4751,cash_on_delivery,paid,14251.37,2026-07-18 23:35:07+00
4752,4752,credit_card,paid,1699.50,2026-07-20 15:27:17+00
4753,4753,credit_card,paid,6498.96,2026-07-19 11:28:53+00
4754,4754,credit_card,paid,69.69,2026-07-21 12:55:24+00
4755,4755,digital_wallet,paid,35.79,2026-07-22 11:11:07+00
4756,4756,debit_card,paid,7302.30,2026-07-20 14:06:18+00
4757,4757,cash_on_delivery,refunded,0.00,2026-07-23 10:14:01+00
4758,4758,debit_card,paid,1102.70,2026-07-21 06:50:24+00
4759,4759,cash_on_delivery,paid,2333.49,2026-07-21 01:59:42+00
4760,4760,bank_transfer,paid,8211.19,2026-07-22 11:19:50+00
4761,4761,credit_card,pending,0.00,
4762,4762,cash_on_delivery,paid,3102.46,2026-07-25 03:22:40+00
4763,4763,credit_card,paid,10474.10,2026-07-23 14:56:50+00
4764,4764,bank_transfer,paid,1908.78,2026-07-21 09:32:51+00
4765,4765,cash_on_delivery,paid,4194.01,2026-07-25 16:25:21+00
4766,4766,credit_card,pending,0.00,
4767,4767,cash_on_delivery,paid,4974.15,2026-07-25 23:19:32+00
4768,4768,credit_card,paid,40.67,2026-07-26 13:21:31+00
4769,4769,debit_card,paid,1004.59,2026-07-22 00:00:57+00
4770,4770,cash_on_delivery,paid,3639.91,2026-07-26 06:27:04+00
4771,4771,credit_card,paid,4892.85,2026-07-22 20:38:15+00
4772,4772,cash_on_delivery,pending,0.00,
4773,4773,cash_on_delivery,paid,2787.34,2026-07-22 20:52:49+00
4774,4774,cash_on_delivery,paid,933.69,2026-07-26 14:52:59+00
4775,4775,debit_card,paid,3510.18,2026-07-25 22:52:41+00
4776,4776,cash_on_delivery,paid,15132.86,2026-07-27 02:48:58+00
4777,4777,cash_on_delivery,paid,2972.62,2026-07-23 11:02:38+00
4778,4778,credit_card,paid,15333.47,2026-07-23 15:34:42+00
4779,4779,debit_card,paid,12191.19,2026-07-24 21:44:52+00
4780,4780,debit_card,paid,3224.19,2026-07-24 11:54:43+00
4781,4781,credit_card,paid,7469.73,2026-07-23 09:57:48+00
4782,4782,credit_card,refunded,0.00,2026-07-27 14:41:42+00
4783,4783,digital_wallet,paid,873.09,2026-07-23 17:53:18+00
4784,4784,cash_on_delivery,pending,0.00,
4785,4785,digital_wallet,paid,7475.29,2026-07-24 15:00:48+00
4786,4786,cash_on_delivery,paid,26.55,2026-07-26 09:03:56+00
4787,4787,debit_card,paid,20060.36,2026-07-27 00:18:10+00
4788,4788,bank_transfer,paid,89.38,2026-07-25 17:52:32+00
4789,4789,bank_transfer,paid,2426.68,2026-07-28 03:47:26+00
4790,4790,cash_on_delivery,refunded,0.00,2026-07-25 20:28:40+00
4791,4791,debit_card,paid,12313.73,2026-07-24 12:07:58+00
4792,4792,cash_on_delivery,paid,724.21,2026-07-24 13:34:03+00
4793,4793,cash_on_delivery,paid,617.26,2026-07-27 15:40:43+00
4794,4794,digital_wallet,paid,3069.06,2026-07-28 05:30:16+00
4795,4795,cash_on_delivery,failed,0.00,
4796,4796,cash_on_delivery,paid,4506.81,2026-07-26 09:12:22+00
4797,4797,digital_wallet,paid,3430.50,2026-07-27 16:55:13+00
4798,4798,digital_wallet,pending,0.00,
4800,4800,debit_card,paid,149.74,2026-07-30 11:46:24+00
4801,4801,cash_on_delivery,pending,0.00,
4802,4802,credit_card,paid,4783.89,2026-07-31 04:56:37+00
4803,4803,bank_transfer,paid,4997.64,2026-07-29 03:07:21+00
4804,4804,credit_card,paid,1682.44,2026-07-30 22:46:33+00
4805,4805,digital_wallet,paid,3010.46,2026-07-29 08:56:07+00
4806,4806,digital_wallet,paid,217.94,2026-07-31 09:53:15+00
4807,4807,cash_on_delivery,paid,7904.28,2026-07-30 14:58:05+00
4808,4808,credit_card,refunded,0.00,2026-07-31 14:38:50+00
4809,4809,cash_on_delivery,pending,0.00,
4810,4810,cash_on_delivery,paid,252.91,2026-07-31 22:52:43+00
4811,4811,cash_on_delivery,pending,0.00,
4812,4812,cash_on_delivery,paid,8349.62,2026-08-01 20:24:32+00
4813,4813,debit_card,paid,19156.75,2026-07-31 02:34:24+00
4814,4814,debit_card,paid,2499.11,2026-08-03 09:02:54+00
4815,4815,cash_on_delivery,paid,12321.50,2026-07-31 12:31:37+00
4816,4816,credit_card,pending,0.00,
4817,4817,debit_card,refunded,0.00,2026-07-31 10:51:24+00
4818,4818,credit_card,refunded,0.00,2026-08-03 14:15:19+00
4819,4819,credit_card,paid,1608.63,2026-07-31 15:06:18+00
4820,4820,cash_on_delivery,failed,0.00,
4821,4821,cash_on_delivery,paid,11248.86,2026-07-31 18:23:47+00
4822,4822,cash_on_delivery,pending,0.00,
4823,4823,cash_on_delivery,paid,7354.75,2026-08-04 09:20:48+00
4824,4824,cash_on_delivery,paid,1962.48,2026-08-03 15:27:11+00
4825,4825,cash_on_delivery,paid,6564.56,2026-08-02 13:35:02+00
4826,4826,cash_on_delivery,paid,18725.87,2026-08-01 18:35:20+00
4827,4827,credit_card,refunded,0.00,2026-08-04 02:49:04+00
4828,4828,credit_card,paid,1930.42,2026-08-01 10:59:15+00
4829,4829,cash_on_delivery,paid,4225.94,2026-08-04 09:42:48+00
4830,4830,cash_on_delivery,paid,1886.08,2026-08-05 23:48:00+00
4831,4831,cash_on_delivery,paid,8013.67,2026-08-04 14:54:53+00
4832,4832,cash_on_delivery,failed,0.00,
4833,4833,digital_wallet,paid,3967.03,2026-08-06 19:58:05+00
4834,4834,cash_on_delivery,paid,33.90,2026-08-03 05:59:11+00
4835,4835,cash_on_delivery,paid,83.18,2026-08-07 07:45:06+00
4836,4836,credit_card,pending,0.00,
4837,4837,cash_on_delivery,paid,390.96,2026-08-03 17:25:04+00
4838,4838,credit_card,paid,79.96,2026-08-02 23:42:35+00
4839,4839,bank_transfer,paid,430.47,2026-08-03 21:12:29+00
4840,4840,digital_wallet,paid,210.49,2026-08-05 02:43:04+00
4841,4841,debit_card,paid,1081.98,2026-08-05 23:31:14+00
4842,4842,credit_card,paid,1586.31,2026-08-03 04:24:35+00
4843,4843,cash_on_delivery,pending,0.00,
4844,4844,cash_on_delivery,paid,2557.34,2026-08-05 08:52:16+00
4845,4845,cash_on_delivery,paid,2492.63,2026-08-05 15:55:17+00
4846,4846,credit_card,paid,451.97,2026-08-03 18:07:15+00
4847,4847,credit_card,paid,3118.73,2026-08-05 10:32:32+00
4848,4848,cash_on_delivery,paid,139.73,2026-08-06 07:08:21+00
4849,4849,cash_on_delivery,paid,1279.97,2026-08-07 05:40:09+00
4850,4850,cash_on_delivery,paid,1689.79,2026-08-04 19:07:43+00
4851,4851,credit_card,paid,287.67,2026-08-04 12:43:44+00
4852,4852,credit_card,paid,199.40,2026-08-08 12:57:49+00
4853,4853,cash_on_delivery,paid,7177.76,2026-08-06 02:19:32+00
4854,4854,cash_on_delivery,pending,0.00,
4855,4855,cash_on_delivery,failed,0.00,
4856,4856,cash_on_delivery,paid,2219.40,2026-08-05 18:49:43+00
4857,4857,credit_card,paid,340.33,2026-08-09 12:20:24+00
4858,4858,cash_on_delivery,paid,4936.59,2026-08-06 03:53:09+00
4859,4859,credit_card,refunded,0.00,2026-08-07 17:29:08+00
4860,4860,digital_wallet,paid,726.62,2026-08-08 17:49:37+00
4861,4861,digital_wallet,paid,24.56,2026-08-06 14:58:53+00
4862,4862,digital_wallet,paid,125.29,2026-08-07 09:24:21+00
4863,4863,cash_on_delivery,paid,13695.59,2026-08-10 23:14:26+00
4864,4864,digital_wallet,pending,0.00,
4865,4865,credit_card,failed,0.00,
4866,4866,cash_on_delivery,paid,6829.33,2026-08-07 13:06:55+00
4867,4867,cash_on_delivery,failed,0.00,
4868,4868,cash_on_delivery,paid,7946.33,2026-08-11 07:27:31+00
4869,4869,debit_card,paid,331.82,2026-08-10 00:39:30+00
4870,4870,credit_card,refunded,0.00,2026-08-08 18:15:06+00
4871,4871,cash_on_delivery,paid,10018.30,2026-08-10 03:45:52+00
4872,4872,cash_on_delivery,paid,9006.15,2026-08-09 02:17:27+00
4873,4873,cash_on_delivery,paid,8055.43,2026-08-11 02:41:48+00
4874,4874,cash_on_delivery,refunded,0.00,2026-08-12 22:27:21+00
4875,4875,bank_transfer,pending,0.00,
4876,4876,credit_card,paid,11619.92,2026-08-14 09:03:08+00
4877,4877,credit_card,paid,419.80,2026-08-13 19:15:30+00
4878,4878,cash_on_delivery,paid,219.28,2026-08-14 17:01:01+00
4879,4879,credit_card,paid,14454.65,2026-08-11 14:44:58+00
4880,4880,credit_card,paid,23.93,2026-08-14 07:10:51+00
4881,4881,bank_transfer,pending,0.00,
4882,4882,credit_card,failed,0.00,
4883,4883,digital_wallet,pending,0.00,
4884,4884,bank_transfer,paid,8130.74,2026-08-14 02:07:57+00
4885,4885,digital_wallet,pending,0.00,
4886,4886,bank_transfer,paid,2124.91,2026-08-12 22:54:53+00
4887,4887,cash_on_delivery,paid,63.60,2026-08-13 12:40:31+00
4888,4888,credit_card,paid,916.94,2026-08-14 06:05:06+00
4889,4889,cash_on_delivery,paid,7324.89,2026-08-13 07:27:01+00
4890,4890,cash_on_delivery,paid,2900.35,2026-08-17 06:38:49+00
4891,4891,cash_on_delivery,refunded,0.00,2026-08-15 01:40:43+00
4892,4892,cash_on_delivery,paid,6159.31,2026-08-15 06:43:00+00
4893,4893,cash_on_delivery,paid,95.56,2026-08-13 08:31:14+00
4894,4894,cash_on_delivery,refunded,0.00,2026-08-15 09:25:58+00
4895,4895,cash_on_delivery,paid,380.61,2026-08-14 15:14:30+00
4896,4896,digital_wallet,pending,0.00,
4897,4897,cash_on_delivery,paid,197.94,2026-08-16 02:19:00+00
4898,4898,debit_card,paid,294.21,2026-08-18 09:28:54+00
4899,4899,debit_card,pending,0.00,
4900,4900,cash_on_delivery,refunded,0.00,2026-08-13 16:09:23+00
4901,4901,credit_card,pending,0.00,
4902,4902,cash_on_delivery,paid,140.88,2026-08-14 00:44:45+00
4903,4903,debit_card,paid,1626.37,2026-08-15 04:36:33+00
4904,4904,credit_card,refunded,0.00,2026-08-18 07:39:22+00
4905,4905,cash_on_delivery,paid,13471.89,2026-08-18 17:54:00+00
4906,4906,credit_card,paid,11336.21,2026-08-14 07:18:09+00
4907,4907,cash_on_delivery,paid,64.71,2026-08-16 00:44:40+00
4908,4908,credit_card,paid,55.79,2026-08-17 19:22:24+00
4909,4909,credit_card,paid,224.48,2026-08-18 19:32:25+00
4910,4910,credit_card,pending,0.00,
4911,4911,debit_card,paid,90.71,2026-08-16 16:26:06+00
4912,4912,cash_on_delivery,paid,5896.00,2026-08-19 02:12:33+00
4913,4913,cash_on_delivery,paid,1405.75,2026-08-19 21:29:14+00
4914,4914,debit_card,pending,0.00,
4915,4915,cash_on_delivery,paid,4781.35,2026-08-20 14:26:46+00
4916,4916,credit_card,paid,3086.14,2026-08-17 09:00:30+00
4917,4917,cash_on_delivery,paid,15962.62,2026-08-18 04:12:17+00
4918,4918,digital_wallet,paid,2023.45,2026-08-17 18:25:03+00
4919,4919,cash_on_delivery,paid,10641.91,2026-08-21 02:10:45+00
4920,4920,credit_card,paid,8632.95,2026-08-17 15:43:00+00
4921,4921,debit_card,failed,0.00,
4922,4922,credit_card,paid,595.96,2026-08-20 03:19:34+00
4923,4923,debit_card,paid,7456.19,2026-08-22 00:06:36+00
4924,4924,cash_on_delivery,paid,1905.73,2026-08-19 12:18:55+00
4925,4925,bank_transfer,paid,19949.79,2026-08-19 15:28:23+00
4926,4926,cash_on_delivery,paid,12331.06,2026-08-21 11:08:59+00
4927,4927,credit_card,paid,344.52,2026-08-20 03:32:22+00
4928,4928,cash_on_delivery,pending,0.00,
4929,4929,cash_on_delivery,paid,16723.97,2026-08-19 13:59:28+00
4930,4930,cash_on_delivery,paid,4742.33,2026-08-23 18:48:30+00
4931,4931,debit_card,refunded,0.00,2026-08-20 07:05:12+00
4932,4932,bank_transfer,paid,15336.10,2026-08-23 19:04:15+00
4933,4933,digital_wallet,paid,1358.07,2026-08-23 00:59:56+00
4934,4934,debit_card,paid,10615.46,2026-08-24 15:41:18+00
4935,4935,credit_card,paid,6996.01,2026-08-22 13:49:42+00
4936,4936,debit_card,paid,58.65,2026-08-25 14:05:39+00
4937,4937,digital_wallet,pending,0.00,
4938,4938,digital_wallet,failed,0.00,
4939,4939,debit_card,refunded,0.00,2026-08-25 23:46:52+00
4940,4940,credit_card,paid,16937.49,2026-08-25 00:08:58+00
4941,4941,cash_on_delivery,paid,951.05,2026-08-24 10:27:14+00
4942,4942,credit_card,paid,9510.17,2026-08-23 00:41:30+00
4943,4943,debit_card,pending,0.00,
4944,4944,cash_on_delivery,pending,0.00,
4945,4945,bank_transfer,paid,62.29,2026-08-26 07:32:34+00
4946,4946,bank_transfer,refunded,0.00,2026-08-27 14:30:04+00
4947,4947,cash_on_delivery,paid,1669.68,2026-08-27 03:34:21+00
4948,4948,debit_card,paid,104.27,2026-08-25 17:01:09+00
4949,4949,cash_on_delivery,paid,1065.21,2026-08-26 23:41:45+00
4950,4950,cash_on_delivery,paid,110.82,2026-08-24 16:17:04+00
4951,4951,credit_card,refunded,0.00,2026-08-27 05:34:48+00
4952,4952,credit_card,paid,18248.20,2026-08-27 18:11:13+00
4953,4953,debit_card,paid,735.51,2026-08-27 12:34:27+00
4954,4954,cash_on_delivery,paid,2442.39,2026-08-26 04:43:09+00
4955,4955,credit_card,paid,6527.42,2026-08-26 03:58:11+00
4956,4956,credit_card,paid,2213.95,2026-08-28 05:54:00+00
4957,4957,cash_on_delivery,failed,0.00,
4958,4958,cash_on_delivery,pending,0.00,
4959,4959,cash_on_delivery,paid,62.90,2026-08-29 20:46:34+00
4960,4960,credit_card,paid,301.09,2026-08-28 22:33:16+00
4961,4961,credit_card,paid,7108.51,2026-08-26 15:17:37+00
4962,4962,debit_card,paid,55.61,2026-08-27 01:25:10+00
4963,4963,credit_card,paid,146.30,2026-08-31 00:33:12+00
4964,4964,cash_on_delivery,paid,2597.16,2026-08-28 11:40:16+00
4965,4965,bank_transfer,paid,7768.79,2026-08-29 10:03:39+00
4966,4966,debit_card,paid,1002.49,2026-08-28 04:25:12+00
4967,4967,cash_on_delivery,failed,0.00,
4968,4968,cash_on_delivery,paid,1955.03,2026-08-27 01:44:18+00
4969,4969,credit_card,paid,9743.62,2026-08-27 17:15:33+00
4970,4970,cash_on_delivery,failed,0.00,
4971,4971,credit_card,paid,2338.84,2026-08-31 23:59:59+00
4972,4972,credit_card,paid,4098.79,2026-08-27 17:08:26+00
4973,4973,debit_card,paid,1639.65,2026-08-30 00:18:47+00
4974,4974,credit_card,paid,7395.53,2026-08-31 17:49:07+00
4975,4975,credit_card,paid,2023.39,2026-08-28 05:41:02+00
4976,4976,bank_transfer,refunded,0.00,2026-08-31 23:59:59+00
4977,4977,cash_on_delivery,paid,16139.69,2026-08-30 00:37:01+00
4978,4978,credit_card,paid,2976.22,2026-08-28 21:52:57+00
4979,4979,cash_on_delivery,paid,4715.51,2026-08-29 23:01:24+00
4980,4980,bank_transfer,refunded,0.00,2026-08-30 00:44:42+00
4981,4981,debit_card,paid,2182.47,2026-08-31 00:50:47+00
4982,4982,credit_card,paid,5458.62,2026-08-31 23:59:59+00
4983,4983,cash_on_delivery,paid,3176.19,2026-08-30 21:45:59+00
4984,4984,cash_on_delivery,paid,11134.75,2026-08-31 23:59:59+00
4985,4985,digital_wallet,failed,0.00,
4986,4986,credit_card,paid,12621.30,2026-08-31 23:59:59+00
4987,4987,bank_transfer,failed,0.00,
4988,4988,bank_transfer,refunded,0.00,2026-08-31 23:59:59+00
4989,4989,cash_on_delivery,paid,540.97,2026-08-30 09:37:47+00
4990,4990,bank_transfer,paid,19327.84,2026-08-31 23:59:59+00
4991,4991,debit_card,paid,1034.70,2026-08-31 03:29:26+00
4992,4992,cash_on_delivery,paid,11199.86,2026-08-31 08:38:57+00
4993,4993,debit_card,paid,66.13,2026-08-31 23:59:59+00
4994,4994,debit_card,paid,8346.84,2026-08-31 06:12:31+00
4995,4995,credit_card,paid,1715.77,2026-08-31 23:59:59+00
4996,4996,cash_on_delivery,refunded,0.00,2026-08-31 23:59:59+00
4997,4997,cash_on_delivery,paid,3845.31,2026-08-31 23:59:59+00
4998,4998,credit_card,paid,12774.41,2026-08-31 23:59:59+00
4999,4999,debit_card,pending,0.00,
5000,5000,credit_card,failed,0.00,
