question_id,intent_id,intent_name,domain,template_family,complexity,parameter,language,split,question,gold_sql,gold_sql_sha256,requires_rag,source
B4A-FT-001-ENGLISH,B4A-FT-001,orders_count_for_cancelled,orders,orders_count_by_status,easy,cancelled,english,train,What is the order count for orders whose status is 'cancelled'?,SELECT COUNT(*) AS order_count FROM build4all_research.orders WHERE status = 'cancelled';,57fe9591ff61a85f0871bbef6e641c1d0e10b10496706a37e5e703187965e1ef,False,synthetic_schema_grounded
B4A-FT-001-ARABIC,B4A-FT-001,orders_count_for_cancelled,orders,orders_count_by_status,easy,cancelled,arabic,train,ما عدد الطلبات للطلبات التي حالتها 'cancelled'؟,SELECT COUNT(*) AS order_count FROM build4all_research.orders WHERE status = 'cancelled';,57fe9591ff61a85f0871bbef6e641c1d0e10b10496706a37e5e703187965e1ef,False,synthetic_schema_grounded
B4A-FT-001-FRENCH,B4A-FT-001,orders_count_for_cancelled,orders,orders_count_by_status,easy,cancelled,french,train,Quel est le nombre de commandes dont le statut est 'cancelled' ?,SELECT COUNT(*) AS order_count FROM build4all_research.orders WHERE status = 'cancelled';,57fe9591ff61a85f0871bbef6e641c1d0e10b10496706a37e5e703187965e1ef,False,synthetic_schema_grounded
B4A-FT-001-LEBANESE_ARABIZI,B4A-FT-001,orders_count_for_cancelled,orders,orders_count_by_status,easy,cancelled,lebanese_arabizi,train,Adde 3adad el orders lal orders yalli status taba3a 'cancelled'?,SELECT COUNT(*) AS order_count FROM build4all_research.orders WHERE status = 'cancelled';,57fe9591ff61a85f0871bbef6e641c1d0e10b10496706a37e5e703187965e1ef,False,synthetic_schema_grounded
B4A-FT-002-ENGLISH,B4A-FT-002,orders_total_amount_for_cancelled,orders,orders_total_amount_by_status,easy,cancelled,english,final_test,What is the total order amount for orders whose status is 'cancelled'?,"SELECT ROUND(SUM(total_amount), 2) AS total_order_amount FROM build4all_research.orders WHERE status = 'cancelled';",98fdc383010406536a7e87ca10350793bcc6ec4a5c0d0847969c1750dac0c5ae,False,synthetic_schema_grounded
B4A-FT-002-ARABIC,B4A-FT-002,orders_total_amount_for_cancelled,orders,orders_total_amount_by_status,easy,cancelled,arabic,final_test,ما إجمالي قيمة الطلبات للطلبات التي حالتها 'cancelled'؟,"SELECT ROUND(SUM(total_amount), 2) AS total_order_amount FROM build4all_research.orders WHERE status = 'cancelled';",98fdc383010406536a7e87ca10350793bcc6ec4a5c0d0847969c1750dac0c5ae,False,synthetic_schema_grounded
B4A-FT-002-FRENCH,B4A-FT-002,orders_total_amount_for_cancelled,orders,orders_total_amount_by_status,easy,cancelled,french,final_test,Quel est le montant total des commandes dont le statut est 'cancelled' ?,"SELECT ROUND(SUM(total_amount), 2) AS total_order_amount FROM build4all_research.orders WHERE status = 'cancelled';",98fdc383010406536a7e87ca10350793bcc6ec4a5c0d0847969c1750dac0c5ae,False,synthetic_schema_grounded
B4A-FT-002-LEBANESE_ARABIZI,B4A-FT-002,orders_total_amount_for_cancelled,orders,orders_total_amount_by_status,easy,cancelled,lebanese_arabizi,final_test,Adde majmou3 2imet el orders lal orders yalli status taba3a 'cancelled'?,"SELECT ROUND(SUM(total_amount), 2) AS total_order_amount FROM build4all_research.orders WHERE status = 'cancelled';",98fdc383010406536a7e87ca10350793bcc6ec4a5c0d0847969c1750dac0c5ae,False,synthetic_schema_grounded
B4A-FT-003-ENGLISH,B4A-FT-003,orders_average_amount_for_cancelled,orders,orders_average_amount_by_status,medium,cancelled,english,train,What is the average order amount for orders whose status is 'cancelled'?,"SELECT ROUND(AVG(total_amount), 2) AS average_order_amount FROM build4all_research.orders WHERE status = 'cancelled';",afe7a8e58cb1a8642419577cc35b597024fbc9a76bc298e09bcaeb83c4b8b8db,False,synthetic_schema_grounded
B4A-FT-003-ARABIC,B4A-FT-003,orders_average_amount_for_cancelled,orders,orders_average_amount_by_status,medium,cancelled,arabic,train,ما متوسط قيمة الطلب للطلبات التي حالتها 'cancelled'؟,"SELECT ROUND(AVG(total_amount), 2) AS average_order_amount FROM build4all_research.orders WHERE status = 'cancelled';",afe7a8e58cb1a8642419577cc35b597024fbc9a76bc298e09bcaeb83c4b8b8db,False,synthetic_schema_grounded
B4A-FT-003-FRENCH,B4A-FT-003,orders_average_amount_for_cancelled,orders,orders_average_amount_by_status,medium,cancelled,french,train,Quel est le montant moyen des commandes dont le statut est 'cancelled' ?,"SELECT ROUND(AVG(total_amount), 2) AS average_order_amount FROM build4all_research.orders WHERE status = 'cancelled';",afe7a8e58cb1a8642419577cc35b597024fbc9a76bc298e09bcaeb83c4b8b8db,False,synthetic_schema_grounded
B4A-FT-003-LEBANESE_ARABIZI,B4A-FT-003,orders_average_amount_for_cancelled,orders,orders_average_amount_by_status,medium,cancelled,lebanese_arabizi,train,Adde moutawassit 2imet el order lal orders yalli status taba3a 'cancelled'?,"SELECT ROUND(AVG(total_amount), 2) AS average_order_amount FROM build4all_research.orders WHERE status = 'cancelled';",afe7a8e58cb1a8642419577cc35b597024fbc9a76bc298e09bcaeb83c4b8b8db,False,synthetic_schema_grounded
B4A-FT-004-ENGLISH,B4A-FT-004,orders_discount_amount_for_cancelled,orders,orders_discount_amount_by_status,medium,cancelled,english,train,What is the total discount amount for orders whose status is 'cancelled'?,"SELECT ROUND(SUM(discount_amount), 2) AS total_discount_amount FROM build4all_research.orders WHERE status = 'cancelled';",0928ad48aa6ad9877aca6e7117f7fc13f9a34fa9397926c1970feb6ccdd56f11,False,synthetic_schema_grounded
B4A-FT-004-ARABIC,B4A-FT-004,orders_discount_amount_for_cancelled,orders,orders_discount_amount_by_status,medium,cancelled,arabic,train,ما إجمالي مبلغ الخصم للطلبات التي حالتها 'cancelled'؟,"SELECT ROUND(SUM(discount_amount), 2) AS total_discount_amount FROM build4all_research.orders WHERE status = 'cancelled';",0928ad48aa6ad9877aca6e7117f7fc13f9a34fa9397926c1970feb6ccdd56f11,False,synthetic_schema_grounded
B4A-FT-004-FRENCH,B4A-FT-004,orders_discount_amount_for_cancelled,orders,orders_discount_amount_by_status,medium,cancelled,french,train,Quel est le montant total des remises dont le statut est 'cancelled' ?,"SELECT ROUND(SUM(discount_amount), 2) AS total_discount_amount FROM build4all_research.orders WHERE status = 'cancelled';",0928ad48aa6ad9877aca6e7117f7fc13f9a34fa9397926c1970feb6ccdd56f11,False,synthetic_schema_grounded
B4A-FT-004-LEBANESE_ARABIZI,B4A-FT-004,orders_discount_amount_for_cancelled,orders,orders_discount_amount_by_status,medium,cancelled,lebanese_arabizi,train,Adde majmou3 el discount lal orders yalli status taba3a 'cancelled'?,"SELECT ROUND(SUM(discount_amount), 2) AS total_discount_amount FROM build4all_research.orders WHERE status = 'cancelled';",0928ad48aa6ad9877aca6e7117f7fc13f9a34fa9397926c1970feb6ccdd56f11,False,synthetic_schema_grounded
B4A-FT-005-ENGLISH,B4A-FT-005,orders_average_tax_for_cancelled,orders,orders_average_tax_by_status,medium,cancelled,english,train,What is the average tax amount for orders whose status is 'cancelled'?,"SELECT ROUND(AVG(tax_amount), 2) AS average_tax_amount FROM build4all_research.orders WHERE status = 'cancelled';",409730402212ae0723973c46585f2564157a82119e05938e1cc8d97885826827,False,synthetic_schema_grounded
B4A-FT-005-ARABIC,B4A-FT-005,orders_average_tax_for_cancelled,orders,orders_average_tax_by_status,medium,cancelled,arabic,train,ما متوسط مبلغ الضريبة للطلبات التي حالتها 'cancelled'؟,"SELECT ROUND(AVG(tax_amount), 2) AS average_tax_amount FROM build4all_research.orders WHERE status = 'cancelled';",409730402212ae0723973c46585f2564157a82119e05938e1cc8d97885826827,False,synthetic_schema_grounded
B4A-FT-005-FRENCH,B4A-FT-005,orders_average_tax_for_cancelled,orders,orders_average_tax_by_status,medium,cancelled,french,train,Quel est le montant moyen de la taxe dont le statut est 'cancelled' ?,"SELECT ROUND(AVG(tax_amount), 2) AS average_tax_amount FROM build4all_research.orders WHERE status = 'cancelled';",409730402212ae0723973c46585f2564157a82119e05938e1cc8d97885826827,False,synthetic_schema_grounded
B4A-FT-005-LEBANESE_ARABIZI,B4A-FT-005,orders_average_tax_for_cancelled,orders,orders_average_tax_by_status,medium,cancelled,lebanese_arabizi,train,Adde moutawassit el tax lal orders yalli status taba3a 'cancelled'?,"SELECT ROUND(AVG(tax_amount), 2) AS average_tax_amount FROM build4all_research.orders WHERE status = 'cancelled';",409730402212ae0723973c46585f2564157a82119e05938e1cc8d97885826827,False,synthetic_schema_grounded
B4A-FT-006-ENGLISH,B4A-FT-006,orders_count_for_completed,orders,orders_count_by_status,easy,completed,english,validation,What is the order count for orders whose status is 'completed'?,SELECT COUNT(*) AS order_count FROM build4all_research.orders WHERE status = 'completed';,3d168828e171fa07c06611b808109a1d3a6aa12fca5d2971afd8380b01b57ba7,False,synthetic_schema_grounded
B4A-FT-006-ARABIC,B4A-FT-006,orders_count_for_completed,orders,orders_count_by_status,easy,completed,arabic,validation,ما عدد الطلبات للطلبات التي حالتها 'completed'؟,SELECT COUNT(*) AS order_count FROM build4all_research.orders WHERE status = 'completed';,3d168828e171fa07c06611b808109a1d3a6aa12fca5d2971afd8380b01b57ba7,False,synthetic_schema_grounded
B4A-FT-006-FRENCH,B4A-FT-006,orders_count_for_completed,orders,orders_count_by_status,easy,completed,french,validation,Quel est le nombre de commandes dont le statut est 'completed' ?,SELECT COUNT(*) AS order_count FROM build4all_research.orders WHERE status = 'completed';,3d168828e171fa07c06611b808109a1d3a6aa12fca5d2971afd8380b01b57ba7,False,synthetic_schema_grounded
B4A-FT-006-LEBANESE_ARABIZI,B4A-FT-006,orders_count_for_completed,orders,orders_count_by_status,easy,completed,lebanese_arabizi,validation,Adde 3adad el orders lal orders yalli status taba3a 'completed'?,SELECT COUNT(*) AS order_count FROM build4all_research.orders WHERE status = 'completed';,3d168828e171fa07c06611b808109a1d3a6aa12fca5d2971afd8380b01b57ba7,False,synthetic_schema_grounded
B4A-FT-007-ENGLISH,B4A-FT-007,orders_total_amount_for_completed,orders,orders_total_amount_by_status,easy,completed,english,final_test,What is the total order amount for orders whose status is 'completed'?,"SELECT ROUND(SUM(total_amount), 2) AS total_order_amount FROM build4all_research.orders WHERE status = 'completed';",a0216b891b4be5bb6cdbd233095f142c788f8e7eb4eb3bbd1a3982a0322013bb,False,synthetic_schema_grounded
B4A-FT-007-ARABIC,B4A-FT-007,orders_total_amount_for_completed,orders,orders_total_amount_by_status,easy,completed,arabic,final_test,ما إجمالي قيمة الطلبات للطلبات التي حالتها 'completed'؟,"SELECT ROUND(SUM(total_amount), 2) AS total_order_amount FROM build4all_research.orders WHERE status = 'completed';",a0216b891b4be5bb6cdbd233095f142c788f8e7eb4eb3bbd1a3982a0322013bb,False,synthetic_schema_grounded
B4A-FT-007-FRENCH,B4A-FT-007,orders_total_amount_for_completed,orders,orders_total_amount_by_status,easy,completed,french,final_test,Quel est le montant total des commandes dont le statut est 'completed' ?,"SELECT ROUND(SUM(total_amount), 2) AS total_order_amount FROM build4all_research.orders WHERE status = 'completed';",a0216b891b4be5bb6cdbd233095f142c788f8e7eb4eb3bbd1a3982a0322013bb,False,synthetic_schema_grounded
B4A-FT-007-LEBANESE_ARABIZI,B4A-FT-007,orders_total_amount_for_completed,orders,orders_total_amount_by_status,easy,completed,lebanese_arabizi,final_test,Adde majmou3 2imet el orders lal orders yalli status taba3a 'completed'?,"SELECT ROUND(SUM(total_amount), 2) AS total_order_amount FROM build4all_research.orders WHERE status = 'completed';",a0216b891b4be5bb6cdbd233095f142c788f8e7eb4eb3bbd1a3982a0322013bb,False,synthetic_schema_grounded
B4A-FT-008-ENGLISH,B4A-FT-008,orders_average_amount_for_completed,orders,orders_average_amount_by_status,medium,completed,english,final_test,What is the average order amount for orders whose status is 'completed'?,"SELECT ROUND(AVG(total_amount), 2) AS average_order_amount FROM build4all_research.orders WHERE status = 'completed';",e7d3d3542afa91b31f3dac9982b4e0f1148ea4d05285852a59d403d710cefbca,False,synthetic_schema_grounded
B4A-FT-008-ARABIC,B4A-FT-008,orders_average_amount_for_completed,orders,orders_average_amount_by_status,medium,completed,arabic,final_test,ما متوسط قيمة الطلب للطلبات التي حالتها 'completed'؟,"SELECT ROUND(AVG(total_amount), 2) AS average_order_amount FROM build4all_research.orders WHERE status = 'completed';",e7d3d3542afa91b31f3dac9982b4e0f1148ea4d05285852a59d403d710cefbca,False,synthetic_schema_grounded
B4A-FT-008-FRENCH,B4A-FT-008,orders_average_amount_for_completed,orders,orders_average_amount_by_status,medium,completed,french,final_test,Quel est le montant moyen des commandes dont le statut est 'completed' ?,"SELECT ROUND(AVG(total_amount), 2) AS average_order_amount FROM build4all_research.orders WHERE status = 'completed';",e7d3d3542afa91b31f3dac9982b4e0f1148ea4d05285852a59d403d710cefbca,False,synthetic_schema_grounded
B4A-FT-008-LEBANESE_ARABIZI,B4A-FT-008,orders_average_amount_for_completed,orders,orders_average_amount_by_status,medium,completed,lebanese_arabizi,final_test,Adde moutawassit 2imet el order lal orders yalli status taba3a 'completed'?,"SELECT ROUND(AVG(total_amount), 2) AS average_order_amount FROM build4all_research.orders WHERE status = 'completed';",e7d3d3542afa91b31f3dac9982b4e0f1148ea4d05285852a59d403d710cefbca,False,synthetic_schema_grounded
B4A-FT-009-ENGLISH,B4A-FT-009,orders_discount_amount_for_completed,orders,orders_discount_amount_by_status,medium,completed,english,final_test,What is the total discount amount for orders whose status is 'completed'?,"SELECT ROUND(SUM(discount_amount), 2) AS total_discount_amount FROM build4all_research.orders WHERE status = 'completed';",c74d19c8a073fcf34e608467f3a62b9e339fd8a08ee6f931ad355a2c3c2ce2cb,False,synthetic_schema_grounded
B4A-FT-009-ARABIC,B4A-FT-009,orders_discount_amount_for_completed,orders,orders_discount_amount_by_status,medium,completed,arabic,final_test,ما إجمالي مبلغ الخصم للطلبات التي حالتها 'completed'؟,"SELECT ROUND(SUM(discount_amount), 2) AS total_discount_amount FROM build4all_research.orders WHERE status = 'completed';",c74d19c8a073fcf34e608467f3a62b9e339fd8a08ee6f931ad355a2c3c2ce2cb,False,synthetic_schema_grounded
B4A-FT-009-FRENCH,B4A-FT-009,orders_discount_amount_for_completed,orders,orders_discount_amount_by_status,medium,completed,french,final_test,Quel est le montant total des remises dont le statut est 'completed' ?,"SELECT ROUND(SUM(discount_amount), 2) AS total_discount_amount FROM build4all_research.orders WHERE status = 'completed';",c74d19c8a073fcf34e608467f3a62b9e339fd8a08ee6f931ad355a2c3c2ce2cb,False,synthetic_schema_grounded
B4A-FT-009-LEBANESE_ARABIZI,B4A-FT-009,orders_discount_amount_for_completed,orders,orders_discount_amount_by_status,medium,completed,lebanese_arabizi,final_test,Adde majmou3 el discount lal orders yalli status taba3a 'completed'?,"SELECT ROUND(SUM(discount_amount), 2) AS total_discount_amount FROM build4all_research.orders WHERE status = 'completed';",c74d19c8a073fcf34e608467f3a62b9e339fd8a08ee6f931ad355a2c3c2ce2cb,False,synthetic_schema_grounded
B4A-FT-010-ENGLISH,B4A-FT-010,orders_average_tax_for_completed,orders,orders_average_tax_by_status,medium,completed,english,train,What is the average tax amount for orders whose status is 'completed'?,"SELECT ROUND(AVG(tax_amount), 2) AS average_tax_amount FROM build4all_research.orders WHERE status = 'completed';",a95ef132a8d466688093aa9a1ac68e0d6ec9eade791adc9e261137c724207ec5,False,synthetic_schema_grounded
B4A-FT-010-ARABIC,B4A-FT-010,orders_average_tax_for_completed,orders,orders_average_tax_by_status,medium,completed,arabic,train,ما متوسط مبلغ الضريبة للطلبات التي حالتها 'completed'؟,"SELECT ROUND(AVG(tax_amount), 2) AS average_tax_amount FROM build4all_research.orders WHERE status = 'completed';",a95ef132a8d466688093aa9a1ac68e0d6ec9eade791adc9e261137c724207ec5,False,synthetic_schema_grounded
B4A-FT-010-FRENCH,B4A-FT-010,orders_average_tax_for_completed,orders,orders_average_tax_by_status,medium,completed,french,train,Quel est le montant moyen de la taxe dont le statut est 'completed' ?,"SELECT ROUND(AVG(tax_amount), 2) AS average_tax_amount FROM build4all_research.orders WHERE status = 'completed';",a95ef132a8d466688093aa9a1ac68e0d6ec9eade791adc9e261137c724207ec5,False,synthetic_schema_grounded
B4A-FT-010-LEBANESE_ARABIZI,B4A-FT-010,orders_average_tax_for_completed,orders,orders_average_tax_by_status,medium,completed,lebanese_arabizi,train,Adde moutawassit el tax lal orders yalli status taba3a 'completed'?,"SELECT ROUND(AVG(tax_amount), 2) AS average_tax_amount FROM build4all_research.orders WHERE status = 'completed';",a95ef132a8d466688093aa9a1ac68e0d6ec9eade791adc9e261137c724207ec5,False,synthetic_schema_grounded
B4A-FT-011-ENGLISH,B4A-FT-011,orders_count_for_pending,orders,orders_count_by_status,easy,pending,english,train,What is the order count for orders whose status is 'pending'?,SELECT COUNT(*) AS order_count FROM build4all_research.orders WHERE status = 'pending';,1e8c5eac193da0a0eb8600c2abebe23b10bd513002503b45672927cf357cfc63,False,synthetic_schema_grounded
B4A-FT-011-ARABIC,B4A-FT-011,orders_count_for_pending,orders,orders_count_by_status,easy,pending,arabic,train,ما عدد الطلبات للطلبات التي حالتها 'pending'؟,SELECT COUNT(*) AS order_count FROM build4all_research.orders WHERE status = 'pending';,1e8c5eac193da0a0eb8600c2abebe23b10bd513002503b45672927cf357cfc63,False,synthetic_schema_grounded
B4A-FT-011-FRENCH,B4A-FT-011,orders_count_for_pending,orders,orders_count_by_status,easy,pending,french,train,Quel est le nombre de commandes dont le statut est 'pending' ?,SELECT COUNT(*) AS order_count FROM build4all_research.orders WHERE status = 'pending';,1e8c5eac193da0a0eb8600c2abebe23b10bd513002503b45672927cf357cfc63,False,synthetic_schema_grounded
B4A-FT-011-LEBANESE_ARABIZI,B4A-FT-011,orders_count_for_pending,orders,orders_count_by_status,easy,pending,lebanese_arabizi,train,Adde 3adad el orders lal orders yalli status taba3a 'pending'?,SELECT COUNT(*) AS order_count FROM build4all_research.orders WHERE status = 'pending';,1e8c5eac193da0a0eb8600c2abebe23b10bd513002503b45672927cf357cfc63,False,synthetic_schema_grounded
B4A-FT-012-ENGLISH,B4A-FT-012,orders_total_amount_for_pending,orders,orders_total_amount_by_status,easy,pending,english,validation,What is the total order amount for orders whose status is 'pending'?,"SELECT ROUND(SUM(total_amount), 2) AS total_order_amount FROM build4all_research.orders WHERE status = 'pending';",024705e031a5d96058ae6d3ae57af8efe8b25d7d1bb76b4290f6d6fd2c99bc9a,False,synthetic_schema_grounded
B4A-FT-012-ARABIC,B4A-FT-012,orders_total_amount_for_pending,orders,orders_total_amount_by_status,easy,pending,arabic,validation,ما إجمالي قيمة الطلبات للطلبات التي حالتها 'pending'؟,"SELECT ROUND(SUM(total_amount), 2) AS total_order_amount FROM build4all_research.orders WHERE status = 'pending';",024705e031a5d96058ae6d3ae57af8efe8b25d7d1bb76b4290f6d6fd2c99bc9a,False,synthetic_schema_grounded
B4A-FT-012-FRENCH,B4A-FT-012,orders_total_amount_for_pending,orders,orders_total_amount_by_status,easy,pending,french,validation,Quel est le montant total des commandes dont le statut est 'pending' ?,"SELECT ROUND(SUM(total_amount), 2) AS total_order_amount FROM build4all_research.orders WHERE status = 'pending';",024705e031a5d96058ae6d3ae57af8efe8b25d7d1bb76b4290f6d6fd2c99bc9a,False,synthetic_schema_grounded
B4A-FT-012-LEBANESE_ARABIZI,B4A-FT-012,orders_total_amount_for_pending,orders,orders_total_amount_by_status,easy,pending,lebanese_arabizi,validation,Adde majmou3 2imet el orders lal orders yalli status taba3a 'pending'?,"SELECT ROUND(SUM(total_amount), 2) AS total_order_amount FROM build4all_research.orders WHERE status = 'pending';",024705e031a5d96058ae6d3ae57af8efe8b25d7d1bb76b4290f6d6fd2c99bc9a,False,synthetic_schema_grounded
B4A-FT-013-ENGLISH,B4A-FT-013,orders_average_amount_for_pending,orders,orders_average_amount_by_status,medium,pending,english,validation,What is the average order amount for orders whose status is 'pending'?,"SELECT ROUND(AVG(total_amount), 2) AS average_order_amount FROM build4all_research.orders WHERE status = 'pending';",749e1b7cc5a3ab985d2d7f635220f5639f7d03d3cae79568686690be6e6100d1,False,synthetic_schema_grounded
B4A-FT-013-ARABIC,B4A-FT-013,orders_average_amount_for_pending,orders,orders_average_amount_by_status,medium,pending,arabic,validation,ما متوسط قيمة الطلب للطلبات التي حالتها 'pending'؟,"SELECT ROUND(AVG(total_amount), 2) AS average_order_amount FROM build4all_research.orders WHERE status = 'pending';",749e1b7cc5a3ab985d2d7f635220f5639f7d03d3cae79568686690be6e6100d1,False,synthetic_schema_grounded
B4A-FT-013-FRENCH,B4A-FT-013,orders_average_amount_for_pending,orders,orders_average_amount_by_status,medium,pending,french,validation,Quel est le montant moyen des commandes dont le statut est 'pending' ?,"SELECT ROUND(AVG(total_amount), 2) AS average_order_amount FROM build4all_research.orders WHERE status = 'pending';",749e1b7cc5a3ab985d2d7f635220f5639f7d03d3cae79568686690be6e6100d1,False,synthetic_schema_grounded
B4A-FT-013-LEBANESE_ARABIZI,B4A-FT-013,orders_average_amount_for_pending,orders,orders_average_amount_by_status,medium,pending,lebanese_arabizi,validation,Adde moutawassit 2imet el order lal orders yalli status taba3a 'pending'?,"SELECT ROUND(AVG(total_amount), 2) AS average_order_amount FROM build4all_research.orders WHERE status = 'pending';",749e1b7cc5a3ab985d2d7f635220f5639f7d03d3cae79568686690be6e6100d1,False,synthetic_schema_grounded
B4A-FT-014-ENGLISH,B4A-FT-014,orders_discount_amount_for_pending,orders,orders_discount_amount_by_status,medium,pending,english,validation,What is the total discount amount for orders whose status is 'pending'?,"SELECT ROUND(SUM(discount_amount), 2) AS total_discount_amount FROM build4all_research.orders WHERE status = 'pending';",5e3430eec542a84da2195ff40884e05674a86f3df2ef02df66e0541c1c2e38c0,False,synthetic_schema_grounded
B4A-FT-014-ARABIC,B4A-FT-014,orders_discount_amount_for_pending,orders,orders_discount_amount_by_status,medium,pending,arabic,validation,ما إجمالي مبلغ الخصم للطلبات التي حالتها 'pending'؟,"SELECT ROUND(SUM(discount_amount), 2) AS total_discount_amount FROM build4all_research.orders WHERE status = 'pending';",5e3430eec542a84da2195ff40884e05674a86f3df2ef02df66e0541c1c2e38c0,False,synthetic_schema_grounded
B4A-FT-014-FRENCH,B4A-FT-014,orders_discount_amount_for_pending,orders,orders_discount_amount_by_status,medium,pending,french,validation,Quel est le montant total des remises dont le statut est 'pending' ?,"SELECT ROUND(SUM(discount_amount), 2) AS total_discount_amount FROM build4all_research.orders WHERE status = 'pending';",5e3430eec542a84da2195ff40884e05674a86f3df2ef02df66e0541c1c2e38c0,False,synthetic_schema_grounded
B4A-FT-014-LEBANESE_ARABIZI,B4A-FT-014,orders_discount_amount_for_pending,orders,orders_discount_amount_by_status,medium,pending,lebanese_arabizi,validation,Adde majmou3 el discount lal orders yalli status taba3a 'pending'?,"SELECT ROUND(SUM(discount_amount), 2) AS total_discount_amount FROM build4all_research.orders WHERE status = 'pending';",5e3430eec542a84da2195ff40884e05674a86f3df2ef02df66e0541c1c2e38c0,False,synthetic_schema_grounded
B4A-FT-015-ENGLISH,B4A-FT-015,orders_average_tax_for_pending,orders,orders_average_tax_by_status,medium,pending,english,train,What is the average tax amount for orders whose status is 'pending'?,"SELECT ROUND(AVG(tax_amount), 2) AS average_tax_amount FROM build4all_research.orders WHERE status = 'pending';",70c78fd857d47efe0a37219ddddf0422d780605a3691585f72dd8f41e72f8282,False,synthetic_schema_grounded
B4A-FT-015-ARABIC,B4A-FT-015,orders_average_tax_for_pending,orders,orders_average_tax_by_status,medium,pending,arabic,train,ما متوسط مبلغ الضريبة للطلبات التي حالتها 'pending'؟,"SELECT ROUND(AVG(tax_amount), 2) AS average_tax_amount FROM build4all_research.orders WHERE status = 'pending';",70c78fd857d47efe0a37219ddddf0422d780605a3691585f72dd8f41e72f8282,False,synthetic_schema_grounded
B4A-FT-015-FRENCH,B4A-FT-015,orders_average_tax_for_pending,orders,orders_average_tax_by_status,medium,pending,french,train,Quel est le montant moyen de la taxe dont le statut est 'pending' ?,"SELECT ROUND(AVG(tax_amount), 2) AS average_tax_amount FROM build4all_research.orders WHERE status = 'pending';",70c78fd857d47efe0a37219ddddf0422d780605a3691585f72dd8f41e72f8282,False,synthetic_schema_grounded
B4A-FT-015-LEBANESE_ARABIZI,B4A-FT-015,orders_average_tax_for_pending,orders,orders_average_tax_by_status,medium,pending,lebanese_arabizi,train,Adde moutawassit el tax lal orders yalli status taba3a 'pending'?,"SELECT ROUND(AVG(tax_amount), 2) AS average_tax_amount FROM build4all_research.orders WHERE status = 'pending';",70c78fd857d47efe0a37219ddddf0422d780605a3691585f72dd8f41e72f8282,False,synthetic_schema_grounded
B4A-FT-016-ENGLISH,B4A-FT-016,orders_count_for_processing,orders,orders_count_by_status,easy,processing,english,validation,What is the order count for orders whose status is 'processing'?,SELECT COUNT(*) AS order_count FROM build4all_research.orders WHERE status = 'processing';,07f7a47cb9e0a37dd63643e49c00b0ba2cd1b74a9dfc13ffbdbe1a9a40bb38f2,False,synthetic_schema_grounded
B4A-FT-016-ARABIC,B4A-FT-016,orders_count_for_processing,orders,orders_count_by_status,easy,processing,arabic,validation,ما عدد الطلبات للطلبات التي حالتها 'processing'؟,SELECT COUNT(*) AS order_count FROM build4all_research.orders WHERE status = 'processing';,07f7a47cb9e0a37dd63643e49c00b0ba2cd1b74a9dfc13ffbdbe1a9a40bb38f2,False,synthetic_schema_grounded
B4A-FT-016-FRENCH,B4A-FT-016,orders_count_for_processing,orders,orders_count_by_status,easy,processing,french,validation,Quel est le nombre de commandes dont le statut est 'processing' ?,SELECT COUNT(*) AS order_count FROM build4all_research.orders WHERE status = 'processing';,07f7a47cb9e0a37dd63643e49c00b0ba2cd1b74a9dfc13ffbdbe1a9a40bb38f2,False,synthetic_schema_grounded
B4A-FT-016-LEBANESE_ARABIZI,B4A-FT-016,orders_count_for_processing,orders,orders_count_by_status,easy,processing,lebanese_arabizi,validation,Adde 3adad el orders lal orders yalli status taba3a 'processing'?,SELECT COUNT(*) AS order_count FROM build4all_research.orders WHERE status = 'processing';,07f7a47cb9e0a37dd63643e49c00b0ba2cd1b74a9dfc13ffbdbe1a9a40bb38f2,False,synthetic_schema_grounded
B4A-FT-017-ENGLISH,B4A-FT-017,orders_total_amount_for_processing,orders,orders_total_amount_by_status,easy,processing,english,train,What is the total order amount for orders whose status is 'processing'?,"SELECT ROUND(SUM(total_amount), 2) AS total_order_amount FROM build4all_research.orders WHERE status = 'processing';",6b161311ab740df1f1178428deff118005bdfe7ca7403fc82b583e21a0f71618,False,synthetic_schema_grounded
B4A-FT-017-ARABIC,B4A-FT-017,orders_total_amount_for_processing,orders,orders_total_amount_by_status,easy,processing,arabic,train,ما إجمالي قيمة الطلبات للطلبات التي حالتها 'processing'؟,"SELECT ROUND(SUM(total_amount), 2) AS total_order_amount FROM build4all_research.orders WHERE status = 'processing';",6b161311ab740df1f1178428deff118005bdfe7ca7403fc82b583e21a0f71618,False,synthetic_schema_grounded
B4A-FT-017-FRENCH,B4A-FT-017,orders_total_amount_for_processing,orders,orders_total_amount_by_status,easy,processing,french,train,Quel est le montant total des commandes dont le statut est 'processing' ?,"SELECT ROUND(SUM(total_amount), 2) AS total_order_amount FROM build4all_research.orders WHERE status = 'processing';",6b161311ab740df1f1178428deff118005bdfe7ca7403fc82b583e21a0f71618,False,synthetic_schema_grounded
B4A-FT-017-LEBANESE_ARABIZI,B4A-FT-017,orders_total_amount_for_processing,orders,orders_total_amount_by_status,easy,processing,lebanese_arabizi,train,Adde majmou3 2imet el orders lal orders yalli status taba3a 'processing'?,"SELECT ROUND(SUM(total_amount), 2) AS total_order_amount FROM build4all_research.orders WHERE status = 'processing';",6b161311ab740df1f1178428deff118005bdfe7ca7403fc82b583e21a0f71618,False,synthetic_schema_grounded
B4A-FT-018-ENGLISH,B4A-FT-018,orders_average_amount_for_processing,orders,orders_average_amount_by_status,medium,processing,english,train,What is the average order amount for orders whose status is 'processing'?,"SELECT ROUND(AVG(total_amount), 2) AS average_order_amount FROM build4all_research.orders WHERE status = 'processing';",9b2a836f835fb14997235833de777005ebe44d9911ea629d0e904114144bbb8a,False,synthetic_schema_grounded
B4A-FT-018-ARABIC,B4A-FT-018,orders_average_amount_for_processing,orders,orders_average_amount_by_status,medium,processing,arabic,train,ما متوسط قيمة الطلب للطلبات التي حالتها 'processing'؟,"SELECT ROUND(AVG(total_amount), 2) AS average_order_amount FROM build4all_research.orders WHERE status = 'processing';",9b2a836f835fb14997235833de777005ebe44d9911ea629d0e904114144bbb8a,False,synthetic_schema_grounded
B4A-FT-018-FRENCH,B4A-FT-018,orders_average_amount_for_processing,orders,orders_average_amount_by_status,medium,processing,french,train,Quel est le montant moyen des commandes dont le statut est 'processing' ?,"SELECT ROUND(AVG(total_amount), 2) AS average_order_amount FROM build4all_research.orders WHERE status = 'processing';",9b2a836f835fb14997235833de777005ebe44d9911ea629d0e904114144bbb8a,False,synthetic_schema_grounded
B4A-FT-018-LEBANESE_ARABIZI,B4A-FT-018,orders_average_amount_for_processing,orders,orders_average_amount_by_status,medium,processing,lebanese_arabizi,train,Adde moutawassit 2imet el order lal orders yalli status taba3a 'processing'?,"SELECT ROUND(AVG(total_amount), 2) AS average_order_amount FROM build4all_research.orders WHERE status = 'processing';",9b2a836f835fb14997235833de777005ebe44d9911ea629d0e904114144bbb8a,False,synthetic_schema_grounded
B4A-FT-019-ENGLISH,B4A-FT-019,orders_discount_amount_for_processing,orders,orders_discount_amount_by_status,medium,processing,english,train,What is the total discount amount for orders whose status is 'processing'?,"SELECT ROUND(SUM(discount_amount), 2) AS total_discount_amount FROM build4all_research.orders WHERE status = 'processing';",569000c8830b36affe016fc92562d68c81bb591bf9762c2cc9e195a79e54b6a6,False,synthetic_schema_grounded
B4A-FT-019-ARABIC,B4A-FT-019,orders_discount_amount_for_processing,orders,orders_discount_amount_by_status,medium,processing,arabic,train,ما إجمالي مبلغ الخصم للطلبات التي حالتها 'processing'؟,"SELECT ROUND(SUM(discount_amount), 2) AS total_discount_amount FROM build4all_research.orders WHERE status = 'processing';",569000c8830b36affe016fc92562d68c81bb591bf9762c2cc9e195a79e54b6a6,False,synthetic_schema_grounded
B4A-FT-019-FRENCH,B4A-FT-019,orders_discount_amount_for_processing,orders,orders_discount_amount_by_status,medium,processing,french,train,Quel est le montant total des remises dont le statut est 'processing' ?,"SELECT ROUND(SUM(discount_amount), 2) AS total_discount_amount FROM build4all_research.orders WHERE status = 'processing';",569000c8830b36affe016fc92562d68c81bb591bf9762c2cc9e195a79e54b6a6,False,synthetic_schema_grounded
B4A-FT-019-LEBANESE_ARABIZI,B4A-FT-019,orders_discount_amount_for_processing,orders,orders_discount_amount_by_status,medium,processing,lebanese_arabizi,train,Adde majmou3 el discount lal orders yalli status taba3a 'processing'?,"SELECT ROUND(SUM(discount_amount), 2) AS total_discount_amount FROM build4all_research.orders WHERE status = 'processing';",569000c8830b36affe016fc92562d68c81bb591bf9762c2cc9e195a79e54b6a6,False,synthetic_schema_grounded
B4A-FT-020-ENGLISH,B4A-FT-020,orders_average_tax_for_processing,orders,orders_average_tax_by_status,medium,processing,english,validation,What is the average tax amount for orders whose status is 'processing'?,"SELECT ROUND(AVG(tax_amount), 2) AS average_tax_amount FROM build4all_research.orders WHERE status = 'processing';",55e49c9d91d27fc5f15039c7942ddcca294797a469abfb21a017aaf1e3846052,False,synthetic_schema_grounded
B4A-FT-020-ARABIC,B4A-FT-020,orders_average_tax_for_processing,orders,orders_average_tax_by_status,medium,processing,arabic,validation,ما متوسط مبلغ الضريبة للطلبات التي حالتها 'processing'؟,"SELECT ROUND(AVG(tax_amount), 2) AS average_tax_amount FROM build4all_research.orders WHERE status = 'processing';",55e49c9d91d27fc5f15039c7942ddcca294797a469abfb21a017aaf1e3846052,False,synthetic_schema_grounded
B4A-FT-020-FRENCH,B4A-FT-020,orders_average_tax_for_processing,orders,orders_average_tax_by_status,medium,processing,french,validation,Quel est le montant moyen de la taxe dont le statut est 'processing' ?,"SELECT ROUND(AVG(tax_amount), 2) AS average_tax_amount FROM build4all_research.orders WHERE status = 'processing';",55e49c9d91d27fc5f15039c7942ddcca294797a469abfb21a017aaf1e3846052,False,synthetic_schema_grounded
B4A-FT-020-LEBANESE_ARABIZI,B4A-FT-020,orders_average_tax_for_processing,orders,orders_average_tax_by_status,medium,processing,lebanese_arabizi,validation,Adde moutawassit el tax lal orders yalli status taba3a 'processing'?,"SELECT ROUND(AVG(tax_amount), 2) AS average_tax_amount FROM build4all_research.orders WHERE status = 'processing';",55e49c9d91d27fc5f15039c7942ddcca294797a469abfb21a017aaf1e3846052,False,synthetic_schema_grounded
B4A-FT-021-ENGLISH,B4A-FT-021,orders_count_for_refunded,orders,orders_count_by_status,easy,refunded,english,validation,What is the order count for orders whose status is 'refunded'?,SELECT COUNT(*) AS order_count FROM build4all_research.orders WHERE status = 'refunded';,41347d12d7265b84d9136438b742e5c910b1f7de5b41f4604902c821d783127f,False,synthetic_schema_grounded
B4A-FT-021-ARABIC,B4A-FT-021,orders_count_for_refunded,orders,orders_count_by_status,easy,refunded,arabic,validation,ما عدد الطلبات للطلبات التي حالتها 'refunded'؟,SELECT COUNT(*) AS order_count FROM build4all_research.orders WHERE status = 'refunded';,41347d12d7265b84d9136438b742e5c910b1f7de5b41f4604902c821d783127f,False,synthetic_schema_grounded
B4A-FT-021-FRENCH,B4A-FT-021,orders_count_for_refunded,orders,orders_count_by_status,easy,refunded,french,validation,Quel est le nombre de commandes dont le statut est 'refunded' ?,SELECT COUNT(*) AS order_count FROM build4all_research.orders WHERE status = 'refunded';,41347d12d7265b84d9136438b742e5c910b1f7de5b41f4604902c821d783127f,False,synthetic_schema_grounded
B4A-FT-021-LEBANESE_ARABIZI,B4A-FT-021,orders_count_for_refunded,orders,orders_count_by_status,easy,refunded,lebanese_arabizi,validation,Adde 3adad el orders lal orders yalli status taba3a 'refunded'?,SELECT COUNT(*) AS order_count FROM build4all_research.orders WHERE status = 'refunded';,41347d12d7265b84d9136438b742e5c910b1f7de5b41f4604902c821d783127f,False,synthetic_schema_grounded
B4A-FT-022-ENGLISH,B4A-FT-022,orders_total_amount_for_refunded,orders,orders_total_amount_by_status,easy,refunded,english,train,What is the total order amount for orders whose status is 'refunded'?,"SELECT ROUND(SUM(total_amount), 2) AS total_order_amount FROM build4all_research.orders WHERE status = 'refunded';",6d642f6a2196a95ec14918b5a7e15e49063d5b1dbe99b641b847ad7fc5a112a7,False,synthetic_schema_grounded
B4A-FT-022-ARABIC,B4A-FT-022,orders_total_amount_for_refunded,orders,orders_total_amount_by_status,easy,refunded,arabic,train,ما إجمالي قيمة الطلبات للطلبات التي حالتها 'refunded'؟,"SELECT ROUND(SUM(total_amount), 2) AS total_order_amount FROM build4all_research.orders WHERE status = 'refunded';",6d642f6a2196a95ec14918b5a7e15e49063d5b1dbe99b641b847ad7fc5a112a7,False,synthetic_schema_grounded
B4A-FT-022-FRENCH,B4A-FT-022,orders_total_amount_for_refunded,orders,orders_total_amount_by_status,easy,refunded,french,train,Quel est le montant total des commandes dont le statut est 'refunded' ?,"SELECT ROUND(SUM(total_amount), 2) AS total_order_amount FROM build4all_research.orders WHERE status = 'refunded';",6d642f6a2196a95ec14918b5a7e15e49063d5b1dbe99b641b847ad7fc5a112a7,False,synthetic_schema_grounded
B4A-FT-022-LEBANESE_ARABIZI,B4A-FT-022,orders_total_amount_for_refunded,orders,orders_total_amount_by_status,easy,refunded,lebanese_arabizi,train,Adde majmou3 2imet el orders lal orders yalli status taba3a 'refunded'?,"SELECT ROUND(SUM(total_amount), 2) AS total_order_amount FROM build4all_research.orders WHERE status = 'refunded';",6d642f6a2196a95ec14918b5a7e15e49063d5b1dbe99b641b847ad7fc5a112a7,False,synthetic_schema_grounded
B4A-FT-023-ENGLISH,B4A-FT-023,orders_average_amount_for_refunded,orders,orders_average_amount_by_status,medium,refunded,english,final_test,What is the average order amount for orders whose status is 'refunded'?,"SELECT ROUND(AVG(total_amount), 2) AS average_order_amount FROM build4all_research.orders WHERE status = 'refunded';",ed3c06df3f88f1942ff82bb760db42cd76b815f62e19deb72046b976d10b6f42,False,synthetic_schema_grounded
B4A-FT-023-ARABIC,B4A-FT-023,orders_average_amount_for_refunded,orders,orders_average_amount_by_status,medium,refunded,arabic,final_test,ما متوسط قيمة الطلب للطلبات التي حالتها 'refunded'؟,"SELECT ROUND(AVG(total_amount), 2) AS average_order_amount FROM build4all_research.orders WHERE status = 'refunded';",ed3c06df3f88f1942ff82bb760db42cd76b815f62e19deb72046b976d10b6f42,False,synthetic_schema_grounded
B4A-FT-023-FRENCH,B4A-FT-023,orders_average_amount_for_refunded,orders,orders_average_amount_by_status,medium,refunded,french,final_test,Quel est le montant moyen des commandes dont le statut est 'refunded' ?,"SELECT ROUND(AVG(total_amount), 2) AS average_order_amount FROM build4all_research.orders WHERE status = 'refunded';",ed3c06df3f88f1942ff82bb760db42cd76b815f62e19deb72046b976d10b6f42,False,synthetic_schema_grounded
B4A-FT-023-LEBANESE_ARABIZI,B4A-FT-023,orders_average_amount_for_refunded,orders,orders_average_amount_by_status,medium,refunded,lebanese_arabizi,final_test,Adde moutawassit 2imet el order lal orders yalli status taba3a 'refunded'?,"SELECT ROUND(AVG(total_amount), 2) AS average_order_amount FROM build4all_research.orders WHERE status = 'refunded';",ed3c06df3f88f1942ff82bb760db42cd76b815f62e19deb72046b976d10b6f42,False,synthetic_schema_grounded
B4A-FT-024-ENGLISH,B4A-FT-024,orders_discount_amount_for_refunded,orders,orders_discount_amount_by_status,medium,refunded,english,final_test,What is the total discount amount for orders whose status is 'refunded'?,"SELECT ROUND(SUM(discount_amount), 2) AS total_discount_amount FROM build4all_research.orders WHERE status = 'refunded';",e75e39cabd12f824a22d03c438a6394b0b6405d81dae79bf2f14303735377e1f,False,synthetic_schema_grounded
B4A-FT-024-ARABIC,B4A-FT-024,orders_discount_amount_for_refunded,orders,orders_discount_amount_by_status,medium,refunded,arabic,final_test,ما إجمالي مبلغ الخصم للطلبات التي حالتها 'refunded'؟,"SELECT ROUND(SUM(discount_amount), 2) AS total_discount_amount FROM build4all_research.orders WHERE status = 'refunded';",e75e39cabd12f824a22d03c438a6394b0b6405d81dae79bf2f14303735377e1f,False,synthetic_schema_grounded
B4A-FT-024-FRENCH,B4A-FT-024,orders_discount_amount_for_refunded,orders,orders_discount_amount_by_status,medium,refunded,french,final_test,Quel est le montant total des remises dont le statut est 'refunded' ?,"SELECT ROUND(SUM(discount_amount), 2) AS total_discount_amount FROM build4all_research.orders WHERE status = 'refunded';",e75e39cabd12f824a22d03c438a6394b0b6405d81dae79bf2f14303735377e1f,False,synthetic_schema_grounded
B4A-FT-024-LEBANESE_ARABIZI,B4A-FT-024,orders_discount_amount_for_refunded,orders,orders_discount_amount_by_status,medium,refunded,lebanese_arabizi,final_test,Adde majmou3 el discount lal orders yalli status taba3a 'refunded'?,"SELECT ROUND(SUM(discount_amount), 2) AS total_discount_amount FROM build4all_research.orders WHERE status = 'refunded';",e75e39cabd12f824a22d03c438a6394b0b6405d81dae79bf2f14303735377e1f,False,synthetic_schema_grounded
B4A-FT-025-ENGLISH,B4A-FT-025,orders_average_tax_for_refunded,orders,orders_average_tax_by_status,medium,refunded,english,train,What is the average tax amount for orders whose status is 'refunded'?,"SELECT ROUND(AVG(tax_amount), 2) AS average_tax_amount FROM build4all_research.orders WHERE status = 'refunded';",6ec79a7dc2f6718935a646cfa3e5ee04c9754cd7460b0b15a9aaf7e136e1f7b0,False,synthetic_schema_grounded
B4A-FT-025-ARABIC,B4A-FT-025,orders_average_tax_for_refunded,orders,orders_average_tax_by_status,medium,refunded,arabic,train,ما متوسط مبلغ الضريبة للطلبات التي حالتها 'refunded'؟,"SELECT ROUND(AVG(tax_amount), 2) AS average_tax_amount FROM build4all_research.orders WHERE status = 'refunded';",6ec79a7dc2f6718935a646cfa3e5ee04c9754cd7460b0b15a9aaf7e136e1f7b0,False,synthetic_schema_grounded
B4A-FT-025-FRENCH,B4A-FT-025,orders_average_tax_for_refunded,orders,orders_average_tax_by_status,medium,refunded,french,train,Quel est le montant moyen de la taxe dont le statut est 'refunded' ?,"SELECT ROUND(AVG(tax_amount), 2) AS average_tax_amount FROM build4all_research.orders WHERE status = 'refunded';",6ec79a7dc2f6718935a646cfa3e5ee04c9754cd7460b0b15a9aaf7e136e1f7b0,False,synthetic_schema_grounded
B4A-FT-025-LEBANESE_ARABIZI,B4A-FT-025,orders_average_tax_for_refunded,orders,orders_average_tax_by_status,medium,refunded,lebanese_arabizi,train,Adde moutawassit el tax lal orders yalli status taba3a 'refunded'?,"SELECT ROUND(AVG(tax_amount), 2) AS average_tax_amount FROM build4all_research.orders WHERE status = 'refunded';",6ec79a7dc2f6718935a646cfa3e5ee04c9754cd7460b0b15a9aaf7e136e1f7b0,False,synthetic_schema_grounded
B4A-FT-026-ENGLISH,B4A-FT-026,orders_count_for_shipped,orders,orders_count_by_status,easy,shipped,english,train,What is the order count for orders whose status is 'shipped'?,SELECT COUNT(*) AS order_count FROM build4all_research.orders WHERE status = 'shipped';,d91d9947e88936441e992a7f7b2d7452f1f6ed9eab4b67f982257fb7d4315071,False,synthetic_schema_grounded
B4A-FT-026-ARABIC,B4A-FT-026,orders_count_for_shipped,orders,orders_count_by_status,easy,shipped,arabic,train,ما عدد الطلبات للطلبات التي حالتها 'shipped'؟,SELECT COUNT(*) AS order_count FROM build4all_research.orders WHERE status = 'shipped';,d91d9947e88936441e992a7f7b2d7452f1f6ed9eab4b67f982257fb7d4315071,False,synthetic_schema_grounded
B4A-FT-026-FRENCH,B4A-FT-026,orders_count_for_shipped,orders,orders_count_by_status,easy,shipped,french,train,Quel est le nombre de commandes dont le statut est 'shipped' ?,SELECT COUNT(*) AS order_count FROM build4all_research.orders WHERE status = 'shipped';,d91d9947e88936441e992a7f7b2d7452f1f6ed9eab4b67f982257fb7d4315071,False,synthetic_schema_grounded
B4A-FT-026-LEBANESE_ARABIZI,B4A-FT-026,orders_count_for_shipped,orders,orders_count_by_status,easy,shipped,lebanese_arabizi,train,Adde 3adad el orders lal orders yalli status taba3a 'shipped'?,SELECT COUNT(*) AS order_count FROM build4all_research.orders WHERE status = 'shipped';,d91d9947e88936441e992a7f7b2d7452f1f6ed9eab4b67f982257fb7d4315071,False,synthetic_schema_grounded
B4A-FT-027-ENGLISH,B4A-FT-027,orders_total_amount_for_shipped,orders,orders_total_amount_by_status,easy,shipped,english,final_test,What is the total order amount for orders whose status is 'shipped'?,"SELECT ROUND(SUM(total_amount), 2) AS total_order_amount FROM build4all_research.orders WHERE status = 'shipped';",7e8c6d130f2842a4ef9696108f8416a010004293661bfc3a46fdb6dde017b241,False,synthetic_schema_grounded
B4A-FT-027-ARABIC,B4A-FT-027,orders_total_amount_for_shipped,orders,orders_total_amount_by_status,easy,shipped,arabic,final_test,ما إجمالي قيمة الطلبات للطلبات التي حالتها 'shipped'؟,"SELECT ROUND(SUM(total_amount), 2) AS total_order_amount FROM build4all_research.orders WHERE status = 'shipped';",7e8c6d130f2842a4ef9696108f8416a010004293661bfc3a46fdb6dde017b241,False,synthetic_schema_grounded
B4A-FT-027-FRENCH,B4A-FT-027,orders_total_amount_for_shipped,orders,orders_total_amount_by_status,easy,shipped,french,final_test,Quel est le montant total des commandes dont le statut est 'shipped' ?,"SELECT ROUND(SUM(total_amount), 2) AS total_order_amount FROM build4all_research.orders WHERE status = 'shipped';",7e8c6d130f2842a4ef9696108f8416a010004293661bfc3a46fdb6dde017b241,False,synthetic_schema_grounded
B4A-FT-027-LEBANESE_ARABIZI,B4A-FT-027,orders_total_amount_for_shipped,orders,orders_total_amount_by_status,easy,shipped,lebanese_arabizi,final_test,Adde majmou3 2imet el orders lal orders yalli status taba3a 'shipped'?,"SELECT ROUND(SUM(total_amount), 2) AS total_order_amount FROM build4all_research.orders WHERE status = 'shipped';",7e8c6d130f2842a4ef9696108f8416a010004293661bfc3a46fdb6dde017b241,False,synthetic_schema_grounded
B4A-FT-028-ENGLISH,B4A-FT-028,orders_average_amount_for_shipped,orders,orders_average_amount_by_status,medium,shipped,english,validation,What is the average order amount for orders whose status is 'shipped'?,"SELECT ROUND(AVG(total_amount), 2) AS average_order_amount FROM build4all_research.orders WHERE status = 'shipped';",d0d561e88877c949613ede8ba5fbbfd0f8e7fab532aff4b95b82bd06d720376b,False,synthetic_schema_grounded
B4A-FT-028-ARABIC,B4A-FT-028,orders_average_amount_for_shipped,orders,orders_average_amount_by_status,medium,shipped,arabic,validation,ما متوسط قيمة الطلب للطلبات التي حالتها 'shipped'؟,"SELECT ROUND(AVG(total_amount), 2) AS average_order_amount FROM build4all_research.orders WHERE status = 'shipped';",d0d561e88877c949613ede8ba5fbbfd0f8e7fab532aff4b95b82bd06d720376b,False,synthetic_schema_grounded
B4A-FT-028-FRENCH,B4A-FT-028,orders_average_amount_for_shipped,orders,orders_average_amount_by_status,medium,shipped,french,validation,Quel est le montant moyen des commandes dont le statut est 'shipped' ?,"SELECT ROUND(AVG(total_amount), 2) AS average_order_amount FROM build4all_research.orders WHERE status = 'shipped';",d0d561e88877c949613ede8ba5fbbfd0f8e7fab532aff4b95b82bd06d720376b,False,synthetic_schema_grounded
B4A-FT-028-LEBANESE_ARABIZI,B4A-FT-028,orders_average_amount_for_shipped,orders,orders_average_amount_by_status,medium,shipped,lebanese_arabizi,validation,Adde moutawassit 2imet el order lal orders yalli status taba3a 'shipped'?,"SELECT ROUND(AVG(total_amount), 2) AS average_order_amount FROM build4all_research.orders WHERE status = 'shipped';",d0d561e88877c949613ede8ba5fbbfd0f8e7fab532aff4b95b82bd06d720376b,False,synthetic_schema_grounded
B4A-FT-029-ENGLISH,B4A-FT-029,orders_discount_amount_for_shipped,orders,orders_discount_amount_by_status,medium,shipped,english,final_test,What is the total discount amount for orders whose status is 'shipped'?,"SELECT ROUND(SUM(discount_amount), 2) AS total_discount_amount FROM build4all_research.orders WHERE status = 'shipped';",e81e9229fd22476742b65dde9da32deca85f7a125ab5e7feee4542f60388652e,False,synthetic_schema_grounded
B4A-FT-029-ARABIC,B4A-FT-029,orders_discount_amount_for_shipped,orders,orders_discount_amount_by_status,medium,shipped,arabic,final_test,ما إجمالي مبلغ الخصم للطلبات التي حالتها 'shipped'؟,"SELECT ROUND(SUM(discount_amount), 2) AS total_discount_amount FROM build4all_research.orders WHERE status = 'shipped';",e81e9229fd22476742b65dde9da32deca85f7a125ab5e7feee4542f60388652e,False,synthetic_schema_grounded
B4A-FT-029-FRENCH,B4A-FT-029,orders_discount_amount_for_shipped,orders,orders_discount_amount_by_status,medium,shipped,french,final_test,Quel est le montant total des remises dont le statut est 'shipped' ?,"SELECT ROUND(SUM(discount_amount), 2) AS total_discount_amount FROM build4all_research.orders WHERE status = 'shipped';",e81e9229fd22476742b65dde9da32deca85f7a125ab5e7feee4542f60388652e,False,synthetic_schema_grounded
B4A-FT-029-LEBANESE_ARABIZI,B4A-FT-029,orders_discount_amount_for_shipped,orders,orders_discount_amount_by_status,medium,shipped,lebanese_arabizi,final_test,Adde majmou3 el discount lal orders yalli status taba3a 'shipped'?,"SELECT ROUND(SUM(discount_amount), 2) AS total_discount_amount FROM build4all_research.orders WHERE status = 'shipped';",e81e9229fd22476742b65dde9da32deca85f7a125ab5e7feee4542f60388652e,False,synthetic_schema_grounded
B4A-FT-030-ENGLISH,B4A-FT-030,orders_average_tax_for_shipped,orders,orders_average_tax_by_status,medium,shipped,english,train,What is the average tax amount for orders whose status is 'shipped'?,"SELECT ROUND(AVG(tax_amount), 2) AS average_tax_amount FROM build4all_research.orders WHERE status = 'shipped';",dacdad10a585916a46c39938126ef21de05267eede0ca03dbdfd9b404fd141e1,False,synthetic_schema_grounded
B4A-FT-030-ARABIC,B4A-FT-030,orders_average_tax_for_shipped,orders,orders_average_tax_by_status,medium,shipped,arabic,train,ما متوسط مبلغ الضريبة للطلبات التي حالتها 'shipped'؟,"SELECT ROUND(AVG(tax_amount), 2) AS average_tax_amount FROM build4all_research.orders WHERE status = 'shipped';",dacdad10a585916a46c39938126ef21de05267eede0ca03dbdfd9b404fd141e1,False,synthetic_schema_grounded
B4A-FT-030-FRENCH,B4A-FT-030,orders_average_tax_for_shipped,orders,orders_average_tax_by_status,medium,shipped,french,train,Quel est le montant moyen de la taxe dont le statut est 'shipped' ?,"SELECT ROUND(AVG(tax_amount), 2) AS average_tax_amount FROM build4all_research.orders WHERE status = 'shipped';",dacdad10a585916a46c39938126ef21de05267eede0ca03dbdfd9b404fd141e1,False,synthetic_schema_grounded
B4A-FT-030-LEBANESE_ARABIZI,B4A-FT-030,orders_average_tax_for_shipped,orders,orders_average_tax_by_status,medium,shipped,lebanese_arabizi,train,Adde moutawassit el tax lal orders yalli status taba3a 'shipped'?,"SELECT ROUND(AVG(tax_amount), 2) AS average_tax_amount FROM build4all_research.orders WHERE status = 'shipped';",dacdad10a585916a46c39938126ef21de05267eede0ca03dbdfd9b404fd141e1,False,synthetic_schema_grounded
B4A-FT-031-ENGLISH,B4A-FT-031,payments_count_for_failed,payments,payments_count_by_status,easy,failed,english,train,What is the number of payment records where payment status is 'failed'?,SELECT COUNT(*) AS payment_count FROM build4all_research.payments WHERE payment_status = 'failed';,f2aff98e9b96c795829940d7fa760e58a272881c5b92201e1da026a85a258abb,False,synthetic_schema_grounded
B4A-FT-031-ARABIC,B4A-FT-031,payments_count_for_failed,payments,payments_count_by_status,easy,failed,arabic,train,ما عدد سجلات الدفع عندما تكون حالة الدفع 'failed'؟,SELECT COUNT(*) AS payment_count FROM build4all_research.payments WHERE payment_status = 'failed';,f2aff98e9b96c795829940d7fa760e58a272881c5b92201e1da026a85a258abb,False,synthetic_schema_grounded
B4A-FT-031-FRENCH,B4A-FT-031,payments_count_for_failed,payments,payments_count_by_status,easy,failed,french,train,Quel est le nombre d'enregistrements de paiement lorsque le statut de paiement est 'failed' ?,SELECT COUNT(*) AS payment_count FROM build4all_research.payments WHERE payment_status = 'failed';,f2aff98e9b96c795829940d7fa760e58a272881c5b92201e1da026a85a258abb,False,synthetic_schema_grounded
B4A-FT-031-LEBANESE_ARABIZI,B4A-FT-031,payments_count_for_failed,payments,payments_count_by_status,easy,failed,lebanese_arabizi,train,Adde 3adad payment records lama payment status ykoun 'failed'?,SELECT COUNT(*) AS payment_count FROM build4all_research.payments WHERE payment_status = 'failed';,f2aff98e9b96c795829940d7fa760e58a272881c5b92201e1da026a85a258abb,False,synthetic_schema_grounded
B4A-FT-032-ENGLISH,B4A-FT-032,payments_total_for_failed,payments,payments_total_by_status,easy,failed,english,train,What is the total paid amount where payment status is 'failed'?,"SELECT ROUND(SUM(paid_amount), 2) AS total_paid_amount FROM build4all_research.payments WHERE payment_status = 'failed';",bd6895c346881008378362da2ae11d4265a79ccb28c29399f17a15577753fe64,False,synthetic_schema_grounded
B4A-FT-032-ARABIC,B4A-FT-032,payments_total_for_failed,payments,payments_total_by_status,easy,failed,arabic,train,ما إجمالي المبلغ المسجل عندما تكون حالة الدفع 'failed'؟,"SELECT ROUND(SUM(paid_amount), 2) AS total_paid_amount FROM build4all_research.payments WHERE payment_status = 'failed';",bd6895c346881008378362da2ae11d4265a79ccb28c29399f17a15577753fe64,False,synthetic_schema_grounded
B4A-FT-032-FRENCH,B4A-FT-032,payments_total_for_failed,payments,payments_total_by_status,easy,failed,french,train,Quel est le montant payé total lorsque le statut de paiement est 'failed' ?,"SELECT ROUND(SUM(paid_amount), 2) AS total_paid_amount FROM build4all_research.payments WHERE payment_status = 'failed';",bd6895c346881008378362da2ae11d4265a79ccb28c29399f17a15577753fe64,False,synthetic_schema_grounded
B4A-FT-032-LEBANESE_ARABIZI,B4A-FT-032,payments_total_for_failed,payments,payments_total_by_status,easy,failed,lebanese_arabizi,train,Adde majmou3 el paid amount lama payment status ykoun 'failed'?,"SELECT ROUND(SUM(paid_amount), 2) AS total_paid_amount FROM build4all_research.payments WHERE payment_status = 'failed';",bd6895c346881008378362da2ae11d4265a79ccb28c29399f17a15577753fe64,False,synthetic_schema_grounded
B4A-FT-033-ENGLISH,B4A-FT-033,payments_average_for_failed,payments,payments_average_by_status,medium,failed,english,train,What is the average recorded amount where payment status is 'failed'?,"SELECT ROUND(AVG(paid_amount), 2) AS average_paid_amount FROM build4all_research.payments WHERE payment_status = 'failed';",64937fc893fd5a7afed07fce2ff616f093e7cd9557efb05323afd34f44b3eb07,False,synthetic_schema_grounded
B4A-FT-033-ARABIC,B4A-FT-033,payments_average_for_failed,payments,payments_average_by_status,medium,failed,arabic,train,ما متوسط المبلغ المسجل عندما تكون حالة الدفع 'failed'؟,"SELECT ROUND(AVG(paid_amount), 2) AS average_paid_amount FROM build4all_research.payments WHERE payment_status = 'failed';",64937fc893fd5a7afed07fce2ff616f093e7cd9557efb05323afd34f44b3eb07,False,synthetic_schema_grounded
B4A-FT-033-FRENCH,B4A-FT-033,payments_average_for_failed,payments,payments_average_by_status,medium,failed,french,train,Quel est le montant moyen enregistré lorsque le statut de paiement est 'failed' ?,"SELECT ROUND(AVG(paid_amount), 2) AS average_paid_amount FROM build4all_research.payments WHERE payment_status = 'failed';",64937fc893fd5a7afed07fce2ff616f093e7cd9557efb05323afd34f44b3eb07,False,synthetic_schema_grounded
B4A-FT-033-LEBANESE_ARABIZI,B4A-FT-033,payments_average_for_failed,payments,payments_average_by_status,medium,failed,lebanese_arabizi,train,Adde moutawassit el amount lama payment status ykoun 'failed'?,"SELECT ROUND(AVG(paid_amount), 2) AS average_paid_amount FROM build4all_research.payments WHERE payment_status = 'failed';",64937fc893fd5a7afed07fce2ff616f093e7cd9557efb05323afd34f44b3eb07,False,synthetic_schema_grounded
B4A-FT-034-ENGLISH,B4A-FT-034,payments_orders_for_failed,payments,payments_orders_by_status,medium,failed,english,validation,What is the number of distinct orders where payment status is 'failed'?,SELECT COUNT(DISTINCT order_id) AS distinct_order_count FROM build4all_research.payments WHERE payment_status = 'failed';,9b76e6841459927597bb6385b5e245967961816b40922e6f568af911605e0069,False,synthetic_schema_grounded
B4A-FT-034-ARABIC,B4A-FT-034,payments_orders_for_failed,payments,payments_orders_by_status,medium,failed,arabic,validation,ما عدد الطلبات المختلفة عندما تكون حالة الدفع 'failed'؟,SELECT COUNT(DISTINCT order_id) AS distinct_order_count FROM build4all_research.payments WHERE payment_status = 'failed';,9b76e6841459927597bb6385b5e245967961816b40922e6f568af911605e0069,False,synthetic_schema_grounded
B4A-FT-034-FRENCH,B4A-FT-034,payments_orders_for_failed,payments,payments_orders_by_status,medium,failed,french,validation,Quel est le nombre de commandes distinctes lorsque le statut de paiement est 'failed' ?,SELECT COUNT(DISTINCT order_id) AS distinct_order_count FROM build4all_research.payments WHERE payment_status = 'failed';,9b76e6841459927597bb6385b5e245967961816b40922e6f568af911605e0069,False,synthetic_schema_grounded
B4A-FT-034-LEBANESE_ARABIZI,B4A-FT-034,payments_orders_for_failed,payments,payments_orders_by_status,medium,failed,lebanese_arabizi,validation,Adde 3adad el orders el mokhtalfe lama payment status ykoun 'failed'?,SELECT COUNT(DISTINCT order_id) AS distinct_order_count FROM build4all_research.payments WHERE payment_status = 'failed';,9b76e6841459927597bb6385b5e245967961816b40922e6f568af911605e0069,False,synthetic_schema_grounded
B4A-FT-035-ENGLISH,B4A-FT-035,payments_dated_for_failed,payments,payments_dated_by_status,medium,failed,english,train,What is the number of records with a payment date where payment status is 'failed'?,SELECT COUNT(*) FILTER (WHERE payment_date IS NOT NULL) AS dated_payment_count FROM build4all_research.payments WHERE payment_status = 'failed';,c7d153b1c279cd4aed935bd7c85dda1b122e5a8b8869b794f004c6a8b456d29b,False,synthetic_schema_grounded
B4A-FT-035-ARABIC,B4A-FT-035,payments_dated_for_failed,payments,payments_dated_by_status,medium,failed,arabic,train,ما عدد السجلات التي لها تاريخ دفع عندما تكون حالة الدفع 'failed'؟,SELECT COUNT(*) FILTER (WHERE payment_date IS NOT NULL) AS dated_payment_count FROM build4all_research.payments WHERE payment_status = 'failed';,c7d153b1c279cd4aed935bd7c85dda1b122e5a8b8869b794f004c6a8b456d29b,False,synthetic_schema_grounded
B4A-FT-035-FRENCH,B4A-FT-035,payments_dated_for_failed,payments,payments_dated_by_status,medium,failed,french,train,Quel est le nombre d'enregistrements avec une date de paiement lorsque le statut de paiement est 'failed' ?,SELECT COUNT(*) FILTER (WHERE payment_date IS NOT NULL) AS dated_payment_count FROM build4all_research.payments WHERE payment_status = 'failed';,c7d153b1c279cd4aed935bd7c85dda1b122e5a8b8869b794f004c6a8b456d29b,False,synthetic_schema_grounded
B4A-FT-035-LEBANESE_ARABIZI,B4A-FT-035,payments_dated_for_failed,payments,payments_dated_by_status,medium,failed,lebanese_arabizi,train,Adde 3adad el records yalli 3enda payment date lama payment status ykoun 'failed'?,SELECT COUNT(*) FILTER (WHERE payment_date IS NOT NULL) AS dated_payment_count FROM build4all_research.payments WHERE payment_status = 'failed';,c7d153b1c279cd4aed935bd7c85dda1b122e5a8b8869b794f004c6a8b456d29b,False,synthetic_schema_grounded
B4A-FT-036-ENGLISH,B4A-FT-036,payments_count_for_paid,payments,payments_count_by_status,easy,paid,english,final_test,What is the number of payment records where payment status is 'paid'?,SELECT COUNT(*) AS payment_count FROM build4all_research.payments WHERE payment_status = 'paid';,12303b5b035b3bb8ff1f7564a2cb77cf3f9ca755faeed358eda8067ac9d5da30,False,synthetic_schema_grounded
B4A-FT-036-ARABIC,B4A-FT-036,payments_count_for_paid,payments,payments_count_by_status,easy,paid,arabic,final_test,ما عدد سجلات الدفع عندما تكون حالة الدفع 'paid'؟,SELECT COUNT(*) AS payment_count FROM build4all_research.payments WHERE payment_status = 'paid';,12303b5b035b3bb8ff1f7564a2cb77cf3f9ca755faeed358eda8067ac9d5da30,False,synthetic_schema_grounded
B4A-FT-036-FRENCH,B4A-FT-036,payments_count_for_paid,payments,payments_count_by_status,easy,paid,french,final_test,Quel est le nombre d'enregistrements de paiement lorsque le statut de paiement est 'paid' ?,SELECT COUNT(*) AS payment_count FROM build4all_research.payments WHERE payment_status = 'paid';,12303b5b035b3bb8ff1f7564a2cb77cf3f9ca755faeed358eda8067ac9d5da30,False,synthetic_schema_grounded
B4A-FT-036-LEBANESE_ARABIZI,B4A-FT-036,payments_count_for_paid,payments,payments_count_by_status,easy,paid,lebanese_arabizi,final_test,Adde 3adad payment records lama payment status ykoun 'paid'?,SELECT COUNT(*) AS payment_count FROM build4all_research.payments WHERE payment_status = 'paid';,12303b5b035b3bb8ff1f7564a2cb77cf3f9ca755faeed358eda8067ac9d5da30,False,synthetic_schema_grounded
B4A-FT-037-ENGLISH,B4A-FT-037,payments_total_for_paid,payments,payments_total_by_status,easy,paid,english,train,What is the total paid amount where payment status is 'paid'?,"SELECT ROUND(SUM(paid_amount), 2) AS total_paid_amount FROM build4all_research.payments WHERE payment_status = 'paid';",d05e2c39aefad0bc455497add8615d79704b2af3c64107636001379eb02116d4,False,synthetic_schema_grounded
B4A-FT-037-ARABIC,B4A-FT-037,payments_total_for_paid,payments,payments_total_by_status,easy,paid,arabic,train,ما إجمالي المبلغ المسجل عندما تكون حالة الدفع 'paid'؟,"SELECT ROUND(SUM(paid_amount), 2) AS total_paid_amount FROM build4all_research.payments WHERE payment_status = 'paid';",d05e2c39aefad0bc455497add8615d79704b2af3c64107636001379eb02116d4,False,synthetic_schema_grounded
B4A-FT-037-FRENCH,B4A-FT-037,payments_total_for_paid,payments,payments_total_by_status,easy,paid,french,train,Quel est le montant payé total lorsque le statut de paiement est 'paid' ?,"SELECT ROUND(SUM(paid_amount), 2) AS total_paid_amount FROM build4all_research.payments WHERE payment_status = 'paid';",d05e2c39aefad0bc455497add8615d79704b2af3c64107636001379eb02116d4,False,synthetic_schema_grounded
B4A-FT-037-LEBANESE_ARABIZI,B4A-FT-037,payments_total_for_paid,payments,payments_total_by_status,easy,paid,lebanese_arabizi,train,Adde majmou3 el paid amount lama payment status ykoun 'paid'?,"SELECT ROUND(SUM(paid_amount), 2) AS total_paid_amount FROM build4all_research.payments WHERE payment_status = 'paid';",d05e2c39aefad0bc455497add8615d79704b2af3c64107636001379eb02116d4,False,synthetic_schema_grounded
B4A-FT-038-ENGLISH,B4A-FT-038,payments_average_for_paid,payments,payments_average_by_status,medium,paid,english,train,What is the average recorded amount where payment status is 'paid'?,"SELECT ROUND(AVG(paid_amount), 2) AS average_paid_amount FROM build4all_research.payments WHERE payment_status = 'paid';",4266b73132cae733964efc2cbbae3f44e6952f7437d13747e4b80c2b4c79dc1b,False,synthetic_schema_grounded
B4A-FT-038-ARABIC,B4A-FT-038,payments_average_for_paid,payments,payments_average_by_status,medium,paid,arabic,train,ما متوسط المبلغ المسجل عندما تكون حالة الدفع 'paid'؟,"SELECT ROUND(AVG(paid_amount), 2) AS average_paid_amount FROM build4all_research.payments WHERE payment_status = 'paid';",4266b73132cae733964efc2cbbae3f44e6952f7437d13747e4b80c2b4c79dc1b,False,synthetic_schema_grounded
B4A-FT-038-FRENCH,B4A-FT-038,payments_average_for_paid,payments,payments_average_by_status,medium,paid,french,train,Quel est le montant moyen enregistré lorsque le statut de paiement est 'paid' ?,"SELECT ROUND(AVG(paid_amount), 2) AS average_paid_amount FROM build4all_research.payments WHERE payment_status = 'paid';",4266b73132cae733964efc2cbbae3f44e6952f7437d13747e4b80c2b4c79dc1b,False,synthetic_schema_grounded
B4A-FT-038-LEBANESE_ARABIZI,B4A-FT-038,payments_average_for_paid,payments,payments_average_by_status,medium,paid,lebanese_arabizi,train,Adde moutawassit el amount lama payment status ykoun 'paid'?,"SELECT ROUND(AVG(paid_amount), 2) AS average_paid_amount FROM build4all_research.payments WHERE payment_status = 'paid';",4266b73132cae733964efc2cbbae3f44e6952f7437d13747e4b80c2b4c79dc1b,False,synthetic_schema_grounded
B4A-FT-039-ENGLISH,B4A-FT-039,payments_orders_for_paid,payments,payments_orders_by_status,medium,paid,english,train,What is the number of distinct orders where payment status is 'paid'?,SELECT COUNT(DISTINCT order_id) AS distinct_order_count FROM build4all_research.payments WHERE payment_status = 'paid';,7d60bcdcfc861a32a24c1461ae1668a9147a0f3d7dcdcd47942c5ee66372be3b,False,synthetic_schema_grounded
B4A-FT-039-ARABIC,B4A-FT-039,payments_orders_for_paid,payments,payments_orders_by_status,medium,paid,arabic,train,ما عدد الطلبات المختلفة عندما تكون حالة الدفع 'paid'؟,SELECT COUNT(DISTINCT order_id) AS distinct_order_count FROM build4all_research.payments WHERE payment_status = 'paid';,7d60bcdcfc861a32a24c1461ae1668a9147a0f3d7dcdcd47942c5ee66372be3b,False,synthetic_schema_grounded
B4A-FT-039-FRENCH,B4A-FT-039,payments_orders_for_paid,payments,payments_orders_by_status,medium,paid,french,train,Quel est le nombre de commandes distinctes lorsque le statut de paiement est 'paid' ?,SELECT COUNT(DISTINCT order_id) AS distinct_order_count FROM build4all_research.payments WHERE payment_status = 'paid';,7d60bcdcfc861a32a24c1461ae1668a9147a0f3d7dcdcd47942c5ee66372be3b,False,synthetic_schema_grounded
B4A-FT-039-LEBANESE_ARABIZI,B4A-FT-039,payments_orders_for_paid,payments,payments_orders_by_status,medium,paid,lebanese_arabizi,train,Adde 3adad el orders el mokhtalfe lama payment status ykoun 'paid'?,SELECT COUNT(DISTINCT order_id) AS distinct_order_count FROM build4all_research.payments WHERE payment_status = 'paid';,7d60bcdcfc861a32a24c1461ae1668a9147a0f3d7dcdcd47942c5ee66372be3b,False,synthetic_schema_grounded
B4A-FT-040-ENGLISH,B4A-FT-040,payments_dated_for_paid,payments,payments_dated_by_status,medium,paid,english,train,What is the number of records with a payment date where payment status is 'paid'?,SELECT COUNT(*) FILTER (WHERE payment_date IS NOT NULL) AS dated_payment_count FROM build4all_research.payments WHERE payment_status = 'paid';,f75e0b41d0072485601662015a57d6f19f75a00a5eb4e134b1df0424d0d473ee,False,synthetic_schema_grounded
B4A-FT-040-ARABIC,B4A-FT-040,payments_dated_for_paid,payments,payments_dated_by_status,medium,paid,arabic,train,ما عدد السجلات التي لها تاريخ دفع عندما تكون حالة الدفع 'paid'؟,SELECT COUNT(*) FILTER (WHERE payment_date IS NOT NULL) AS dated_payment_count FROM build4all_research.payments WHERE payment_status = 'paid';,f75e0b41d0072485601662015a57d6f19f75a00a5eb4e134b1df0424d0d473ee,False,synthetic_schema_grounded
B4A-FT-040-FRENCH,B4A-FT-040,payments_dated_for_paid,payments,payments_dated_by_status,medium,paid,french,train,Quel est le nombre d'enregistrements avec une date de paiement lorsque le statut de paiement est 'paid' ?,SELECT COUNT(*) FILTER (WHERE payment_date IS NOT NULL) AS dated_payment_count FROM build4all_research.payments WHERE payment_status = 'paid';,f75e0b41d0072485601662015a57d6f19f75a00a5eb4e134b1df0424d0d473ee,False,synthetic_schema_grounded
B4A-FT-040-LEBANESE_ARABIZI,B4A-FT-040,payments_dated_for_paid,payments,payments_dated_by_status,medium,paid,lebanese_arabizi,train,Adde 3adad el records yalli 3enda payment date lama payment status ykoun 'paid'?,SELECT COUNT(*) FILTER (WHERE payment_date IS NOT NULL) AS dated_payment_count FROM build4all_research.payments WHERE payment_status = 'paid';,f75e0b41d0072485601662015a57d6f19f75a00a5eb4e134b1df0424d0d473ee,False,synthetic_schema_grounded
B4A-FT-041-ENGLISH,B4A-FT-041,payments_count_for_pending,payments,payments_count_by_status,easy,pending,english,train,What is the number of payment records where payment status is 'pending'?,SELECT COUNT(*) AS payment_count FROM build4all_research.payments WHERE payment_status = 'pending';,23359b88b3bc254852e535fbc62acd5b522182a66448cadd5ab1d1e0e373c043,False,synthetic_schema_grounded
B4A-FT-041-ARABIC,B4A-FT-041,payments_count_for_pending,payments,payments_count_by_status,easy,pending,arabic,train,ما عدد سجلات الدفع عندما تكون حالة الدفع 'pending'؟,SELECT COUNT(*) AS payment_count FROM build4all_research.payments WHERE payment_status = 'pending';,23359b88b3bc254852e535fbc62acd5b522182a66448cadd5ab1d1e0e373c043,False,synthetic_schema_grounded
B4A-FT-041-FRENCH,B4A-FT-041,payments_count_for_pending,payments,payments_count_by_status,easy,pending,french,train,Quel est le nombre d'enregistrements de paiement lorsque le statut de paiement est 'pending' ?,SELECT COUNT(*) AS payment_count FROM build4all_research.payments WHERE payment_status = 'pending';,23359b88b3bc254852e535fbc62acd5b522182a66448cadd5ab1d1e0e373c043,False,synthetic_schema_grounded
B4A-FT-041-LEBANESE_ARABIZI,B4A-FT-041,payments_count_for_pending,payments,payments_count_by_status,easy,pending,lebanese_arabizi,train,Adde 3adad payment records lama payment status ykoun 'pending'?,SELECT COUNT(*) AS payment_count FROM build4all_research.payments WHERE payment_status = 'pending';,23359b88b3bc254852e535fbc62acd5b522182a66448cadd5ab1d1e0e373c043,False,synthetic_schema_grounded
B4A-FT-042-ENGLISH,B4A-FT-042,payments_total_for_pending,payments,payments_total_by_status,easy,pending,english,train,What is the total paid amount where payment status is 'pending'?,"SELECT ROUND(SUM(paid_amount), 2) AS total_paid_amount FROM build4all_research.payments WHERE payment_status = 'pending';",8198f3eb2d7a901b4d2fbaf411eee992444895ea76a93f40a72977603cce01b3,False,synthetic_schema_grounded
B4A-FT-042-ARABIC,B4A-FT-042,payments_total_for_pending,payments,payments_total_by_status,easy,pending,arabic,train,ما إجمالي المبلغ المسجل عندما تكون حالة الدفع 'pending'؟,"SELECT ROUND(SUM(paid_amount), 2) AS total_paid_amount FROM build4all_research.payments WHERE payment_status = 'pending';",8198f3eb2d7a901b4d2fbaf411eee992444895ea76a93f40a72977603cce01b3,False,synthetic_schema_grounded
B4A-FT-042-FRENCH,B4A-FT-042,payments_total_for_pending,payments,payments_total_by_status,easy,pending,french,train,Quel est le montant payé total lorsque le statut de paiement est 'pending' ?,"SELECT ROUND(SUM(paid_amount), 2) AS total_paid_amount FROM build4all_research.payments WHERE payment_status = 'pending';",8198f3eb2d7a901b4d2fbaf411eee992444895ea76a93f40a72977603cce01b3,False,synthetic_schema_grounded
B4A-FT-042-LEBANESE_ARABIZI,B4A-FT-042,payments_total_for_pending,payments,payments_total_by_status,easy,pending,lebanese_arabizi,train,Adde majmou3 el paid amount lama payment status ykoun 'pending'?,"SELECT ROUND(SUM(paid_amount), 2) AS total_paid_amount FROM build4all_research.payments WHERE payment_status = 'pending';",8198f3eb2d7a901b4d2fbaf411eee992444895ea76a93f40a72977603cce01b3,False,synthetic_schema_grounded
B4A-FT-043-ENGLISH,B4A-FT-043,payments_average_for_pending,payments,payments_average_by_status,medium,pending,english,train,What is the average recorded amount where payment status is 'pending'?,"SELECT ROUND(AVG(paid_amount), 2) AS average_paid_amount FROM build4all_research.payments WHERE payment_status = 'pending';",ae291f856ef2440efaf4ebb1f1fa876e859f022a59258933959d3bc1b46c26bd,False,synthetic_schema_grounded
B4A-FT-043-ARABIC,B4A-FT-043,payments_average_for_pending,payments,payments_average_by_status,medium,pending,arabic,train,ما متوسط المبلغ المسجل عندما تكون حالة الدفع 'pending'؟,"SELECT ROUND(AVG(paid_amount), 2) AS average_paid_amount FROM build4all_research.payments WHERE payment_status = 'pending';",ae291f856ef2440efaf4ebb1f1fa876e859f022a59258933959d3bc1b46c26bd,False,synthetic_schema_grounded
B4A-FT-043-FRENCH,B4A-FT-043,payments_average_for_pending,payments,payments_average_by_status,medium,pending,french,train,Quel est le montant moyen enregistré lorsque le statut de paiement est 'pending' ?,"SELECT ROUND(AVG(paid_amount), 2) AS average_paid_amount FROM build4all_research.payments WHERE payment_status = 'pending';",ae291f856ef2440efaf4ebb1f1fa876e859f022a59258933959d3bc1b46c26bd,False,synthetic_schema_grounded
B4A-FT-043-LEBANESE_ARABIZI,B4A-FT-043,payments_average_for_pending,payments,payments_average_by_status,medium,pending,lebanese_arabizi,train,Adde moutawassit el amount lama payment status ykoun 'pending'?,"SELECT ROUND(AVG(paid_amount), 2) AS average_paid_amount FROM build4all_research.payments WHERE payment_status = 'pending';",ae291f856ef2440efaf4ebb1f1fa876e859f022a59258933959d3bc1b46c26bd,False,synthetic_schema_grounded
B4A-FT-044-ENGLISH,B4A-FT-044,payments_orders_for_pending,payments,payments_orders_by_status,medium,pending,english,validation,What is the number of distinct orders where payment status is 'pending'?,SELECT COUNT(DISTINCT order_id) AS distinct_order_count FROM build4all_research.payments WHERE payment_status = 'pending';,f39d3da123584c963393e08e9e56cf5c6d2115607a56f3157e0941a23968d4f9,False,synthetic_schema_grounded
B4A-FT-044-ARABIC,B4A-FT-044,payments_orders_for_pending,payments,payments_orders_by_status,medium,pending,arabic,validation,ما عدد الطلبات المختلفة عندما تكون حالة الدفع 'pending'؟,SELECT COUNT(DISTINCT order_id) AS distinct_order_count FROM build4all_research.payments WHERE payment_status = 'pending';,f39d3da123584c963393e08e9e56cf5c6d2115607a56f3157e0941a23968d4f9,False,synthetic_schema_grounded
B4A-FT-044-FRENCH,B4A-FT-044,payments_orders_for_pending,payments,payments_orders_by_status,medium,pending,french,validation,Quel est le nombre de commandes distinctes lorsque le statut de paiement est 'pending' ?,SELECT COUNT(DISTINCT order_id) AS distinct_order_count FROM build4all_research.payments WHERE payment_status = 'pending';,f39d3da123584c963393e08e9e56cf5c6d2115607a56f3157e0941a23968d4f9,False,synthetic_schema_grounded
B4A-FT-044-LEBANESE_ARABIZI,B4A-FT-044,payments_orders_for_pending,payments,payments_orders_by_status,medium,pending,lebanese_arabizi,validation,Adde 3adad el orders el mokhtalfe lama payment status ykoun 'pending'?,SELECT COUNT(DISTINCT order_id) AS distinct_order_count FROM build4all_research.payments WHERE payment_status = 'pending';,f39d3da123584c963393e08e9e56cf5c6d2115607a56f3157e0941a23968d4f9,False,synthetic_schema_grounded
B4A-FT-045-ENGLISH,B4A-FT-045,payments_dated_for_pending,payments,payments_dated_by_status,medium,pending,english,validation,What is the number of records with a payment date where payment status is 'pending'?,SELECT COUNT(*) FILTER (WHERE payment_date IS NOT NULL) AS dated_payment_count FROM build4all_research.payments WHERE payment_status = 'pending';,3a8150859cef03125e1abbca32d8e21ceaa6dc286486a4964d31439804428baf,False,synthetic_schema_grounded
B4A-FT-045-ARABIC,B4A-FT-045,payments_dated_for_pending,payments,payments_dated_by_status,medium,pending,arabic,validation,ما عدد السجلات التي لها تاريخ دفع عندما تكون حالة الدفع 'pending'؟,SELECT COUNT(*) FILTER (WHERE payment_date IS NOT NULL) AS dated_payment_count FROM build4all_research.payments WHERE payment_status = 'pending';,3a8150859cef03125e1abbca32d8e21ceaa6dc286486a4964d31439804428baf,False,synthetic_schema_grounded
B4A-FT-045-FRENCH,B4A-FT-045,payments_dated_for_pending,payments,payments_dated_by_status,medium,pending,french,validation,Quel est le nombre d'enregistrements avec une date de paiement lorsque le statut de paiement est 'pending' ?,SELECT COUNT(*) FILTER (WHERE payment_date IS NOT NULL) AS dated_payment_count FROM build4all_research.payments WHERE payment_status = 'pending';,3a8150859cef03125e1abbca32d8e21ceaa6dc286486a4964d31439804428baf,False,synthetic_schema_grounded
B4A-FT-045-LEBANESE_ARABIZI,B4A-FT-045,payments_dated_for_pending,payments,payments_dated_by_status,medium,pending,lebanese_arabizi,validation,Adde 3adad el records yalli 3enda payment date lama payment status ykoun 'pending'?,SELECT COUNT(*) FILTER (WHERE payment_date IS NOT NULL) AS dated_payment_count FROM build4all_research.payments WHERE payment_status = 'pending';,3a8150859cef03125e1abbca32d8e21ceaa6dc286486a4964d31439804428baf,False,synthetic_schema_grounded
B4A-FT-046-ENGLISH,B4A-FT-046,payments_count_for_refunded,payments,payments_count_by_status,easy,refunded,english,validation,What is the number of payment records where payment status is 'refunded'?,SELECT COUNT(*) AS payment_count FROM build4all_research.payments WHERE payment_status = 'refunded';,eda0e6971b6f98925179c9ea0214065c8faa9df5110436847823bb4e0de5de48,False,synthetic_schema_grounded
B4A-FT-046-ARABIC,B4A-FT-046,payments_count_for_refunded,payments,payments_count_by_status,easy,refunded,arabic,validation,ما عدد سجلات الدفع عندما تكون حالة الدفع 'refunded'؟,SELECT COUNT(*) AS payment_count FROM build4all_research.payments WHERE payment_status = 'refunded';,eda0e6971b6f98925179c9ea0214065c8faa9df5110436847823bb4e0de5de48,False,synthetic_schema_grounded
B4A-FT-046-FRENCH,B4A-FT-046,payments_count_for_refunded,payments,payments_count_by_status,easy,refunded,french,validation,Quel est le nombre d'enregistrements de paiement lorsque le statut de paiement est 'refunded' ?,SELECT COUNT(*) AS payment_count FROM build4all_research.payments WHERE payment_status = 'refunded';,eda0e6971b6f98925179c9ea0214065c8faa9df5110436847823bb4e0de5de48,False,synthetic_schema_grounded
B4A-FT-046-LEBANESE_ARABIZI,B4A-FT-046,payments_count_for_refunded,payments,payments_count_by_status,easy,refunded,lebanese_arabizi,validation,Adde 3adad payment records lama payment status ykoun 'refunded'?,SELECT COUNT(*) AS payment_count FROM build4all_research.payments WHERE payment_status = 'refunded';,eda0e6971b6f98925179c9ea0214065c8faa9df5110436847823bb4e0de5de48,False,synthetic_schema_grounded
B4A-FT-047-ENGLISH,B4A-FT-047,payments_total_for_refunded,payments,payments_total_by_status,easy,refunded,english,train,What is the total paid amount where payment status is 'refunded'?,"SELECT ROUND(SUM(paid_amount), 2) AS total_paid_amount FROM build4all_research.payments WHERE payment_status = 'refunded';",16473388b096f651b6ff55a4a615af42929d94ed191bf1cb9a905ac141d3be0a,False,synthetic_schema_grounded
B4A-FT-047-ARABIC,B4A-FT-047,payments_total_for_refunded,payments,payments_total_by_status,easy,refunded,arabic,train,ما إجمالي المبلغ المسجل عندما تكون حالة الدفع 'refunded'؟,"SELECT ROUND(SUM(paid_amount), 2) AS total_paid_amount FROM build4all_research.payments WHERE payment_status = 'refunded';",16473388b096f651b6ff55a4a615af42929d94ed191bf1cb9a905ac141d3be0a,False,synthetic_schema_grounded
B4A-FT-047-FRENCH,B4A-FT-047,payments_total_for_refunded,payments,payments_total_by_status,easy,refunded,french,train,Quel est le montant payé total lorsque le statut de paiement est 'refunded' ?,"SELECT ROUND(SUM(paid_amount), 2) AS total_paid_amount FROM build4all_research.payments WHERE payment_status = 'refunded';",16473388b096f651b6ff55a4a615af42929d94ed191bf1cb9a905ac141d3be0a,False,synthetic_schema_grounded
B4A-FT-047-LEBANESE_ARABIZI,B4A-FT-047,payments_total_for_refunded,payments,payments_total_by_status,easy,refunded,lebanese_arabizi,train,Adde majmou3 el paid amount lama payment status ykoun 'refunded'?,"SELECT ROUND(SUM(paid_amount), 2) AS total_paid_amount FROM build4all_research.payments WHERE payment_status = 'refunded';",16473388b096f651b6ff55a4a615af42929d94ed191bf1cb9a905ac141d3be0a,False,synthetic_schema_grounded
B4A-FT-048-ENGLISH,B4A-FT-048,payments_average_for_refunded,payments,payments_average_by_status,medium,refunded,english,train,What is the average recorded amount where payment status is 'refunded'?,"SELECT ROUND(AVG(paid_amount), 2) AS average_paid_amount FROM build4all_research.payments WHERE payment_status = 'refunded';",fd20208d5693213522968cde06856e2fdc815d1846dc79d8aedf90372a1eb537,False,synthetic_schema_grounded
B4A-FT-048-ARABIC,B4A-FT-048,payments_average_for_refunded,payments,payments_average_by_status,medium,refunded,arabic,train,ما متوسط المبلغ المسجل عندما تكون حالة الدفع 'refunded'؟,"SELECT ROUND(AVG(paid_amount), 2) AS average_paid_amount FROM build4all_research.payments WHERE payment_status = 'refunded';",fd20208d5693213522968cde06856e2fdc815d1846dc79d8aedf90372a1eb537,False,synthetic_schema_grounded
B4A-FT-048-FRENCH,B4A-FT-048,payments_average_for_refunded,payments,payments_average_by_status,medium,refunded,french,train,Quel est le montant moyen enregistré lorsque le statut de paiement est 'refunded' ?,"SELECT ROUND(AVG(paid_amount), 2) AS average_paid_amount FROM build4all_research.payments WHERE payment_status = 'refunded';",fd20208d5693213522968cde06856e2fdc815d1846dc79d8aedf90372a1eb537,False,synthetic_schema_grounded
B4A-FT-048-LEBANESE_ARABIZI,B4A-FT-048,payments_average_for_refunded,payments,payments_average_by_status,medium,refunded,lebanese_arabizi,train,Adde moutawassit el amount lama payment status ykoun 'refunded'?,"SELECT ROUND(AVG(paid_amount), 2) AS average_paid_amount FROM build4all_research.payments WHERE payment_status = 'refunded';",fd20208d5693213522968cde06856e2fdc815d1846dc79d8aedf90372a1eb537,False,synthetic_schema_grounded
B4A-FT-049-ENGLISH,B4A-FT-049,payments_orders_for_refunded,payments,payments_orders_by_status,medium,refunded,english,validation,What is the number of distinct orders where payment status is 'refunded'?,SELECT COUNT(DISTINCT order_id) AS distinct_order_count FROM build4all_research.payments WHERE payment_status = 'refunded';,c24cd20c555d9e7dd402404888449b67570428d8052ad120758ba6918b3b032a,False,synthetic_schema_grounded
B4A-FT-049-ARABIC,B4A-FT-049,payments_orders_for_refunded,payments,payments_orders_by_status,medium,refunded,arabic,validation,ما عدد الطلبات المختلفة عندما تكون حالة الدفع 'refunded'؟,SELECT COUNT(DISTINCT order_id) AS distinct_order_count FROM build4all_research.payments WHERE payment_status = 'refunded';,c24cd20c555d9e7dd402404888449b67570428d8052ad120758ba6918b3b032a,False,synthetic_schema_grounded
B4A-FT-049-FRENCH,B4A-FT-049,payments_orders_for_refunded,payments,payments_orders_by_status,medium,refunded,french,validation,Quel est le nombre de commandes distinctes lorsque le statut de paiement est 'refunded' ?,SELECT COUNT(DISTINCT order_id) AS distinct_order_count FROM build4all_research.payments WHERE payment_status = 'refunded';,c24cd20c555d9e7dd402404888449b67570428d8052ad120758ba6918b3b032a,False,synthetic_schema_grounded
B4A-FT-049-LEBANESE_ARABIZI,B4A-FT-049,payments_orders_for_refunded,payments,payments_orders_by_status,medium,refunded,lebanese_arabizi,validation,Adde 3adad el orders el mokhtalfe lama payment status ykoun 'refunded'?,SELECT COUNT(DISTINCT order_id) AS distinct_order_count FROM build4all_research.payments WHERE payment_status = 'refunded';,c24cd20c555d9e7dd402404888449b67570428d8052ad120758ba6918b3b032a,False,synthetic_schema_grounded
B4A-FT-050-ENGLISH,B4A-FT-050,payments_dated_for_refunded,payments,payments_dated_by_status,medium,refunded,english,train,What is the number of records with a payment date where payment status is 'refunded'?,SELECT COUNT(*) FILTER (WHERE payment_date IS NOT NULL) AS dated_payment_count FROM build4all_research.payments WHERE payment_status = 'refunded';,f466246b0310bc40bd68e825e6b501486854960a8518ef9928ef88cbe95665aa,False,synthetic_schema_grounded
B4A-FT-050-ARABIC,B4A-FT-050,payments_dated_for_refunded,payments,payments_dated_by_status,medium,refunded,arabic,train,ما عدد السجلات التي لها تاريخ دفع عندما تكون حالة الدفع 'refunded'؟,SELECT COUNT(*) FILTER (WHERE payment_date IS NOT NULL) AS dated_payment_count FROM build4all_research.payments WHERE payment_status = 'refunded';,f466246b0310bc40bd68e825e6b501486854960a8518ef9928ef88cbe95665aa,False,synthetic_schema_grounded
B4A-FT-050-FRENCH,B4A-FT-050,payments_dated_for_refunded,payments,payments_dated_by_status,medium,refunded,french,train,Quel est le nombre d'enregistrements avec une date de paiement lorsque le statut de paiement est 'refunded' ?,SELECT COUNT(*) FILTER (WHERE payment_date IS NOT NULL) AS dated_payment_count FROM build4all_research.payments WHERE payment_status = 'refunded';,f466246b0310bc40bd68e825e6b501486854960a8518ef9928ef88cbe95665aa,False,synthetic_schema_grounded
B4A-FT-050-LEBANESE_ARABIZI,B4A-FT-050,payments_dated_for_refunded,payments,payments_dated_by_status,medium,refunded,lebanese_arabizi,train,Adde 3adad el records yalli 3enda payment date lama payment status ykoun 'refunded'?,SELECT COUNT(*) FILTER (WHERE payment_date IS NOT NULL) AS dated_payment_count FROM build4all_research.payments WHERE payment_status = 'refunded';,f466246b0310bc40bd68e825e6b501486854960a8518ef9928ef88cbe95665aa,False,synthetic_schema_grounded
B4A-FT-051-ENGLISH,B4A-FT-051,payment_method_count_bank_transfer,payments,payment_method_count,easy,bank_transfer,english,final_test,What is the number of payments made using 'bank_transfer'?,SELECT COUNT(*) AS payment_count FROM build4all_research.payments WHERE payment_method = 'bank_transfer';,62ee96374dd2d95acf14702b1dc2d41a30bc891be82125d8c379363e377cfba3,False,synthetic_schema_grounded
B4A-FT-051-ARABIC,B4A-FT-051,payment_method_count_bank_transfer,payments,payment_method_count,easy,bank_transfer,arabic,final_test,ما عدد عمليات الدفع باستخدام طريقة 'bank_transfer'؟,SELECT COUNT(*) AS payment_count FROM build4all_research.payments WHERE payment_method = 'bank_transfer';,62ee96374dd2d95acf14702b1dc2d41a30bc891be82125d8c379363e377cfba3,False,synthetic_schema_grounded
B4A-FT-051-FRENCH,B4A-FT-051,payment_method_count_bank_transfer,payments,payment_method_count,easy,bank_transfer,french,final_test,Quel est le nombre de paiements effectué avec la méthode 'bank_transfer' ?,SELECT COUNT(*) AS payment_count FROM build4all_research.payments WHERE payment_method = 'bank_transfer';,62ee96374dd2d95acf14702b1dc2d41a30bc891be82125d8c379363e377cfba3,False,synthetic_schema_grounded
B4A-FT-051-LEBANESE_ARABIZI,B4A-FT-051,payment_method_count_bank_transfer,payments,payment_method_count,easy,bank_transfer,lebanese_arabizi,final_test,Adde 3adad el payments bi tari2et 'bank_transfer'?,SELECT COUNT(*) AS payment_count FROM build4all_research.payments WHERE payment_method = 'bank_transfer';,62ee96374dd2d95acf14702b1dc2d41a30bc891be82125d8c379363e377cfba3,False,synthetic_schema_grounded
B4A-FT-052-ENGLISH,B4A-FT-052,payment_method_total_bank_transfer,payments,payment_method_total,easy,bank_transfer,english,train,What is the total recorded amount made using 'bank_transfer'?,"SELECT ROUND(SUM(paid_amount), 2) AS total_paid_amount FROM build4all_research.payments WHERE payment_method = 'bank_transfer';",3fae244443592f768e59f5124f5f59ade1625063c13808048d4bccfd525534aa,False,synthetic_schema_grounded
B4A-FT-052-ARABIC,B4A-FT-052,payment_method_total_bank_transfer,payments,payment_method_total,easy,bank_transfer,arabic,train,ما إجمالي المبلغ المسجل باستخدام طريقة 'bank_transfer'؟,"SELECT ROUND(SUM(paid_amount), 2) AS total_paid_amount FROM build4all_research.payments WHERE payment_method = 'bank_transfer';",3fae244443592f768e59f5124f5f59ade1625063c13808048d4bccfd525534aa,False,synthetic_schema_grounded
B4A-FT-052-FRENCH,B4A-FT-052,payment_method_total_bank_transfer,payments,payment_method_total,easy,bank_transfer,french,train,Quel est le montant total enregistré effectué avec la méthode 'bank_transfer' ?,"SELECT ROUND(SUM(paid_amount), 2) AS total_paid_amount FROM build4all_research.payments WHERE payment_method = 'bank_transfer';",3fae244443592f768e59f5124f5f59ade1625063c13808048d4bccfd525534aa,False,synthetic_schema_grounded
B4A-FT-052-LEBANESE_ARABIZI,B4A-FT-052,payment_method_total_bank_transfer,payments,payment_method_total,easy,bank_transfer,lebanese_arabizi,train,Adde majmou3 el amount bi tari2et 'bank_transfer'?,"SELECT ROUND(SUM(paid_amount), 2) AS total_paid_amount FROM build4all_research.payments WHERE payment_method = 'bank_transfer';",3fae244443592f768e59f5124f5f59ade1625063c13808048d4bccfd525534aa,False,synthetic_schema_grounded
B4A-FT-053-ENGLISH,B4A-FT-053,payment_method_average_bank_transfer,payments,payment_method_average,medium,bank_transfer,english,train,What is the average recorded amount made using 'bank_transfer'?,"SELECT ROUND(AVG(paid_amount), 2) AS average_paid_amount FROM build4all_research.payments WHERE payment_method = 'bank_transfer';",e9966da34ae171009beefbe3ce819942cee1a98d25bb3bb6a8e17639b011c8dc,False,synthetic_schema_grounded
B4A-FT-053-ARABIC,B4A-FT-053,payment_method_average_bank_transfer,payments,payment_method_average,medium,bank_transfer,arabic,train,ما متوسط المبلغ المسجل باستخدام طريقة 'bank_transfer'؟,"SELECT ROUND(AVG(paid_amount), 2) AS average_paid_amount FROM build4all_research.payments WHERE payment_method = 'bank_transfer';",e9966da34ae171009beefbe3ce819942cee1a98d25bb3bb6a8e17639b011c8dc,False,synthetic_schema_grounded
B4A-FT-053-FRENCH,B4A-FT-053,payment_method_average_bank_transfer,payments,payment_method_average,medium,bank_transfer,french,train,Quel est le montant moyen enregistré effectué avec la méthode 'bank_transfer' ?,"SELECT ROUND(AVG(paid_amount), 2) AS average_paid_amount FROM build4all_research.payments WHERE payment_method = 'bank_transfer';",e9966da34ae171009beefbe3ce819942cee1a98d25bb3bb6a8e17639b011c8dc,False,synthetic_schema_grounded
B4A-FT-053-LEBANESE_ARABIZI,B4A-FT-053,payment_method_average_bank_transfer,payments,payment_method_average,medium,bank_transfer,lebanese_arabizi,train,Adde moutawassit el amount bi tari2et 'bank_transfer'?,"SELECT ROUND(AVG(paid_amount), 2) AS average_paid_amount FROM build4all_research.payments WHERE payment_method = 'bank_transfer';",e9966da34ae171009beefbe3ce819942cee1a98d25bb3bb6a8e17639b011c8dc,False,synthetic_schema_grounded
B4A-FT-054-ENGLISH,B4A-FT-054,payment_method_paid_count_bank_transfer,payments,payment_method_paid_count,medium,bank_transfer,english,train,What is the number of successful paid payments made using 'bank_transfer'?,SELECT COUNT(*) AS paid_payment_count FROM build4all_research.payments WHERE payment_method = 'bank_transfer' AND payment_status = 'paid';,c5ed9818df935e61798b1e7d019654f4bf309082f97e02afc3036032b1ca1a9a,False,synthetic_schema_grounded
B4A-FT-054-ARABIC,B4A-FT-054,payment_method_paid_count_bank_transfer,payments,payment_method_paid_count,medium,bank_transfer,arabic,train,ما عدد المدفوعات الناجحة باستخدام طريقة 'bank_transfer'؟,SELECT COUNT(*) AS paid_payment_count FROM build4all_research.payments WHERE payment_method = 'bank_transfer' AND payment_status = 'paid';,c5ed9818df935e61798b1e7d019654f4bf309082f97e02afc3036032b1ca1a9a,False,synthetic_schema_grounded
B4A-FT-054-FRENCH,B4A-FT-054,payment_method_paid_count_bank_transfer,payments,payment_method_paid_count,medium,bank_transfer,french,train,Quel est le nombre de paiements réussis effectué avec la méthode 'bank_transfer' ?,SELECT COUNT(*) AS paid_payment_count FROM build4all_research.payments WHERE payment_method = 'bank_transfer' AND payment_status = 'paid';,c5ed9818df935e61798b1e7d019654f4bf309082f97e02afc3036032b1ca1a9a,False,synthetic_schema_grounded
B4A-FT-054-LEBANESE_ARABIZI,B4A-FT-054,payment_method_paid_count_bank_transfer,payments,payment_method_paid_count,medium,bank_transfer,lebanese_arabizi,train,Adde 3adad el payments el paid bi tari2et 'bank_transfer'?,SELECT COUNT(*) AS paid_payment_count FROM build4all_research.payments WHERE payment_method = 'bank_transfer' AND payment_status = 'paid';,c5ed9818df935e61798b1e7d019654f4bf309082f97e02afc3036032b1ca1a9a,False,synthetic_schema_grounded
B4A-FT-055-ENGLISH,B4A-FT-055,payment_method_paid_total_bank_transfer,payments,payment_method_paid_total,medium,bank_transfer,english,validation,What is the total amount of successful paid payments made using 'bank_transfer'?,"SELECT ROUND(SUM(paid_amount), 2) AS paid_total_amount FROM build4all_research.payments WHERE payment_method = 'bank_transfer' AND payment_status = 'paid';",c17bb5fe4a8e8feb96554c31eebb6c87a2c8d9091f1bf473ef16ec64bbc6cd30,False,synthetic_schema_grounded
B4A-FT-055-ARABIC,B4A-FT-055,payment_method_paid_total_bank_transfer,payments,payment_method_paid_total,medium,bank_transfer,arabic,validation,ما إجمالي المدفوعات الناجحة باستخدام طريقة 'bank_transfer'؟,"SELECT ROUND(SUM(paid_amount), 2) AS paid_total_amount FROM build4all_research.payments WHERE payment_method = 'bank_transfer' AND payment_status = 'paid';",c17bb5fe4a8e8feb96554c31eebb6c87a2c8d9091f1bf473ef16ec64bbc6cd30,False,synthetic_schema_grounded
B4A-FT-055-FRENCH,B4A-FT-055,payment_method_paid_total_bank_transfer,payments,payment_method_paid_total,medium,bank_transfer,french,validation,Quel est le montant total des paiements réussis effectué avec la méthode 'bank_transfer' ?,"SELECT ROUND(SUM(paid_amount), 2) AS paid_total_amount FROM build4all_research.payments WHERE payment_method = 'bank_transfer' AND payment_status = 'paid';",c17bb5fe4a8e8feb96554c31eebb6c87a2c8d9091f1bf473ef16ec64bbc6cd30,False,synthetic_schema_grounded
B4A-FT-055-LEBANESE_ARABIZI,B4A-FT-055,payment_method_paid_total_bank_transfer,payments,payment_method_paid_total,medium,bank_transfer,lebanese_arabizi,validation,Adde majmou3 el paid payments bi tari2et 'bank_transfer'?,"SELECT ROUND(SUM(paid_amount), 2) AS paid_total_amount FROM build4all_research.payments WHERE payment_method = 'bank_transfer' AND payment_status = 'paid';",c17bb5fe4a8e8feb96554c31eebb6c87a2c8d9091f1bf473ef16ec64bbc6cd30,False,synthetic_schema_grounded
B4A-FT-056-ENGLISH,B4A-FT-056,payment_method_count_cash_on_delivery,payments,payment_method_count,easy,cash_on_delivery,english,final_test,What is the number of payments made using 'cash_on_delivery'?,SELECT COUNT(*) AS payment_count FROM build4all_research.payments WHERE payment_method = 'cash_on_delivery';,ec688d2f3290408e7e3b0465b7bdf1a43ebf9b420d9089f6374cb6e46141859e,False,synthetic_schema_grounded
B4A-FT-056-ARABIC,B4A-FT-056,payment_method_count_cash_on_delivery,payments,payment_method_count,easy,cash_on_delivery,arabic,final_test,ما عدد عمليات الدفع باستخدام طريقة 'cash_on_delivery'؟,SELECT COUNT(*) AS payment_count FROM build4all_research.payments WHERE payment_method = 'cash_on_delivery';,ec688d2f3290408e7e3b0465b7bdf1a43ebf9b420d9089f6374cb6e46141859e,False,synthetic_schema_grounded
B4A-FT-056-FRENCH,B4A-FT-056,payment_method_count_cash_on_delivery,payments,payment_method_count,easy,cash_on_delivery,french,final_test,Quel est le nombre de paiements effectué avec la méthode 'cash_on_delivery' ?,SELECT COUNT(*) AS payment_count FROM build4all_research.payments WHERE payment_method = 'cash_on_delivery';,ec688d2f3290408e7e3b0465b7bdf1a43ebf9b420d9089f6374cb6e46141859e,False,synthetic_schema_grounded
B4A-FT-056-LEBANESE_ARABIZI,B4A-FT-056,payment_method_count_cash_on_delivery,payments,payment_method_count,easy,cash_on_delivery,lebanese_arabizi,final_test,Adde 3adad el payments bi tari2et 'cash_on_delivery'?,SELECT COUNT(*) AS payment_count FROM build4all_research.payments WHERE payment_method = 'cash_on_delivery';,ec688d2f3290408e7e3b0465b7bdf1a43ebf9b420d9089f6374cb6e46141859e,False,synthetic_schema_grounded
B4A-FT-057-ENGLISH,B4A-FT-057,payment_method_total_cash_on_delivery,payments,payment_method_total,easy,cash_on_delivery,english,final_test,What is the total recorded amount made using 'cash_on_delivery'?,"SELECT ROUND(SUM(paid_amount), 2) AS total_paid_amount FROM build4all_research.payments WHERE payment_method = 'cash_on_delivery';",b3317393088c496e23fb9b403c884dd2b6d95b926ebcec37e6964b1ce83c71f9,False,synthetic_schema_grounded
B4A-FT-057-ARABIC,B4A-FT-057,payment_method_total_cash_on_delivery,payments,payment_method_total,easy,cash_on_delivery,arabic,final_test,ما إجمالي المبلغ المسجل باستخدام طريقة 'cash_on_delivery'؟,"SELECT ROUND(SUM(paid_amount), 2) AS total_paid_amount FROM build4all_research.payments WHERE payment_method = 'cash_on_delivery';",b3317393088c496e23fb9b403c884dd2b6d95b926ebcec37e6964b1ce83c71f9,False,synthetic_schema_grounded
B4A-FT-057-FRENCH,B4A-FT-057,payment_method_total_cash_on_delivery,payments,payment_method_total,easy,cash_on_delivery,french,final_test,Quel est le montant total enregistré effectué avec la méthode 'cash_on_delivery' ?,"SELECT ROUND(SUM(paid_amount), 2) AS total_paid_amount FROM build4all_research.payments WHERE payment_method = 'cash_on_delivery';",b3317393088c496e23fb9b403c884dd2b6d95b926ebcec37e6964b1ce83c71f9,False,synthetic_schema_grounded
B4A-FT-057-LEBANESE_ARABIZI,B4A-FT-057,payment_method_total_cash_on_delivery,payments,payment_method_total,easy,cash_on_delivery,lebanese_arabizi,final_test,Adde majmou3 el amount bi tari2et 'cash_on_delivery'?,"SELECT ROUND(SUM(paid_amount), 2) AS total_paid_amount FROM build4all_research.payments WHERE payment_method = 'cash_on_delivery';",b3317393088c496e23fb9b403c884dd2b6d95b926ebcec37e6964b1ce83c71f9,False,synthetic_schema_grounded
B4A-FT-058-ENGLISH,B4A-FT-058,payment_method_average_cash_on_delivery,payments,payment_method_average,medium,cash_on_delivery,english,final_test,What is the average recorded amount made using 'cash_on_delivery'?,"SELECT ROUND(AVG(paid_amount), 2) AS average_paid_amount FROM build4all_research.payments WHERE payment_method = 'cash_on_delivery';",7cef8cbe4d0ae7aca8b850df5541f6f8b999a91147781e56d9912629c7fd716b,False,synthetic_schema_grounded
B4A-FT-058-ARABIC,B4A-FT-058,payment_method_average_cash_on_delivery,payments,payment_method_average,medium,cash_on_delivery,arabic,final_test,ما متوسط المبلغ المسجل باستخدام طريقة 'cash_on_delivery'؟,"SELECT ROUND(AVG(paid_amount), 2) AS average_paid_amount FROM build4all_research.payments WHERE payment_method = 'cash_on_delivery';",7cef8cbe4d0ae7aca8b850df5541f6f8b999a91147781e56d9912629c7fd716b,False,synthetic_schema_grounded
B4A-FT-058-FRENCH,B4A-FT-058,payment_method_average_cash_on_delivery,payments,payment_method_average,medium,cash_on_delivery,french,final_test,Quel est le montant moyen enregistré effectué avec la méthode 'cash_on_delivery' ?,"SELECT ROUND(AVG(paid_amount), 2) AS average_paid_amount FROM build4all_research.payments WHERE payment_method = 'cash_on_delivery';",7cef8cbe4d0ae7aca8b850df5541f6f8b999a91147781e56d9912629c7fd716b,False,synthetic_schema_grounded
B4A-FT-058-LEBANESE_ARABIZI,B4A-FT-058,payment_method_average_cash_on_delivery,payments,payment_method_average,medium,cash_on_delivery,lebanese_arabizi,final_test,Adde moutawassit el amount bi tari2et 'cash_on_delivery'?,"SELECT ROUND(AVG(paid_amount), 2) AS average_paid_amount FROM build4all_research.payments WHERE payment_method = 'cash_on_delivery';",7cef8cbe4d0ae7aca8b850df5541f6f8b999a91147781e56d9912629c7fd716b,False,synthetic_schema_grounded
B4A-FT-059-ENGLISH,B4A-FT-059,payment_method_paid_count_cash_on_delivery,payments,payment_method_paid_count,medium,cash_on_delivery,english,validation,What is the number of successful paid payments made using 'cash_on_delivery'?,SELECT COUNT(*) AS paid_payment_count FROM build4all_research.payments WHERE payment_method = 'cash_on_delivery' AND payment_status = 'paid';,8b8aeed5355a43c59b9689d79d6ac041cfbf477ce96a0baccfe1f722b1a8b87c,False,synthetic_schema_grounded
B4A-FT-059-ARABIC,B4A-FT-059,payment_method_paid_count_cash_on_delivery,payments,payment_method_paid_count,medium,cash_on_delivery,arabic,validation,ما عدد المدفوعات الناجحة باستخدام طريقة 'cash_on_delivery'؟,SELECT COUNT(*) AS paid_payment_count FROM build4all_research.payments WHERE payment_method = 'cash_on_delivery' AND payment_status = 'paid';,8b8aeed5355a43c59b9689d79d6ac041cfbf477ce96a0baccfe1f722b1a8b87c,False,synthetic_schema_grounded
B4A-FT-059-FRENCH,B4A-FT-059,payment_method_paid_count_cash_on_delivery,payments,payment_method_paid_count,medium,cash_on_delivery,french,validation,Quel est le nombre de paiements réussis effectué avec la méthode 'cash_on_delivery' ?,SELECT COUNT(*) AS paid_payment_count FROM build4all_research.payments WHERE payment_method = 'cash_on_delivery' AND payment_status = 'paid';,8b8aeed5355a43c59b9689d79d6ac041cfbf477ce96a0baccfe1f722b1a8b87c,False,synthetic_schema_grounded
B4A-FT-059-LEBANESE_ARABIZI,B4A-FT-059,payment_method_paid_count_cash_on_delivery,payments,payment_method_paid_count,medium,cash_on_delivery,lebanese_arabizi,validation,Adde 3adad el payments el paid bi tari2et 'cash_on_delivery'?,SELECT COUNT(*) AS paid_payment_count FROM build4all_research.payments WHERE payment_method = 'cash_on_delivery' AND payment_status = 'paid';,8b8aeed5355a43c59b9689d79d6ac041cfbf477ce96a0baccfe1f722b1a8b87c,False,synthetic_schema_grounded
B4A-FT-060-ENGLISH,B4A-FT-060,payment_method_paid_total_cash_on_delivery,payments,payment_method_paid_total,medium,cash_on_delivery,english,final_test,What is the total amount of successful paid payments made using 'cash_on_delivery'?,"SELECT ROUND(SUM(paid_amount), 2) AS paid_total_amount FROM build4all_research.payments WHERE payment_method = 'cash_on_delivery' AND payment_status = 'paid';",3cd6b412a824017fdc0d9d23e85c162d1023300ce0764c6aa32caf0e6aba30ff,False,synthetic_schema_grounded
B4A-FT-060-ARABIC,B4A-FT-060,payment_method_paid_total_cash_on_delivery,payments,payment_method_paid_total,medium,cash_on_delivery,arabic,final_test,ما إجمالي المدفوعات الناجحة باستخدام طريقة 'cash_on_delivery'؟,"SELECT ROUND(SUM(paid_amount), 2) AS paid_total_amount FROM build4all_research.payments WHERE payment_method = 'cash_on_delivery' AND payment_status = 'paid';",3cd6b412a824017fdc0d9d23e85c162d1023300ce0764c6aa32caf0e6aba30ff,False,synthetic_schema_grounded
B4A-FT-060-FRENCH,B4A-FT-060,payment_method_paid_total_cash_on_delivery,payments,payment_method_paid_total,medium,cash_on_delivery,french,final_test,Quel est le montant total des paiements réussis effectué avec la méthode 'cash_on_delivery' ?,"SELECT ROUND(SUM(paid_amount), 2) AS paid_total_amount FROM build4all_research.payments WHERE payment_method = 'cash_on_delivery' AND payment_status = 'paid';",3cd6b412a824017fdc0d9d23e85c162d1023300ce0764c6aa32caf0e6aba30ff,False,synthetic_schema_grounded
B4A-FT-060-LEBANESE_ARABIZI,B4A-FT-060,payment_method_paid_total_cash_on_delivery,payments,payment_method_paid_total,medium,cash_on_delivery,lebanese_arabizi,final_test,Adde majmou3 el paid payments bi tari2et 'cash_on_delivery'?,"SELECT ROUND(SUM(paid_amount), 2) AS paid_total_amount FROM build4all_research.payments WHERE payment_method = 'cash_on_delivery' AND payment_status = 'paid';",3cd6b412a824017fdc0d9d23e85c162d1023300ce0764c6aa32caf0e6aba30ff,False,synthetic_schema_grounded
B4A-FT-061-ENGLISH,B4A-FT-061,payment_method_count_credit_card,payments,payment_method_count,easy,credit_card,english,train,What is the number of payments made using 'credit_card'?,SELECT COUNT(*) AS payment_count FROM build4all_research.payments WHERE payment_method = 'credit_card';,ce88f90467e34ae8a17ebe2e860632acbf06fec677a55511383bbc2a4f11d32a,False,synthetic_schema_grounded
B4A-FT-061-ARABIC,B4A-FT-061,payment_method_count_credit_card,payments,payment_method_count,easy,credit_card,arabic,train,ما عدد عمليات الدفع باستخدام طريقة 'credit_card'؟,SELECT COUNT(*) AS payment_count FROM build4all_research.payments WHERE payment_method = 'credit_card';,ce88f90467e34ae8a17ebe2e860632acbf06fec677a55511383bbc2a4f11d32a,False,synthetic_schema_grounded
B4A-FT-061-FRENCH,B4A-FT-061,payment_method_count_credit_card,payments,payment_method_count,easy,credit_card,french,train,Quel est le nombre de paiements effectué avec la méthode 'credit_card' ?,SELECT COUNT(*) AS payment_count FROM build4all_research.payments WHERE payment_method = 'credit_card';,ce88f90467e34ae8a17ebe2e860632acbf06fec677a55511383bbc2a4f11d32a,False,synthetic_schema_grounded
B4A-FT-061-LEBANESE_ARABIZI,B4A-FT-061,payment_method_count_credit_card,payments,payment_method_count,easy,credit_card,lebanese_arabizi,train,Adde 3adad el payments bi tari2et 'credit_card'?,SELECT COUNT(*) AS payment_count FROM build4all_research.payments WHERE payment_method = 'credit_card';,ce88f90467e34ae8a17ebe2e860632acbf06fec677a55511383bbc2a4f11d32a,False,synthetic_schema_grounded
B4A-FT-062-ENGLISH,B4A-FT-062,payment_method_total_credit_card,payments,payment_method_total,easy,credit_card,english,train,What is the total recorded amount made using 'credit_card'?,"SELECT ROUND(SUM(paid_amount), 2) AS total_paid_amount FROM build4all_research.payments WHERE payment_method = 'credit_card';",3d993b930ab810cddcd45047b1f4d13c824a18a0385c3ee6a1982a6dece95903,False,synthetic_schema_grounded
B4A-FT-062-ARABIC,B4A-FT-062,payment_method_total_credit_card,payments,payment_method_total,easy,credit_card,arabic,train,ما إجمالي المبلغ المسجل باستخدام طريقة 'credit_card'؟,"SELECT ROUND(SUM(paid_amount), 2) AS total_paid_amount FROM build4all_research.payments WHERE payment_method = 'credit_card';",3d993b930ab810cddcd45047b1f4d13c824a18a0385c3ee6a1982a6dece95903,False,synthetic_schema_grounded
B4A-FT-062-FRENCH,B4A-FT-062,payment_method_total_credit_card,payments,payment_method_total,easy,credit_card,french,train,Quel est le montant total enregistré effectué avec la méthode 'credit_card' ?,"SELECT ROUND(SUM(paid_amount), 2) AS total_paid_amount FROM build4all_research.payments WHERE payment_method = 'credit_card';",3d993b930ab810cddcd45047b1f4d13c824a18a0385c3ee6a1982a6dece95903,False,synthetic_schema_grounded
B4A-FT-062-LEBANESE_ARABIZI,B4A-FT-062,payment_method_total_credit_card,payments,payment_method_total,easy,credit_card,lebanese_arabizi,train,Adde majmou3 el amount bi tari2et 'credit_card'?,"SELECT ROUND(SUM(paid_amount), 2) AS total_paid_amount FROM build4all_research.payments WHERE payment_method = 'credit_card';",3d993b930ab810cddcd45047b1f4d13c824a18a0385c3ee6a1982a6dece95903,False,synthetic_schema_grounded
B4A-FT-063-ENGLISH,B4A-FT-063,payment_method_average_credit_card,payments,payment_method_average,medium,credit_card,english,final_test,What is the average recorded amount made using 'credit_card'?,"SELECT ROUND(AVG(paid_amount), 2) AS average_paid_amount FROM build4all_research.payments WHERE payment_method = 'credit_card';",a131fad52cfd8f8ccb2151217ca594005e52bc734b4d96567062a60b95b88beb,False,synthetic_schema_grounded
B4A-FT-063-ARABIC,B4A-FT-063,payment_method_average_credit_card,payments,payment_method_average,medium,credit_card,arabic,final_test,ما متوسط المبلغ المسجل باستخدام طريقة 'credit_card'؟,"SELECT ROUND(AVG(paid_amount), 2) AS average_paid_amount FROM build4all_research.payments WHERE payment_method = 'credit_card';",a131fad52cfd8f8ccb2151217ca594005e52bc734b4d96567062a60b95b88beb,False,synthetic_schema_grounded
B4A-FT-063-FRENCH,B4A-FT-063,payment_method_average_credit_card,payments,payment_method_average,medium,credit_card,french,final_test,Quel est le montant moyen enregistré effectué avec la méthode 'credit_card' ?,"SELECT ROUND(AVG(paid_amount), 2) AS average_paid_amount FROM build4all_research.payments WHERE payment_method = 'credit_card';",a131fad52cfd8f8ccb2151217ca594005e52bc734b4d96567062a60b95b88beb,False,synthetic_schema_grounded
B4A-FT-063-LEBANESE_ARABIZI,B4A-FT-063,payment_method_average_credit_card,payments,payment_method_average,medium,credit_card,lebanese_arabizi,final_test,Adde moutawassit el amount bi tari2et 'credit_card'?,"SELECT ROUND(AVG(paid_amount), 2) AS average_paid_amount FROM build4all_research.payments WHERE payment_method = 'credit_card';",a131fad52cfd8f8ccb2151217ca594005e52bc734b4d96567062a60b95b88beb,False,synthetic_schema_grounded
B4A-FT-064-ENGLISH,B4A-FT-064,payment_method_paid_count_credit_card,payments,payment_method_paid_count,medium,credit_card,english,train,What is the number of successful paid payments made using 'credit_card'?,SELECT COUNT(*) AS paid_payment_count FROM build4all_research.payments WHERE payment_method = 'credit_card' AND payment_status = 'paid';,bc2de038f87be355dfa1107a811de63b8c76ba157813fa41d8db62c420bf0811,False,synthetic_schema_grounded
B4A-FT-064-ARABIC,B4A-FT-064,payment_method_paid_count_credit_card,payments,payment_method_paid_count,medium,credit_card,arabic,train,ما عدد المدفوعات الناجحة باستخدام طريقة 'credit_card'؟,SELECT COUNT(*) AS paid_payment_count FROM build4all_research.payments WHERE payment_method = 'credit_card' AND payment_status = 'paid';,bc2de038f87be355dfa1107a811de63b8c76ba157813fa41d8db62c420bf0811,False,synthetic_schema_grounded
B4A-FT-064-FRENCH,B4A-FT-064,payment_method_paid_count_credit_card,payments,payment_method_paid_count,medium,credit_card,french,train,Quel est le nombre de paiements réussis effectué avec la méthode 'credit_card' ?,SELECT COUNT(*) AS paid_payment_count FROM build4all_research.payments WHERE payment_method = 'credit_card' AND payment_status = 'paid';,bc2de038f87be355dfa1107a811de63b8c76ba157813fa41d8db62c420bf0811,False,synthetic_schema_grounded
B4A-FT-064-LEBANESE_ARABIZI,B4A-FT-064,payment_method_paid_count_credit_card,payments,payment_method_paid_count,medium,credit_card,lebanese_arabizi,train,Adde 3adad el payments el paid bi tari2et 'credit_card'?,SELECT COUNT(*) AS paid_payment_count FROM build4all_research.payments WHERE payment_method = 'credit_card' AND payment_status = 'paid';,bc2de038f87be355dfa1107a811de63b8c76ba157813fa41d8db62c420bf0811,False,synthetic_schema_grounded
B4A-FT-065-ENGLISH,B4A-FT-065,payment_method_paid_total_credit_card,payments,payment_method_paid_total,medium,credit_card,english,train,What is the total amount of successful paid payments made using 'credit_card'?,"SELECT ROUND(SUM(paid_amount), 2) AS paid_total_amount FROM build4all_research.payments WHERE payment_method = 'credit_card' AND payment_status = 'paid';",4c1096a7e030b1bbef98b7531c8bb43f1520a0c8435781238d2b7e745ea54d2e,False,synthetic_schema_grounded
B4A-FT-065-ARABIC,B4A-FT-065,payment_method_paid_total_credit_card,payments,payment_method_paid_total,medium,credit_card,arabic,train,ما إجمالي المدفوعات الناجحة باستخدام طريقة 'credit_card'؟,"SELECT ROUND(SUM(paid_amount), 2) AS paid_total_amount FROM build4all_research.payments WHERE payment_method = 'credit_card' AND payment_status = 'paid';",4c1096a7e030b1bbef98b7531c8bb43f1520a0c8435781238d2b7e745ea54d2e,False,synthetic_schema_grounded
B4A-FT-065-FRENCH,B4A-FT-065,payment_method_paid_total_credit_card,payments,payment_method_paid_total,medium,credit_card,french,train,Quel est le montant total des paiements réussis effectué avec la méthode 'credit_card' ?,"SELECT ROUND(SUM(paid_amount), 2) AS paid_total_amount FROM build4all_research.payments WHERE payment_method = 'credit_card' AND payment_status = 'paid';",4c1096a7e030b1bbef98b7531c8bb43f1520a0c8435781238d2b7e745ea54d2e,False,synthetic_schema_grounded
B4A-FT-065-LEBANESE_ARABIZI,B4A-FT-065,payment_method_paid_total_credit_card,payments,payment_method_paid_total,medium,credit_card,lebanese_arabizi,train,Adde majmou3 el paid payments bi tari2et 'credit_card'?,"SELECT ROUND(SUM(paid_amount), 2) AS paid_total_amount FROM build4all_research.payments WHERE payment_method = 'credit_card' AND payment_status = 'paid';",4c1096a7e030b1bbef98b7531c8bb43f1520a0c8435781238d2b7e745ea54d2e,False,synthetic_schema_grounded
B4A-FT-066-ENGLISH,B4A-FT-066,payment_method_count_debit_card,payments,payment_method_count,easy,debit_card,english,train,What is the number of payments made using 'debit_card'?,SELECT COUNT(*) AS payment_count FROM build4all_research.payments WHERE payment_method = 'debit_card';,9681c4453dbd92784530480610753b1a818a5dccc1284eafb9ebb535a1447768,False,synthetic_schema_grounded
B4A-FT-066-ARABIC,B4A-FT-066,payment_method_count_debit_card,payments,payment_method_count,easy,debit_card,arabic,train,ما عدد عمليات الدفع باستخدام طريقة 'debit_card'؟,SELECT COUNT(*) AS payment_count FROM build4all_research.payments WHERE payment_method = 'debit_card';,9681c4453dbd92784530480610753b1a818a5dccc1284eafb9ebb535a1447768,False,synthetic_schema_grounded
B4A-FT-066-FRENCH,B4A-FT-066,payment_method_count_debit_card,payments,payment_method_count,easy,debit_card,french,train,Quel est le nombre de paiements effectué avec la méthode 'debit_card' ?,SELECT COUNT(*) AS payment_count FROM build4all_research.payments WHERE payment_method = 'debit_card';,9681c4453dbd92784530480610753b1a818a5dccc1284eafb9ebb535a1447768,False,synthetic_schema_grounded
B4A-FT-066-LEBANESE_ARABIZI,B4A-FT-066,payment_method_count_debit_card,payments,payment_method_count,easy,debit_card,lebanese_arabizi,train,Adde 3adad el payments bi tari2et 'debit_card'?,SELECT COUNT(*) AS payment_count FROM build4all_research.payments WHERE payment_method = 'debit_card';,9681c4453dbd92784530480610753b1a818a5dccc1284eafb9ebb535a1447768,False,synthetic_schema_grounded
B4A-FT-067-ENGLISH,B4A-FT-067,payment_method_total_debit_card,payments,payment_method_total,easy,debit_card,english,train,What is the total recorded amount made using 'debit_card'?,"SELECT ROUND(SUM(paid_amount), 2) AS total_paid_amount FROM build4all_research.payments WHERE payment_method = 'debit_card';",9fe70f6c417d61ca29b3b9baf9cce39a6586042824f45599c3a1668ea6ac8051,False,synthetic_schema_grounded
B4A-FT-067-ARABIC,B4A-FT-067,payment_method_total_debit_card,payments,payment_method_total,easy,debit_card,arabic,train,ما إجمالي المبلغ المسجل باستخدام طريقة 'debit_card'؟,"SELECT ROUND(SUM(paid_amount), 2) AS total_paid_amount FROM build4all_research.payments WHERE payment_method = 'debit_card';",9fe70f6c417d61ca29b3b9baf9cce39a6586042824f45599c3a1668ea6ac8051,False,synthetic_schema_grounded
B4A-FT-067-FRENCH,B4A-FT-067,payment_method_total_debit_card,payments,payment_method_total,easy,debit_card,french,train,Quel est le montant total enregistré effectué avec la méthode 'debit_card' ?,"SELECT ROUND(SUM(paid_amount), 2) AS total_paid_amount FROM build4all_research.payments WHERE payment_method = 'debit_card';",9fe70f6c417d61ca29b3b9baf9cce39a6586042824f45599c3a1668ea6ac8051,False,synthetic_schema_grounded
B4A-FT-067-LEBANESE_ARABIZI,B4A-FT-067,payment_method_total_debit_card,payments,payment_method_total,easy,debit_card,lebanese_arabizi,train,Adde majmou3 el amount bi tari2et 'debit_card'?,"SELECT ROUND(SUM(paid_amount), 2) AS total_paid_amount FROM build4all_research.payments WHERE payment_method = 'debit_card';",9fe70f6c417d61ca29b3b9baf9cce39a6586042824f45599c3a1668ea6ac8051,False,synthetic_schema_grounded
B4A-FT-068-ENGLISH,B4A-FT-068,payment_method_average_debit_card,payments,payment_method_average,medium,debit_card,english,train,What is the average recorded amount made using 'debit_card'?,"SELECT ROUND(AVG(paid_amount), 2) AS average_paid_amount FROM build4all_research.payments WHERE payment_method = 'debit_card';",2082e340f92cdd79e6b30282d0d763f5c77209f3577facd96e699619f0596ada,False,synthetic_schema_grounded
B4A-FT-068-ARABIC,B4A-FT-068,payment_method_average_debit_card,payments,payment_method_average,medium,debit_card,arabic,train,ما متوسط المبلغ المسجل باستخدام طريقة 'debit_card'؟,"SELECT ROUND(AVG(paid_amount), 2) AS average_paid_amount FROM build4all_research.payments WHERE payment_method = 'debit_card';",2082e340f92cdd79e6b30282d0d763f5c77209f3577facd96e699619f0596ada,False,synthetic_schema_grounded
B4A-FT-068-FRENCH,B4A-FT-068,payment_method_average_debit_card,payments,payment_method_average,medium,debit_card,french,train,Quel est le montant moyen enregistré effectué avec la méthode 'debit_card' ?,"SELECT ROUND(AVG(paid_amount), 2) AS average_paid_amount FROM build4all_research.payments WHERE payment_method = 'debit_card';",2082e340f92cdd79e6b30282d0d763f5c77209f3577facd96e699619f0596ada,False,synthetic_schema_grounded
B4A-FT-068-LEBANESE_ARABIZI,B4A-FT-068,payment_method_average_debit_card,payments,payment_method_average,medium,debit_card,lebanese_arabizi,train,Adde moutawassit el amount bi tari2et 'debit_card'?,"SELECT ROUND(AVG(paid_amount), 2) AS average_paid_amount FROM build4all_research.payments WHERE payment_method = 'debit_card';",2082e340f92cdd79e6b30282d0d763f5c77209f3577facd96e699619f0596ada,False,synthetic_schema_grounded
B4A-FT-069-ENGLISH,B4A-FT-069,payment_method_paid_count_debit_card,payments,payment_method_paid_count,medium,debit_card,english,validation,What is the number of successful paid payments made using 'debit_card'?,SELECT COUNT(*) AS paid_payment_count FROM build4all_research.payments WHERE payment_method = 'debit_card' AND payment_status = 'paid';,5635f90617e242b16164f2811ee6bff954c1d2696b5002a456a739721cad4fe6,False,synthetic_schema_grounded
B4A-FT-069-ARABIC,B4A-FT-069,payment_method_paid_count_debit_card,payments,payment_method_paid_count,medium,debit_card,arabic,validation,ما عدد المدفوعات الناجحة باستخدام طريقة 'debit_card'؟,SELECT COUNT(*) AS paid_payment_count FROM build4all_research.payments WHERE payment_method = 'debit_card' AND payment_status = 'paid';,5635f90617e242b16164f2811ee6bff954c1d2696b5002a456a739721cad4fe6,False,synthetic_schema_grounded
B4A-FT-069-FRENCH,B4A-FT-069,payment_method_paid_count_debit_card,payments,payment_method_paid_count,medium,debit_card,french,validation,Quel est le nombre de paiements réussis effectué avec la méthode 'debit_card' ?,SELECT COUNT(*) AS paid_payment_count FROM build4all_research.payments WHERE payment_method = 'debit_card' AND payment_status = 'paid';,5635f90617e242b16164f2811ee6bff954c1d2696b5002a456a739721cad4fe6,False,synthetic_schema_grounded
B4A-FT-069-LEBANESE_ARABIZI,B4A-FT-069,payment_method_paid_count_debit_card,payments,payment_method_paid_count,medium,debit_card,lebanese_arabizi,validation,Adde 3adad el payments el paid bi tari2et 'debit_card'?,SELECT COUNT(*) AS paid_payment_count FROM build4all_research.payments WHERE payment_method = 'debit_card' AND payment_status = 'paid';,5635f90617e242b16164f2811ee6bff954c1d2696b5002a456a739721cad4fe6,False,synthetic_schema_grounded
B4A-FT-070-ENGLISH,B4A-FT-070,payment_method_paid_total_debit_card,payments,payment_method_paid_total,medium,debit_card,english,train,What is the total amount of successful paid payments made using 'debit_card'?,"SELECT ROUND(SUM(paid_amount), 2) AS paid_total_amount FROM build4all_research.payments WHERE payment_method = 'debit_card' AND payment_status = 'paid';",808cf7e0089fd08b7662b6187afe562e5f3c5ee5c3d303e1f9fd0d00f1979a77,False,synthetic_schema_grounded
B4A-FT-070-ARABIC,B4A-FT-070,payment_method_paid_total_debit_card,payments,payment_method_paid_total,medium,debit_card,arabic,train,ما إجمالي المدفوعات الناجحة باستخدام طريقة 'debit_card'؟,"SELECT ROUND(SUM(paid_amount), 2) AS paid_total_amount FROM build4all_research.payments WHERE payment_method = 'debit_card' AND payment_status = 'paid';",808cf7e0089fd08b7662b6187afe562e5f3c5ee5c3d303e1f9fd0d00f1979a77,False,synthetic_schema_grounded
B4A-FT-070-FRENCH,B4A-FT-070,payment_method_paid_total_debit_card,payments,payment_method_paid_total,medium,debit_card,french,train,Quel est le montant total des paiements réussis effectué avec la méthode 'debit_card' ?,"SELECT ROUND(SUM(paid_amount), 2) AS paid_total_amount FROM build4all_research.payments WHERE payment_method = 'debit_card' AND payment_status = 'paid';",808cf7e0089fd08b7662b6187afe562e5f3c5ee5c3d303e1f9fd0d00f1979a77,False,synthetic_schema_grounded
B4A-FT-070-LEBANESE_ARABIZI,B4A-FT-070,payment_method_paid_total_debit_card,payments,payment_method_paid_total,medium,debit_card,lebanese_arabizi,train,Adde majmou3 el paid payments bi tari2et 'debit_card'?,"SELECT ROUND(SUM(paid_amount), 2) AS paid_total_amount FROM build4all_research.payments WHERE payment_method = 'debit_card' AND payment_status = 'paid';",808cf7e0089fd08b7662b6187afe562e5f3c5ee5c3d303e1f9fd0d00f1979a77,False,synthetic_schema_grounded
B4A-FT-071-ENGLISH,B4A-FT-071,payment_method_count_digital_wallet,payments,payment_method_count,easy,digital_wallet,english,final_test,What is the number of payments made using 'digital_wallet'?,SELECT COUNT(*) AS payment_count FROM build4all_research.payments WHERE payment_method = 'digital_wallet';,e5e84bb8edb8dd68260aa8e19558a580cec10be73b5ef336c57592393cd3ae4e,False,synthetic_schema_grounded
B4A-FT-071-ARABIC,B4A-FT-071,payment_method_count_digital_wallet,payments,payment_method_count,easy,digital_wallet,arabic,final_test,ما عدد عمليات الدفع باستخدام طريقة 'digital_wallet'؟,SELECT COUNT(*) AS payment_count FROM build4all_research.payments WHERE payment_method = 'digital_wallet';,e5e84bb8edb8dd68260aa8e19558a580cec10be73b5ef336c57592393cd3ae4e,False,synthetic_schema_grounded
B4A-FT-071-FRENCH,B4A-FT-071,payment_method_count_digital_wallet,payments,payment_method_count,easy,digital_wallet,french,final_test,Quel est le nombre de paiements effectué avec la méthode 'digital_wallet' ?,SELECT COUNT(*) AS payment_count FROM build4all_research.payments WHERE payment_method = 'digital_wallet';,e5e84bb8edb8dd68260aa8e19558a580cec10be73b5ef336c57592393cd3ae4e,False,synthetic_schema_grounded
B4A-FT-071-LEBANESE_ARABIZI,B4A-FT-071,payment_method_count_digital_wallet,payments,payment_method_count,easy,digital_wallet,lebanese_arabizi,final_test,Adde 3adad el payments bi tari2et 'digital_wallet'?,SELECT COUNT(*) AS payment_count FROM build4all_research.payments WHERE payment_method = 'digital_wallet';,e5e84bb8edb8dd68260aa8e19558a580cec10be73b5ef336c57592393cd3ae4e,False,synthetic_schema_grounded
B4A-FT-072-ENGLISH,B4A-FT-072,payment_method_total_digital_wallet,payments,payment_method_total,easy,digital_wallet,english,final_test,What is the total recorded amount made using 'digital_wallet'?,"SELECT ROUND(SUM(paid_amount), 2) AS total_paid_amount FROM build4all_research.payments WHERE payment_method = 'digital_wallet';",a65b74234890f8c6525963454f4f4d66f31b7b653459fb42ab698d082cd6b31d,False,synthetic_schema_grounded
B4A-FT-072-ARABIC,B4A-FT-072,payment_method_total_digital_wallet,payments,payment_method_total,easy,digital_wallet,arabic,final_test,ما إجمالي المبلغ المسجل باستخدام طريقة 'digital_wallet'؟,"SELECT ROUND(SUM(paid_amount), 2) AS total_paid_amount FROM build4all_research.payments WHERE payment_method = 'digital_wallet';",a65b74234890f8c6525963454f4f4d66f31b7b653459fb42ab698d082cd6b31d,False,synthetic_schema_grounded
B4A-FT-072-FRENCH,B4A-FT-072,payment_method_total_digital_wallet,payments,payment_method_total,easy,digital_wallet,french,final_test,Quel est le montant total enregistré effectué avec la méthode 'digital_wallet' ?,"SELECT ROUND(SUM(paid_amount), 2) AS total_paid_amount FROM build4all_research.payments WHERE payment_method = 'digital_wallet';",a65b74234890f8c6525963454f4f4d66f31b7b653459fb42ab698d082cd6b31d,False,synthetic_schema_grounded
B4A-FT-072-LEBANESE_ARABIZI,B4A-FT-072,payment_method_total_digital_wallet,payments,payment_method_total,easy,digital_wallet,lebanese_arabizi,final_test,Adde majmou3 el amount bi tari2et 'digital_wallet'?,"SELECT ROUND(SUM(paid_amount), 2) AS total_paid_amount FROM build4all_research.payments WHERE payment_method = 'digital_wallet';",a65b74234890f8c6525963454f4f4d66f31b7b653459fb42ab698d082cd6b31d,False,synthetic_schema_grounded
B4A-FT-073-ENGLISH,B4A-FT-073,payment_method_average_digital_wallet,payments,payment_method_average,medium,digital_wallet,english,train,What is the average recorded amount made using 'digital_wallet'?,"SELECT ROUND(AVG(paid_amount), 2) AS average_paid_amount FROM build4all_research.payments WHERE payment_method = 'digital_wallet';",00444fc6b29cbc1a6d501091110668750241282ff93a07b41eedb0c7dea65e37,False,synthetic_schema_grounded
B4A-FT-073-ARABIC,B4A-FT-073,payment_method_average_digital_wallet,payments,payment_method_average,medium,digital_wallet,arabic,train,ما متوسط المبلغ المسجل باستخدام طريقة 'digital_wallet'؟,"SELECT ROUND(AVG(paid_amount), 2) AS average_paid_amount FROM build4all_research.payments WHERE payment_method = 'digital_wallet';",00444fc6b29cbc1a6d501091110668750241282ff93a07b41eedb0c7dea65e37,False,synthetic_schema_grounded
B4A-FT-073-FRENCH,B4A-FT-073,payment_method_average_digital_wallet,payments,payment_method_average,medium,digital_wallet,french,train,Quel est le montant moyen enregistré effectué avec la méthode 'digital_wallet' ?,"SELECT ROUND(AVG(paid_amount), 2) AS average_paid_amount FROM build4all_research.payments WHERE payment_method = 'digital_wallet';",00444fc6b29cbc1a6d501091110668750241282ff93a07b41eedb0c7dea65e37,False,synthetic_schema_grounded
B4A-FT-073-LEBANESE_ARABIZI,B4A-FT-073,payment_method_average_digital_wallet,payments,payment_method_average,medium,digital_wallet,lebanese_arabizi,train,Adde moutawassit el amount bi tari2et 'digital_wallet'?,"SELECT ROUND(AVG(paid_amount), 2) AS average_paid_amount FROM build4all_research.payments WHERE payment_method = 'digital_wallet';",00444fc6b29cbc1a6d501091110668750241282ff93a07b41eedb0c7dea65e37,False,synthetic_schema_grounded
B4A-FT-074-ENGLISH,B4A-FT-074,payment_method_paid_count_digital_wallet,payments,payment_method_paid_count,medium,digital_wallet,english,train,What is the number of successful paid payments made using 'digital_wallet'?,SELECT COUNT(*) AS paid_payment_count FROM build4all_research.payments WHERE payment_method = 'digital_wallet' AND payment_status = 'paid';,7a43601f65f853aeeb0fdcfd8c22adf945cc3b8d0572f71db8421e4163359b12,False,synthetic_schema_grounded
B4A-FT-074-ARABIC,B4A-FT-074,payment_method_paid_count_digital_wallet,payments,payment_method_paid_count,medium,digital_wallet,arabic,train,ما عدد المدفوعات الناجحة باستخدام طريقة 'digital_wallet'؟,SELECT COUNT(*) AS paid_payment_count FROM build4all_research.payments WHERE payment_method = 'digital_wallet' AND payment_status = 'paid';,7a43601f65f853aeeb0fdcfd8c22adf945cc3b8d0572f71db8421e4163359b12,False,synthetic_schema_grounded
B4A-FT-074-FRENCH,B4A-FT-074,payment_method_paid_count_digital_wallet,payments,payment_method_paid_count,medium,digital_wallet,french,train,Quel est le nombre de paiements réussis effectué avec la méthode 'digital_wallet' ?,SELECT COUNT(*) AS paid_payment_count FROM build4all_research.payments WHERE payment_method = 'digital_wallet' AND payment_status = 'paid';,7a43601f65f853aeeb0fdcfd8c22adf945cc3b8d0572f71db8421e4163359b12,False,synthetic_schema_grounded
B4A-FT-074-LEBANESE_ARABIZI,B4A-FT-074,payment_method_paid_count_digital_wallet,payments,payment_method_paid_count,medium,digital_wallet,lebanese_arabizi,train,Adde 3adad el payments el paid bi tari2et 'digital_wallet'?,SELECT COUNT(*) AS paid_payment_count FROM build4all_research.payments WHERE payment_method = 'digital_wallet' AND payment_status = 'paid';,7a43601f65f853aeeb0fdcfd8c22adf945cc3b8d0572f71db8421e4163359b12,False,synthetic_schema_grounded
B4A-FT-075-ENGLISH,B4A-FT-075,payment_method_paid_total_digital_wallet,payments,payment_method_paid_total,medium,digital_wallet,english,train,What is the total amount of successful paid payments made using 'digital_wallet'?,"SELECT ROUND(SUM(paid_amount), 2) AS paid_total_amount FROM build4all_research.payments WHERE payment_method = 'digital_wallet' AND payment_status = 'paid';",756ed32585d7e8db9d659da7376e4e9daf753634ebceee9198b0f04a270b4809,False,synthetic_schema_grounded
B4A-FT-075-ARABIC,B4A-FT-075,payment_method_paid_total_digital_wallet,payments,payment_method_paid_total,medium,digital_wallet,arabic,train,ما إجمالي المدفوعات الناجحة باستخدام طريقة 'digital_wallet'؟,"SELECT ROUND(SUM(paid_amount), 2) AS paid_total_amount FROM build4all_research.payments WHERE payment_method = 'digital_wallet' AND payment_status = 'paid';",756ed32585d7e8db9d659da7376e4e9daf753634ebceee9198b0f04a270b4809,False,synthetic_schema_grounded
B4A-FT-075-FRENCH,B4A-FT-075,payment_method_paid_total_digital_wallet,payments,payment_method_paid_total,medium,digital_wallet,french,train,Quel est le montant total des paiements réussis effectué avec la méthode 'digital_wallet' ?,"SELECT ROUND(SUM(paid_amount), 2) AS paid_total_amount FROM build4all_research.payments WHERE payment_method = 'digital_wallet' AND payment_status = 'paid';",756ed32585d7e8db9d659da7376e4e9daf753634ebceee9198b0f04a270b4809,False,synthetic_schema_grounded
B4A-FT-075-LEBANESE_ARABIZI,B4A-FT-075,payment_method_paid_total_digital_wallet,payments,payment_method_paid_total,medium,digital_wallet,lebanese_arabizi,train,Adde majmou3 el paid payments bi tari2et 'digital_wallet'?,"SELECT ROUND(SUM(paid_amount), 2) AS paid_total_amount FROM build4all_research.payments WHERE payment_method = 'digital_wallet' AND payment_status = 'paid';",756ed32585d7e8db9d659da7376e4e9daf753634ebceee9198b0f04a270b4809,False,synthetic_schema_grounded
B4A-FT-076-ENGLISH,B4A-FT-076,products_count_for_active,products,products_count_by_status,easy,active,english,train,What is the number of products where product status is 'active'?,SELECT COUNT(*) AS product_count FROM build4all_research.products WHERE status = 'active';,a6100d98e8f39b18c948496ff709b966039c2494ec401d03728be0b1b635660c,False,synthetic_schema_grounded
B4A-FT-076-ARABIC,B4A-FT-076,products_count_for_active,products,products_count_by_status,easy,active,arabic,train,ما عدد المنتجات عندما تكون حالة المنتج 'active'؟,SELECT COUNT(*) AS product_count FROM build4all_research.products WHERE status = 'active';,a6100d98e8f39b18c948496ff709b966039c2494ec401d03728be0b1b635660c,False,synthetic_schema_grounded
B4A-FT-076-FRENCH,B4A-FT-076,products_count_for_active,products,products_count_by_status,easy,active,french,train,Quel est le nombre de produits lorsque le statut du produit est 'active' ?,SELECT COUNT(*) AS product_count FROM build4all_research.products WHERE status = 'active';,a6100d98e8f39b18c948496ff709b966039c2494ec401d03728be0b1b635660c,False,synthetic_schema_grounded
B4A-FT-076-LEBANESE_ARABIZI,B4A-FT-076,products_count_for_active,products,products_count_by_status,easy,active,lebanese_arabizi,train,Adde 3adad el products lama product status ykoun 'active'?,SELECT COUNT(*) AS product_count FROM build4all_research.products WHERE status = 'active';,a6100d98e8f39b18c948496ff709b966039c2494ec401d03728be0b1b635660c,False,synthetic_schema_grounded
B4A-FT-077-ENGLISH,B4A-FT-077,products_average_price_for_active,products,products_average_price_by_status,easy,active,english,train,What is the average list price where product status is 'active'?,"SELECT ROUND(AVG(price), 2) AS average_price FROM build4all_research.products WHERE status = 'active';",fd25f52e0fc3682a2356ed39cb877a252b4ca8eac8a650a2d05c9bb799cb9834,False,synthetic_schema_grounded
B4A-FT-077-ARABIC,B4A-FT-077,products_average_price_for_active,products,products_average_price_by_status,easy,active,arabic,train,ما متوسط سعر القائمة عندما تكون حالة المنتج 'active'؟,"SELECT ROUND(AVG(price), 2) AS average_price FROM build4all_research.products WHERE status = 'active';",fd25f52e0fc3682a2356ed39cb877a252b4ca8eac8a650a2d05c9bb799cb9834,False,synthetic_schema_grounded
B4A-FT-077-FRENCH,B4A-FT-077,products_average_price_for_active,products,products_average_price_by_status,easy,active,french,train,Quel est le prix catalogue moyen lorsque le statut du produit est 'active' ?,"SELECT ROUND(AVG(price), 2) AS average_price FROM build4all_research.products WHERE status = 'active';",fd25f52e0fc3682a2356ed39cb877a252b4ca8eac8a650a2d05c9bb799cb9834,False,synthetic_schema_grounded
B4A-FT-077-LEBANESE_ARABIZI,B4A-FT-077,products_average_price_for_active,products,products_average_price_by_status,easy,active,lebanese_arabizi,train,Adde moutawassit el price lama product status ykoun 'active'?,"SELECT ROUND(AVG(price), 2) AS average_price FROM build4all_research.products WHERE status = 'active';",fd25f52e0fc3682a2356ed39cb877a252b4ca8eac8a650a2d05c9bb799cb9834,False,synthetic_schema_grounded
B4A-FT-078-ENGLISH,B4A-FT-078,products_stock_for_active,products,products_stock_by_status,easy,active,english,validation,What is the total stock units where product status is 'active'?,SELECT SUM(stock) AS total_stock_units FROM build4all_research.products WHERE status = 'active';,d9a0fc7b8dac78d366b7c22f2f3f6d6c7c3b1ae56080e0aa762b3b2e8a934f8d,False,synthetic_schema_grounded
B4A-FT-078-ARABIC,B4A-FT-078,products_stock_for_active,products,products_stock_by_status,easy,active,arabic,validation,ما إجمالي وحدات المخزون عندما تكون حالة المنتج 'active'؟,SELECT SUM(stock) AS total_stock_units FROM build4all_research.products WHERE status = 'active';,d9a0fc7b8dac78d366b7c22f2f3f6d6c7c3b1ae56080e0aa762b3b2e8a934f8d,False,synthetic_schema_grounded
B4A-FT-078-FRENCH,B4A-FT-078,products_stock_for_active,products,products_stock_by_status,easy,active,french,validation,Quel est le nombre total d'unités en stock lorsque le statut du produit est 'active' ?,SELECT SUM(stock) AS total_stock_units FROM build4all_research.products WHERE status = 'active';,d9a0fc7b8dac78d366b7c22f2f3f6d6c7c3b1ae56080e0aa762b3b2e8a934f8d,False,synthetic_schema_grounded
B4A-FT-078-LEBANESE_ARABIZI,B4A-FT-078,products_stock_for_active,products,products_stock_by_status,easy,active,lebanese_arabizi,validation,Adde majmou3 stock units lama product status ykoun 'active'?,SELECT SUM(stock) AS total_stock_units FROM build4all_research.products WHERE status = 'active';,d9a0fc7b8dac78d366b7c22f2f3f6d6c7c3b1ae56080e0aa762b3b2e8a934f8d,False,synthetic_schema_grounded
B4A-FT-079-ENGLISH,B4A-FT-079,products_inventory_value_for_active,products,products_inventory_value_by_status,medium,active,english,train,What is the inventory value using sale price when available where product status is 'active'?,"SELECT ROUND(SUM(stock * COALESCE(sale_price, price)), 2) AS inventory_value FROM build4all_research.products WHERE status = 'active';",d327d0f1a169b347c31719bb9c449b53e7570b6075be850198212cecd3fd1725,False,synthetic_schema_grounded
B4A-FT-079-ARABIC,B4A-FT-079,products_inventory_value_for_active,products,products_inventory_value_by_status,medium,active,arabic,train,ما قيمة المخزون باستخدام سعر التخفيض عند توفره عندما تكون حالة المنتج 'active'؟,"SELECT ROUND(SUM(stock * COALESCE(sale_price, price)), 2) AS inventory_value FROM build4all_research.products WHERE status = 'active';",d327d0f1a169b347c31719bb9c449b53e7570b6075be850198212cecd3fd1725,False,synthetic_schema_grounded
B4A-FT-079-FRENCH,B4A-FT-079,products_inventory_value_for_active,products,products_inventory_value_by_status,medium,active,french,train,Quel est le valeur du stock utilisant le prix soldé lorsqu'il existe lorsque le statut du produit est 'active' ?,"SELECT ROUND(SUM(stock * COALESCE(sale_price, price)), 2) AS inventory_value FROM build4all_research.products WHERE status = 'active';",d327d0f1a169b347c31719bb9c449b53e7570b6075be850198212cecd3fd1725,False,synthetic_schema_grounded
B4A-FT-079-LEBANESE_ARABIZI,B4A-FT-079,products_inventory_value_for_active,products,products_inventory_value_by_status,medium,active,lebanese_arabizi,train,Adde 2imet el inventory 3a sale price iza mawjoude lama product status ykoun 'active'?,"SELECT ROUND(SUM(stock * COALESCE(sale_price, price)), 2) AS inventory_value FROM build4all_research.products WHERE status = 'active';",d327d0f1a169b347c31719bb9c449b53e7570b6075be850198212cecd3fd1725,False,synthetic_schema_grounded
B4A-FT-080-ENGLISH,B4A-FT-080,products_categories_for_active,products,products_categories_by_status,medium,active,english,train,What is the number of represented categories where product status is 'active'?,SELECT COUNT(DISTINCT category_id) AS category_count FROM build4all_research.products WHERE status = 'active';,00a07b538eba7f8318810db94b2af260616fd0ed8dc727314332c11987e50dd1,False,synthetic_schema_grounded
B4A-FT-080-ARABIC,B4A-FT-080,products_categories_for_active,products,products_categories_by_status,medium,active,arabic,train,ما عدد الفئات الممثلة عندما تكون حالة المنتج 'active'؟,SELECT COUNT(DISTINCT category_id) AS category_count FROM build4all_research.products WHERE status = 'active';,00a07b538eba7f8318810db94b2af260616fd0ed8dc727314332c11987e50dd1,False,synthetic_schema_grounded
B4A-FT-080-FRENCH,B4A-FT-080,products_categories_for_active,products,products_categories_by_status,medium,active,french,train,Quel est le nombre de catégories représentées lorsque le statut du produit est 'active' ?,SELECT COUNT(DISTINCT category_id) AS category_count FROM build4all_research.products WHERE status = 'active';,00a07b538eba7f8318810db94b2af260616fd0ed8dc727314332c11987e50dd1,False,synthetic_schema_grounded
B4A-FT-080-LEBANESE_ARABIZI,B4A-FT-080,products_categories_for_active,products,products_categories_by_status,medium,active,lebanese_arabizi,train,Adde 3adad el categories lama product status ykoun 'active'?,SELECT COUNT(DISTINCT category_id) AS category_count FROM build4all_research.products WHERE status = 'active';,00a07b538eba7f8318810db94b2af260616fd0ed8dc727314332c11987e50dd1,False,synthetic_schema_grounded
B4A-FT-081-ENGLISH,B4A-FT-081,products_count_for_discontinued,products,products_count_by_status,easy,discontinued,english,train,What is the number of products where product status is 'discontinued'?,SELECT COUNT(*) AS product_count FROM build4all_research.products WHERE status = 'discontinued';,410c95113992f80ccb65985346d416c27ebefcf5de135cf73ecc8b45ef37f88e,False,synthetic_schema_grounded
B4A-FT-081-ARABIC,B4A-FT-081,products_count_for_discontinued,products,products_count_by_status,easy,discontinued,arabic,train,ما عدد المنتجات عندما تكون حالة المنتج 'discontinued'؟,SELECT COUNT(*) AS product_count FROM build4all_research.products WHERE status = 'discontinued';,410c95113992f80ccb65985346d416c27ebefcf5de135cf73ecc8b45ef37f88e,False,synthetic_schema_grounded
B4A-FT-081-FRENCH,B4A-FT-081,products_count_for_discontinued,products,products_count_by_status,easy,discontinued,french,train,Quel est le nombre de produits lorsque le statut du produit est 'discontinued' ?,SELECT COUNT(*) AS product_count FROM build4all_research.products WHERE status = 'discontinued';,410c95113992f80ccb65985346d416c27ebefcf5de135cf73ecc8b45ef37f88e,False,synthetic_schema_grounded
B4A-FT-081-LEBANESE_ARABIZI,B4A-FT-081,products_count_for_discontinued,products,products_count_by_status,easy,discontinued,lebanese_arabizi,train,Adde 3adad el products lama product status ykoun 'discontinued'?,SELECT COUNT(*) AS product_count FROM build4all_research.products WHERE status = 'discontinued';,410c95113992f80ccb65985346d416c27ebefcf5de135cf73ecc8b45ef37f88e,False,synthetic_schema_grounded
B4A-FT-082-ENGLISH,B4A-FT-082,products_average_price_for_discontinued,products,products_average_price_by_status,easy,discontinued,english,train,What is the average list price where product status is 'discontinued'?,"SELECT ROUND(AVG(price), 2) AS average_price FROM build4all_research.products WHERE status = 'discontinued';",3441116548cc4e204d0843daf3cd0daa84d7bde4351a940c6ff59eb1c6b0967d,False,synthetic_schema_grounded
B4A-FT-082-ARABIC,B4A-FT-082,products_average_price_for_discontinued,products,products_average_price_by_status,easy,discontinued,arabic,train,ما متوسط سعر القائمة عندما تكون حالة المنتج 'discontinued'؟,"SELECT ROUND(AVG(price), 2) AS average_price FROM build4all_research.products WHERE status = 'discontinued';",3441116548cc4e204d0843daf3cd0daa84d7bde4351a940c6ff59eb1c6b0967d,False,synthetic_schema_grounded
B4A-FT-082-FRENCH,B4A-FT-082,products_average_price_for_discontinued,products,products_average_price_by_status,easy,discontinued,french,train,Quel est le prix catalogue moyen lorsque le statut du produit est 'discontinued' ?,"SELECT ROUND(AVG(price), 2) AS average_price FROM build4all_research.products WHERE status = 'discontinued';",3441116548cc4e204d0843daf3cd0daa84d7bde4351a940c6ff59eb1c6b0967d,False,synthetic_schema_grounded
B4A-FT-082-LEBANESE_ARABIZI,B4A-FT-082,products_average_price_for_discontinued,products,products_average_price_by_status,easy,discontinued,lebanese_arabizi,train,Adde moutawassit el price lama product status ykoun 'discontinued'?,"SELECT ROUND(AVG(price), 2) AS average_price FROM build4all_research.products WHERE status = 'discontinued';",3441116548cc4e204d0843daf3cd0daa84d7bde4351a940c6ff59eb1c6b0967d,False,synthetic_schema_grounded
B4A-FT-083-ENGLISH,B4A-FT-083,products_stock_for_discontinued,products,products_stock_by_status,easy,discontinued,english,train,What is the total stock units where product status is 'discontinued'?,SELECT SUM(stock) AS total_stock_units FROM build4all_research.products WHERE status = 'discontinued';,90f395f8bcc262056199c362a303db01a2029be63a71e5383cd2ced61e14abfd,False,synthetic_schema_grounded
B4A-FT-083-ARABIC,B4A-FT-083,products_stock_for_discontinued,products,products_stock_by_status,easy,discontinued,arabic,train,ما إجمالي وحدات المخزون عندما تكون حالة المنتج 'discontinued'؟,SELECT SUM(stock) AS total_stock_units FROM build4all_research.products WHERE status = 'discontinued';,90f395f8bcc262056199c362a303db01a2029be63a71e5383cd2ced61e14abfd,False,synthetic_schema_grounded
B4A-FT-083-FRENCH,B4A-FT-083,products_stock_for_discontinued,products,products_stock_by_status,easy,discontinued,french,train,Quel est le nombre total d'unités en stock lorsque le statut du produit est 'discontinued' ?,SELECT SUM(stock) AS total_stock_units FROM build4all_research.products WHERE status = 'discontinued';,90f395f8bcc262056199c362a303db01a2029be63a71e5383cd2ced61e14abfd,False,synthetic_schema_grounded
B4A-FT-083-LEBANESE_ARABIZI,B4A-FT-083,products_stock_for_discontinued,products,products_stock_by_status,easy,discontinued,lebanese_arabizi,train,Adde majmou3 stock units lama product status ykoun 'discontinued'?,SELECT SUM(stock) AS total_stock_units FROM build4all_research.products WHERE status = 'discontinued';,90f395f8bcc262056199c362a303db01a2029be63a71e5383cd2ced61e14abfd,False,synthetic_schema_grounded
B4A-FT-084-ENGLISH,B4A-FT-084,products_inventory_value_for_discontinued,products,products_inventory_value_by_status,medium,discontinued,english,train,What is the inventory value using sale price when available where product status is 'discontinued'?,"SELECT ROUND(SUM(stock * COALESCE(sale_price, price)), 2) AS inventory_value FROM build4all_research.products WHERE status = 'discontinued';",c83205ff1c9c36d40a9be837cfd6b0092d8e095de613887f3b8d246339ee76a2,False,synthetic_schema_grounded
B4A-FT-084-ARABIC,B4A-FT-084,products_inventory_value_for_discontinued,products,products_inventory_value_by_status,medium,discontinued,arabic,train,ما قيمة المخزون باستخدام سعر التخفيض عند توفره عندما تكون حالة المنتج 'discontinued'؟,"SELECT ROUND(SUM(stock * COALESCE(sale_price, price)), 2) AS inventory_value FROM build4all_research.products WHERE status = 'discontinued';",c83205ff1c9c36d40a9be837cfd6b0092d8e095de613887f3b8d246339ee76a2,False,synthetic_schema_grounded
B4A-FT-084-FRENCH,B4A-FT-084,products_inventory_value_for_discontinued,products,products_inventory_value_by_status,medium,discontinued,french,train,Quel est le valeur du stock utilisant le prix soldé lorsqu'il existe lorsque le statut du produit est 'discontinued' ?,"SELECT ROUND(SUM(stock * COALESCE(sale_price, price)), 2) AS inventory_value FROM build4all_research.products WHERE status = 'discontinued';",c83205ff1c9c36d40a9be837cfd6b0092d8e095de613887f3b8d246339ee76a2,False,synthetic_schema_grounded
B4A-FT-084-LEBANESE_ARABIZI,B4A-FT-084,products_inventory_value_for_discontinued,products,products_inventory_value_by_status,medium,discontinued,lebanese_arabizi,train,Adde 2imet el inventory 3a sale price iza mawjoude lama product status ykoun 'discontinued'?,"SELECT ROUND(SUM(stock * COALESCE(sale_price, price)), 2) AS inventory_value FROM build4all_research.products WHERE status = 'discontinued';",c83205ff1c9c36d40a9be837cfd6b0092d8e095de613887f3b8d246339ee76a2,False,synthetic_schema_grounded
B4A-FT-085-ENGLISH,B4A-FT-085,products_categories_for_discontinued,products,products_categories_by_status,medium,discontinued,english,train,What is the number of represented categories where product status is 'discontinued'?,SELECT COUNT(DISTINCT category_id) AS category_count FROM build4all_research.products WHERE status = 'discontinued';,5900840bfb3327e48f40917231082aa80a63efeeef3a799fa63695809ff3c1e1,False,synthetic_schema_grounded
B4A-FT-085-ARABIC,B4A-FT-085,products_categories_for_discontinued,products,products_categories_by_status,medium,discontinued,arabic,train,ما عدد الفئات الممثلة عندما تكون حالة المنتج 'discontinued'؟,SELECT COUNT(DISTINCT category_id) AS category_count FROM build4all_research.products WHERE status = 'discontinued';,5900840bfb3327e48f40917231082aa80a63efeeef3a799fa63695809ff3c1e1,False,synthetic_schema_grounded
B4A-FT-085-FRENCH,B4A-FT-085,products_categories_for_discontinued,products,products_categories_by_status,medium,discontinued,french,train,Quel est le nombre de catégories représentées lorsque le statut du produit est 'discontinued' ?,SELECT COUNT(DISTINCT category_id) AS category_count FROM build4all_research.products WHERE status = 'discontinued';,5900840bfb3327e48f40917231082aa80a63efeeef3a799fa63695809ff3c1e1,False,synthetic_schema_grounded
B4A-FT-085-LEBANESE_ARABIZI,B4A-FT-085,products_categories_for_discontinued,products,products_categories_by_status,medium,discontinued,lebanese_arabizi,train,Adde 3adad el categories lama product status ykoun 'discontinued'?,SELECT COUNT(DISTINCT category_id) AS category_count FROM build4all_research.products WHERE status = 'discontinued';,5900840bfb3327e48f40917231082aa80a63efeeef3a799fa63695809ff3c1e1,False,synthetic_schema_grounded
B4A-FT-086-ENGLISH,B4A-FT-086,products_count_for_out_of_stock,products,products_count_by_status,easy,out_of_stock,english,train,What is the number of products where product status is 'out_of_stock'?,SELECT COUNT(*) AS product_count FROM build4all_research.products WHERE status = 'out_of_stock';,2c9ff82795451dd11f2dd78db0c18168aa4c4e16552665959be1c21209390202,False,synthetic_schema_grounded
B4A-FT-086-ARABIC,B4A-FT-086,products_count_for_out_of_stock,products,products_count_by_status,easy,out_of_stock,arabic,train,ما عدد المنتجات عندما تكون حالة المنتج 'out_of_stock'؟,SELECT COUNT(*) AS product_count FROM build4all_research.products WHERE status = 'out_of_stock';,2c9ff82795451dd11f2dd78db0c18168aa4c4e16552665959be1c21209390202,False,synthetic_schema_grounded
B4A-FT-086-FRENCH,B4A-FT-086,products_count_for_out_of_stock,products,products_count_by_status,easy,out_of_stock,french,train,Quel est le nombre de produits lorsque le statut du produit est 'out_of_stock' ?,SELECT COUNT(*) AS product_count FROM build4all_research.products WHERE status = 'out_of_stock';,2c9ff82795451dd11f2dd78db0c18168aa4c4e16552665959be1c21209390202,False,synthetic_schema_grounded
B4A-FT-086-LEBANESE_ARABIZI,B4A-FT-086,products_count_for_out_of_stock,products,products_count_by_status,easy,out_of_stock,lebanese_arabizi,train,Adde 3adad el products lama product status ykoun 'out_of_stock'?,SELECT COUNT(*) AS product_count FROM build4all_research.products WHERE status = 'out_of_stock';,2c9ff82795451dd11f2dd78db0c18168aa4c4e16552665959be1c21209390202,False,synthetic_schema_grounded
B4A-FT-087-ENGLISH,B4A-FT-087,products_average_price_for_out_of_stock,products,products_average_price_by_status,easy,out_of_stock,english,train,What is the average list price where product status is 'out_of_stock'?,"SELECT ROUND(AVG(price), 2) AS average_price FROM build4all_research.products WHERE status = 'out_of_stock';",d3898b87752043aa5a1afdbf48f0ca796e705a3025354e507e253ec7e3c1855d,False,synthetic_schema_grounded
B4A-FT-087-ARABIC,B4A-FT-087,products_average_price_for_out_of_stock,products,products_average_price_by_status,easy,out_of_stock,arabic,train,ما متوسط سعر القائمة عندما تكون حالة المنتج 'out_of_stock'؟,"SELECT ROUND(AVG(price), 2) AS average_price FROM build4all_research.products WHERE status = 'out_of_stock';",d3898b87752043aa5a1afdbf48f0ca796e705a3025354e507e253ec7e3c1855d,False,synthetic_schema_grounded
B4A-FT-087-FRENCH,B4A-FT-087,products_average_price_for_out_of_stock,products,products_average_price_by_status,easy,out_of_stock,french,train,Quel est le prix catalogue moyen lorsque le statut du produit est 'out_of_stock' ?,"SELECT ROUND(AVG(price), 2) AS average_price FROM build4all_research.products WHERE status = 'out_of_stock';",d3898b87752043aa5a1afdbf48f0ca796e705a3025354e507e253ec7e3c1855d,False,synthetic_schema_grounded
B4A-FT-087-LEBANESE_ARABIZI,B4A-FT-087,products_average_price_for_out_of_stock,products,products_average_price_by_status,easy,out_of_stock,lebanese_arabizi,train,Adde moutawassit el price lama product status ykoun 'out_of_stock'?,"SELECT ROUND(AVG(price), 2) AS average_price FROM build4all_research.products WHERE status = 'out_of_stock';",d3898b87752043aa5a1afdbf48f0ca796e705a3025354e507e253ec7e3c1855d,False,synthetic_schema_grounded
B4A-FT-088-ENGLISH,B4A-FT-088,products_stock_for_out_of_stock,products,products_stock_by_status,easy,out_of_stock,english,train,What is the total stock units where product status is 'out_of_stock'?,SELECT SUM(stock) AS total_stock_units FROM build4all_research.products WHERE status = 'out_of_stock';,c21299023d867084f796878344cbea0ce817f351762ba382112a9a30e7d60197,False,synthetic_schema_grounded
B4A-FT-088-ARABIC,B4A-FT-088,products_stock_for_out_of_stock,products,products_stock_by_status,easy,out_of_stock,arabic,train,ما إجمالي وحدات المخزون عندما تكون حالة المنتج 'out_of_stock'؟,SELECT SUM(stock) AS total_stock_units FROM build4all_research.products WHERE status = 'out_of_stock';,c21299023d867084f796878344cbea0ce817f351762ba382112a9a30e7d60197,False,synthetic_schema_grounded
B4A-FT-088-FRENCH,B4A-FT-088,products_stock_for_out_of_stock,products,products_stock_by_status,easy,out_of_stock,french,train,Quel est le nombre total d'unités en stock lorsque le statut du produit est 'out_of_stock' ?,SELECT SUM(stock) AS total_stock_units FROM build4all_research.products WHERE status = 'out_of_stock';,c21299023d867084f796878344cbea0ce817f351762ba382112a9a30e7d60197,False,synthetic_schema_grounded
B4A-FT-088-LEBANESE_ARABIZI,B4A-FT-088,products_stock_for_out_of_stock,products,products_stock_by_status,easy,out_of_stock,lebanese_arabizi,train,Adde majmou3 stock units lama product status ykoun 'out_of_stock'?,SELECT SUM(stock) AS total_stock_units FROM build4all_research.products WHERE status = 'out_of_stock';,c21299023d867084f796878344cbea0ce817f351762ba382112a9a30e7d60197,False,synthetic_schema_grounded
B4A-FT-089-ENGLISH,B4A-FT-089,products_inventory_value_for_out_of_stock,products,products_inventory_value_by_status,medium,out_of_stock,english,train,What is the inventory value using sale price when available where product status is 'out_of_stock'?,"SELECT ROUND(SUM(stock * COALESCE(sale_price, price)), 2) AS inventory_value FROM build4all_research.products WHERE status = 'out_of_stock';",cc67589412ee261cfa604378340909c3ea3ed7c18c29aa2295ea952a972eb414,False,synthetic_schema_grounded
B4A-FT-089-ARABIC,B4A-FT-089,products_inventory_value_for_out_of_stock,products,products_inventory_value_by_status,medium,out_of_stock,arabic,train,ما قيمة المخزون باستخدام سعر التخفيض عند توفره عندما تكون حالة المنتج 'out_of_stock'؟,"SELECT ROUND(SUM(stock * COALESCE(sale_price, price)), 2) AS inventory_value FROM build4all_research.products WHERE status = 'out_of_stock';",cc67589412ee261cfa604378340909c3ea3ed7c18c29aa2295ea952a972eb414,False,synthetic_schema_grounded
B4A-FT-089-FRENCH,B4A-FT-089,products_inventory_value_for_out_of_stock,products,products_inventory_value_by_status,medium,out_of_stock,french,train,Quel est le valeur du stock utilisant le prix soldé lorsqu'il existe lorsque le statut du produit est 'out_of_stock' ?,"SELECT ROUND(SUM(stock * COALESCE(sale_price, price)), 2) AS inventory_value FROM build4all_research.products WHERE status = 'out_of_stock';",cc67589412ee261cfa604378340909c3ea3ed7c18c29aa2295ea952a972eb414,False,synthetic_schema_grounded
B4A-FT-089-LEBANESE_ARABIZI,B4A-FT-089,products_inventory_value_for_out_of_stock,products,products_inventory_value_by_status,medium,out_of_stock,lebanese_arabizi,train,Adde 2imet el inventory 3a sale price iza mawjoude lama product status ykoun 'out_of_stock'?,"SELECT ROUND(SUM(stock * COALESCE(sale_price, price)), 2) AS inventory_value FROM build4all_research.products WHERE status = 'out_of_stock';",cc67589412ee261cfa604378340909c3ea3ed7c18c29aa2295ea952a972eb414,False,synthetic_schema_grounded
B4A-FT-090-ENGLISH,B4A-FT-090,products_categories_for_out_of_stock,products,products_categories_by_status,medium,out_of_stock,english,validation,What is the number of represented categories where product status is 'out_of_stock'?,SELECT COUNT(DISTINCT category_id) AS category_count FROM build4all_research.products WHERE status = 'out_of_stock';,268d4e7d085f8c0422193ae92d5df050f4684f08625b4725734897828a75c806,False,synthetic_schema_grounded
B4A-FT-090-ARABIC,B4A-FT-090,products_categories_for_out_of_stock,products,products_categories_by_status,medium,out_of_stock,arabic,validation,ما عدد الفئات الممثلة عندما تكون حالة المنتج 'out_of_stock'؟,SELECT COUNT(DISTINCT category_id) AS category_count FROM build4all_research.products WHERE status = 'out_of_stock';,268d4e7d085f8c0422193ae92d5df050f4684f08625b4725734897828a75c806,False,synthetic_schema_grounded
B4A-FT-090-FRENCH,B4A-FT-090,products_categories_for_out_of_stock,products,products_categories_by_status,medium,out_of_stock,french,validation,Quel est le nombre de catégories représentées lorsque le statut du produit est 'out_of_stock' ?,SELECT COUNT(DISTINCT category_id) AS category_count FROM build4all_research.products WHERE status = 'out_of_stock';,268d4e7d085f8c0422193ae92d5df050f4684f08625b4725734897828a75c806,False,synthetic_schema_grounded
B4A-FT-090-LEBANESE_ARABIZI,B4A-FT-090,products_categories_for_out_of_stock,products,products_categories_by_status,medium,out_of_stock,lebanese_arabizi,validation,Adde 3adad el categories lama product status ykoun 'out_of_stock'?,SELECT COUNT(DISTINCT category_id) AS category_count FROM build4all_research.products WHERE status = 'out_of_stock';,268d4e7d085f8c0422193ae92d5df050f4684f08625b4725734897828a75c806,False,synthetic_schema_grounded
B4A-FT-091-ENGLISH,B4A-FT-091,events_count_add_to_cart,events,events_count_by_type,easy,add_to_cart,english,train,What is the number of events for event type 'add_to_cart'?,SELECT COUNT(*) AS event_count FROM build4all_research.product_events WHERE event_type = 'add_to_cart';,9cc2870ffc1472e7233fb6ec4bf1770b20611bddc21d4965948a9380ea076e5a,False,synthetic_schema_grounded
B4A-FT-091-ARABIC,B4A-FT-091,events_count_add_to_cart,events,events_count_by_type,easy,add_to_cart,arabic,train,ما عدد الأحداث لنوع الحدث 'add_to_cart'؟,SELECT COUNT(*) AS event_count FROM build4all_research.product_events WHERE event_type = 'add_to_cart';,9cc2870ffc1472e7233fb6ec4bf1770b20611bddc21d4965948a9380ea076e5a,False,synthetic_schema_grounded
B4A-FT-091-FRENCH,B4A-FT-091,events_count_add_to_cart,events,events_count_by_type,easy,add_to_cart,french,train,Quel est le nombre d'événements pour le type d'événement 'add_to_cart' ?,SELECT COUNT(*) AS event_count FROM build4all_research.product_events WHERE event_type = 'add_to_cart';,9cc2870ffc1472e7233fb6ec4bf1770b20611bddc21d4965948a9380ea076e5a,False,synthetic_schema_grounded
B4A-FT-091-LEBANESE_ARABIZI,B4A-FT-091,events_count_add_to_cart,events,events_count_by_type,easy,add_to_cart,lebanese_arabizi,train,Adde 3adad el events la event type 'add_to_cart'?,SELECT COUNT(*) AS event_count FROM build4all_research.product_events WHERE event_type = 'add_to_cart';,9cc2870ffc1472e7233fb6ec4bf1770b20611bddc21d4965948a9380ea076e5a,False,synthetic_schema_grounded
B4A-FT-092-ENGLISH,B4A-FT-092,events_customers_add_to_cart,events,events_customers_by_type,medium,add_to_cart,english,train,What is the number of distinct customers for event type 'add_to_cart'?,SELECT COUNT(DISTINCT customer_id) AS distinct_customer_count FROM build4all_research.product_events WHERE event_type = 'add_to_cart';,1cf6a7bcc28b27a4b0478ed9c5a708cf8befc49c1933b562618ba64ba985c190,False,synthetic_schema_grounded
B4A-FT-092-ARABIC,B4A-FT-092,events_customers_add_to_cart,events,events_customers_by_type,medium,add_to_cart,arabic,train,ما عدد العملاء المختلفين لنوع الحدث 'add_to_cart'؟,SELECT COUNT(DISTINCT customer_id) AS distinct_customer_count FROM build4all_research.product_events WHERE event_type = 'add_to_cart';,1cf6a7bcc28b27a4b0478ed9c5a708cf8befc49c1933b562618ba64ba985c190,False,synthetic_schema_grounded
B4A-FT-092-FRENCH,B4A-FT-092,events_customers_add_to_cart,events,events_customers_by_type,medium,add_to_cart,french,train,Quel est le nombre de clients distincts pour le type d'événement 'add_to_cart' ?,SELECT COUNT(DISTINCT customer_id) AS distinct_customer_count FROM build4all_research.product_events WHERE event_type = 'add_to_cart';,1cf6a7bcc28b27a4b0478ed9c5a708cf8befc49c1933b562618ba64ba985c190,False,synthetic_schema_grounded
B4A-FT-092-LEBANESE_ARABIZI,B4A-FT-092,events_customers_add_to_cart,events,events_customers_by_type,medium,add_to_cart,lebanese_arabizi,train,Adde 3adad el customers el mokhtalfin la event type 'add_to_cart'?,SELECT COUNT(DISTINCT customer_id) AS distinct_customer_count FROM build4all_research.product_events WHERE event_type = 'add_to_cart';,1cf6a7bcc28b27a4b0478ed9c5a708cf8befc49c1933b562618ba64ba985c190,False,synthetic_schema_grounded
B4A-FT-093-ENGLISH,B4A-FT-093,events_products_add_to_cart,events,events_products_by_type,medium,add_to_cart,english,train,What is the number of distinct products for event type 'add_to_cart'?,SELECT COUNT(DISTINCT product_id) AS distinct_product_count FROM build4all_research.product_events WHERE event_type = 'add_to_cart';,44c1269c75c52c1aae6f70ef559fe24e26c7d46b310434f64e1d2f4ede6c44a4,False,synthetic_schema_grounded
B4A-FT-093-ARABIC,B4A-FT-093,events_products_add_to_cart,events,events_products_by_type,medium,add_to_cart,arabic,train,ما عدد المنتجات المختلفة لنوع الحدث 'add_to_cart'؟,SELECT COUNT(DISTINCT product_id) AS distinct_product_count FROM build4all_research.product_events WHERE event_type = 'add_to_cart';,44c1269c75c52c1aae6f70ef559fe24e26c7d46b310434f64e1d2f4ede6c44a4,False,synthetic_schema_grounded
B4A-FT-093-FRENCH,B4A-FT-093,events_products_add_to_cart,events,events_products_by_type,medium,add_to_cart,french,train,Quel est le nombre de produits distincts pour le type d'événement 'add_to_cart' ?,SELECT COUNT(DISTINCT product_id) AS distinct_product_count FROM build4all_research.product_events WHERE event_type = 'add_to_cart';,44c1269c75c52c1aae6f70ef559fe24e26c7d46b310434f64e1d2f4ede6c44a4,False,synthetic_schema_grounded
B4A-FT-093-LEBANESE_ARABIZI,B4A-FT-093,events_products_add_to_cart,events,events_products_by_type,medium,add_to_cart,lebanese_arabizi,train,Adde 3adad el products el mokhtalfe la event type 'add_to_cart'?,SELECT COUNT(DISTINCT product_id) AS distinct_product_count FROM build4all_research.product_events WHERE event_type = 'add_to_cart';,44c1269c75c52c1aae6f70ef559fe24e26c7d46b310434f64e1d2f4ede6c44a4,False,synthetic_schema_grounded
B4A-FT-094-ENGLISH,B4A-FT-094,events_august_add_to_cart,events,events_august_by_type,medium,add_to_cart,english,validation,What is the number of events during August 2026 for event type 'add_to_cart'?,SELECT COUNT(*) AS august_event_count FROM build4all_research.product_events WHERE event_type = 'add_to_cart' AND event_time >= TIMESTAMPTZ '2026-08-01 00:00:00+00' AND event_time < TIMESTAMPTZ '2026-09-01 00:00:00+00';,18bed794f257e4f0bc0f053a8bfe1461f2d7c2be142d32896790eef62a803063,False,synthetic_schema_grounded
B4A-FT-094-ARABIC,B4A-FT-094,events_august_add_to_cart,events,events_august_by_type,medium,add_to_cart,arabic,validation,ما عدد الأحداث خلال أغسطس 2026 لنوع الحدث 'add_to_cart'؟,SELECT COUNT(*) AS august_event_count FROM build4all_research.product_events WHERE event_type = 'add_to_cart' AND event_time >= TIMESTAMPTZ '2026-08-01 00:00:00+00' AND event_time < TIMESTAMPTZ '2026-09-01 00:00:00+00';,18bed794f257e4f0bc0f053a8bfe1461f2d7c2be142d32896790eef62a803063,False,synthetic_schema_grounded
B4A-FT-094-FRENCH,B4A-FT-094,events_august_add_to_cart,events,events_august_by_type,medium,add_to_cart,french,validation,Quel est le nombre d'événements en août 2026 pour le type d'événement 'add_to_cart' ?,SELECT COUNT(*) AS august_event_count FROM build4all_research.product_events WHERE event_type = 'add_to_cart' AND event_time >= TIMESTAMPTZ '2026-08-01 00:00:00+00' AND event_time < TIMESTAMPTZ '2026-09-01 00:00:00+00';,18bed794f257e4f0bc0f053a8bfe1461f2d7c2be142d32896790eef62a803063,False,synthetic_schema_grounded
B4A-FT-094-LEBANESE_ARABIZI,B4A-FT-094,events_august_add_to_cart,events,events_august_by_type,medium,add_to_cart,lebanese_arabizi,validation,Adde 3adad el events bi August 2026 la event type 'add_to_cart'?,SELECT COUNT(*) AS august_event_count FROM build4all_research.product_events WHERE event_type = 'add_to_cart' AND event_time >= TIMESTAMPTZ '2026-08-01 00:00:00+00' AND event_time < TIMESTAMPTZ '2026-09-01 00:00:00+00';,18bed794f257e4f0bc0f053a8bfe1461f2d7c2be142d32896790eef62a803063,False,synthetic_schema_grounded
B4A-FT-095-ENGLISH,B4A-FT-095,events_top_products_add_to_cart,events,events_top_products_by_type,hard,add_to_cart,english,train,What is the top five products by event count for event type 'add_to_cart'?,"SELECT p.product_id, p.name, COUNT(*) AS event_count FROM build4all_research.product_events AS pe JOIN build4all_research.products AS p ON p.product_id = pe.product_id WHERE pe.event_type = 'add_to_cart' GROUP BY p.product_id, p.name ORDER BY event_count DESC, p.product_id LIMIT 5;",e03580d518f808a0ca4321b70a0385bd6f246f3a83714e6d998b4fa9efe87573,False,synthetic_schema_grounded
B4A-FT-095-ARABIC,B4A-FT-095,events_top_products_add_to_cart,events,events_top_products_by_type,hard,add_to_cart,arabic,train,ما أعلى خمسة منتجات حسب عدد الأحداث لنوع الحدث 'add_to_cart'؟,"SELECT p.product_id, p.name, COUNT(*) AS event_count FROM build4all_research.product_events AS pe JOIN build4all_research.products AS p ON p.product_id = pe.product_id WHERE pe.event_type = 'add_to_cart' GROUP BY p.product_id, p.name ORDER BY event_count DESC, p.product_id LIMIT 5;",e03580d518f808a0ca4321b70a0385bd6f246f3a83714e6d998b4fa9efe87573,False,synthetic_schema_grounded
B4A-FT-095-FRENCH,B4A-FT-095,events_top_products_add_to_cart,events,events_top_products_by_type,hard,add_to_cart,french,train,Quel est le cinq produits principaux par nombre d'événements pour le type d'événement 'add_to_cart' ?,"SELECT p.product_id, p.name, COUNT(*) AS event_count FROM build4all_research.product_events AS pe JOIN build4all_research.products AS p ON p.product_id = pe.product_id WHERE pe.event_type = 'add_to_cart' GROUP BY p.product_id, p.name ORDER BY event_count DESC, p.product_id LIMIT 5;",e03580d518f808a0ca4321b70a0385bd6f246f3a83714e6d998b4fa9efe87573,False,synthetic_schema_grounded
B4A-FT-095-LEBANESE_ARABIZI,B4A-FT-095,events_top_products_add_to_cart,events,events_top_products_by_type,hard,add_to_cart,lebanese_arabizi,train,Adde top 5 products 7asab 3adad el events la event type 'add_to_cart'?,"SELECT p.product_id, p.name, COUNT(*) AS event_count FROM build4all_research.product_events AS pe JOIN build4all_research.products AS p ON p.product_id = pe.product_id WHERE pe.event_type = 'add_to_cart' GROUP BY p.product_id, p.name ORDER BY event_count DESC, p.product_id LIMIT 5;",e03580d518f808a0ca4321b70a0385bd6f246f3a83714e6d998b4fa9efe87573,False,synthetic_schema_grounded
B4A-FT-096-ENGLISH,B4A-FT-096,events_count_purchase,events,events_count_by_type,easy,purchase,english,train,What is the number of events for event type 'purchase'?,SELECT COUNT(*) AS event_count FROM build4all_research.product_events WHERE event_type = 'purchase';,4176d831cace62a583371699bc533bee2128f88ffbbcbf55a65b9d46256ea45e,False,synthetic_schema_grounded
B4A-FT-096-ARABIC,B4A-FT-096,events_count_purchase,events,events_count_by_type,easy,purchase,arabic,train,ما عدد الأحداث لنوع الحدث 'purchase'؟,SELECT COUNT(*) AS event_count FROM build4all_research.product_events WHERE event_type = 'purchase';,4176d831cace62a583371699bc533bee2128f88ffbbcbf55a65b9d46256ea45e,False,synthetic_schema_grounded
B4A-FT-096-FRENCH,B4A-FT-096,events_count_purchase,events,events_count_by_type,easy,purchase,french,train,Quel est le nombre d'événements pour le type d'événement 'purchase' ?,SELECT COUNT(*) AS event_count FROM build4all_research.product_events WHERE event_type = 'purchase';,4176d831cace62a583371699bc533bee2128f88ffbbcbf55a65b9d46256ea45e,False,synthetic_schema_grounded
B4A-FT-096-LEBANESE_ARABIZI,B4A-FT-096,events_count_purchase,events,events_count_by_type,easy,purchase,lebanese_arabizi,train,Adde 3adad el events la event type 'purchase'?,SELECT COUNT(*) AS event_count FROM build4all_research.product_events WHERE event_type = 'purchase';,4176d831cace62a583371699bc533bee2128f88ffbbcbf55a65b9d46256ea45e,False,synthetic_schema_grounded
B4A-FT-097-ENGLISH,B4A-FT-097,events_customers_purchase,events,events_customers_by_type,medium,purchase,english,train,What is the number of distinct customers for event type 'purchase'?,SELECT COUNT(DISTINCT customer_id) AS distinct_customer_count FROM build4all_research.product_events WHERE event_type = 'purchase';,8a43df2656dd159f4a94cc72158f4106e39f5f6ee428028c91a22f30cf0fe869,False,synthetic_schema_grounded
B4A-FT-097-ARABIC,B4A-FT-097,events_customers_purchase,events,events_customers_by_type,medium,purchase,arabic,train,ما عدد العملاء المختلفين لنوع الحدث 'purchase'؟,SELECT COUNT(DISTINCT customer_id) AS distinct_customer_count FROM build4all_research.product_events WHERE event_type = 'purchase';,8a43df2656dd159f4a94cc72158f4106e39f5f6ee428028c91a22f30cf0fe869,False,synthetic_schema_grounded
B4A-FT-097-FRENCH,B4A-FT-097,events_customers_purchase,events,events_customers_by_type,medium,purchase,french,train,Quel est le nombre de clients distincts pour le type d'événement 'purchase' ?,SELECT COUNT(DISTINCT customer_id) AS distinct_customer_count FROM build4all_research.product_events WHERE event_type = 'purchase';,8a43df2656dd159f4a94cc72158f4106e39f5f6ee428028c91a22f30cf0fe869,False,synthetic_schema_grounded
B4A-FT-097-LEBANESE_ARABIZI,B4A-FT-097,events_customers_purchase,events,events_customers_by_type,medium,purchase,lebanese_arabizi,train,Adde 3adad el customers el mokhtalfin la event type 'purchase'?,SELECT COUNT(DISTINCT customer_id) AS distinct_customer_count FROM build4all_research.product_events WHERE event_type = 'purchase';,8a43df2656dd159f4a94cc72158f4106e39f5f6ee428028c91a22f30cf0fe869,False,synthetic_schema_grounded
B4A-FT-098-ENGLISH,B4A-FT-098,events_products_purchase,events,events_products_by_type,medium,purchase,english,final_test,What is the number of distinct products for event type 'purchase'?,SELECT COUNT(DISTINCT product_id) AS distinct_product_count FROM build4all_research.product_events WHERE event_type = 'purchase';,7da0bb531dda55abe6131903fe99e371e10cb85f9c8cd4e6fadf453cb039de29,False,synthetic_schema_grounded
B4A-FT-098-ARABIC,B4A-FT-098,events_products_purchase,events,events_products_by_type,medium,purchase,arabic,final_test,ما عدد المنتجات المختلفة لنوع الحدث 'purchase'؟,SELECT COUNT(DISTINCT product_id) AS distinct_product_count FROM build4all_research.product_events WHERE event_type = 'purchase';,7da0bb531dda55abe6131903fe99e371e10cb85f9c8cd4e6fadf453cb039de29,False,synthetic_schema_grounded
B4A-FT-098-FRENCH,B4A-FT-098,events_products_purchase,events,events_products_by_type,medium,purchase,french,final_test,Quel est le nombre de produits distincts pour le type d'événement 'purchase' ?,SELECT COUNT(DISTINCT product_id) AS distinct_product_count FROM build4all_research.product_events WHERE event_type = 'purchase';,7da0bb531dda55abe6131903fe99e371e10cb85f9c8cd4e6fadf453cb039de29,False,synthetic_schema_grounded
B4A-FT-098-LEBANESE_ARABIZI,B4A-FT-098,events_products_purchase,events,events_products_by_type,medium,purchase,lebanese_arabizi,final_test,Adde 3adad el products el mokhtalfe la event type 'purchase'?,SELECT COUNT(DISTINCT product_id) AS distinct_product_count FROM build4all_research.product_events WHERE event_type = 'purchase';,7da0bb531dda55abe6131903fe99e371e10cb85f9c8cd4e6fadf453cb039de29,False,synthetic_schema_grounded
B4A-FT-099-ENGLISH,B4A-FT-099,events_august_purchase,events,events_august_by_type,medium,purchase,english,train,What is the number of events during August 2026 for event type 'purchase'?,SELECT COUNT(*) AS august_event_count FROM build4all_research.product_events WHERE event_type = 'purchase' AND event_time >= TIMESTAMPTZ '2026-08-01 00:00:00+00' AND event_time < TIMESTAMPTZ '2026-09-01 00:00:00+00';,ba77fcccaba8d8b1a026d7e3a5b3b2e4db77a26b27a886d34ed74333cd961762,False,synthetic_schema_grounded
B4A-FT-099-ARABIC,B4A-FT-099,events_august_purchase,events,events_august_by_type,medium,purchase,arabic,train,ما عدد الأحداث خلال أغسطس 2026 لنوع الحدث 'purchase'؟,SELECT COUNT(*) AS august_event_count FROM build4all_research.product_events WHERE event_type = 'purchase' AND event_time >= TIMESTAMPTZ '2026-08-01 00:00:00+00' AND event_time < TIMESTAMPTZ '2026-09-01 00:00:00+00';,ba77fcccaba8d8b1a026d7e3a5b3b2e4db77a26b27a886d34ed74333cd961762,False,synthetic_schema_grounded
B4A-FT-099-FRENCH,B4A-FT-099,events_august_purchase,events,events_august_by_type,medium,purchase,french,train,Quel est le nombre d'événements en août 2026 pour le type d'événement 'purchase' ?,SELECT COUNT(*) AS august_event_count FROM build4all_research.product_events WHERE event_type = 'purchase' AND event_time >= TIMESTAMPTZ '2026-08-01 00:00:00+00' AND event_time < TIMESTAMPTZ '2026-09-01 00:00:00+00';,ba77fcccaba8d8b1a026d7e3a5b3b2e4db77a26b27a886d34ed74333cd961762,False,synthetic_schema_grounded
B4A-FT-099-LEBANESE_ARABIZI,B4A-FT-099,events_august_purchase,events,events_august_by_type,medium,purchase,lebanese_arabizi,train,Adde 3adad el events bi August 2026 la event type 'purchase'?,SELECT COUNT(*) AS august_event_count FROM build4all_research.product_events WHERE event_type = 'purchase' AND event_time >= TIMESTAMPTZ '2026-08-01 00:00:00+00' AND event_time < TIMESTAMPTZ '2026-09-01 00:00:00+00';,ba77fcccaba8d8b1a026d7e3a5b3b2e4db77a26b27a886d34ed74333cd961762,False,synthetic_schema_grounded
B4A-FT-100-ENGLISH,B4A-FT-100,events_top_products_purchase,events,events_top_products_by_type,hard,purchase,english,train,What is the top five products by event count for event type 'purchase'?,"SELECT p.product_id, p.name, COUNT(*) AS event_count FROM build4all_research.product_events AS pe JOIN build4all_research.products AS p ON p.product_id = pe.product_id WHERE pe.event_type = 'purchase' GROUP BY p.product_id, p.name ORDER BY event_count DESC, p.product_id LIMIT 5;",983dd38c956b414f46b6df8892e8a0b94d2a6c42f0f64a6dce6d572b04ccc6ad,False,synthetic_schema_grounded
B4A-FT-100-ARABIC,B4A-FT-100,events_top_products_purchase,events,events_top_products_by_type,hard,purchase,arabic,train,ما أعلى خمسة منتجات حسب عدد الأحداث لنوع الحدث 'purchase'؟,"SELECT p.product_id, p.name, COUNT(*) AS event_count FROM build4all_research.product_events AS pe JOIN build4all_research.products AS p ON p.product_id = pe.product_id WHERE pe.event_type = 'purchase' GROUP BY p.product_id, p.name ORDER BY event_count DESC, p.product_id LIMIT 5;",983dd38c956b414f46b6df8892e8a0b94d2a6c42f0f64a6dce6d572b04ccc6ad,False,synthetic_schema_grounded
B4A-FT-100-FRENCH,B4A-FT-100,events_top_products_purchase,events,events_top_products_by_type,hard,purchase,french,train,Quel est le cinq produits principaux par nombre d'événements pour le type d'événement 'purchase' ?,"SELECT p.product_id, p.name, COUNT(*) AS event_count FROM build4all_research.product_events AS pe JOIN build4all_research.products AS p ON p.product_id = pe.product_id WHERE pe.event_type = 'purchase' GROUP BY p.product_id, p.name ORDER BY event_count DESC, p.product_id LIMIT 5;",983dd38c956b414f46b6df8892e8a0b94d2a6c42f0f64a6dce6d572b04ccc6ad,False,synthetic_schema_grounded
B4A-FT-100-LEBANESE_ARABIZI,B4A-FT-100,events_top_products_purchase,events,events_top_products_by_type,hard,purchase,lebanese_arabizi,train,Adde top 5 products 7asab 3adad el events la event type 'purchase'?,"SELECT p.product_id, p.name, COUNT(*) AS event_count FROM build4all_research.product_events AS pe JOIN build4all_research.products AS p ON p.product_id = pe.product_id WHERE pe.event_type = 'purchase' GROUP BY p.product_id, p.name ORDER BY event_count DESC, p.product_id LIMIT 5;",983dd38c956b414f46b6df8892e8a0b94d2a6c42f0f64a6dce6d572b04ccc6ad,False,synthetic_schema_grounded
B4A-FT-101-ENGLISH,B4A-FT-101,events_count_remove_from_cart,events,events_count_by_type,easy,remove_from_cart,english,train,What is the number of events for event type 'remove_from_cart'?,SELECT COUNT(*) AS event_count FROM build4all_research.product_events WHERE event_type = 'remove_from_cart';,1391c357ff1386faf5923b3eeb98dc92f9e2dec4e768e290f5870ee86b764bb0,False,synthetic_schema_grounded
B4A-FT-101-ARABIC,B4A-FT-101,events_count_remove_from_cart,events,events_count_by_type,easy,remove_from_cart,arabic,train,ما عدد الأحداث لنوع الحدث 'remove_from_cart'؟,SELECT COUNT(*) AS event_count FROM build4all_research.product_events WHERE event_type = 'remove_from_cart';,1391c357ff1386faf5923b3eeb98dc92f9e2dec4e768e290f5870ee86b764bb0,False,synthetic_schema_grounded
B4A-FT-101-FRENCH,B4A-FT-101,events_count_remove_from_cart,events,events_count_by_type,easy,remove_from_cart,french,train,Quel est le nombre d'événements pour le type d'événement 'remove_from_cart' ?,SELECT COUNT(*) AS event_count FROM build4all_research.product_events WHERE event_type = 'remove_from_cart';,1391c357ff1386faf5923b3eeb98dc92f9e2dec4e768e290f5870ee86b764bb0,False,synthetic_schema_grounded
B4A-FT-101-LEBANESE_ARABIZI,B4A-FT-101,events_count_remove_from_cart,events,events_count_by_type,easy,remove_from_cart,lebanese_arabizi,train,Adde 3adad el events la event type 'remove_from_cart'?,SELECT COUNT(*) AS event_count FROM build4all_research.product_events WHERE event_type = 'remove_from_cart';,1391c357ff1386faf5923b3eeb98dc92f9e2dec4e768e290f5870ee86b764bb0,False,synthetic_schema_grounded
B4A-FT-102-ENGLISH,B4A-FT-102,events_customers_remove_from_cart,events,events_customers_by_type,medium,remove_from_cart,english,train,What is the number of distinct customers for event type 'remove_from_cart'?,SELECT COUNT(DISTINCT customer_id) AS distinct_customer_count FROM build4all_research.product_events WHERE event_type = 'remove_from_cart';,18a01b5a1bafe4f42d227ac3313e4f478df2ea5812be8da0da8bbe45684f8cdd,False,synthetic_schema_grounded
B4A-FT-102-ARABIC,B4A-FT-102,events_customers_remove_from_cart,events,events_customers_by_type,medium,remove_from_cart,arabic,train,ما عدد العملاء المختلفين لنوع الحدث 'remove_from_cart'؟,SELECT COUNT(DISTINCT customer_id) AS distinct_customer_count FROM build4all_research.product_events WHERE event_type = 'remove_from_cart';,18a01b5a1bafe4f42d227ac3313e4f478df2ea5812be8da0da8bbe45684f8cdd,False,synthetic_schema_grounded
B4A-FT-102-FRENCH,B4A-FT-102,events_customers_remove_from_cart,events,events_customers_by_type,medium,remove_from_cart,french,train,Quel est le nombre de clients distincts pour le type d'événement 'remove_from_cart' ?,SELECT COUNT(DISTINCT customer_id) AS distinct_customer_count FROM build4all_research.product_events WHERE event_type = 'remove_from_cart';,18a01b5a1bafe4f42d227ac3313e4f478df2ea5812be8da0da8bbe45684f8cdd,False,synthetic_schema_grounded
B4A-FT-102-LEBANESE_ARABIZI,B4A-FT-102,events_customers_remove_from_cart,events,events_customers_by_type,medium,remove_from_cart,lebanese_arabizi,train,Adde 3adad el customers el mokhtalfin la event type 'remove_from_cart'?,SELECT COUNT(DISTINCT customer_id) AS distinct_customer_count FROM build4all_research.product_events WHERE event_type = 'remove_from_cart';,18a01b5a1bafe4f42d227ac3313e4f478df2ea5812be8da0da8bbe45684f8cdd,False,synthetic_schema_grounded
B4A-FT-103-ENGLISH,B4A-FT-103,events_products_remove_from_cart,events,events_products_by_type,medium,remove_from_cart,english,train,What is the number of distinct products for event type 'remove_from_cart'?,SELECT COUNT(DISTINCT product_id) AS distinct_product_count FROM build4all_research.product_events WHERE event_type = 'remove_from_cart';,5d2504af45698acdb2151cfe4003118bc152b7217430b845c90c57bffbba5369,False,synthetic_schema_grounded
B4A-FT-103-ARABIC,B4A-FT-103,events_products_remove_from_cart,events,events_products_by_type,medium,remove_from_cart,arabic,train,ما عدد المنتجات المختلفة لنوع الحدث 'remove_from_cart'؟,SELECT COUNT(DISTINCT product_id) AS distinct_product_count FROM build4all_research.product_events WHERE event_type = 'remove_from_cart';,5d2504af45698acdb2151cfe4003118bc152b7217430b845c90c57bffbba5369,False,synthetic_schema_grounded
B4A-FT-103-FRENCH,B4A-FT-103,events_products_remove_from_cart,events,events_products_by_type,medium,remove_from_cart,french,train,Quel est le nombre de produits distincts pour le type d'événement 'remove_from_cart' ?,SELECT COUNT(DISTINCT product_id) AS distinct_product_count FROM build4all_research.product_events WHERE event_type = 'remove_from_cart';,5d2504af45698acdb2151cfe4003118bc152b7217430b845c90c57bffbba5369,False,synthetic_schema_grounded
B4A-FT-103-LEBANESE_ARABIZI,B4A-FT-103,events_products_remove_from_cart,events,events_products_by_type,medium,remove_from_cart,lebanese_arabizi,train,Adde 3adad el products el mokhtalfe la event type 'remove_from_cart'?,SELECT COUNT(DISTINCT product_id) AS distinct_product_count FROM build4all_research.product_events WHERE event_type = 'remove_from_cart';,5d2504af45698acdb2151cfe4003118bc152b7217430b845c90c57bffbba5369,False,synthetic_schema_grounded
B4A-FT-104-ENGLISH,B4A-FT-104,events_august_remove_from_cart,events,events_august_by_type,medium,remove_from_cart,english,final_test,What is the number of events during August 2026 for event type 'remove_from_cart'?,SELECT COUNT(*) AS august_event_count FROM build4all_research.product_events WHERE event_type = 'remove_from_cart' AND event_time >= TIMESTAMPTZ '2026-08-01 00:00:00+00' AND event_time < TIMESTAMPTZ '2026-09-01 00:00:00+00';,83a864f1a8eec2d5de62642d950ea5c3fa619caed5eed96f08012d0362d2d076,False,synthetic_schema_grounded
B4A-FT-104-ARABIC,B4A-FT-104,events_august_remove_from_cart,events,events_august_by_type,medium,remove_from_cart,arabic,final_test,ما عدد الأحداث خلال أغسطس 2026 لنوع الحدث 'remove_from_cart'؟,SELECT COUNT(*) AS august_event_count FROM build4all_research.product_events WHERE event_type = 'remove_from_cart' AND event_time >= TIMESTAMPTZ '2026-08-01 00:00:00+00' AND event_time < TIMESTAMPTZ '2026-09-01 00:00:00+00';,83a864f1a8eec2d5de62642d950ea5c3fa619caed5eed96f08012d0362d2d076,False,synthetic_schema_grounded
B4A-FT-104-FRENCH,B4A-FT-104,events_august_remove_from_cart,events,events_august_by_type,medium,remove_from_cart,french,final_test,Quel est le nombre d'événements en août 2026 pour le type d'événement 'remove_from_cart' ?,SELECT COUNT(*) AS august_event_count FROM build4all_research.product_events WHERE event_type = 'remove_from_cart' AND event_time >= TIMESTAMPTZ '2026-08-01 00:00:00+00' AND event_time < TIMESTAMPTZ '2026-09-01 00:00:00+00';,83a864f1a8eec2d5de62642d950ea5c3fa619caed5eed96f08012d0362d2d076,False,synthetic_schema_grounded
B4A-FT-104-LEBANESE_ARABIZI,B4A-FT-104,events_august_remove_from_cart,events,events_august_by_type,medium,remove_from_cart,lebanese_arabizi,final_test,Adde 3adad el events bi August 2026 la event type 'remove_from_cart'?,SELECT COUNT(*) AS august_event_count FROM build4all_research.product_events WHERE event_type = 'remove_from_cart' AND event_time >= TIMESTAMPTZ '2026-08-01 00:00:00+00' AND event_time < TIMESTAMPTZ '2026-09-01 00:00:00+00';,83a864f1a8eec2d5de62642d950ea5c3fa619caed5eed96f08012d0362d2d076,False,synthetic_schema_grounded
B4A-FT-105-ENGLISH,B4A-FT-105,events_top_products_remove_from_cart,events,events_top_products_by_type,hard,remove_from_cart,english,train,What is the top five products by event count for event type 'remove_from_cart'?,"SELECT p.product_id, p.name, COUNT(*) AS event_count FROM build4all_research.product_events AS pe JOIN build4all_research.products AS p ON p.product_id = pe.product_id WHERE pe.event_type = 'remove_from_cart' GROUP BY p.product_id, p.name ORDER BY event_count DESC, p.product_id LIMIT 5;",e140d78487fe66c5922ddb4b08b201ee752a5b3b09d82166d8f59885a5cb216a,False,synthetic_schema_grounded
B4A-FT-105-ARABIC,B4A-FT-105,events_top_products_remove_from_cart,events,events_top_products_by_type,hard,remove_from_cart,arabic,train,ما أعلى خمسة منتجات حسب عدد الأحداث لنوع الحدث 'remove_from_cart'؟,"SELECT p.product_id, p.name, COUNT(*) AS event_count FROM build4all_research.product_events AS pe JOIN build4all_research.products AS p ON p.product_id = pe.product_id WHERE pe.event_type = 'remove_from_cart' GROUP BY p.product_id, p.name ORDER BY event_count DESC, p.product_id LIMIT 5;",e140d78487fe66c5922ddb4b08b201ee752a5b3b09d82166d8f59885a5cb216a,False,synthetic_schema_grounded
B4A-FT-105-FRENCH,B4A-FT-105,events_top_products_remove_from_cart,events,events_top_products_by_type,hard,remove_from_cart,french,train,Quel est le cinq produits principaux par nombre d'événements pour le type d'événement 'remove_from_cart' ?,"SELECT p.product_id, p.name, COUNT(*) AS event_count FROM build4all_research.product_events AS pe JOIN build4all_research.products AS p ON p.product_id = pe.product_id WHERE pe.event_type = 'remove_from_cart' GROUP BY p.product_id, p.name ORDER BY event_count DESC, p.product_id LIMIT 5;",e140d78487fe66c5922ddb4b08b201ee752a5b3b09d82166d8f59885a5cb216a,False,synthetic_schema_grounded
B4A-FT-105-LEBANESE_ARABIZI,B4A-FT-105,events_top_products_remove_from_cart,events,events_top_products_by_type,hard,remove_from_cart,lebanese_arabizi,train,Adde top 5 products 7asab 3adad el events la event type 'remove_from_cart'?,"SELECT p.product_id, p.name, COUNT(*) AS event_count FROM build4all_research.product_events AS pe JOIN build4all_research.products AS p ON p.product_id = pe.product_id WHERE pe.event_type = 'remove_from_cart' GROUP BY p.product_id, p.name ORDER BY event_count DESC, p.product_id LIMIT 5;",e140d78487fe66c5922ddb4b08b201ee752a5b3b09d82166d8f59885a5cb216a,False,synthetic_schema_grounded
B4A-FT-106-ENGLISH,B4A-FT-106,events_count_search,events,events_count_by_type,easy,search,english,train,What is the number of events for event type 'search'?,SELECT COUNT(*) AS event_count FROM build4all_research.product_events WHERE event_type = 'search';,a20740efeb8d2a86102305d0b5da46520c34ab5b19087ba253d35e2e790953d5,False,synthetic_schema_grounded
B4A-FT-106-ARABIC,B4A-FT-106,events_count_search,events,events_count_by_type,easy,search,arabic,train,ما عدد الأحداث لنوع الحدث 'search'؟,SELECT COUNT(*) AS event_count FROM build4all_research.product_events WHERE event_type = 'search';,a20740efeb8d2a86102305d0b5da46520c34ab5b19087ba253d35e2e790953d5,False,synthetic_schema_grounded
B4A-FT-106-FRENCH,B4A-FT-106,events_count_search,events,events_count_by_type,easy,search,french,train,Quel est le nombre d'événements pour le type d'événement 'search' ?,SELECT COUNT(*) AS event_count FROM build4all_research.product_events WHERE event_type = 'search';,a20740efeb8d2a86102305d0b5da46520c34ab5b19087ba253d35e2e790953d5,False,synthetic_schema_grounded
B4A-FT-106-LEBANESE_ARABIZI,B4A-FT-106,events_count_search,events,events_count_by_type,easy,search,lebanese_arabizi,train,Adde 3adad el events la event type 'search'?,SELECT COUNT(*) AS event_count FROM build4all_research.product_events WHERE event_type = 'search';,a20740efeb8d2a86102305d0b5da46520c34ab5b19087ba253d35e2e790953d5,False,synthetic_schema_grounded
B4A-FT-107-ENGLISH,B4A-FT-107,events_customers_search,events,events_customers_by_type,medium,search,english,train,What is the number of distinct customers for event type 'search'?,SELECT COUNT(DISTINCT customer_id) AS distinct_customer_count FROM build4all_research.product_events WHERE event_type = 'search';,af22bff896f74685d15122a5506b17da9f6f999edd15d9cd6cb94468f27de6e1,False,synthetic_schema_grounded
B4A-FT-107-ARABIC,B4A-FT-107,events_customers_search,events,events_customers_by_type,medium,search,arabic,train,ما عدد العملاء المختلفين لنوع الحدث 'search'؟,SELECT COUNT(DISTINCT customer_id) AS distinct_customer_count FROM build4all_research.product_events WHERE event_type = 'search';,af22bff896f74685d15122a5506b17da9f6f999edd15d9cd6cb94468f27de6e1,False,synthetic_schema_grounded
B4A-FT-107-FRENCH,B4A-FT-107,events_customers_search,events,events_customers_by_type,medium,search,french,train,Quel est le nombre de clients distincts pour le type d'événement 'search' ?,SELECT COUNT(DISTINCT customer_id) AS distinct_customer_count FROM build4all_research.product_events WHERE event_type = 'search';,af22bff896f74685d15122a5506b17da9f6f999edd15d9cd6cb94468f27de6e1,False,synthetic_schema_grounded
B4A-FT-107-LEBANESE_ARABIZI,B4A-FT-107,events_customers_search,events,events_customers_by_type,medium,search,lebanese_arabizi,train,Adde 3adad el customers el mokhtalfin la event type 'search'?,SELECT COUNT(DISTINCT customer_id) AS distinct_customer_count FROM build4all_research.product_events WHERE event_type = 'search';,af22bff896f74685d15122a5506b17da9f6f999edd15d9cd6cb94468f27de6e1,False,synthetic_schema_grounded
B4A-FT-108-ENGLISH,B4A-FT-108,events_products_search,events,events_products_by_type,medium,search,english,final_test,What is the number of distinct products for event type 'search'?,SELECT COUNT(DISTINCT product_id) AS distinct_product_count FROM build4all_research.product_events WHERE event_type = 'search';,54ffab9a7dad33a98e0781e0d78aa2279ebd7b029b5733456dd1d39aad309ff9,False,synthetic_schema_grounded
B4A-FT-108-ARABIC,B4A-FT-108,events_products_search,events,events_products_by_type,medium,search,arabic,final_test,ما عدد المنتجات المختلفة لنوع الحدث 'search'؟,SELECT COUNT(DISTINCT product_id) AS distinct_product_count FROM build4all_research.product_events WHERE event_type = 'search';,54ffab9a7dad33a98e0781e0d78aa2279ebd7b029b5733456dd1d39aad309ff9,False,synthetic_schema_grounded
B4A-FT-108-FRENCH,B4A-FT-108,events_products_search,events,events_products_by_type,medium,search,french,final_test,Quel est le nombre de produits distincts pour le type d'événement 'search' ?,SELECT COUNT(DISTINCT product_id) AS distinct_product_count FROM build4all_research.product_events WHERE event_type = 'search';,54ffab9a7dad33a98e0781e0d78aa2279ebd7b029b5733456dd1d39aad309ff9,False,synthetic_schema_grounded
B4A-FT-108-LEBANESE_ARABIZI,B4A-FT-108,events_products_search,events,events_products_by_type,medium,search,lebanese_arabizi,final_test,Adde 3adad el products el mokhtalfe la event type 'search'?,SELECT COUNT(DISTINCT product_id) AS distinct_product_count FROM build4all_research.product_events WHERE event_type = 'search';,54ffab9a7dad33a98e0781e0d78aa2279ebd7b029b5733456dd1d39aad309ff9,False,synthetic_schema_grounded
B4A-FT-109-ENGLISH,B4A-FT-109,events_august_search,events,events_august_by_type,medium,search,english,final_test,What is the number of events during August 2026 for event type 'search'?,SELECT COUNT(*) AS august_event_count FROM build4all_research.product_events WHERE event_type = 'search' AND event_time >= TIMESTAMPTZ '2026-08-01 00:00:00+00' AND event_time < TIMESTAMPTZ '2026-09-01 00:00:00+00';,5342261f2b071dd6a9373e72f91abb8ea9e40bb44d5f7189eced4c669f600d56,False,synthetic_schema_grounded
B4A-FT-109-ARABIC,B4A-FT-109,events_august_search,events,events_august_by_type,medium,search,arabic,final_test,ما عدد الأحداث خلال أغسطس 2026 لنوع الحدث 'search'؟,SELECT COUNT(*) AS august_event_count FROM build4all_research.product_events WHERE event_type = 'search' AND event_time >= TIMESTAMPTZ '2026-08-01 00:00:00+00' AND event_time < TIMESTAMPTZ '2026-09-01 00:00:00+00';,5342261f2b071dd6a9373e72f91abb8ea9e40bb44d5f7189eced4c669f600d56,False,synthetic_schema_grounded
B4A-FT-109-FRENCH,B4A-FT-109,events_august_search,events,events_august_by_type,medium,search,french,final_test,Quel est le nombre d'événements en août 2026 pour le type d'événement 'search' ?,SELECT COUNT(*) AS august_event_count FROM build4all_research.product_events WHERE event_type = 'search' AND event_time >= TIMESTAMPTZ '2026-08-01 00:00:00+00' AND event_time < TIMESTAMPTZ '2026-09-01 00:00:00+00';,5342261f2b071dd6a9373e72f91abb8ea9e40bb44d5f7189eced4c669f600d56,False,synthetic_schema_grounded
B4A-FT-109-LEBANESE_ARABIZI,B4A-FT-109,events_august_search,events,events_august_by_type,medium,search,lebanese_arabizi,final_test,Adde 3adad el events bi August 2026 la event type 'search'?,SELECT COUNT(*) AS august_event_count FROM build4all_research.product_events WHERE event_type = 'search' AND event_time >= TIMESTAMPTZ '2026-08-01 00:00:00+00' AND event_time < TIMESTAMPTZ '2026-09-01 00:00:00+00';,5342261f2b071dd6a9373e72f91abb8ea9e40bb44d5f7189eced4c669f600d56,False,synthetic_schema_grounded
B4A-FT-110-ENGLISH,B4A-FT-110,events_top_products_search,events,events_top_products_by_type,hard,search,english,train,What is the top five products by event count for event type 'search'?,"SELECT p.product_id, p.name, COUNT(*) AS event_count FROM build4all_research.product_events AS pe JOIN build4all_research.products AS p ON p.product_id = pe.product_id WHERE pe.event_type = 'search' GROUP BY p.product_id, p.name ORDER BY event_count DESC, p.product_id LIMIT 5;",899b70663622c000b8c678d840aa061a19b4eee3f2ec8be066986c6610751b54,False,synthetic_schema_grounded
B4A-FT-110-ARABIC,B4A-FT-110,events_top_products_search,events,events_top_products_by_type,hard,search,arabic,train,ما أعلى خمسة منتجات حسب عدد الأحداث لنوع الحدث 'search'؟,"SELECT p.product_id, p.name, COUNT(*) AS event_count FROM build4all_research.product_events AS pe JOIN build4all_research.products AS p ON p.product_id = pe.product_id WHERE pe.event_type = 'search' GROUP BY p.product_id, p.name ORDER BY event_count DESC, p.product_id LIMIT 5;",899b70663622c000b8c678d840aa061a19b4eee3f2ec8be066986c6610751b54,False,synthetic_schema_grounded
B4A-FT-110-FRENCH,B4A-FT-110,events_top_products_search,events,events_top_products_by_type,hard,search,french,train,Quel est le cinq produits principaux par nombre d'événements pour le type d'événement 'search' ?,"SELECT p.product_id, p.name, COUNT(*) AS event_count FROM build4all_research.product_events AS pe JOIN build4all_research.products AS p ON p.product_id = pe.product_id WHERE pe.event_type = 'search' GROUP BY p.product_id, p.name ORDER BY event_count DESC, p.product_id LIMIT 5;",899b70663622c000b8c678d840aa061a19b4eee3f2ec8be066986c6610751b54,False,synthetic_schema_grounded
B4A-FT-110-LEBANESE_ARABIZI,B4A-FT-110,events_top_products_search,events,events_top_products_by_type,hard,search,lebanese_arabizi,train,Adde top 5 products 7asab 3adad el events la event type 'search'?,"SELECT p.product_id, p.name, COUNT(*) AS event_count FROM build4all_research.product_events AS pe JOIN build4all_research.products AS p ON p.product_id = pe.product_id WHERE pe.event_type = 'search' GROUP BY p.product_id, p.name ORDER BY event_count DESC, p.product_id LIMIT 5;",899b70663622c000b8c678d840aa061a19b4eee3f2ec8be066986c6610751b54,False,synthetic_schema_grounded
B4A-FT-111-ENGLISH,B4A-FT-111,events_count_view,events,events_count_by_type,easy,view,english,train,What is the number of events for event type 'view'?,SELECT COUNT(*) AS event_count FROM build4all_research.product_events WHERE event_type = 'view';,a3391fba52e4ce5929d84d8d10464e2c5c539e4f52c1a8c0309eacac3c85a052,False,synthetic_schema_grounded
B4A-FT-111-ARABIC,B4A-FT-111,events_count_view,events,events_count_by_type,easy,view,arabic,train,ما عدد الأحداث لنوع الحدث 'view'؟,SELECT COUNT(*) AS event_count FROM build4all_research.product_events WHERE event_type = 'view';,a3391fba52e4ce5929d84d8d10464e2c5c539e4f52c1a8c0309eacac3c85a052,False,synthetic_schema_grounded
B4A-FT-111-FRENCH,B4A-FT-111,events_count_view,events,events_count_by_type,easy,view,french,train,Quel est le nombre d'événements pour le type d'événement 'view' ?,SELECT COUNT(*) AS event_count FROM build4all_research.product_events WHERE event_type = 'view';,a3391fba52e4ce5929d84d8d10464e2c5c539e4f52c1a8c0309eacac3c85a052,False,synthetic_schema_grounded
B4A-FT-111-LEBANESE_ARABIZI,B4A-FT-111,events_count_view,events,events_count_by_type,easy,view,lebanese_arabizi,train,Adde 3adad el events la event type 'view'?,SELECT COUNT(*) AS event_count FROM build4all_research.product_events WHERE event_type = 'view';,a3391fba52e4ce5929d84d8d10464e2c5c539e4f52c1a8c0309eacac3c85a052,False,synthetic_schema_grounded
B4A-FT-112-ENGLISH,B4A-FT-112,events_customers_view,events,events_customers_by_type,medium,view,english,train,What is the number of distinct customers for event type 'view'?,SELECT COUNT(DISTINCT customer_id) AS distinct_customer_count FROM build4all_research.product_events WHERE event_type = 'view';,f189c789b1e481c2e6ed80d2cc0448de713f481f1b1bc6309ec789ac64752f3b,False,synthetic_schema_grounded
B4A-FT-112-ARABIC,B4A-FT-112,events_customers_view,events,events_customers_by_type,medium,view,arabic,train,ما عدد العملاء المختلفين لنوع الحدث 'view'؟,SELECT COUNT(DISTINCT customer_id) AS distinct_customer_count FROM build4all_research.product_events WHERE event_type = 'view';,f189c789b1e481c2e6ed80d2cc0448de713f481f1b1bc6309ec789ac64752f3b,False,synthetic_schema_grounded
B4A-FT-112-FRENCH,B4A-FT-112,events_customers_view,events,events_customers_by_type,medium,view,french,train,Quel est le nombre de clients distincts pour le type d'événement 'view' ?,SELECT COUNT(DISTINCT customer_id) AS distinct_customer_count FROM build4all_research.product_events WHERE event_type = 'view';,f189c789b1e481c2e6ed80d2cc0448de713f481f1b1bc6309ec789ac64752f3b,False,synthetic_schema_grounded
B4A-FT-112-LEBANESE_ARABIZI,B4A-FT-112,events_customers_view,events,events_customers_by_type,medium,view,lebanese_arabizi,train,Adde 3adad el customers el mokhtalfin la event type 'view'?,SELECT COUNT(DISTINCT customer_id) AS distinct_customer_count FROM build4all_research.product_events WHERE event_type = 'view';,f189c789b1e481c2e6ed80d2cc0448de713f481f1b1bc6309ec789ac64752f3b,False,synthetic_schema_grounded
B4A-FT-113-ENGLISH,B4A-FT-113,events_products_view,events,events_products_by_type,medium,view,english,train,What is the number of distinct products for event type 'view'?,SELECT COUNT(DISTINCT product_id) AS distinct_product_count FROM build4all_research.product_events WHERE event_type = 'view';,187e9b0558db52e76e42e3ffdd4f894c664162055299343c7474298f1b9e298a,False,synthetic_schema_grounded
B4A-FT-113-ARABIC,B4A-FT-113,events_products_view,events,events_products_by_type,medium,view,arabic,train,ما عدد المنتجات المختلفة لنوع الحدث 'view'؟,SELECT COUNT(DISTINCT product_id) AS distinct_product_count FROM build4all_research.product_events WHERE event_type = 'view';,187e9b0558db52e76e42e3ffdd4f894c664162055299343c7474298f1b9e298a,False,synthetic_schema_grounded
B4A-FT-113-FRENCH,B4A-FT-113,events_products_view,events,events_products_by_type,medium,view,french,train,Quel est le nombre de produits distincts pour le type d'événement 'view' ?,SELECT COUNT(DISTINCT product_id) AS distinct_product_count FROM build4all_research.product_events WHERE event_type = 'view';,187e9b0558db52e76e42e3ffdd4f894c664162055299343c7474298f1b9e298a,False,synthetic_schema_grounded
B4A-FT-113-LEBANESE_ARABIZI,B4A-FT-113,events_products_view,events,events_products_by_type,medium,view,lebanese_arabizi,train,Adde 3adad el products el mokhtalfe la event type 'view'?,SELECT COUNT(DISTINCT product_id) AS distinct_product_count FROM build4all_research.product_events WHERE event_type = 'view';,187e9b0558db52e76e42e3ffdd4f894c664162055299343c7474298f1b9e298a,False,synthetic_schema_grounded
B4A-FT-114-ENGLISH,B4A-FT-114,events_august_view,events,events_august_by_type,medium,view,english,validation,What is the number of events during August 2026 for event type 'view'?,SELECT COUNT(*) AS august_event_count FROM build4all_research.product_events WHERE event_type = 'view' AND event_time >= TIMESTAMPTZ '2026-08-01 00:00:00+00' AND event_time < TIMESTAMPTZ '2026-09-01 00:00:00+00';,042801384a486427e4f5f14f8e29e53b4656a5a9de26d2c7dad50f40e38c1150,False,synthetic_schema_grounded
B4A-FT-114-ARABIC,B4A-FT-114,events_august_view,events,events_august_by_type,medium,view,arabic,validation,ما عدد الأحداث خلال أغسطس 2026 لنوع الحدث 'view'؟,SELECT COUNT(*) AS august_event_count FROM build4all_research.product_events WHERE event_type = 'view' AND event_time >= TIMESTAMPTZ '2026-08-01 00:00:00+00' AND event_time < TIMESTAMPTZ '2026-09-01 00:00:00+00';,042801384a486427e4f5f14f8e29e53b4656a5a9de26d2c7dad50f40e38c1150,False,synthetic_schema_grounded
B4A-FT-114-FRENCH,B4A-FT-114,events_august_view,events,events_august_by_type,medium,view,french,validation,Quel est le nombre d'événements en août 2026 pour le type d'événement 'view' ?,SELECT COUNT(*) AS august_event_count FROM build4all_research.product_events WHERE event_type = 'view' AND event_time >= TIMESTAMPTZ '2026-08-01 00:00:00+00' AND event_time < TIMESTAMPTZ '2026-09-01 00:00:00+00';,042801384a486427e4f5f14f8e29e53b4656a5a9de26d2c7dad50f40e38c1150,False,synthetic_schema_grounded
B4A-FT-114-LEBANESE_ARABIZI,B4A-FT-114,events_august_view,events,events_august_by_type,medium,view,lebanese_arabizi,validation,Adde 3adad el events bi August 2026 la event type 'view'?,SELECT COUNT(*) AS august_event_count FROM build4all_research.product_events WHERE event_type = 'view' AND event_time >= TIMESTAMPTZ '2026-08-01 00:00:00+00' AND event_time < TIMESTAMPTZ '2026-09-01 00:00:00+00';,042801384a486427e4f5f14f8e29e53b4656a5a9de26d2c7dad50f40e38c1150,False,synthetic_schema_grounded
B4A-FT-115-ENGLISH,B4A-FT-115,events_top_products_view,events,events_top_products_by_type,hard,view,english,final_test,What is the top five products by event count for event type 'view'?,"SELECT p.product_id, p.name, COUNT(*) AS event_count FROM build4all_research.product_events AS pe JOIN build4all_research.products AS p ON p.product_id = pe.product_id WHERE pe.event_type = 'view' GROUP BY p.product_id, p.name ORDER BY event_count DESC, p.product_id LIMIT 5;",2ccec07415c0ad7260aada7ef7ba6e179bc420acd0249ce450c2efeaeace4b65,False,synthetic_schema_grounded
B4A-FT-115-ARABIC,B4A-FT-115,events_top_products_view,events,events_top_products_by_type,hard,view,arabic,final_test,ما أعلى خمسة منتجات حسب عدد الأحداث لنوع الحدث 'view'؟,"SELECT p.product_id, p.name, COUNT(*) AS event_count FROM build4all_research.product_events AS pe JOIN build4all_research.products AS p ON p.product_id = pe.product_id WHERE pe.event_type = 'view' GROUP BY p.product_id, p.name ORDER BY event_count DESC, p.product_id LIMIT 5;",2ccec07415c0ad7260aada7ef7ba6e179bc420acd0249ce450c2efeaeace4b65,False,synthetic_schema_grounded
B4A-FT-115-FRENCH,B4A-FT-115,events_top_products_view,events,events_top_products_by_type,hard,view,french,final_test,Quel est le cinq produits principaux par nombre d'événements pour le type d'événement 'view' ?,"SELECT p.product_id, p.name, COUNT(*) AS event_count FROM build4all_research.product_events AS pe JOIN build4all_research.products AS p ON p.product_id = pe.product_id WHERE pe.event_type = 'view' GROUP BY p.product_id, p.name ORDER BY event_count DESC, p.product_id LIMIT 5;",2ccec07415c0ad7260aada7ef7ba6e179bc420acd0249ce450c2efeaeace4b65,False,synthetic_schema_grounded
B4A-FT-115-LEBANESE_ARABIZI,B4A-FT-115,events_top_products_view,events,events_top_products_by_type,hard,view,lebanese_arabizi,final_test,Adde top 5 products 7asab 3adad el events la event type 'view'?,"SELECT p.product_id, p.name, COUNT(*) AS event_count FROM build4all_research.product_events AS pe JOIN build4all_research.products AS p ON p.product_id = pe.product_id WHERE pe.event_type = 'view' GROUP BY p.product_id, p.name ORDER BY event_count DESC, p.product_id LIMIT 5;",2ccec07415c0ad7260aada7ef7ba6e179bc420acd0249ce450c2efeaeace4b65,False,synthetic_schema_grounded
B4A-FT-116-ENGLISH,B4A-FT-116,events_count_wishlist,events,events_count_by_type,easy,wishlist,english,train,What is the number of events for event type 'wishlist'?,SELECT COUNT(*) AS event_count FROM build4all_research.product_events WHERE event_type = 'wishlist';,b59d31f0284c59639b15fa14be9e599125e73a76ac8a6e9564e3e67f182711e5,False,synthetic_schema_grounded
B4A-FT-116-ARABIC,B4A-FT-116,events_count_wishlist,events,events_count_by_type,easy,wishlist,arabic,train,ما عدد الأحداث لنوع الحدث 'wishlist'؟,SELECT COUNT(*) AS event_count FROM build4all_research.product_events WHERE event_type = 'wishlist';,b59d31f0284c59639b15fa14be9e599125e73a76ac8a6e9564e3e67f182711e5,False,synthetic_schema_grounded
B4A-FT-116-FRENCH,B4A-FT-116,events_count_wishlist,events,events_count_by_type,easy,wishlist,french,train,Quel est le nombre d'événements pour le type d'événement 'wishlist' ?,SELECT COUNT(*) AS event_count FROM build4all_research.product_events WHERE event_type = 'wishlist';,b59d31f0284c59639b15fa14be9e599125e73a76ac8a6e9564e3e67f182711e5,False,synthetic_schema_grounded
B4A-FT-116-LEBANESE_ARABIZI,B4A-FT-116,events_count_wishlist,events,events_count_by_type,easy,wishlist,lebanese_arabizi,train,Adde 3adad el events la event type 'wishlist'?,SELECT COUNT(*) AS event_count FROM build4all_research.product_events WHERE event_type = 'wishlist';,b59d31f0284c59639b15fa14be9e599125e73a76ac8a6e9564e3e67f182711e5,False,synthetic_schema_grounded
B4A-FT-117-ENGLISH,B4A-FT-117,events_customers_wishlist,events,events_customers_by_type,medium,wishlist,english,train,What is the number of distinct customers for event type 'wishlist'?,SELECT COUNT(DISTINCT customer_id) AS distinct_customer_count FROM build4all_research.product_events WHERE event_type = 'wishlist';,e3a78d6b5bb87e1204b6f68adf80f97cb80e7ab010cf9f61e65e30fb2b90ab1f,False,synthetic_schema_grounded
B4A-FT-117-ARABIC,B4A-FT-117,events_customers_wishlist,events,events_customers_by_type,medium,wishlist,arabic,train,ما عدد العملاء المختلفين لنوع الحدث 'wishlist'؟,SELECT COUNT(DISTINCT customer_id) AS distinct_customer_count FROM build4all_research.product_events WHERE event_type = 'wishlist';,e3a78d6b5bb87e1204b6f68adf80f97cb80e7ab010cf9f61e65e30fb2b90ab1f,False,synthetic_schema_grounded
B4A-FT-117-FRENCH,B4A-FT-117,events_customers_wishlist,events,events_customers_by_type,medium,wishlist,french,train,Quel est le nombre de clients distincts pour le type d'événement 'wishlist' ?,SELECT COUNT(DISTINCT customer_id) AS distinct_customer_count FROM build4all_research.product_events WHERE event_type = 'wishlist';,e3a78d6b5bb87e1204b6f68adf80f97cb80e7ab010cf9f61e65e30fb2b90ab1f,False,synthetic_schema_grounded
B4A-FT-117-LEBANESE_ARABIZI,B4A-FT-117,events_customers_wishlist,events,events_customers_by_type,medium,wishlist,lebanese_arabizi,train,Adde 3adad el customers el mokhtalfin la event type 'wishlist'?,SELECT COUNT(DISTINCT customer_id) AS distinct_customer_count FROM build4all_research.product_events WHERE event_type = 'wishlist';,e3a78d6b5bb87e1204b6f68adf80f97cb80e7ab010cf9f61e65e30fb2b90ab1f,False,synthetic_schema_grounded
B4A-FT-118-ENGLISH,B4A-FT-118,events_products_wishlist,events,events_products_by_type,medium,wishlist,english,train,What is the number of distinct products for event type 'wishlist'?,SELECT COUNT(DISTINCT product_id) AS distinct_product_count FROM build4all_research.product_events WHERE event_type = 'wishlist';,06aa0340571f5776beb895f2f608091e6a37ece388e5159a9213b1aa216a891b,False,synthetic_schema_grounded
B4A-FT-118-ARABIC,B4A-FT-118,events_products_wishlist,events,events_products_by_type,medium,wishlist,arabic,train,ما عدد المنتجات المختلفة لنوع الحدث 'wishlist'؟,SELECT COUNT(DISTINCT product_id) AS distinct_product_count FROM build4all_research.product_events WHERE event_type = 'wishlist';,06aa0340571f5776beb895f2f608091e6a37ece388e5159a9213b1aa216a891b,False,synthetic_schema_grounded
B4A-FT-118-FRENCH,B4A-FT-118,events_products_wishlist,events,events_products_by_type,medium,wishlist,french,train,Quel est le nombre de produits distincts pour le type d'événement 'wishlist' ?,SELECT COUNT(DISTINCT product_id) AS distinct_product_count FROM build4all_research.product_events WHERE event_type = 'wishlist';,06aa0340571f5776beb895f2f608091e6a37ece388e5159a9213b1aa216a891b,False,synthetic_schema_grounded
B4A-FT-118-LEBANESE_ARABIZI,B4A-FT-118,events_products_wishlist,events,events_products_by_type,medium,wishlist,lebanese_arabizi,train,Adde 3adad el products el mokhtalfe la event type 'wishlist'?,SELECT COUNT(DISTINCT product_id) AS distinct_product_count FROM build4all_research.product_events WHERE event_type = 'wishlist';,06aa0340571f5776beb895f2f608091e6a37ece388e5159a9213b1aa216a891b,False,synthetic_schema_grounded
B4A-FT-119-ENGLISH,B4A-FT-119,events_august_wishlist,events,events_august_by_type,medium,wishlist,english,train,What is the number of events during August 2026 for event type 'wishlist'?,SELECT COUNT(*) AS august_event_count FROM build4all_research.product_events WHERE event_type = 'wishlist' AND event_time >= TIMESTAMPTZ '2026-08-01 00:00:00+00' AND event_time < TIMESTAMPTZ '2026-09-01 00:00:00+00';,8e4938afb5cdf345c4a8576dd4fa26abb1364a5f8e308d32c49db2cd013c6a19,False,synthetic_schema_grounded
B4A-FT-119-ARABIC,B4A-FT-119,events_august_wishlist,events,events_august_by_type,medium,wishlist,arabic,train,ما عدد الأحداث خلال أغسطس 2026 لنوع الحدث 'wishlist'؟,SELECT COUNT(*) AS august_event_count FROM build4all_research.product_events WHERE event_type = 'wishlist' AND event_time >= TIMESTAMPTZ '2026-08-01 00:00:00+00' AND event_time < TIMESTAMPTZ '2026-09-01 00:00:00+00';,8e4938afb5cdf345c4a8576dd4fa26abb1364a5f8e308d32c49db2cd013c6a19,False,synthetic_schema_grounded
B4A-FT-119-FRENCH,B4A-FT-119,events_august_wishlist,events,events_august_by_type,medium,wishlist,french,train,Quel est le nombre d'événements en août 2026 pour le type d'événement 'wishlist' ?,SELECT COUNT(*) AS august_event_count FROM build4all_research.product_events WHERE event_type = 'wishlist' AND event_time >= TIMESTAMPTZ '2026-08-01 00:00:00+00' AND event_time < TIMESTAMPTZ '2026-09-01 00:00:00+00';,8e4938afb5cdf345c4a8576dd4fa26abb1364a5f8e308d32c49db2cd013c6a19,False,synthetic_schema_grounded
B4A-FT-119-LEBANESE_ARABIZI,B4A-FT-119,events_august_wishlist,events,events_august_by_type,medium,wishlist,lebanese_arabizi,train,Adde 3adad el events bi August 2026 la event type 'wishlist'?,SELECT COUNT(*) AS august_event_count FROM build4all_research.product_events WHERE event_type = 'wishlist' AND event_time >= TIMESTAMPTZ '2026-08-01 00:00:00+00' AND event_time < TIMESTAMPTZ '2026-09-01 00:00:00+00';,8e4938afb5cdf345c4a8576dd4fa26abb1364a5f8e308d32c49db2cd013c6a19,False,synthetic_schema_grounded
B4A-FT-120-ENGLISH,B4A-FT-120,events_top_products_wishlist,events,events_top_products_by_type,hard,wishlist,english,train,What is the top five products by event count for event type 'wishlist'?,"SELECT p.product_id, p.name, COUNT(*) AS event_count FROM build4all_research.product_events AS pe JOIN build4all_research.products AS p ON p.product_id = pe.product_id WHERE pe.event_type = 'wishlist' GROUP BY p.product_id, p.name ORDER BY event_count DESC, p.product_id LIMIT 5;",18fd60850d11bf9aa0d9c510cd4429d9b1209cb07089d0e8f806425a3a12fc28,False,synthetic_schema_grounded
B4A-FT-120-ARABIC,B4A-FT-120,events_top_products_wishlist,events,events_top_products_by_type,hard,wishlist,arabic,train,ما أعلى خمسة منتجات حسب عدد الأحداث لنوع الحدث 'wishlist'؟,"SELECT p.product_id, p.name, COUNT(*) AS event_count FROM build4all_research.product_events AS pe JOIN build4all_research.products AS p ON p.product_id = pe.product_id WHERE pe.event_type = 'wishlist' GROUP BY p.product_id, p.name ORDER BY event_count DESC, p.product_id LIMIT 5;",18fd60850d11bf9aa0d9c510cd4429d9b1209cb07089d0e8f806425a3a12fc28,False,synthetic_schema_grounded
B4A-FT-120-FRENCH,B4A-FT-120,events_top_products_wishlist,events,events_top_products_by_type,hard,wishlist,french,train,Quel est le cinq produits principaux par nombre d'événements pour le type d'événement 'wishlist' ?,"SELECT p.product_id, p.name, COUNT(*) AS event_count FROM build4all_research.product_events AS pe JOIN build4all_research.products AS p ON p.product_id = pe.product_id WHERE pe.event_type = 'wishlist' GROUP BY p.product_id, p.name ORDER BY event_count DESC, p.product_id LIMIT 5;",18fd60850d11bf9aa0d9c510cd4429d9b1209cb07089d0e8f806425a3a12fc28,False,synthetic_schema_grounded
B4A-FT-120-LEBANESE_ARABIZI,B4A-FT-120,events_top_products_wishlist,events,events_top_products_by_type,hard,wishlist,lebanese_arabizi,train,Adde top 5 products 7asab 3adad el events la event type 'wishlist'?,"SELECT p.product_id, p.name, COUNT(*) AS event_count FROM build4all_research.product_events AS pe JOIN build4all_research.products AS p ON p.product_id = pe.product_id WHERE pe.event_type = 'wishlist' GROUP BY p.product_id, p.name ORDER BY event_count DESC, p.product_id LIMIT 5;",18fd60850d11bf9aa0d9c510cd4429d9b1209cb07089d0e8f806425a3a12fc28,False,synthetic_schema_grounded
B4A-FT-121-ENGLISH,B4A-FT-121,active_products_stock_below_5,products,active_products_below_stock_threshold,easy,5,english,train,How many active products have stock below 5 units?,SELECT COUNT(*) AS product_count FROM build4all_research.products WHERE status = 'active' AND stock < 5;,9bbe8aa067e91ea0ce73520d10a684d009b6e478feae036e24e54c20356386d1,False,synthetic_schema_grounded
B4A-FT-121-ARABIC,B4A-FT-121,active_products_stock_below_5,products,active_products_below_stock_threshold,easy,5,arabic,train,كم منتجا نشطا لديه مخزون أقل من 5 وحدة؟,SELECT COUNT(*) AS product_count FROM build4all_research.products WHERE status = 'active' AND stock < 5;,9bbe8aa067e91ea0ce73520d10a684d009b6e478feae036e24e54c20356386d1,False,synthetic_schema_grounded
B4A-FT-121-FRENCH,B4A-FT-121,active_products_stock_below_5,products,active_products_below_stock_threshold,easy,5,french,train,Combien de produits actifs ont un stock inférieur à 5 unités ?,SELECT COUNT(*) AS product_count FROM build4all_research.products WHERE status = 'active' AND stock < 5;,9bbe8aa067e91ea0ce73520d10a684d009b6e478feae036e24e54c20356386d1,False,synthetic_schema_grounded
B4A-FT-121-LEBANESE_ARABIZI,B4A-FT-121,active_products_stock_below_5,products,active_products_below_stock_threshold,easy,5,lebanese_arabizi,train,Adde fi active products stock taba3a a2al men 5 units?,SELECT COUNT(*) AS product_count FROM build4all_research.products WHERE status = 'active' AND stock < 5;,9bbe8aa067e91ea0ce73520d10a684d009b6e478feae036e24e54c20356386d1,False,synthetic_schema_grounded
B4A-FT-122-ENGLISH,B4A-FT-122,active_products_stock_below_10,products,active_products_below_stock_threshold,easy,10,english,validation,How many active products have stock below 10 units?,SELECT COUNT(*) AS product_count FROM build4all_research.products WHERE status = 'active' AND stock < 10;,2a1c17e1d86daf8f4bf77534d639b6ea0d2d4f7e0da1c0821eea676d1caa6482,False,synthetic_schema_grounded
B4A-FT-122-ARABIC,B4A-FT-122,active_products_stock_below_10,products,active_products_below_stock_threshold,easy,10,arabic,validation,كم منتجا نشطا لديه مخزون أقل من 10 وحدة؟,SELECT COUNT(*) AS product_count FROM build4all_research.products WHERE status = 'active' AND stock < 10;,2a1c17e1d86daf8f4bf77534d639b6ea0d2d4f7e0da1c0821eea676d1caa6482,False,synthetic_schema_grounded
B4A-FT-122-FRENCH,B4A-FT-122,active_products_stock_below_10,products,active_products_below_stock_threshold,easy,10,french,validation,Combien de produits actifs ont un stock inférieur à 10 unités ?,SELECT COUNT(*) AS product_count FROM build4all_research.products WHERE status = 'active' AND stock < 10;,2a1c17e1d86daf8f4bf77534d639b6ea0d2d4f7e0da1c0821eea676d1caa6482,False,synthetic_schema_grounded
B4A-FT-122-LEBANESE_ARABIZI,B4A-FT-122,active_products_stock_below_10,products,active_products_below_stock_threshold,easy,10,lebanese_arabizi,validation,Adde fi active products stock taba3a a2al men 10 units?,SELECT COUNT(*) AS product_count FROM build4all_research.products WHERE status = 'active' AND stock < 10;,2a1c17e1d86daf8f4bf77534d639b6ea0d2d4f7e0da1c0821eea676d1caa6482,False,synthetic_schema_grounded
B4A-FT-123-ENGLISH,B4A-FT-123,active_products_stock_below_20,products,active_products_below_stock_threshold,easy,20,english,train,How many active products have stock below 20 units?,SELECT COUNT(*) AS product_count FROM build4all_research.products WHERE status = 'active' AND stock < 20;,a6527128c31f3efe38e77bbd29ca373aad873caa32b05d9d47385ba92e7e6b2c,False,synthetic_schema_grounded
B4A-FT-123-ARABIC,B4A-FT-123,active_products_stock_below_20,products,active_products_below_stock_threshold,easy,20,arabic,train,كم منتجا نشطا لديه مخزون أقل من 20 وحدة؟,SELECT COUNT(*) AS product_count FROM build4all_research.products WHERE status = 'active' AND stock < 20;,a6527128c31f3efe38e77bbd29ca373aad873caa32b05d9d47385ba92e7e6b2c,False,synthetic_schema_grounded
B4A-FT-123-FRENCH,B4A-FT-123,active_products_stock_below_20,products,active_products_below_stock_threshold,easy,20,french,train,Combien de produits actifs ont un stock inférieur à 20 unités ?,SELECT COUNT(*) AS product_count FROM build4all_research.products WHERE status = 'active' AND stock < 20;,a6527128c31f3efe38e77bbd29ca373aad873caa32b05d9d47385ba92e7e6b2c,False,synthetic_schema_grounded
B4A-FT-123-LEBANESE_ARABIZI,B4A-FT-123,active_products_stock_below_20,products,active_products_below_stock_threshold,easy,20,lebanese_arabizi,train,Adde fi active products stock taba3a a2al men 20 units?,SELECT COUNT(*) AS product_count FROM build4all_research.products WHERE status = 'active' AND stock < 20;,a6527128c31f3efe38e77bbd29ca373aad873caa32b05d9d47385ba92e7e6b2c,False,synthetic_schema_grounded
B4A-FT-124-ENGLISH,B4A-FT-124,active_products_stock_below_30,products,active_products_below_stock_threshold,easy,30,english,train,How many active products have stock below 30 units?,SELECT COUNT(*) AS product_count FROM build4all_research.products WHERE status = 'active' AND stock < 30;,3e554fdd73a82f67282ed2e71d9145ed22a975f3e8f50dbadae640c886cf78dd,False,synthetic_schema_grounded
B4A-FT-124-ARABIC,B4A-FT-124,active_products_stock_below_30,products,active_products_below_stock_threshold,easy,30,arabic,train,كم منتجا نشطا لديه مخزون أقل من 30 وحدة؟,SELECT COUNT(*) AS product_count FROM build4all_research.products WHERE status = 'active' AND stock < 30;,3e554fdd73a82f67282ed2e71d9145ed22a975f3e8f50dbadae640c886cf78dd,False,synthetic_schema_grounded
B4A-FT-124-FRENCH,B4A-FT-124,active_products_stock_below_30,products,active_products_below_stock_threshold,easy,30,french,train,Combien de produits actifs ont un stock inférieur à 30 unités ?,SELECT COUNT(*) AS product_count FROM build4all_research.products WHERE status = 'active' AND stock < 30;,3e554fdd73a82f67282ed2e71d9145ed22a975f3e8f50dbadae640c886cf78dd,False,synthetic_schema_grounded
B4A-FT-124-LEBANESE_ARABIZI,B4A-FT-124,active_products_stock_below_30,products,active_products_below_stock_threshold,easy,30,lebanese_arabizi,train,Adde fi active products stock taba3a a2al men 30 units?,SELECT COUNT(*) AS product_count FROM build4all_research.products WHERE status = 'active' AND stock < 30;,3e554fdd73a82f67282ed2e71d9145ed22a975f3e8f50dbadae640c886cf78dd,False,synthetic_schema_grounded
B4A-FT-125-ENGLISH,B4A-FT-125,active_products_stock_below_50,products,active_products_below_stock_threshold,easy,50,english,train,How many active products have stock below 50 units?,SELECT COUNT(*) AS product_count FROM build4all_research.products WHERE status = 'active' AND stock < 50;,65e2e3368615d71aabc3d6d1167702ba48f1c907e1eacdb5b5dfe254f9cfcc4b,False,synthetic_schema_grounded
B4A-FT-125-ARABIC,B4A-FT-125,active_products_stock_below_50,products,active_products_below_stock_threshold,easy,50,arabic,train,كم منتجا نشطا لديه مخزون أقل من 50 وحدة؟,SELECT COUNT(*) AS product_count FROM build4all_research.products WHERE status = 'active' AND stock < 50;,65e2e3368615d71aabc3d6d1167702ba48f1c907e1eacdb5b5dfe254f9cfcc4b,False,synthetic_schema_grounded
B4A-FT-125-FRENCH,B4A-FT-125,active_products_stock_below_50,products,active_products_below_stock_threshold,easy,50,french,train,Combien de produits actifs ont un stock inférieur à 50 unités ?,SELECT COUNT(*) AS product_count FROM build4all_research.products WHERE status = 'active' AND stock < 50;,65e2e3368615d71aabc3d6d1167702ba48f1c907e1eacdb5b5dfe254f9cfcc4b,False,synthetic_schema_grounded
B4A-FT-125-LEBANESE_ARABIZI,B4A-FT-125,active_products_stock_below_50,products,active_products_below_stock_threshold,easy,50,lebanese_arabizi,train,Adde fi active products stock taba3a a2al men 50 units?,SELECT COUNT(*) AS product_count FROM build4all_research.products WHERE status = 'active' AND stock < 50;,65e2e3368615d71aabc3d6d1167702ba48f1c907e1eacdb5b5dfe254f9cfcc4b,False,synthetic_schema_grounded
B4A-FT-126-ENGLISH,B4A-FT-126,active_products_price_above_25,products,active_products_above_price_threshold,easy,25,english,validation,How many active products have a list price above 25?,SELECT COUNT(*) AS product_count FROM build4all_research.products WHERE status = 'active' AND price > 25;,9c1cbb04df77c82983d474915e77d55f24f4a024b2082e3be2cb6fa38d77ecca,False,synthetic_schema_grounded
B4A-FT-126-ARABIC,B4A-FT-126,active_products_price_above_25,products,active_products_above_price_threshold,easy,25,arabic,validation,كم منتجا نشطا سعره الأساسي أعلى من 25؟,SELECT COUNT(*) AS product_count FROM build4all_research.products WHERE status = 'active' AND price > 25;,9c1cbb04df77c82983d474915e77d55f24f4a024b2082e3be2cb6fa38d77ecca,False,synthetic_schema_grounded
B4A-FT-126-FRENCH,B4A-FT-126,active_products_price_above_25,products,active_products_above_price_threshold,easy,25,french,validation,Combien de produits actifs ont un prix catalogue supérieur à 25 ?,SELECT COUNT(*) AS product_count FROM build4all_research.products WHERE status = 'active' AND price > 25;,9c1cbb04df77c82983d474915e77d55f24f4a024b2082e3be2cb6fa38d77ecca,False,synthetic_schema_grounded
B4A-FT-126-LEBANESE_ARABIZI,B4A-FT-126,active_products_price_above_25,products,active_products_above_price_threshold,easy,25,lebanese_arabizi,validation,Adde fi active products price taba3a aktar men 25?,SELECT COUNT(*) AS product_count FROM build4all_research.products WHERE status = 'active' AND price > 25;,9c1cbb04df77c82983d474915e77d55f24f4a024b2082e3be2cb6fa38d77ecca,False,synthetic_schema_grounded
B4A-FT-127-ENGLISH,B4A-FT-127,active_products_price_above_50,products,active_products_above_price_threshold,easy,50,english,validation,How many active products have a list price above 50?,SELECT COUNT(*) AS product_count FROM build4all_research.products WHERE status = 'active' AND price > 50;,3d73c56d49630e58a9b12395945ba604a5248b3d0d5c5b4df2c38ba7bb7e2ef0,False,synthetic_schema_grounded
B4A-FT-127-ARABIC,B4A-FT-127,active_products_price_above_50,products,active_products_above_price_threshold,easy,50,arabic,validation,كم منتجا نشطا سعره الأساسي أعلى من 50؟,SELECT COUNT(*) AS product_count FROM build4all_research.products WHERE status = 'active' AND price > 50;,3d73c56d49630e58a9b12395945ba604a5248b3d0d5c5b4df2c38ba7bb7e2ef0,False,synthetic_schema_grounded
B4A-FT-127-FRENCH,B4A-FT-127,active_products_price_above_50,products,active_products_above_price_threshold,easy,50,french,validation,Combien de produits actifs ont un prix catalogue supérieur à 50 ?,SELECT COUNT(*) AS product_count FROM build4all_research.products WHERE status = 'active' AND price > 50;,3d73c56d49630e58a9b12395945ba604a5248b3d0d5c5b4df2c38ba7bb7e2ef0,False,synthetic_schema_grounded
B4A-FT-127-LEBANESE_ARABIZI,B4A-FT-127,active_products_price_above_50,products,active_products_above_price_threshold,easy,50,lebanese_arabizi,validation,Adde fi active products price taba3a aktar men 50?,SELECT COUNT(*) AS product_count FROM build4all_research.products WHERE status = 'active' AND price > 50;,3d73c56d49630e58a9b12395945ba604a5248b3d0d5c5b4df2c38ba7bb7e2ef0,False,synthetic_schema_grounded
B4A-FT-128-ENGLISH,B4A-FT-128,active_products_price_above_100,products,active_products_above_price_threshold,easy,100,english,train,How many active products have a list price above 100?,SELECT COUNT(*) AS product_count FROM build4all_research.products WHERE status = 'active' AND price > 100;,30b18156bf2e614c30c05c8c8f141fe33a93625f5962baa54aa18fe165035f4f,False,synthetic_schema_grounded
B4A-FT-128-ARABIC,B4A-FT-128,active_products_price_above_100,products,active_products_above_price_threshold,easy,100,arabic,train,كم منتجا نشطا سعره الأساسي أعلى من 100؟,SELECT COUNT(*) AS product_count FROM build4all_research.products WHERE status = 'active' AND price > 100;,30b18156bf2e614c30c05c8c8f141fe33a93625f5962baa54aa18fe165035f4f,False,synthetic_schema_grounded
B4A-FT-128-FRENCH,B4A-FT-128,active_products_price_above_100,products,active_products_above_price_threshold,easy,100,french,train,Combien de produits actifs ont un prix catalogue supérieur à 100 ?,SELECT COUNT(*) AS product_count FROM build4all_research.products WHERE status = 'active' AND price > 100;,30b18156bf2e614c30c05c8c8f141fe33a93625f5962baa54aa18fe165035f4f,False,synthetic_schema_grounded
B4A-FT-128-LEBANESE_ARABIZI,B4A-FT-128,active_products_price_above_100,products,active_products_above_price_threshold,easy,100,lebanese_arabizi,train,Adde fi active products price taba3a aktar men 100?,SELECT COUNT(*) AS product_count FROM build4all_research.products WHERE status = 'active' AND price > 100;,30b18156bf2e614c30c05c8c8f141fe33a93625f5962baa54aa18fe165035f4f,False,synthetic_schema_grounded
B4A-FT-129-ENGLISH,B4A-FT-129,active_products_price_above_250,products,active_products_above_price_threshold,easy,250,english,train,How many active products have a list price above 250?,SELECT COUNT(*) AS product_count FROM build4all_research.products WHERE status = 'active' AND price > 250;,4ba2f8b712bbb05b0bd780b4fa83fdf8861a54d663022bef32bec09ca16e7317,False,synthetic_schema_grounded
B4A-FT-129-ARABIC,B4A-FT-129,active_products_price_above_250,products,active_products_above_price_threshold,easy,250,arabic,train,كم منتجا نشطا سعره الأساسي أعلى من 250؟,SELECT COUNT(*) AS product_count FROM build4all_research.products WHERE status = 'active' AND price > 250;,4ba2f8b712bbb05b0bd780b4fa83fdf8861a54d663022bef32bec09ca16e7317,False,synthetic_schema_grounded
B4A-FT-129-FRENCH,B4A-FT-129,active_products_price_above_250,products,active_products_above_price_threshold,easy,250,french,train,Combien de produits actifs ont un prix catalogue supérieur à 250 ?,SELECT COUNT(*) AS product_count FROM build4all_research.products WHERE status = 'active' AND price > 250;,4ba2f8b712bbb05b0bd780b4fa83fdf8861a54d663022bef32bec09ca16e7317,False,synthetic_schema_grounded
B4A-FT-129-LEBANESE_ARABIZI,B4A-FT-129,active_products_price_above_250,products,active_products_above_price_threshold,easy,250,lebanese_arabizi,train,Adde fi active products price taba3a aktar men 250?,SELECT COUNT(*) AS product_count FROM build4all_research.products WHERE status = 'active' AND price > 250;,4ba2f8b712bbb05b0bd780b4fa83fdf8861a54d663022bef32bec09ca16e7317,False,synthetic_schema_grounded
B4A-FT-130-ENGLISH,B4A-FT-130,active_products_price_above_500,products,active_products_above_price_threshold,easy,500,english,final_test,How many active products have a list price above 500?,SELECT COUNT(*) AS product_count FROM build4all_research.products WHERE status = 'active' AND price > 500;,5eb80ee48ae71b42b6646ec8d539254b4e6f65c9831a7f267da7b112cfd6f4f1,False,synthetic_schema_grounded
B4A-FT-130-ARABIC,B4A-FT-130,active_products_price_above_500,products,active_products_above_price_threshold,easy,500,arabic,final_test,كم منتجا نشطا سعره الأساسي أعلى من 500؟,SELECT COUNT(*) AS product_count FROM build4all_research.products WHERE status = 'active' AND price > 500;,5eb80ee48ae71b42b6646ec8d539254b4e6f65c9831a7f267da7b112cfd6f4f1,False,synthetic_schema_grounded
B4A-FT-130-FRENCH,B4A-FT-130,active_products_price_above_500,products,active_products_above_price_threshold,easy,500,french,final_test,Combien de produits actifs ont un prix catalogue supérieur à 500 ?,SELECT COUNT(*) AS product_count FROM build4all_research.products WHERE status = 'active' AND price > 500;,5eb80ee48ae71b42b6646ec8d539254b4e6f65c9831a7f267da7b112cfd6f4f1,False,synthetic_schema_grounded
B4A-FT-130-LEBANESE_ARABIZI,B4A-FT-130,active_products_price_above_500,products,active_products_above_price_threshold,easy,500,lebanese_arabizi,final_test,Adde fi active products price taba3a aktar men 500?,SELECT COUNT(*) AS product_count FROM build4all_research.products WHERE status = 'active' AND price > 500;,5eb80ee48ae71b42b6646ec8d539254b4e6f65c9831a7f267da7b112cfd6f4f1,False,synthetic_schema_grounded
B4A-FT-131-ENGLISH,B4A-FT-131,top_5_products_by_recognized_units,sales,top_products_by_recognized_units,hard,5,english,train,Show the top 5 products by units sold in completed or shipped orders.,"SELECT p.product_id, p.name, SUM(oi.quantity) AS units_sold FROM build4all_research.order_items AS oi JOIN build4all_research.orders AS o ON o.order_id = oi.order_id JOIN build4all_research.products AS p ON p.product_id = oi.product_id WHERE o.status IN ('completed', 'shipped') GROUP BY p.product_id, p.name ORDER BY units_sold DESC, p.product_id LIMIT 5;",9eba93c09635f68b1b90e20c5e9e121c34416a8b30a67068356da84305f6dce8,False,synthetic_schema_grounded
B4A-FT-131-ARABIC,B4A-FT-131,top_5_products_by_recognized_units,sales,top_products_by_recognized_units,hard,5,arabic,train,اعرض أعلى 5 منتجات حسب الوحدات المباعة في الطلبات المكتملة أو المشحونة.,"SELECT p.product_id, p.name, SUM(oi.quantity) AS units_sold FROM build4all_research.order_items AS oi JOIN build4all_research.orders AS o ON o.order_id = oi.order_id JOIN build4all_research.products AS p ON p.product_id = oi.product_id WHERE o.status IN ('completed', 'shipped') GROUP BY p.product_id, p.name ORDER BY units_sold DESC, p.product_id LIMIT 5;",9eba93c09635f68b1b90e20c5e9e121c34416a8b30a67068356da84305f6dce8,False,synthetic_schema_grounded
B4A-FT-131-FRENCH,B4A-FT-131,top_5_products_by_recognized_units,sales,top_products_by_recognized_units,hard,5,french,train,Affichez les 5 principaux produits par unités vendues dans les commandes terminées ou expédiées.,"SELECT p.product_id, p.name, SUM(oi.quantity) AS units_sold FROM build4all_research.order_items AS oi JOIN build4all_research.orders AS o ON o.order_id = oi.order_id JOIN build4all_research.products AS p ON p.product_id = oi.product_id WHERE o.status IN ('completed', 'shipped') GROUP BY p.product_id, p.name ORDER BY units_sold DESC, p.product_id LIMIT 5;",9eba93c09635f68b1b90e20c5e9e121c34416a8b30a67068356da84305f6dce8,False,synthetic_schema_grounded
B4A-FT-131-LEBANESE_ARABIZI,B4A-FT-131,top_5_products_by_recognized_units,sales,top_products_by_recognized_units,hard,5,lebanese_arabizi,train,Farjine top 5 products 7asab units sold bi completed aw shipped orders.,"SELECT p.product_id, p.name, SUM(oi.quantity) AS units_sold FROM build4all_research.order_items AS oi JOIN build4all_research.orders AS o ON o.order_id = oi.order_id JOIN build4all_research.products AS p ON p.product_id = oi.product_id WHERE o.status IN ('completed', 'shipped') GROUP BY p.product_id, p.name ORDER BY units_sold DESC, p.product_id LIMIT 5;",9eba93c09635f68b1b90e20c5e9e121c34416a8b30a67068356da84305f6dce8,False,synthetic_schema_grounded
B4A-FT-132-ENGLISH,B4A-FT-132,top_10_products_by_recognized_units,sales,top_products_by_recognized_units,hard,10,english,train,Show the top 10 products by units sold in completed or shipped orders.,"SELECT p.product_id, p.name, SUM(oi.quantity) AS units_sold FROM build4all_research.order_items AS oi JOIN build4all_research.orders AS o ON o.order_id = oi.order_id JOIN build4all_research.products AS p ON p.product_id = oi.product_id WHERE o.status IN ('completed', 'shipped') GROUP BY p.product_id, p.name ORDER BY units_sold DESC, p.product_id LIMIT 10;",5ebfb72964aeffb8d28ce863f5af37a9c5fc087c87219901a0be3d2d75f3756e,False,synthetic_schema_grounded
B4A-FT-132-ARABIC,B4A-FT-132,top_10_products_by_recognized_units,sales,top_products_by_recognized_units,hard,10,arabic,train,اعرض أعلى 10 منتجات حسب الوحدات المباعة في الطلبات المكتملة أو المشحونة.,"SELECT p.product_id, p.name, SUM(oi.quantity) AS units_sold FROM build4all_research.order_items AS oi JOIN build4all_research.orders AS o ON o.order_id = oi.order_id JOIN build4all_research.products AS p ON p.product_id = oi.product_id WHERE o.status IN ('completed', 'shipped') GROUP BY p.product_id, p.name ORDER BY units_sold DESC, p.product_id LIMIT 10;",5ebfb72964aeffb8d28ce863f5af37a9c5fc087c87219901a0be3d2d75f3756e,False,synthetic_schema_grounded
B4A-FT-132-FRENCH,B4A-FT-132,top_10_products_by_recognized_units,sales,top_products_by_recognized_units,hard,10,french,train,Affichez les 10 principaux produits par unités vendues dans les commandes terminées ou expédiées.,"SELECT p.product_id, p.name, SUM(oi.quantity) AS units_sold FROM build4all_research.order_items AS oi JOIN build4all_research.orders AS o ON o.order_id = oi.order_id JOIN build4all_research.products AS p ON p.product_id = oi.product_id WHERE o.status IN ('completed', 'shipped') GROUP BY p.product_id, p.name ORDER BY units_sold DESC, p.product_id LIMIT 10;",5ebfb72964aeffb8d28ce863f5af37a9c5fc087c87219901a0be3d2d75f3756e,False,synthetic_schema_grounded
B4A-FT-132-LEBANESE_ARABIZI,B4A-FT-132,top_10_products_by_recognized_units,sales,top_products_by_recognized_units,hard,10,lebanese_arabizi,train,Farjine top 10 products 7asab units sold bi completed aw shipped orders.,"SELECT p.product_id, p.name, SUM(oi.quantity) AS units_sold FROM build4all_research.order_items AS oi JOIN build4all_research.orders AS o ON o.order_id = oi.order_id JOIN build4all_research.products AS p ON p.product_id = oi.product_id WHERE o.status IN ('completed', 'shipped') GROUP BY p.product_id, p.name ORDER BY units_sold DESC, p.product_id LIMIT 10;",5ebfb72964aeffb8d28ce863f5af37a9c5fc087c87219901a0be3d2d75f3756e,False,synthetic_schema_grounded
B4A-FT-133-ENGLISH,B4A-FT-133,top_15_products_by_recognized_units,sales,top_products_by_recognized_units,hard,15,english,train,Show the top 15 products by units sold in completed or shipped orders.,"SELECT p.product_id, p.name, SUM(oi.quantity) AS units_sold FROM build4all_research.order_items AS oi JOIN build4all_research.orders AS o ON o.order_id = oi.order_id JOIN build4all_research.products AS p ON p.product_id = oi.product_id WHERE o.status IN ('completed', 'shipped') GROUP BY p.product_id, p.name ORDER BY units_sold DESC, p.product_id LIMIT 15;",df4c768a1a94032a5b326330e5cc4b88b357cf8f6932c1d35a2f5df2ec141b49,False,synthetic_schema_grounded
B4A-FT-133-ARABIC,B4A-FT-133,top_15_products_by_recognized_units,sales,top_products_by_recognized_units,hard,15,arabic,train,اعرض أعلى 15 منتجات حسب الوحدات المباعة في الطلبات المكتملة أو المشحونة.,"SELECT p.product_id, p.name, SUM(oi.quantity) AS units_sold FROM build4all_research.order_items AS oi JOIN build4all_research.orders AS o ON o.order_id = oi.order_id JOIN build4all_research.products AS p ON p.product_id = oi.product_id WHERE o.status IN ('completed', 'shipped') GROUP BY p.product_id, p.name ORDER BY units_sold DESC, p.product_id LIMIT 15;",df4c768a1a94032a5b326330e5cc4b88b357cf8f6932c1d35a2f5df2ec141b49,False,synthetic_schema_grounded
B4A-FT-133-FRENCH,B4A-FT-133,top_15_products_by_recognized_units,sales,top_products_by_recognized_units,hard,15,french,train,Affichez les 15 principaux produits par unités vendues dans les commandes terminées ou expédiées.,"SELECT p.product_id, p.name, SUM(oi.quantity) AS units_sold FROM build4all_research.order_items AS oi JOIN build4all_research.orders AS o ON o.order_id = oi.order_id JOIN build4all_research.products AS p ON p.product_id = oi.product_id WHERE o.status IN ('completed', 'shipped') GROUP BY p.product_id, p.name ORDER BY units_sold DESC, p.product_id LIMIT 15;",df4c768a1a94032a5b326330e5cc4b88b357cf8f6932c1d35a2f5df2ec141b49,False,synthetic_schema_grounded
B4A-FT-133-LEBANESE_ARABIZI,B4A-FT-133,top_15_products_by_recognized_units,sales,top_products_by_recognized_units,hard,15,lebanese_arabizi,train,Farjine top 15 products 7asab units sold bi completed aw shipped orders.,"SELECT p.product_id, p.name, SUM(oi.quantity) AS units_sold FROM build4all_research.order_items AS oi JOIN build4all_research.orders AS o ON o.order_id = oi.order_id JOIN build4all_research.products AS p ON p.product_id = oi.product_id WHERE o.status IN ('completed', 'shipped') GROUP BY p.product_id, p.name ORDER BY units_sold DESC, p.product_id LIMIT 15;",df4c768a1a94032a5b326330e5cc4b88b357cf8f6932c1d35a2f5df2ec141b49,False,synthetic_schema_grounded
B4A-FT-134-ENGLISH,B4A-FT-134,top_20_products_by_recognized_units,sales,top_products_by_recognized_units,hard,20,english,train,Show the top 20 products by units sold in completed or shipped orders.,"SELECT p.product_id, p.name, SUM(oi.quantity) AS units_sold FROM build4all_research.order_items AS oi JOIN build4all_research.orders AS o ON o.order_id = oi.order_id JOIN build4all_research.products AS p ON p.product_id = oi.product_id WHERE o.status IN ('completed', 'shipped') GROUP BY p.product_id, p.name ORDER BY units_sold DESC, p.product_id LIMIT 20;",29d6af3fff0c8d70969e2c99a05c879bb578045ba543742e35b301d44a994133,False,synthetic_schema_grounded
B4A-FT-134-ARABIC,B4A-FT-134,top_20_products_by_recognized_units,sales,top_products_by_recognized_units,hard,20,arabic,train,اعرض أعلى 20 منتجات حسب الوحدات المباعة في الطلبات المكتملة أو المشحونة.,"SELECT p.product_id, p.name, SUM(oi.quantity) AS units_sold FROM build4all_research.order_items AS oi JOIN build4all_research.orders AS o ON o.order_id = oi.order_id JOIN build4all_research.products AS p ON p.product_id = oi.product_id WHERE o.status IN ('completed', 'shipped') GROUP BY p.product_id, p.name ORDER BY units_sold DESC, p.product_id LIMIT 20;",29d6af3fff0c8d70969e2c99a05c879bb578045ba543742e35b301d44a994133,False,synthetic_schema_grounded
B4A-FT-134-FRENCH,B4A-FT-134,top_20_products_by_recognized_units,sales,top_products_by_recognized_units,hard,20,french,train,Affichez les 20 principaux produits par unités vendues dans les commandes terminées ou expédiées.,"SELECT p.product_id, p.name, SUM(oi.quantity) AS units_sold FROM build4all_research.order_items AS oi JOIN build4all_research.orders AS o ON o.order_id = oi.order_id JOIN build4all_research.products AS p ON p.product_id = oi.product_id WHERE o.status IN ('completed', 'shipped') GROUP BY p.product_id, p.name ORDER BY units_sold DESC, p.product_id LIMIT 20;",29d6af3fff0c8d70969e2c99a05c879bb578045ba543742e35b301d44a994133,False,synthetic_schema_grounded
B4A-FT-134-LEBANESE_ARABIZI,B4A-FT-134,top_20_products_by_recognized_units,sales,top_products_by_recognized_units,hard,20,lebanese_arabizi,train,Farjine top 20 products 7asab units sold bi completed aw shipped orders.,"SELECT p.product_id, p.name, SUM(oi.quantity) AS units_sold FROM build4all_research.order_items AS oi JOIN build4all_research.orders AS o ON o.order_id = oi.order_id JOIN build4all_research.products AS p ON p.product_id = oi.product_id WHERE o.status IN ('completed', 'shipped') GROUP BY p.product_id, p.name ORDER BY units_sold DESC, p.product_id LIMIT 20;",29d6af3fff0c8d70969e2c99a05c879bb578045ba543742e35b301d44a994133,False,synthetic_schema_grounded
B4A-FT-135-ENGLISH,B4A-FT-135,top_25_products_by_recognized_units,sales,top_products_by_recognized_units,hard,25,english,train,Show the top 25 products by units sold in completed or shipped orders.,"SELECT p.product_id, p.name, SUM(oi.quantity) AS units_sold FROM build4all_research.order_items AS oi JOIN build4all_research.orders AS o ON o.order_id = oi.order_id JOIN build4all_research.products AS p ON p.product_id = oi.product_id WHERE o.status IN ('completed', 'shipped') GROUP BY p.product_id, p.name ORDER BY units_sold DESC, p.product_id LIMIT 25;",c3c334ef2cdc269befbeb563791e8622b1f9080683e17c3390f3c05d6ec4d8d6,False,synthetic_schema_grounded
B4A-FT-135-ARABIC,B4A-FT-135,top_25_products_by_recognized_units,sales,top_products_by_recognized_units,hard,25,arabic,train,اعرض أعلى 25 منتجات حسب الوحدات المباعة في الطلبات المكتملة أو المشحونة.,"SELECT p.product_id, p.name, SUM(oi.quantity) AS units_sold FROM build4all_research.order_items AS oi JOIN build4all_research.orders AS o ON o.order_id = oi.order_id JOIN build4all_research.products AS p ON p.product_id = oi.product_id WHERE o.status IN ('completed', 'shipped') GROUP BY p.product_id, p.name ORDER BY units_sold DESC, p.product_id LIMIT 25;",c3c334ef2cdc269befbeb563791e8622b1f9080683e17c3390f3c05d6ec4d8d6,False,synthetic_schema_grounded
B4A-FT-135-FRENCH,B4A-FT-135,top_25_products_by_recognized_units,sales,top_products_by_recognized_units,hard,25,french,train,Affichez les 25 principaux produits par unités vendues dans les commandes terminées ou expédiées.,"SELECT p.product_id, p.name, SUM(oi.quantity) AS units_sold FROM build4all_research.order_items AS oi JOIN build4all_research.orders AS o ON o.order_id = oi.order_id JOIN build4all_research.products AS p ON p.product_id = oi.product_id WHERE o.status IN ('completed', 'shipped') GROUP BY p.product_id, p.name ORDER BY units_sold DESC, p.product_id LIMIT 25;",c3c334ef2cdc269befbeb563791e8622b1f9080683e17c3390f3c05d6ec4d8d6,False,synthetic_schema_grounded
B4A-FT-135-LEBANESE_ARABIZI,B4A-FT-135,top_25_products_by_recognized_units,sales,top_products_by_recognized_units,hard,25,lebanese_arabizi,train,Farjine top 25 products 7asab units sold bi completed aw shipped orders.,"SELECT p.product_id, p.name, SUM(oi.quantity) AS units_sold FROM build4all_research.order_items AS oi JOIN build4all_research.orders AS o ON o.order_id = oi.order_id JOIN build4all_research.products AS p ON p.product_id = oi.product_id WHERE o.status IN ('completed', 'shipped') GROUP BY p.product_id, p.name ORDER BY units_sold DESC, p.product_id LIMIT 25;",c3c334ef2cdc269befbeb563791e8622b1f9080683e17c3390f3c05d6ec4d8d6,False,synthetic_schema_grounded
B4A-FT-136-ENGLISH,B4A-FT-136,customers_with_at_least_2_noncancelled_orders,customers,customers_by_minimum_order_count,hard,2,english,train,How many customers placed at least 2 non-cancelled orders?,SELECT COUNT(*) AS customer_count FROM ( SELECT customer_id FROM build4all_research.orders WHERE status <> 'cancelled' GROUP BY customer_id HAVING COUNT(*) >= 2 ) AS qualified_customers;,eae7deba83188d9cfd287783b4b435e800607ebd61a5950dea0b210588444ed7,False,synthetic_schema_grounded
B4A-FT-136-ARABIC,B4A-FT-136,customers_with_at_least_2_noncancelled_orders,customers,customers_by_minimum_order_count,hard,2,arabic,train,كم عميلا قدم ما لا يقل عن 2 طلبات غير ملغاة؟,SELECT COUNT(*) AS customer_count FROM ( SELECT customer_id FROM build4all_research.orders WHERE status <> 'cancelled' GROUP BY customer_id HAVING COUNT(*) >= 2 ) AS qualified_customers;,eae7deba83188d9cfd287783b4b435e800607ebd61a5950dea0b210588444ed7,False,synthetic_schema_grounded
B4A-FT-136-FRENCH,B4A-FT-136,customers_with_at_least_2_noncancelled_orders,customers,customers_by_minimum_order_count,hard,2,french,train,Combien de clients ont passé au moins 2 commandes non annulées ?,SELECT COUNT(*) AS customer_count FROM ( SELECT customer_id FROM build4all_research.orders WHERE status <> 'cancelled' GROUP BY customer_id HAVING COUNT(*) >= 2 ) AS qualified_customers;,eae7deba83188d9cfd287783b4b435e800607ebd61a5950dea0b210588444ed7,False,synthetic_schema_grounded
B4A-FT-136-LEBANESE_ARABIZI,B4A-FT-136,customers_with_at_least_2_noncancelled_orders,customers,customers_by_minimum_order_count,hard,2,lebanese_arabizi,train,Adde customers 3emlo 3al alile 2 orders mesh cancelled?,SELECT COUNT(*) AS customer_count FROM ( SELECT customer_id FROM build4all_research.orders WHERE status <> 'cancelled' GROUP BY customer_id HAVING COUNT(*) >= 2 ) AS qualified_customers;,eae7deba83188d9cfd287783b4b435e800607ebd61a5950dea0b210588444ed7,False,synthetic_schema_grounded
B4A-FT-137-ENGLISH,B4A-FT-137,customers_with_at_least_3_noncancelled_orders,customers,customers_by_minimum_order_count,hard,3,english,train,How many customers placed at least 3 non-cancelled orders?,SELECT COUNT(*) AS customer_count FROM ( SELECT customer_id FROM build4all_research.orders WHERE status <> 'cancelled' GROUP BY customer_id HAVING COUNT(*) >= 3 ) AS qualified_customers;,4a56e484635f66bfb52f469ae68746cd026d8a5511fb5d3d2e9d38d8eca0143a,False,synthetic_schema_grounded
B4A-FT-137-ARABIC,B4A-FT-137,customers_with_at_least_3_noncancelled_orders,customers,customers_by_minimum_order_count,hard,3,arabic,train,كم عميلا قدم ما لا يقل عن 3 طلبات غير ملغاة؟,SELECT COUNT(*) AS customer_count FROM ( SELECT customer_id FROM build4all_research.orders WHERE status <> 'cancelled' GROUP BY customer_id HAVING COUNT(*) >= 3 ) AS qualified_customers;,4a56e484635f66bfb52f469ae68746cd026d8a5511fb5d3d2e9d38d8eca0143a,False,synthetic_schema_grounded
B4A-FT-137-FRENCH,B4A-FT-137,customers_with_at_least_3_noncancelled_orders,customers,customers_by_minimum_order_count,hard,3,french,train,Combien de clients ont passé au moins 3 commandes non annulées ?,SELECT COUNT(*) AS customer_count FROM ( SELECT customer_id FROM build4all_research.orders WHERE status <> 'cancelled' GROUP BY customer_id HAVING COUNT(*) >= 3 ) AS qualified_customers;,4a56e484635f66bfb52f469ae68746cd026d8a5511fb5d3d2e9d38d8eca0143a,False,synthetic_schema_grounded
B4A-FT-137-LEBANESE_ARABIZI,B4A-FT-137,customers_with_at_least_3_noncancelled_orders,customers,customers_by_minimum_order_count,hard,3,lebanese_arabizi,train,Adde customers 3emlo 3al alile 3 orders mesh cancelled?,SELECT COUNT(*) AS customer_count FROM ( SELECT customer_id FROM build4all_research.orders WHERE status <> 'cancelled' GROUP BY customer_id HAVING COUNT(*) >= 3 ) AS qualified_customers;,4a56e484635f66bfb52f469ae68746cd026d8a5511fb5d3d2e9d38d8eca0143a,False,synthetic_schema_grounded
B4A-FT-138-ENGLISH,B4A-FT-138,customers_with_at_least_5_noncancelled_orders,customers,customers_by_minimum_order_count,hard,5,english,train,How many customers placed at least 5 non-cancelled orders?,SELECT COUNT(*) AS customer_count FROM ( SELECT customer_id FROM build4all_research.orders WHERE status <> 'cancelled' GROUP BY customer_id HAVING COUNT(*) >= 5 ) AS qualified_customers;,d84fdb3cc71eae1b285532d50f739c53fdfedb395b40203c436e1c096e7ff8ed,False,synthetic_schema_grounded
B4A-FT-138-ARABIC,B4A-FT-138,customers_with_at_least_5_noncancelled_orders,customers,customers_by_minimum_order_count,hard,5,arabic,train,كم عميلا قدم ما لا يقل عن 5 طلبات غير ملغاة؟,SELECT COUNT(*) AS customer_count FROM ( SELECT customer_id FROM build4all_research.orders WHERE status <> 'cancelled' GROUP BY customer_id HAVING COUNT(*) >= 5 ) AS qualified_customers;,d84fdb3cc71eae1b285532d50f739c53fdfedb395b40203c436e1c096e7ff8ed,False,synthetic_schema_grounded
B4A-FT-138-FRENCH,B4A-FT-138,customers_with_at_least_5_noncancelled_orders,customers,customers_by_minimum_order_count,hard,5,french,train,Combien de clients ont passé au moins 5 commandes non annulées ?,SELECT COUNT(*) AS customer_count FROM ( SELECT customer_id FROM build4all_research.orders WHERE status <> 'cancelled' GROUP BY customer_id HAVING COUNT(*) >= 5 ) AS qualified_customers;,d84fdb3cc71eae1b285532d50f739c53fdfedb395b40203c436e1c096e7ff8ed,False,synthetic_schema_grounded
B4A-FT-138-LEBANESE_ARABIZI,B4A-FT-138,customers_with_at_least_5_noncancelled_orders,customers,customers_by_minimum_order_count,hard,5,lebanese_arabizi,train,Adde customers 3emlo 3al alile 5 orders mesh cancelled?,SELECT COUNT(*) AS customer_count FROM ( SELECT customer_id FROM build4all_research.orders WHERE status <> 'cancelled' GROUP BY customer_id HAVING COUNT(*) >= 5 ) AS qualified_customers;,d84fdb3cc71eae1b285532d50f739c53fdfedb395b40203c436e1c096e7ff8ed,False,synthetic_schema_grounded
B4A-FT-139-ENGLISH,B4A-FT-139,customers_with_at_least_10_noncancelled_orders,customers,customers_by_minimum_order_count,hard,10,english,train,How many customers placed at least 10 non-cancelled orders?,SELECT COUNT(*) AS customer_count FROM ( SELECT customer_id FROM build4all_research.orders WHERE status <> 'cancelled' GROUP BY customer_id HAVING COUNT(*) >= 10 ) AS qualified_customers;,ade4b732916e4ae2215b8e669904c9da00faab31edc82e4deb340b96efa8ad31,False,synthetic_schema_grounded
B4A-FT-139-ARABIC,B4A-FT-139,customers_with_at_least_10_noncancelled_orders,customers,customers_by_minimum_order_count,hard,10,arabic,train,كم عميلا قدم ما لا يقل عن 10 طلبات غير ملغاة؟,SELECT COUNT(*) AS customer_count FROM ( SELECT customer_id FROM build4all_research.orders WHERE status <> 'cancelled' GROUP BY customer_id HAVING COUNT(*) >= 10 ) AS qualified_customers;,ade4b732916e4ae2215b8e669904c9da00faab31edc82e4deb340b96efa8ad31,False,synthetic_schema_grounded
B4A-FT-139-FRENCH,B4A-FT-139,customers_with_at_least_10_noncancelled_orders,customers,customers_by_minimum_order_count,hard,10,french,train,Combien de clients ont passé au moins 10 commandes non annulées ?,SELECT COUNT(*) AS customer_count FROM ( SELECT customer_id FROM build4all_research.orders WHERE status <> 'cancelled' GROUP BY customer_id HAVING COUNT(*) >= 10 ) AS qualified_customers;,ade4b732916e4ae2215b8e669904c9da00faab31edc82e4deb340b96efa8ad31,False,synthetic_schema_grounded
B4A-FT-139-LEBANESE_ARABIZI,B4A-FT-139,customers_with_at_least_10_noncancelled_orders,customers,customers_by_minimum_order_count,hard,10,lebanese_arabizi,train,Adde customers 3emlo 3al alile 10 orders mesh cancelled?,SELECT COUNT(*) AS customer_count FROM ( SELECT customer_id FROM build4all_research.orders WHERE status <> 'cancelled' GROUP BY customer_id HAVING COUNT(*) >= 10 ) AS qualified_customers;,ade4b732916e4ae2215b8e669904c9da00faab31edc82e4deb340b96efa8ad31,False,synthetic_schema_grounded
B4A-FT-140-ENGLISH,B4A-FT-140,customers_with_at_least_20_noncancelled_orders,customers,customers_by_minimum_order_count,hard,20,english,final_test,How many customers placed at least 20 non-cancelled orders?,SELECT COUNT(*) AS customer_count FROM ( SELECT customer_id FROM build4all_research.orders WHERE status <> 'cancelled' GROUP BY customer_id HAVING COUNT(*) >= 20 ) AS qualified_customers;,289e6991c95b675feba656931cf4218c80b24f3fc714d0e2ca432056be0a8631,False,synthetic_schema_grounded
B4A-FT-140-ARABIC,B4A-FT-140,customers_with_at_least_20_noncancelled_orders,customers,customers_by_minimum_order_count,hard,20,arabic,final_test,كم عميلا قدم ما لا يقل عن 20 طلبات غير ملغاة؟,SELECT COUNT(*) AS customer_count FROM ( SELECT customer_id FROM build4all_research.orders WHERE status <> 'cancelled' GROUP BY customer_id HAVING COUNT(*) >= 20 ) AS qualified_customers;,289e6991c95b675feba656931cf4218c80b24f3fc714d0e2ca432056be0a8631,False,synthetic_schema_grounded
B4A-FT-140-FRENCH,B4A-FT-140,customers_with_at_least_20_noncancelled_orders,customers,customers_by_minimum_order_count,hard,20,french,final_test,Combien de clients ont passé au moins 20 commandes non annulées ?,SELECT COUNT(*) AS customer_count FROM ( SELECT customer_id FROM build4all_research.orders WHERE status <> 'cancelled' GROUP BY customer_id HAVING COUNT(*) >= 20 ) AS qualified_customers;,289e6991c95b675feba656931cf4218c80b24f3fc714d0e2ca432056be0a8631,False,synthetic_schema_grounded
B4A-FT-140-LEBANESE_ARABIZI,B4A-FT-140,customers_with_at_least_20_noncancelled_orders,customers,customers_by_minimum_order_count,hard,20,lebanese_arabizi,final_test,Adde customers 3emlo 3al alile 20 orders mesh cancelled?,SELECT COUNT(*) AS customer_count FROM ( SELECT customer_id FROM build4all_research.orders WHERE status <> 'cancelled' GROUP BY customer_id HAVING COUNT(*) >= 20 ) AS qualified_customers;,289e6991c95b675feba656931cf4218c80b24f3fc714d0e2ca432056be0a8631,False,synthetic_schema_grounded
B4A-FT-141-ENGLISH,B4A-FT-141,active_coupons_minimum_order_at_most_0,coupons,active_coupons_by_minimum_order,medium,0,english,validation,How many active coupons require a minimum order amount of at most 0?,SELECT COUNT(*) AS coupon_count FROM build4all_research.coupons WHERE active IS TRUE AND minimum_order_amount <= 0;,58097cfe3f434c7c16ca74683c7fded90245ad9a9cb26d3b57124635300921d8,False,synthetic_schema_grounded
B4A-FT-141-ARABIC,B4A-FT-141,active_coupons_minimum_order_at_most_0,coupons,active_coupons_by_minimum_order,medium,0,arabic,validation,كم قسيمة نشطة تتطلب حدا أدنى للطلب لا يتجاوز 0؟,SELECT COUNT(*) AS coupon_count FROM build4all_research.coupons WHERE active IS TRUE AND minimum_order_amount <= 0;,58097cfe3f434c7c16ca74683c7fded90245ad9a9cb26d3b57124635300921d8,False,synthetic_schema_grounded
B4A-FT-141-FRENCH,B4A-FT-141,active_coupons_minimum_order_at_most_0,coupons,active_coupons_by_minimum_order,medium,0,french,validation,Combien de coupons actifs exigent un montant minimum de commande inférieur ou égal à 0 ?,SELECT COUNT(*) AS coupon_count FROM build4all_research.coupons WHERE active IS TRUE AND minimum_order_amount <= 0;,58097cfe3f434c7c16ca74683c7fded90245ad9a9cb26d3b57124635300921d8,False,synthetic_schema_grounded
B4A-FT-141-LEBANESE_ARABIZI,B4A-FT-141,active_coupons_minimum_order_at_most_0,coupons,active_coupons_by_minimum_order,medium,0,lebanese_arabizi,validation,Adde active coupons minimum order taba3a maximum 0?,SELECT COUNT(*) AS coupon_count FROM build4all_research.coupons WHERE active IS TRUE AND minimum_order_amount <= 0;,58097cfe3f434c7c16ca74683c7fded90245ad9a9cb26d3b57124635300921d8,False,synthetic_schema_grounded
B4A-FT-142-ENGLISH,B4A-FT-142,active_coupons_minimum_order_at_most_50,coupons,active_coupons_by_minimum_order,medium,50,english,train,How many active coupons require a minimum order amount of at most 50?,SELECT COUNT(*) AS coupon_count FROM build4all_research.coupons WHERE active IS TRUE AND minimum_order_amount <= 50;,62eb4a8156610c2ab502e340272348f2888043cce095f82b3ee802662f236ea3,False,synthetic_schema_grounded
B4A-FT-142-ARABIC,B4A-FT-142,active_coupons_minimum_order_at_most_50,coupons,active_coupons_by_minimum_order,medium,50,arabic,train,كم قسيمة نشطة تتطلب حدا أدنى للطلب لا يتجاوز 50؟,SELECT COUNT(*) AS coupon_count FROM build4all_research.coupons WHERE active IS TRUE AND minimum_order_amount <= 50;,62eb4a8156610c2ab502e340272348f2888043cce095f82b3ee802662f236ea3,False,synthetic_schema_grounded
B4A-FT-142-FRENCH,B4A-FT-142,active_coupons_minimum_order_at_most_50,coupons,active_coupons_by_minimum_order,medium,50,french,train,Combien de coupons actifs exigent un montant minimum de commande inférieur ou égal à 50 ?,SELECT COUNT(*) AS coupon_count FROM build4all_research.coupons WHERE active IS TRUE AND minimum_order_amount <= 50;,62eb4a8156610c2ab502e340272348f2888043cce095f82b3ee802662f236ea3,False,synthetic_schema_grounded
B4A-FT-142-LEBANESE_ARABIZI,B4A-FT-142,active_coupons_minimum_order_at_most_50,coupons,active_coupons_by_minimum_order,medium,50,lebanese_arabizi,train,Adde active coupons minimum order taba3a maximum 50?,SELECT COUNT(*) AS coupon_count FROM build4all_research.coupons WHERE active IS TRUE AND minimum_order_amount <= 50;,62eb4a8156610c2ab502e340272348f2888043cce095f82b3ee802662f236ea3,False,synthetic_schema_grounded
B4A-FT-143-ENGLISH,B4A-FT-143,active_coupons_minimum_order_at_most_100,coupons,active_coupons_by_minimum_order,medium,100,english,train,How many active coupons require a minimum order amount of at most 100?,SELECT COUNT(*) AS coupon_count FROM build4all_research.coupons WHERE active IS TRUE AND minimum_order_amount <= 100;,d96fd94e0ee55ff45721ab074e28d29f1d764c822ab03006c8f4a0c5bc6e0370,False,synthetic_schema_grounded
B4A-FT-143-ARABIC,B4A-FT-143,active_coupons_minimum_order_at_most_100,coupons,active_coupons_by_minimum_order,medium,100,arabic,train,كم قسيمة نشطة تتطلب حدا أدنى للطلب لا يتجاوز 100؟,SELECT COUNT(*) AS coupon_count FROM build4all_research.coupons WHERE active IS TRUE AND minimum_order_amount <= 100;,d96fd94e0ee55ff45721ab074e28d29f1d764c822ab03006c8f4a0c5bc6e0370,False,synthetic_schema_grounded
B4A-FT-143-FRENCH,B4A-FT-143,active_coupons_minimum_order_at_most_100,coupons,active_coupons_by_minimum_order,medium,100,french,train,Combien de coupons actifs exigent un montant minimum de commande inférieur ou égal à 100 ?,SELECT COUNT(*) AS coupon_count FROM build4all_research.coupons WHERE active IS TRUE AND minimum_order_amount <= 100;,d96fd94e0ee55ff45721ab074e28d29f1d764c822ab03006c8f4a0c5bc6e0370,False,synthetic_schema_grounded
B4A-FT-143-LEBANESE_ARABIZI,B4A-FT-143,active_coupons_minimum_order_at_most_100,coupons,active_coupons_by_minimum_order,medium,100,lebanese_arabizi,train,Adde active coupons minimum order taba3a maximum 100?,SELECT COUNT(*) AS coupon_count FROM build4all_research.coupons WHERE active IS TRUE AND minimum_order_amount <= 100;,d96fd94e0ee55ff45721ab074e28d29f1d764c822ab03006c8f4a0c5bc6e0370,False,synthetic_schema_grounded
B4A-FT-144-ENGLISH,B4A-FT-144,active_coupons_minimum_order_at_most_200,coupons,active_coupons_by_minimum_order,medium,200,english,train,How many active coupons require a minimum order amount of at most 200?,SELECT COUNT(*) AS coupon_count FROM build4all_research.coupons WHERE active IS TRUE AND minimum_order_amount <= 200;,de57d14e4a91748696adb572e91c7032e1d37299ec14cea52f76a382efbfbfd1,False,synthetic_schema_grounded
B4A-FT-144-ARABIC,B4A-FT-144,active_coupons_minimum_order_at_most_200,coupons,active_coupons_by_minimum_order,medium,200,arabic,train,كم قسيمة نشطة تتطلب حدا أدنى للطلب لا يتجاوز 200؟,SELECT COUNT(*) AS coupon_count FROM build4all_research.coupons WHERE active IS TRUE AND minimum_order_amount <= 200;,de57d14e4a91748696adb572e91c7032e1d37299ec14cea52f76a382efbfbfd1,False,synthetic_schema_grounded
B4A-FT-144-FRENCH,B4A-FT-144,active_coupons_minimum_order_at_most_200,coupons,active_coupons_by_minimum_order,medium,200,french,train,Combien de coupons actifs exigent un montant minimum de commande inférieur ou égal à 200 ?,SELECT COUNT(*) AS coupon_count FROM build4all_research.coupons WHERE active IS TRUE AND minimum_order_amount <= 200;,de57d14e4a91748696adb572e91c7032e1d37299ec14cea52f76a382efbfbfd1,False,synthetic_schema_grounded
B4A-FT-144-LEBANESE_ARABIZI,B4A-FT-144,active_coupons_minimum_order_at_most_200,coupons,active_coupons_by_minimum_order,medium,200,lebanese_arabizi,train,Adde active coupons minimum order taba3a maximum 200?,SELECT COUNT(*) AS coupon_count FROM build4all_research.coupons WHERE active IS TRUE AND minimum_order_amount <= 200;,de57d14e4a91748696adb572e91c7032e1d37299ec14cea52f76a382efbfbfd1,False,synthetic_schema_grounded
B4A-FT-145-ENGLISH,B4A-FT-145,active_coupons_minimum_order_at_most_500,coupons,active_coupons_by_minimum_order,medium,500,english,validation,How many active coupons require a minimum order amount of at most 500?,SELECT COUNT(*) AS coupon_count FROM build4all_research.coupons WHERE active IS TRUE AND minimum_order_amount <= 500;,4a1c4a481c36b4baa53a40054a8a6473a3336da415621a4f82880ebc62c713c3,False,synthetic_schema_grounded
B4A-FT-145-ARABIC,B4A-FT-145,active_coupons_minimum_order_at_most_500,coupons,active_coupons_by_minimum_order,medium,500,arabic,validation,كم قسيمة نشطة تتطلب حدا أدنى للطلب لا يتجاوز 500؟,SELECT COUNT(*) AS coupon_count FROM build4all_research.coupons WHERE active IS TRUE AND minimum_order_amount <= 500;,4a1c4a481c36b4baa53a40054a8a6473a3336da415621a4f82880ebc62c713c3,False,synthetic_schema_grounded
B4A-FT-145-FRENCH,B4A-FT-145,active_coupons_minimum_order_at_most_500,coupons,active_coupons_by_minimum_order,medium,500,french,validation,Combien de coupons actifs exigent un montant minimum de commande inférieur ou égal à 500 ?,SELECT COUNT(*) AS coupon_count FROM build4all_research.coupons WHERE active IS TRUE AND minimum_order_amount <= 500;,4a1c4a481c36b4baa53a40054a8a6473a3336da415621a4f82880ebc62c713c3,False,synthetic_schema_grounded
B4A-FT-145-LEBANESE_ARABIZI,B4A-FT-145,active_coupons_minimum_order_at_most_500,coupons,active_coupons_by_minimum_order,medium,500,lebanese_arabizi,validation,Adde active coupons minimum order taba3a maximum 500?,SELECT COUNT(*) AS coupon_count FROM build4all_research.coupons WHERE active IS TRUE AND minimum_order_amount <= 500;,4a1c4a481c36b4baa53a40054a8a6473a3336da415621a4f82880ebc62c713c3,False,synthetic_schema_grounded
B4A-FT-146-ENGLISH,B4A-FT-146,active_shipping_methods_cost_at_most_0,shipping,active_shipping_by_cost,medium,0,english,train,How many active shipping methods cost at most 0?,SELECT COUNT(*) AS shipping_method_count FROM build4all_research.shipping_methods WHERE active IS TRUE AND cost <= 0;,6b1d1ee3bf3a0deb73dcb4bd8370fce8fad42c275bd5f93c35b37819a72ea5ee,False,synthetic_schema_grounded
B4A-FT-146-ARABIC,B4A-FT-146,active_shipping_methods_cost_at_most_0,shipping,active_shipping_by_cost,medium,0,arabic,train,كم طريقة شحن نشطة تكلفتها لا تتجاوز 0؟,SELECT COUNT(*) AS shipping_method_count FROM build4all_research.shipping_methods WHERE active IS TRUE AND cost <= 0;,6b1d1ee3bf3a0deb73dcb4bd8370fce8fad42c275bd5f93c35b37819a72ea5ee,False,synthetic_schema_grounded
B4A-FT-146-FRENCH,B4A-FT-146,active_shipping_methods_cost_at_most_0,shipping,active_shipping_by_cost,medium,0,french,train,Combien de méthodes de livraison actives coûtent au maximum 0 ?,SELECT COUNT(*) AS shipping_method_count FROM build4all_research.shipping_methods WHERE active IS TRUE AND cost <= 0;,6b1d1ee3bf3a0deb73dcb4bd8370fce8fad42c275bd5f93c35b37819a72ea5ee,False,synthetic_schema_grounded
B4A-FT-146-LEBANESE_ARABIZI,B4A-FT-146,active_shipping_methods_cost_at_most_0,shipping,active_shipping_by_cost,medium,0,lebanese_arabizi,train,Adde active shipping methods cost taba3a maximum 0?,SELECT COUNT(*) AS shipping_method_count FROM build4all_research.shipping_methods WHERE active IS TRUE AND cost <= 0;,6b1d1ee3bf3a0deb73dcb4bd8370fce8fad42c275bd5f93c35b37819a72ea5ee,False,synthetic_schema_grounded
B4A-FT-147-ENGLISH,B4A-FT-147,active_shipping_methods_cost_at_most_5,shipping,active_shipping_by_cost,medium,5,english,train,How many active shipping methods cost at most 5?,SELECT COUNT(*) AS shipping_method_count FROM build4all_research.shipping_methods WHERE active IS TRUE AND cost <= 5;,7a7bef45675c33fa36cf421ca8710ced9a81a83957f06943e3eb7d2d41ac6327,False,synthetic_schema_grounded
B4A-FT-147-ARABIC,B4A-FT-147,active_shipping_methods_cost_at_most_5,shipping,active_shipping_by_cost,medium,5,arabic,train,كم طريقة شحن نشطة تكلفتها لا تتجاوز 5؟,SELECT COUNT(*) AS shipping_method_count FROM build4all_research.shipping_methods WHERE active IS TRUE AND cost <= 5;,7a7bef45675c33fa36cf421ca8710ced9a81a83957f06943e3eb7d2d41ac6327,False,synthetic_schema_grounded
B4A-FT-147-FRENCH,B4A-FT-147,active_shipping_methods_cost_at_most_5,shipping,active_shipping_by_cost,medium,5,french,train,Combien de méthodes de livraison actives coûtent au maximum 5 ?,SELECT COUNT(*) AS shipping_method_count FROM build4all_research.shipping_methods WHERE active IS TRUE AND cost <= 5;,7a7bef45675c33fa36cf421ca8710ced9a81a83957f06943e3eb7d2d41ac6327,False,synthetic_schema_grounded
B4A-FT-147-LEBANESE_ARABIZI,B4A-FT-147,active_shipping_methods_cost_at_most_5,shipping,active_shipping_by_cost,medium,5,lebanese_arabizi,train,Adde active shipping methods cost taba3a maximum 5?,SELECT COUNT(*) AS shipping_method_count FROM build4all_research.shipping_methods WHERE active IS TRUE AND cost <= 5;,7a7bef45675c33fa36cf421ca8710ced9a81a83957f06943e3eb7d2d41ac6327,False,synthetic_schema_grounded
B4A-FT-148-ENGLISH,B4A-FT-148,active_shipping_methods_cost_at_most_10,shipping,active_shipping_by_cost,medium,10,english,train,How many active shipping methods cost at most 10?,SELECT COUNT(*) AS shipping_method_count FROM build4all_research.shipping_methods WHERE active IS TRUE AND cost <= 10;,c864b2a11346a356fb9ece73552d68297da1eec255d006d2ebdba4d8dd68ad36,False,synthetic_schema_grounded
B4A-FT-148-ARABIC,B4A-FT-148,active_shipping_methods_cost_at_most_10,shipping,active_shipping_by_cost,medium,10,arabic,train,كم طريقة شحن نشطة تكلفتها لا تتجاوز 10؟,SELECT COUNT(*) AS shipping_method_count FROM build4all_research.shipping_methods WHERE active IS TRUE AND cost <= 10;,c864b2a11346a356fb9ece73552d68297da1eec255d006d2ebdba4d8dd68ad36,False,synthetic_schema_grounded
B4A-FT-148-FRENCH,B4A-FT-148,active_shipping_methods_cost_at_most_10,shipping,active_shipping_by_cost,medium,10,french,train,Combien de méthodes de livraison actives coûtent au maximum 10 ?,SELECT COUNT(*) AS shipping_method_count FROM build4all_research.shipping_methods WHERE active IS TRUE AND cost <= 10;,c864b2a11346a356fb9ece73552d68297da1eec255d006d2ebdba4d8dd68ad36,False,synthetic_schema_grounded
B4A-FT-148-LEBANESE_ARABIZI,B4A-FT-148,active_shipping_methods_cost_at_most_10,shipping,active_shipping_by_cost,medium,10,lebanese_arabizi,train,Adde active shipping methods cost taba3a maximum 10?,SELECT COUNT(*) AS shipping_method_count FROM build4all_research.shipping_methods WHERE active IS TRUE AND cost <= 10;,c864b2a11346a356fb9ece73552d68297da1eec255d006d2ebdba4d8dd68ad36,False,synthetic_schema_grounded
B4A-FT-149-ENGLISH,B4A-FT-149,active_shipping_methods_cost_at_most_20,shipping,active_shipping_by_cost,medium,20,english,final_test,How many active shipping methods cost at most 20?,SELECT COUNT(*) AS shipping_method_count FROM build4all_research.shipping_methods WHERE active IS TRUE AND cost <= 20;,e3333b5f73003af1978638db94168b834f0b33aadf3b95a71eb0fcabd0e28b48,False,synthetic_schema_grounded
B4A-FT-149-ARABIC,B4A-FT-149,active_shipping_methods_cost_at_most_20,shipping,active_shipping_by_cost,medium,20,arabic,final_test,كم طريقة شحن نشطة تكلفتها لا تتجاوز 20؟,SELECT COUNT(*) AS shipping_method_count FROM build4all_research.shipping_methods WHERE active IS TRUE AND cost <= 20;,e3333b5f73003af1978638db94168b834f0b33aadf3b95a71eb0fcabd0e28b48,False,synthetic_schema_grounded
B4A-FT-149-FRENCH,B4A-FT-149,active_shipping_methods_cost_at_most_20,shipping,active_shipping_by_cost,medium,20,french,final_test,Combien de méthodes de livraison actives coûtent au maximum 20 ?,SELECT COUNT(*) AS shipping_method_count FROM build4all_research.shipping_methods WHERE active IS TRUE AND cost <= 20;,e3333b5f73003af1978638db94168b834f0b33aadf3b95a71eb0fcabd0e28b48,False,synthetic_schema_grounded
B4A-FT-149-LEBANESE_ARABIZI,B4A-FT-149,active_shipping_methods_cost_at_most_20,shipping,active_shipping_by_cost,medium,20,lebanese_arabizi,final_test,Adde active shipping methods cost taba3a maximum 20?,SELECT COUNT(*) AS shipping_method_count FROM build4all_research.shipping_methods WHERE active IS TRUE AND cost <= 20;,e3333b5f73003af1978638db94168b834f0b33aadf3b95a71eb0fcabd0e28b48,False,synthetic_schema_grounded
B4A-FT-150-ENGLISH,B4A-FT-150,active_shipping_methods_cost_at_most_50,shipping,active_shipping_by_cost,medium,50,english,train,How many active shipping methods cost at most 50?,SELECT COUNT(*) AS shipping_method_count FROM build4all_research.shipping_methods WHERE active IS TRUE AND cost <= 50;,ee17a3222f1e4e41727f07db55e491b49e11f2f99621e6794b145e20b27fb9ae,False,synthetic_schema_grounded
B4A-FT-150-ARABIC,B4A-FT-150,active_shipping_methods_cost_at_most_50,shipping,active_shipping_by_cost,medium,50,arabic,train,كم طريقة شحن نشطة تكلفتها لا تتجاوز 50؟,SELECT COUNT(*) AS shipping_method_count FROM build4all_research.shipping_methods WHERE active IS TRUE AND cost <= 50;,ee17a3222f1e4e41727f07db55e491b49e11f2f99621e6794b145e20b27fb9ae,False,synthetic_schema_grounded
B4A-FT-150-FRENCH,B4A-FT-150,active_shipping_methods_cost_at_most_50,shipping,active_shipping_by_cost,medium,50,french,train,Combien de méthodes de livraison actives coûtent au maximum 50 ?,SELECT COUNT(*) AS shipping_method_count FROM build4all_research.shipping_methods WHERE active IS TRUE AND cost <= 50;,ee17a3222f1e4e41727f07db55e491b49e11f2f99621e6794b145e20b27fb9ae,False,synthetic_schema_grounded
B4A-FT-150-LEBANESE_ARABIZI,B4A-FT-150,active_shipping_methods_cost_at_most_50,shipping,active_shipping_by_cost,medium,50,lebanese_arabizi,train,Adde active shipping methods cost taba3a maximum 50?,SELECT COUNT(*) AS shipping_method_count FROM build4all_research.shipping_methods WHERE active IS TRUE AND cost <= 50;,ee17a3222f1e4e41727f07db55e491b49e11f2f99621e6794b145e20b27fb9ae,False,synthetic_schema_grounded
